date,n_rows,mass_Supply Shock and availability risk,num_Supply Shock and availability risk,z_Supply Shock and availability risk,low_evidence_Supply Shock and availability risk,mass_Transport logistics and chokepoints,num_Transport logistics and chokepoints,z_Transport logistics and chokepoints,low_evidence_Transport logistics and chokepoints,mass_Demand and macro economy,num_Demand and macro economy,z_Demand and macro economy,low_evidence_Demand and macro economy,mass_Inventory SPR and refinery,num_Inventory SPR and refinery,z_Inventory SPR and refinery,low_evidence_Inventory SPR and refinery,mass_OPEC producer policy,num_OPEC producer policy,z_OPEC producer policy,low_evidence_OPEC producer policy,mass_Geopolitical Normalisation and Peace,num_Geopolitical Normalisation and Peace,z_Geopolitical Normalisation and Peace,low_evidence_Geopolitical Normalisation and Peace,_missing_reason
2017-01-01,129.0,7.929900326664205,2.940024412884244,0.37075174866932986,0.0,5.052585228666426,0.9306595053684861,0.18419471681314387,0.0,27.050307435769355,12.473455594525364,0.4611206591327452,0.0,4.7491289031095185,0.12781455431557998,0.026913262815817168,0.0,9.310944732445929,5.59331458750408,0.6007247114262217,0.0,3.7754398363758765,1.5150062125387591,0.4012793947719334,0.0,
2017-01-02,132.0,19.212013134885638,2.6888958989485534,0.13995909122433356,0.0,3.093252473074239,-0.5209190547231208,-0.1684049586180089,0.0,27.284964242149726,6.431418815830744,0.23571292814434072,0.0,5.676622949707958,-2.1303224553945377,-0.3752798933922739,0.0,21.914956116263056,13.26282258525656,0.6051950327846761,0.0,1.9259054679787315,0.4759253269592096,0.24711769859540447,0.0,
2017-01-03,77.0,16.620157691591885,5.94546012765613,0.3577258554330041,0.0,0.3550723747757693,-0.03487155811854711,,1.0,6.199040830601003,1.689200203699727,,1.0,5.067739053687544,2.4495658743004447,0.4833646421707559,0.0,19.737996273805038,12.67704496327286,0.6422660531199408,0.0,0.4300868849240907,0.2174975121317322,,1.0,
2017-01-04,111.0,27.816559613740537,11.369071919280412,0.4087159619000631,0.0,1.324400980847709,-0.3625897004352922,,1.0,14.012099028564988,6.134981556445573,0.43783458452147916,0.0,25.028304216917604,12.96425251531845,0.5179836557426614,0.0,20.330980697763152,11.965629884354541,0.5885416971386441,0.0,4.4218417243391706,1.0846648847640694,0.24529708487613697,0.0,
2017-01-05,112.0,46.536375550706,17.214178941737472,0.3699080286770704,0.0,1.6550665709000845,-1.0234317237030488,-0.6183628753654724,0.0,6.463280684009073,2.198967564249156,,1.0,23.724569970217996,6.919458024845,0.29165789026023053,0.0,39.877470141640515,14.220353219039733,0.3566011878017978,0.0,2.6696740794359304,-0.34999449727574,-0.13110008445288932,0.0,
2017-01-06,106.0,42.48992443490715,20.42420699267418,0.48068353296234356,0.0,1.7608154262197742,-0.9981179383448935,-0.5668498375708315,0.0,8.495192490612679,3.1933521753067162,0.37590109686571793,0.0,13.185258665718717,0.9540610684369732,0.07235816092994093,0.0,50.029362182787736,17.459175361027928,0.3489785717682933,0.0,1.9529674664008727,1.2672324010170788,0.6488753257894581,0.0,
2017-01-07,138.0,31.478543072320463,10.480432116645114,0.33293891945910004,0.0,5.694277716116625,-2.227494291951491,-0.3911811827594869,0.0,13.818117041722868,4.298060385907998,0.31104530182587803,0.0,8.535360486916028,-3.1421077343312964,-0.3681282986404472,0.0,29.86151333818998,9.638277309242454,0.3227658692339625,0.0,2.22470867427182,0.3285042848004811,0.14766170896870595,0.0,
2017-01-08,98.0,22.824902753338392,5.19848515931225,0.22775497514669213,0.0,4.371107920815117,1.6745558377649017,0.3830964295781179,0.0,16.82767819439323,8.262134477317861,0.4909848157228667,0.0,7.154476789582983,-2.3531700607748354,-0.3289087560114925,0.0,19.61083326343214,7.430800446630817,0.37891303989039854,0.0,1.705596378611513,0.22272611764049116,0.13058547756873606,0.0,
2017-01-09,96.0,56.417748278559884,-30.210428420968764,-0.5354773868642585,0.0,1.1959753338887775,-0.14557474422674097,,1.0,5.136485808645371,2.2186819436838094,,1.0,5.863430625846373,-4.30225760512142,-0.733744096187784,0.0,27.766537597271963,-4.409879737129072,-0.15881993646778408,0.0,2.8485547330710643,-0.15522285604379843,-0.05449179341428719,0.0,
2017-01-10,114.0,39.20069753052667,-9.660135145950074,-0.2464276340600179,0.0,0.4259842892206452,-0.05990719601537821,,1.0,9.42108825605828,2.5398470701935048,0.2695916863489993,0.0,15.111663765303089,-3.1379544569003324,-0.20765115646003096,0.0,27.72177051417384,-3.444739942444856,-0.12426118096185805,0.0,1.154186310661311,0.4231921511186109,0.36665843911814866,0.0,
2017-01-11,99.0,43.570271959062666,16.26849221041111,0.3733851426425913,0.0,1.9597094816272103,0.4965178935562383,0.25336301028862884,0.0,6.8977843507891485,2.5964162430480155,,1.0,16.076901003718376,-4.205374499529232,-0.26157867729337786,0.0,37.86947690643137,13.87175446182457,0.3663043589458383,0.0,0.9652471931622091,0.5553671758831393,0.5753626426653699,0.0,
2017-01-12,119.0,43.31775941411615,12.306396477409194,0.28409586838877116,0.0,0.9494653688452612,0.1960165005698148,,1.0,24.686312799254665,20.283129457281028,0.821634628963035,0.0,22.172955689842638,-7.2579796357020925,-0.3273347828420976,0.0,41.965943042021536,25.57461111271426,0.6094134733754408,0.0,0.8275574204744717,0.4178773435376375,0.5049526875102537,0.0,
2017-01-13,101.0,41.09095604985487,2.12254868122846,0.05165488675058357,0.0,1.4435893113841256,0.13060643956333767,,1.0,15.365993912302654,0.5267945401061047,0.0342831412736882,0.0,8.82877463970362,-0.9633607163351965,-0.10911601616864197,0.0,34.48216263283393,3.731602158011648,0.10821833298989242,0.0,0.5899483285538687,-0.0430524268885934,,1.0,
2017-01-14,129.0,38.2761172538012,-2.4194755312498737,-0.06321110146065287,0.0,4.511823941960751,0.1938388562797313,0.04296241581525291,0.0,13.513290486735055,-2.3265035270996663,-0.17216410239855448,0.0,12.841042719963294,-5.5666854272964645,-0.43350727419061,0.0,39.41612882242771,4.014390302176004,0.10184638679919837,0.0,4.6509386469187985,-1.506339534893327,-0.32387860800771096,0.0,
2017-01-15,104.0,30.82938739502424,8.807907441115127,0.28569842560467784,0.0,2.7650883902242605,-1.1138084198436182,-0.40281114476535185,0.0,11.26100982871139,-0.7498041881396779,-0.06658409854398278,0.0,7.190899341003384,-0.482345648857311,-0.06707723554228014,0.0,24.848194494537893,6.7429334253467985,0.2713651258174522,0.0,1.7035168582369773,0.5750354215172163,0.33755781091144493,0.0,
2017-01-16,126.0,35.35980113594269,0.055555324922935245,0.0015711435906935608,0.0,4.025577183732816,2.224334282872876,0.5525503999429734,0.0,15.578122013874236,4.364723084475513,0.28018287959153165,0.0,7.790261312227809,-1.0249212352667527,-0.13156442309040495,0.0,40.705476892981096,-4.130122467133151,-0.10146355680813345,0.0,3.016600747301703,1.1662555334079885,0.38661249237280865,0.0,
2017-01-17,103.0,30.186660121995374,7.678583934838844,0.2543701059940672,0.0,2.6189965715748214,0.22616698528152465,0.08635635026644148,0.0,8.354520234075604,0.3052226296839131,,1.0,3.320124181453134,-0.06897002680958286,,1.0,37.385629489399435,7.081191925797287,0.1894094608679823,0.0,2.46201985293737,0.04157211070075362,0.016885367780911695,0.0,
2017-01-18,122.0,31.15234873175359,-4.7481266565401,-0.15241632974210814,0.0,2.1061295300678404,1.3261061027798569,0.629641284568638,0.0,9.819355470201113,-0.816003555292458,-0.08310153937993094,0.0,14.420659802235601,-8.206059135241139,-0.5690487985833333,0.0,18.7160671284073,4.481156237305433,0.23942830545333543,0.0,1.5890180447240652,-0.6408476991798618,-0.4032979369288067,0.0,
2017-01-19,96.0,34.72539031513588,3.633929175469083,0.10464761209279047,0.0,0.39564689206599296,-0.042362610029647293,,1.0,9.42257701521157,3.3348852037494794,0.3539249611189938,0.0,20.562531009498343,-4.99459012471908,-0.2428976336819604,0.0,18.68879775575624,1.2383795905488992,0.06626320252020879,0.0,0.5624278497125447,0.06821373895394275,,1.0,
2017-01-20,141.0,38.49729616956756,7.726192763940681,0.20069442617241004,0.0,2.5589939233977863,1.113013370052861,0.4349417792188509,0.0,23.297379989613543,14.803044708309983,0.6353952553853476,0.0,24.318663922240372,-1.2496942663802009,-0.05138827817087872,0.0,33.00360910973541,14.611635037221575,0.4427283994498479,0.0,0.47562242605635496,0.15469712316182035,,1.0,
2017-01-21,155.0,35.33645171787066,6.026982449549092,0.17055992202242176,0.0,5.229916164389573,-0.25273480721476316,-0.04832482955188287,0.0,13.118324877868867,6.099277854679489,0.4649433453938324,0.0,12.320681452605637,-2.3294753387396803,-0.18907033248936336,0.0,32.83654343834496,16.353855789070888,0.4980382852956937,0.0,3.672255083773047,2.2067525815624167,0.600925733975728,0.0,
2017-01-22,67.0,31.066889681329485,12.199895869553103,0.3926976918093275,0.0,2.2990445952163974,0.35976209090271816,0.15648330252108728,0.0,3.588340361486187,1.398879770989069,,1.0,4.8829742407688155,0.3936028579836246,0.08060719524124553,0.0,33.322460204639356,14.9416346145261,0.4483953022305908,0.0,3.7434165707236366,1.7081521354006532,0.4563083223918229,0.0,
2017-01-23,102.0,35.680845085727924,-15.508167455897206,-0.4346356544705372,0.0,0.4720422180034757,-0.05337050801892321,,1.0,6.571830570217568,-0.3587227580612199,,1.0,7.701463844321548,-1.421771572070549,-0.18461056246064847,0.0,24.091609270290064,0.6334355191886846,0.026292785678283498,0.0,0.7696232006855961,0.0690783226000619,0.08975602936414276,0.0,
2017-01-24,127.0,35.53577378048067,6.189896015242529,0.174187736940248,0.0,3.455205488906353,0.15209983715000852,0.04402048955940719,0.0,14.205562199524135,4.138270202198516,0.2913133703597554,0.0,10.289354853157416,1.3106715566652158,0.12738131548286724,0.0,33.637669302202994,21.05842289886803,0.6260369203846378,0.0,3.8395591066073345,0.47971727676820886,0.12494071935048057,0.0,
2017-01-25,129.0,33.60876506417844,-2.171422872739031,-0.06460882655439845,0.0,4.050070365599817,0.3890841130670734,0.09606848225943104,0.0,12.253926731180396,2.765329671894873,0.2256688596691564,0.0,41.931785422384564,-21.62058345250695,-0.5156132331289945,0.0,20.30444817258831,9.315054272240653,0.45876914226195475,0.0,1.5574578797531964,0.6194500567012351,0.3977314987159696,0.0,
2017-01-26,103.0,19.156768541870406,-2.232828438626481,-0.11655558888996602,0.0,4.05300925596384,-0.02849843340938331,-0.00703142569128087,0.0,11.111814381176371,4.353841005132113,0.39182089043060364,0.0,28.9026653849578,2.9893692606438544,0.103428843701026,0.0,13.065908162825504,-0.12342132223757285,-0.009446057686883585,0.0,0.5672442443028507,0.06248934453016244,,1.0,
2017-01-27,116.0,22.619865294916963,-7.600596464523925,-0.3360142231365055,0.0,6.637108874521797,-2.773252572609267,-0.4178404520762181,0.0,14.609394661121765,4.030505742548403,0.2758845137693696,0.0,15.126992888661333,-0.32101775392014825,-0.02122151813535736,0.0,17.26679346973833,0.9494051687415411,0.05498445153730844,0.0,1.654068551157247,0.15733127516542084,0.09511774772293814,0.0,
2017-01-28,133.0,17.10607825857005,-5.617495615423239,-0.3283917874401694,0.0,5.663904745364558,1.5164282624952883,0.26773548120426294,0.0,16.32993951864773,1.5137376907581483,0.09269707882442296,0.0,4.551426505306149,-0.503422338874923,-0.11060759484702712,0.0,6.38837634260562,-0.37853818687061563,-0.05925420898359624,0.0,1.2698932407511119,-0.3163417065202558,-0.24910889858201554,0.0,
2017-01-29,157.0,15.181682424743482,-1.2126894687678753,-0.07987846371963386,0.0,8.967576175600694,4.821259200703832,0.5376323664605925,0.0,22.36285270356165,3.895404927430983,0.17419087712412362,0.0,4.466586795198959,-1.5894083510397854,-0.35584405361790067,0.0,14.556644852455063,2.804844464750049,0.19268481804562232,0.0,2.6994495354447223,1.2772721843538093,0.47316023788656764,0.0,
2017-01-30,104.0,36.29989085011766,-14.882725102396485,-0.4099936598665625,0.0,3.497610675898609,-1.0175620018719012,-0.29093060839610696,0.0,8.79622691182885,-2.984792700350406,-0.33932647830361945,0.0,7.937452504978861,-2.600806104440351,-0.3276625721929,0.0,17.268221217687824,2.500716108056891,0.1448160801585869,0.0,1.665849896264258,0.8118156837815789,0.48732823143436355,0.0,
2017-01-31,119.0,36.77896070141287,-11.399237942839443,-0.3099390990241206,0.0,1.8982157716818566,1.1156621893109493,0.5877425559068296,0.0,10.127799165085886,-1.4694248045415446,-0.14508826454686946,0.0,12.547729865837024,-7.290456722325513,-0.5810179849484022,0.0,28.002506078883016,5.627175728360689,0.20095257590549018,0.0,0.3154724461710376,0.14694674008060124,,1.0,
2017-02-01,116.0,31.22046021159622,-0.9850807454800348,-0.031552409503372604,0.0,4.860763484575723,0.6587402481284548,0.1355219710275522,0.0,11.796225131882235,0.6976977607742793,0.05914584987773566,0.0,22.183449641655898,-6.012737376422555,-0.2710460939822401,0.0,23.949051828814845,2.0287754907408155,0.08471214247821904,0.0,1.3529868308396498,-0.4570862061108842,-0.3378349261738351,0.0,
2017-02-02,94.0,33.74618244573503,4.157873319317478,0.12321018313711408,0.0,4.893723117565966,-0.15216576276458135,-0.031094068689416447,0.0,9.356249447795559,2.0598187144510183,0.2201543178112182,0.0,24.987992202542955,-8.207082061845504,-0.32844103661158874,0.0,23.09971308342938,13.215650362173218,0.5721131822911467,0.0,2.4811140608726387,-0.17625877095376685,-0.07104017253111469,0.0,
2017-02-03,100.0,41.25046826007019,20.47115102982367,0.4962646945183753,0.0,7.295750526878689,-0.5782154052578105,-0.0792537249084346,0.0,10.546212383982489,1.1896321223419875,0.11280183624490553,0.0,5.74035852491215,-3.192015424230216,-0.556065515834495,0.0,8.383504463185087,6.08131697320024,0.7253907956875837,0.0,2.365446186428013,0.04656123594805833,0.019683912580724997,0.0,
2017-02-04,158.0,25.772851359040942,12.720036686345054,0.49354402076598136,0.0,10.975480211214741,1.130736032455008,0.10302383227839292,0.0,18.95417351304786,4.352784522746944,0.22964781449059396,0.0,3.9927688138559407,0.37571869744779574,0.09409978763206991,0.0,11.439856563978536,3.898388784893302,0.34077252307239825,0.0,2.290989350651211,0.18894691903562427,0.0824739403445574,0.0,
2017-02-05,125.0,11.513187709875636,0.3965348569699525,0.03444179552721249,0.0,4.142015315694147,1.2899151692411903,0.31142211482262894,0.0,26.91813780728262,-1.6667596271259635,-0.061919574045535455,0.0,10.652260403599938,-1.1860821038753815,-0.11134557914811624,0.0,4.195843989524288,1.1694409555799115,0.2787141177078176,0.0,0.7168441022295104,-0.3216276032756445,-0.44867161810402906,0.0,
2017-02-06,116.0,33.19859619451017,5.251154945608393,0.15817400575741034,0.0,2.2436767113176703,0.6180218682131554,0.2754504983252255,0.0,8.460308864378018,0.488270124062169,0.057713037654927926,0.0,4.54260377727041,-2.4861033117483755,-0.547285969379051,0.0,19.903906880528666,-1.4723495664835204,-0.07397289262460685,0.0,0.5819265849713646,0.03324427313309424,,1.0,
2017-02-07,118.0,33.51948909953353,-8.174566180398998,-0.24387502315817688,0.0,1.6651544371634317,0.3587837054332805,0.21546572343431622,0.0,9.660772245057156,-0.0834735224158818,-0.00864046064832863,0.0,18.5719347100312,-9.974802778317864,-0.5370901273376868,0.0,19.371754993379,-0.7100914395911921,-0.03665602005775376,0.0,1.2116600939552833,0.3038974376187502,0.2508108001037836,0.0,
2017-02-08,122.0,42.10106691077817,-15.221956586275745,-0.36155750205890425,0.0,1.2241584370058205,-0.05687446726821254,,1.0,20.505059417380835,-12.657588249202288,-0.6172909812918296,0.0,50.833485713170376,-32.04391944730998,-0.6303702962279403,0.0,18.427869436454785,3.137341645456041,0.1702498303601837,0.0,2.789328173566896,-0.004539847466523648,-0.0016275773892600986,0.0,
2017-02-09,145.0,28.763017968005443,-4.271389542193305,-0.14850282911704837,0.0,6.054085845760704,-0.327897435438953,-0.0541613455429541,0.0,23.721208473201838,1.4411524449413722,0.060753753189659844,0.0,51.950947942154016,-20.480643761840735,-0.3942304149030232,0.0,10.299770613877621,-1.9763924399923205,-0.1918870345839921,0.0,1.6604971078486352,-0.7444427276419656,-0.44832521786591767,0.0,
2017-02-10,115.0,30.280379034935322,14.383462228897509,0.475009319146993,0.0,2.9123781440503027,1.797920409077508,0.617337557195476,0.0,17.30828157538781,10.263571759725314,0.5929861791895045,0.0,16.037668035409293,-0.4246642754242775,-0.02647917854931705,0.0,47.0470440417339,27.77540304608175,0.5903750939473071,0.0,1.9281452188297357,0.3831815611685781,0.19873065442713153,0.0,
2017-02-11,153.0,25.794352873555905,5.133753768722481,0.19902626725656491,0.0,8.083506663824659,1.64463366420449,0.20345547206196551,0.0,21.662727896196884,9.168395649082303,0.4232336616614157,0.0,7.347127111883306,0.5704872809426315,0.07764766721129956,0.0,30.22294820770912,16.241355914743732,0.5373848971689985,0.0,1.0389495803756232,0.02299360193769196,0.022131585951821478,0.0,
2017-02-12,130.0,16.835018078701978,0.8110642856039554,0.04817721500578813,0.0,3.2828757431998343,-1.7236947960227547,-0.5250563624265173,0.0,16.373323318635812,3.893988410061876,0.23782517050950863,0.0,9.414260315519638,1.1832402228671386,0.1256859469794497,0.0,15.57142669110908,2.8270336377571357,0.18155264086182327,0.0,1.025553048311845,-0.10093569476004906,-0.09842074471544747,0.0,
2017-02-13,106.0,30.593214516695298,-9.753276999842628,-0.3188052368449245,0.0,2.8024401409929807,1.5542037319112874,0.5545894483800075,0.0,16.704562584287487,-1.8268223614675394,-0.1093606822836457,0.0,4.874029155951572,-2.3388929020371565,-0.4798684675862443,0.0,40.64256205374841,-10.74037773039707,-0.2642642881665109,0.0,0.3778998289053517,0.01154444365257732,,1.0,
2017-02-14,111.0,26.07267493092513,-4.964796658709486,-0.19042145356634188,0.0,1.7972675273776941,-0.6495482772913249,-0.3614087871709613,0.0,17.191685384357697,1.0080176947156856,0.05863402407496689,0.0,14.302876289759297,-2.265851709114995,-0.15841930414634992,0.0,30.595109622416203,2.5222152549549297,0.08243851014369209,0.0,0.9887786647232083,0.6246982404936595,0.6317877425768821,0.0,
2017-02-15,119.0,37.09805148191663,-23.69899956800065,-0.6388206016575475,0.0,3.369975113055256,-1.491776366694885,-0.44266687932375387,0.0,9.07120087750081,-1.534550845357097,-0.16916733143493987,0.0,51.41368841398071,-27.22346782826787,-0.5294984403582511,0.0,27.78907876469748,-8.016515426120616,-0.2884771925690674,0.0,0.8201748375649867,0.2293516466294486,0.2796375066935358,0.0,
2017-02-16,119.0,37.37329946485261,-6.147267649925688,-0.16448287247709642,0.0,1.7294989836227568,-0.5725176839882308,-0.33103094561465785,0.0,10.604247218405359,3.490791901008777,0.32918809125365844,0.0,37.07803627888643,-12.74290992988834,-0.3436781234594296,0.0,38.97989566309843,0.7142752252291039,0.018324195410951174,0.0,0.624766996748799,-0.0661961996623782,-0.10595341944573589,0.0,
2017-02-17,106.0,34.00913773942739,-7.292290891460782,-0.21442151657396188,0.0,2.476099966923352,1.1636068127957595,0.4699353129274441,0.0,13.301992922264613,0.7265711935070767,0.05462122839435256,0.0,27.794732023525285,-10.377536145008412,-0.3733634177953193,0.0,42.165010742406594,-4.998889270981494,-0.11855538947969398,0.0,2.1851874579515376,1.2840085415599907,0.5875965180413675,0.0,
2017-02-18,155.0,19.874213698982203,-1.228298611449264,-0.06180363309227009,0.0,3.434577043160966,-1.065867881289649,-0.3103345384003068,0.0,17.302353601342475,1.8540745471740117,0.10715736077837154,0.0,9.970187178245393,-3.1801746238514106,-0.3189683971821956,0.0,17.636667280719845,1.6298802474353717,0.09241429922631322,0.0,0.8918631013439101,-0.1318474801499138,-0.1478337650153241,0.0,
2017-02-19,98.0,10.211450572773172,-0.40090773071301605,-0.03926060532300453,0.0,3.7293015455215914,-1.670060118347462,-0.4478211530931276,0.0,8.129266124822603,-4.388577871094178,,1.0,5.507700704736633,-0.7606649008831943,-0.13810933848112353,0.0,6.235981292782523,-1.1105726725774505,-0.17809108469629611,0.0,2.9555535991676116,1.4597052798524712,0.49388557198339283,0.0,
2017-02-20,111.0,14.968499335504019,1.3876898198475769,0.09270734418620667,0.0,2.409680011260202,0.06298879295182015,0.026139899346585276,0.0,8.933496172023293,3.5055272175674816,0.39240261036273955,0.0,12.424392242523025,-3.3599342148677076,-0.2704304684915038,0.0,17.976383939349034,-2.2885815936597096,-0.1273104536140979,0.0,0.579585209430656,0.10179665480614883,,1.0,
2017-02-21,110.0,20.24374586148042,10.143509737446411,0.5010688143812047,0.0,2.001028674421827,-0.5638430665899191,-0.2817766051017908,0.0,6.567486828353135,3.2278977904145014,,1.0,6.661152901971942,-1.3752360191516932,-0.20645615547191143,0.0,39.7153159075242,22.270898979805583,0.5607634855948933,0.0,1.8544407986992113,1.0713663863721221,0.5777301637904143,0.0,
2017-02-22,105.0,28.275079429025936,-6.408279336373602,-0.22664054233549377,0.0,4.2784119728748875,-0.8327249388325874,-0.19463411754456086,0.0,7.109317092355919,-0.6200652665355783,,1.0,28.154367364222708,-10.045797031417129,-0.3568113217199429,0.0,27.650777779781492,11.079038640241432,0.40067728757859855,0.0,0.6635941138010769,0.0016373517029873398,0.0024673993770206386,0.0,
2017-02-23,125.0,35.12280885205837,4.4662617328023835,0.1271612914449648,0.0,4.303879776562094,-2.5392965414490294,-0.5900017364047747,0.0,9.900008836935736,1.4457413592984127,0.14603435038406495,0.0,50.12235574100487,16.184567214419374,0.3229011680546143,0.0,7.766903845491467,-0.526526014049393,-0.06779097881519815,0.0,0.604859556209698,0.007019959529749561,0.011605933076001234,0.0,
2017-02-24,82.0,28.792171563174634,-6.649884262885943,-0.23096153926059493,0.0,1.684209293627642,-0.6727321303889859,-0.39943499476836325,0.0,7.289041526251818,0.49840285375897525,,1.0,32.82595942330954,-9.663107413924939,-0.29437395231358315,0.0,12.159837629340469,6.6822795211591295,0.5495369037688019,0.0,0.4142826085517265,0.08772166594579284,,1.0,
2017-02-25,140.0,19.454283277365903,-5.488544086592566,-0.28212522704335324,0.0,2.963801867954312,-0.3505252623400037,-0.11826879054568676,0.0,16.3685149742887,2.894034248619005,0.17680493637723946,0.0,9.708876839293222,-8.35294085103482,-0.8603405923566015,0.0,12.251037242029266,-0.7892541332859795,-0.06442345392423664,0.0,0.4133312693083971,-0.028103152519205615,,1.0,
2017-02-26,118.0,13.306932258979941,-1.5852832443053648,-0.11913213454855948,0.0,3.12457124314096,0.6504424558296898,0.2081701472666169,0.0,6.951605575442952,2.314433898731289,,1.0,8.710903282350046,-3.5513300542710553,-0.40768792158061595,0.0,4.70072886717389,0.7093113218219622,0.15089390217232526,0.0,1.262177713833804,0.8449478223202823,0.6694364930226775,0.0,
2017-02-27,86.0,30.83583093732159,-0.46939056805518853,-0.015222244829701352,0.0,1.6740015718751198,-0.2474801410123344,-0.14783746035263362,0.0,5.107735259894977,1.5565265541321354,,1.0,11.998568643015458,-0.7982184683309171,-0.06652614091561428,0.0,18.763235419624834,-0.05124449526776942,-0.0027311118856490923,0.0,0.42853548641869194,0.0021464082997770693,,1.0,
2017-02-28,113.0,26.25942582976859,-1.8230976491797313,-0.06942640943477922,0.0,0.5309628470204135,-0.1898989925788967,,1.0,7.337193196624863,-2.358747037872022,,1.0,8.041735174934725,-5.537827855829394,-0.6886359393045226,0.0,38.51220073283184,1.810273550044672,0.047005196161158475,0.0,0.7779828491111355,-0.2682149222875527,-0.3447568575502595,0.0,
2017-03-01,86.0,20.231033632473554,0.44073277588822735,0.02178498557685117,0.0,5.060409471669114,-3.4261114443938623,-0.67704233492864,0.0,6.158565721096235,-0.314204846351411,,1.0,23.906901005553664,-8.568943024154901,-0.35842968614645215,0.0,19.868685154586274,10.985255591338278,0.5528929320621179,0.0,0.39663556873710687,0.15349151075777112,,1.0,
2017-03-02,117.0,42.875326954817865,-16.754518809871,-0.39077296897413655,0.0,5.305875851991001,-2.1530746291842155,-0.40579061577105807,0.0,7.8542138185148325,-1.951737743838315,,1.0,40.66137812276429,-26.809789235587843,-0.6593428573582549,0.0,12.046875887055647,4.649933108575555,0.385986636881675,0.0,0.9015192933438757,-0.08704074162912992,-0.0965489505014166,0.0,
2017-03-03,112.0,30.888028668021434,7.514055546870493,0.2432675658142548,0.0,5.075782257845272,3.6711430221104564,0.7232664514787321,0.0,9.078424649880613,5.9537357776687365,0.6558115540174728,0.0,9.687059950287217,-0.44950256388221455,-0.04640237246274986,0.0,14.353786665567894,-0.6562457353251475,-0.04571934574584147,0.0,1.6703892419536666,1.1664492014826875,0.6983098143750154,0.0,
2017-03-04,92.0,10.616746050931397,-2.9615890332039134,-0.27895449500217595,0.0,3.253535007621392,1.1923610534444724,0.366481703947052,0.0,7.534107389306879,3.658978616842324,,1.0,6.012123840955608,-3.7675603379455014,-0.6266604676836895,0.0,6.738724929789894,-3.303364146356144,-0.4902061118050621,0.0,1.4339227021628147,0.6446891951303082,0.44959829017136727,0.0,
2017-03-05,126.0,16.216306630318286,5.761612090769417,0.35529743129039065,0.0,5.6707966456160595,1.0056535421153565,0.1773390239434525,0.0,16.97693437268026,4.1922426342613806,0.2469375531667042,0.0,10.035339600806761,3.1964371255825017,0.3185180823701804,0.0,10.447442077995216,2.3549272898519478,0.22540706828248241,0.0,1.2758430303147135,0.6109077602743339,0.47882674103227313,0.0,
2017-03-06,109.0,42.28197754124267,-20.566215725594343,-0.48640619293488946,0.0,5.119820420637549,-1.8132413127453675,-0.35416111577592646,0.0,21.87092667399702,-14.314833497205997,-0.6545142650139886,0.0,14.630223033695072,-9.429213996588391,-0.6445024094897143,0.0,21.197891817057098,1.9499259515006326,0.09198678662618728,0.0,2.229402410826874,1.4390749196924957,0.6454980548615941,0.0,
2017-03-07,121.0,32.28718691140239,-5.277112008054177,-0.1634429169235099,0.0,2.9496351371490115,0.702343202821036,0.23811189186601917,0.0,12.00023389288253,-2.3614455261389695,-0.19678329166063743,0.0,16.26256004301831,-7.554172653966099,-0.4645131291742216,0.0,26.595668776717503,-1.103901401368678,-0.0415068111517113,0.0,1.8897754141289576,-0.221903393947354,-0.11742315636465964,0.0,
2017-03-08,135.0,42.468482842537924,-21.375722236576465,-0.5033314308832759,0.0,3.865968041034642,0.15129407509732695,0.039134848889448244,0.0,13.436292662605407,-4.47407642763878,-0.3329844429550569,0.0,60.62849606879172,-46.03235525062077,-0.7592527975358396,0.0,16.731475754022533,-1.6820899510565153,-0.10053446425083645,0.0,1.5593597384649853,-0.9297972889063688,-0.5962686261360383,0.0,
2017-03-09,106.0,26.633079232939053,-7.374890313600719,-0.27690715929233073,0.0,0.3389232616973412,-0.09460285386947176,,1.0,11.963773389579725,-3.9685509182423875,-0.3317139826218155,0.0,34.0150561753253,-20.87091457269641,-0.6135787183510896,0.0,22.2684920145839,1.969717969101851,0.08845313673740725,0.0,0.3800274988025142,0.07416735709375255,,1.0,
2017-03-10,119.0,26.473934580062632,-14.581690968570344,-0.5507942510197079,0.0,2.496955780916319,0.24229984096999932,0.0970380984804951,0.0,11.864116347947853,-4.208616281263058,-0.3547349130633759,0.0,24.925052399965352,-14.279680847368377,-0.5729047473291662,0.0,14.995541546639284,-1.0968199198706403,-0.0731430683219609,0.0,3.1922210240008964,0.9947520029474192,0.31161752130203996,0.0,
2017-03-11,83.0,12.129399414036016,-6.14907329293037,-0.5069561223134202,0.0,2.180788207682777,0.006828296118714328,0.0031311138306134812,0.0,9.468749098785336,-4.2572547103617655,-0.44961110131304377,0.0,4.968512980558441,-2.6092802386771616,-0.5251632125924101,0.0,8.306672209342647,-0.4975861981332197,-0.05990199030287683,0.0,0.7989363662272778,-0.0011622626681119016,-0.0014547625033021294,0.0,
2017-03-12,137.0,15.902517751004776,2.0027106463189894,0.12593670245659377,0.0,7.244289961883618,2.0073895535724655,0.27709955898155625,0.0,17.81436589472287,-0.19326134386824267,-0.010848623240948043,0.0,10.55805254593724,-2.75337203439339,-0.26078408138372955,0.0,10.928735205525296,2.890092746017121,0.2644489679424168,0.0,4.032048595581722,-0.0903307975772406,-0.02240320160729813,0.0,
2017-03-13,75.0,17.461392041790532,-8.39898861865437,-0.48100338154901867,0.0,3.6930503282492246,-0.05693900917484759,-0.015417880644437583,0.0,8.672183753835267,-3.8319525656965827,-0.4418670861306305,0.0,11.552027211728273,-6.894877441240597,-0.5968543282377768,0.0,14.634025647697854,-1.885822499479553,-0.12886560027153024,0.0,2.4186355700949176,-0.28430781462922494,-0.11754884371359324,0.0,
2017-03-14,93.0,34.61846550270275,-9.371820236830844,-0.2707173787382102,0.0,1.6544238677379273,0.7692259742338056,0.46495096524783486,0.0,9.36348216932674,-0.14706598594196707,-0.01570633481032639,0.0,20.504546937299892,-10.586023295787735,-0.5162768691333854,0.0,21.175811047643947,2.2236866353542513,0.10501069500247841,0.0,1.5480684409339982,-0.10378823558250411,-0.06704369964410967,0.0,
2017-03-15,128.0,48.90744816054939,-1.0467637986549456,-0.021402952679491976,0.0,3.2068747283483328,-0.305496374307984,-0.09526295854572614,0.0,11.402970039940552,-1.5695274155961805,-0.13764198363221894,0.0,46.81702368242259,8.503369942047163,0.18162987035931005,0.0,25.659147131169448,1.7820126925205397,0.06944941246140796,0.0,1.5454634631314488,0.6314591233181241,0.40858883977667715,0.0,
2017-03-16,133.0,44.61748648957291,-2.2084913543577187,-0.04949833637253058,0.0,8.723596350580912,-1.2408385840603,-0.14223933962484078,0.0,15.124184914617214,-0.743326129953702,-0.04914817784562344,0.0,43.5106652620816,-7.916031931767569,-0.18193313947479867,0.0,12.775266759861548,-2.2201139977634368,-0.1737822027121019,0.0,1.0774695378277048,0.43006977345862185,0.3991479650790769,0.0,
2017-03-17,106.0,34.21733703374048,-4.18348718770788,-0.12226220829466344,0.0,3.604452650499293,-2.0512685741269014,-0.5690929450391746,0.0,11.644807099626629,1.4292474633956542,0.12273689475212352,0.0,24.678534220540314,-5.681901558711522,-0.2302365897396933,0.0,33.91666693458683,-6.295300374125116,-0.18561082037531895,0.0,0.5609833058188041,0.1133302842953831,,1.0,
2017-03-18,134.0,12.707613196595046,-0.07883821433102955,-0.006204014326793794,0.0,2.864923023531442,0.03767127274905528,0.013149139589314292,0.0,14.945652542024616,-0.6444805980591795,-0.043121609862601204,0.0,16.670994150728802,-3.1950846834503475,-0.19165531788700607,0.0,11.168093336193122,1.0157538110199011,0.09095140776878052,0.0,1.2872456330442184,0.24907205732830953,0.19349225270959114,0.0,
2017-03-19,152.0,14.185859707722553,-4.775766389120602,-0.3366568179523693,0.0,5.81966637940786,-1.5745224429998808,-0.27055201112062466,0.0,15.243096572448849,-2.6424561647479474,-0.17335428875547884,0.0,4.491102584157485,-0.6262820260280767,-0.13944950361127523,0.0,6.677315535642262,0.11519764883648037,0.017252090038515754,0.0,2.314924224527199,0.6223421071913424,0.2688390836285148,0.0,
2017-03-20,122.0,47.608208225618,-28.771350805804104,-0.6043359302550316,0.0,2.606303008527897,-0.13528332545851854,-0.05190621543844583,0.0,7.722481308999699,-2.9689779303994395,,1.0,19.152634566155026,-8.78340383959824,-0.45860029382691586,0.0,20.602915673523967,-6.82393685680126,-0.33121219175645344,0.0,0.5405794231628481,-0.1481892858451508,,1.0,
2017-03-21,119.0,40.00535453377233,-13.682169385866631,-0.3420084522514657,0.0,1.7694886655808604,0.988533854570669,0.558655092738991,0.0,7.8800894699234,1.6198324474956647,,1.0,20.898274002815015,-11.640925571263207,-0.5570280861326234,0.0,44.53827422566974,7.0449135589334775,0.15817661733451552,0.0,0.5720639942664955,0.04737253707996705,,1.0,
2017-03-22,122.0,43.40970818314963,-33.65973301411881,-0.7753964360254447,0.0,6.447172456340919,-0.40463992374934826,-0.06276238560229253,0.0,8.562435868327153,-1.7004993825522057,-0.19859995551527942,0.0,57.2703439067991,-46.72511059611972,-0.8158692162240105,0.0,16.252907073372626,-4.773832297333674,-0.29372174933275247,0.0,1.4917810634215076,0.20667827234422753,0.13854464130962757,0.0,
2017-03-23,106.0,24.99212025378074,-4.418397973255296,-0.17679164186107388,0.0,1.559159191325302,0.3617570108607554,0.23202057421298852,0.0,11.196783170889827,1.73107908967767,0.15460503818438223,0.0,40.729703803081065,-11.654124630254874,-0.2861333017936968,0.0,15.624013042630391,-2.1110898902299855,-0.13511828775807086,0.0,1.0918826381894124,0.5477881124741699,0.501691384508619,0.0,
2017-03-24,104.0,41.433608499930415,1.2582163188958744,0.03036704657037022,0.0,0.7674093083041909,-0.07087926779120378,,1.0,7.425630302721398,0.058288080068588544,,1.0,28.42160659084766,-4.212851685379384,-0.14822707759018833,0.0,35.387127848152886,1.4335253804177486,0.04050979742037965,0.0,0.6250167194302726,-0.2034299025189295,-0.3254791371091063,0.0,
2017-03-25,150.0,34.048009250058385,-2.50556211531379,-0.07358909288681814,0.0,7.80203728753258,-3.9533685675915953,-0.5067097761643563,0.0,15.3677305518795,3.2478995616165545,0.21134542609606927,0.0,15.165979087913,-2.9581014889204984,-0.19504850110719524,0.0,17.958769468408715,8.88707473130791,0.49485989265250996,0.0,2.040016777369595,0.07258775216374494,0.035581938819807084,0.0,
2017-03-26,73.0,32.91686244067387,6.903099472960203,0.20971316708576565,0.0,3.6390794434919345,-1.5673586222640479,-0.4307019526784677,0.0,3.031902126196653,-1.0891634765390736,,1.0,6.36770801625971,-4.379233738145143,-0.6877252736719287,0.0,29.65798117108352,10.433943352158163,0.3518089546274053,0.0,2.420408401456367,0.0485946120902329,0.020077030000802087,0.0,
2017-03-27,102.0,59.14913561667345,-24.068830711820006,-0.40691770827899104,0.0,1.5117046272644035,-0.30111259328306195,-0.1991874522656972,0.0,3.6877944622974566,-1.5888740106016879,,1.0,17.53309505280049,-11.585524626100863,-0.6607803466080197,0.0,47.00584891079052,-5.989455900119646,-0.12741937522470156,0.0,0.6493158857774647,0.04541553251034248,0.06994366456314825,0.0,
2017-03-28,118.0,32.53443073512608,15.721774392089966,0.48323496175747793,0.0,3.6456386542049546,-1.0126332179805624,-0.27776565755154325,0.0,9.756596772749614,0.20212245498618503,0.020716491589640913,0.0,20.630546963671804,-5.107722213698902,-0.24758055240576302,0.0,20.25363902335812,9.924971352139579,0.4900339805944654,0.0,1.6788739796975234,1.1795744111266906,0.7025985424702396,0.0,
2017-03-29,114.0,49.18052696908853,20.76552537151717,0.42223063987437426,0.0,5.739417565775506,2.967530716612419,0.5170438781642207,0.0,7.2700866902305235,3.827194679677563,,1.0,27.36098379229952,3.3813809972553375,0.12358404299069808,0.0,20.92094272083341,11.23852471545123,0.5371901670692749,0.0,1.6492607996260584,0.8251486873159956,0.5003142544242147,0.0,
2017-03-30,105.0,43.51980193678173,12.962138688561753,0.2978446158231826,0.0,2.8773662590465348,0.5449602922810806,0.18939552466346868,0.0,18.271124206628883,8.203314355021702,0.44897699026343907,0.0,29.375800001856987,2.763218102826803,0.09406443748432813,0.0,9.717736205799152,4.016329379043307,0.4132988685828417,0.0,1.7623917098535409,-0.9529993500029407,-0.5407420749171234,0.0,
2017-03-31,99.0,24.99987723567756,-2.306525239185331,-0.09226146262405109,0.0,2.670734263992922,0.0030691031569097618,0.0011491608125479516,0.0,11.943243459449148,1.3855789230601547,0.11601362123820098,0.0,10.747312614010294,-0.5369891719979089,-0.049964971829132884,0.0,18.653244971923414,9.368523723572055,0.5022463243083666,0.0,1.4393234626040752,-0.2370820286922375,-0.16471768497631536,0.0,
2017-04-01,150.0,16.406642997419112,-1.9480501737974691,-0.11873545210338958,0.0,4.181689633391212,1.4024914079046478,0.33538868994619137,0.0,14.901204557274465,1.3751704502145177,0.09228585816192876,0.0,7.890449000202347,-0.33326725177270206,-0.04223679181807722,0.0,9.142199621215694,4.608359557901805,0.5040755779612919,0.0,1.0303240042048807,-0.019005756047053235,-0.018446387708612413,0.0,
2017-04-02,93.0,43.49832504987717,-1.2461438851896756,-0.02864808894965013,0.0,0.7045020923542288,0.29974286477219864,,1.0,8.937324196536789,0.971474028713395,0.10869853295574095,0.0,12.406821220851269,5.608332137296381,0.4520361853744498,0.0,25.347356596852478,15.108180064738987,0.5960455879101434,0.0,3.294661623280258,1.3692794642693027,0.41560549180343725,0.0,
2017-04-03,136.0,53.868152670351265,-19.131505021810582,-0.3551542808398636,0.0,1.0440050361867117,0.032343049611114026,,1.0,13.004911523472398,6.229518747803502,0.4790127742553207,0.0,21.070362591999583,-10.111280183064391,-0.4798816412824165,0.0,24.68067638207867,9.728331493349408,0.39416794510597053,0.0,2.1641236726063604,-0.5264659806592189,-0.24326982201768999,0.0,
2017-04-04,107.0,33.76366264063108,-5.5638175223825135,-0.164787143551394,0.0,2.285001033065778,-0.6642653270404282,-0.29070679506397673,0.0,10.604958669689946,5.977863791769109,0.5636857226850355,0.0,17.423670388932806,1.1270825694263769,0.06468686242723456,0.0,15.376426780145264,6.912858478106015,0.44957509159619646,0.0,2.1021001123517595,-0.6637875712413505,-0.31577352921537455,0.0,
2017-04-05,116.0,36.91034527026204,-1.783442120772763,-0.04831821831289257,0.0,5.3796024697658105,-2.041886432775266,-0.37956084009013313,0.0,14.759266766166544,0.7933076874948406,0.05374980343287664,0.0,35.21255454781931,4.19899344864835,0.11924705556213022,0.0,6.731165350567604,1.5157848441474921,0.22518906685596038,0.0,0.8346929662438879,0.02420744674804781,0.029001618232128084,0.0,
2017-04-06,101.0,32.55519828778779,-4.9001028175882775,-0.1505167553971379,0.0,6.8306375350221025,-2.231002580970031,-0.32661703531057173,0.0,13.33372382582456,-0.3858541305341077,-0.02893821227846276,0.0,33.93612827241304,3.3462298104036083,0.09860375890681042,0.0,13.688082923399632,2.8778558590275254,0.21024535540384998,0.0,2.2153399536837197,-0.02702870128555806,-0.012200701405043543,0.0,
2017-04-07,115.0,46.01741832631524,14.320692189858654,0.31120155607837113,0.0,4.690234550449526,1.8612454940279946,0.39683420392048563,0.0,6.416676099157479,2.5222942962656614,,1.0,10.307999013690274,-2.497218882426663,-0.2422602950495099,0.0,10.40482158236409,-1.7874834660162755,-0.17179376425310502,0.0,2.089123395147904,1.310277975877959,0.6271903224678574,0.0,
2017-04-08,141.0,29.475367830884352,14.54908693162068,0.49360153926140715,0.0,9.52756170793145,0.16018611222881363,0.016812917841871628,0.0,11.469770421936115,5.327341842359903,0.4644680448155509,0.0,10.403069122687153,0.9782414142963882,0.09403392429288258,0.0,10.643262109173516,4.0106102342193095,0.37682152267607233,0.0,2.3250924705571334,1.724114108056884,0.7415249629378206,0.0,
2017-04-09,148.0,13.53032793526654,0.12255224445155721,0.009057596019689008,0.0,4.681336185225513,1.3225099323360585,0.2825069339198397,0.0,12.227738699977634,1.652427779005063,0.13513764233513476,0.0,3.705832040694072,-1.035060793041064,-0.2793059107037149,0.0,6.833388047467448,0.04084629123092892,0.005977458172606947,0.0,2.0932007563460457,0.806038292455897,0.38507452761623384,0.0,
2017-04-10,104.0,42.25013890308037,22.126022228860812,0.5236911121077439,0.0,4.093771758241924,1.3345829310954276,0.32600325809775144,0.0,17.66858535906067,12.442409937973459,0.7042108739957971,0.0,6.062811782867353,1.1405129756553367,0.18811617719657153,0.0,7.25946403390844,1.131817617689534,0.15590925341084336,0.0,5.05237510381266,3.95851754162846,0.7834963676076335,0.0,
2017-04-11,96.0,35.89751340838848,17.572336371281118,0.4895140276533706,0.0,1.197858050829377,0.4456773455292824,,1.0,7.3736806476954335,3.117739533110112,,1.0,19.32145721957204,-4.365206800271969,-0.22592534044741458,0.0,18.603295718625304,14.294296937303107,0.7683744403950908,0.0,3.870995051911446,0.8195340974529164,0.21171148153450656,0.0,
2017-04-12,115.0,53.10149180048029,33.905943115520536,0.6385120637084223,0.0,3.7684145370367284,1.0100893629866154,0.2680409368606495,0.0,7.687885975232344,1.827650004909927,,1.0,16.983244661736535,-2.598026679021798,-0.15297587303062204,0.0,53.50831577531062,41.563573933323745,0.776768495346693,0.0,2.915573567945098,1.6308303615766218,0.559351470155505,0.0,
2017-04-13,122.0,31.026107444020454,-13.778540323163384,-0.4440950366726997,0.0,2.8340343035524658,0.2065806046349189,0.072892767873688,0.0,14.582254688080862,-5.876916477087314,-0.40301836737846486,0.0,27.533130087322206,-19.51349806272184,-0.7087279216287489,0.0,23.890074901966727,5.053330429728113,0.2115242606172031,0.0,0.717954498257307,0.08756023096241713,0.12195791122550571,0.0,
2017-04-14,107.0,16.1209149670467,-2.0717249391052324,-0.12851162253135845,0.0,5.782887839508472,3.110638806685181,0.5379040529600823,0.0,20.823933967476478,1.0900900603929644,0.05234794069629225,0.0,13.701272915102889,-5.63506122932821,-0.4112801244267379,0.0,12.088536758805274,-1.1676109790863525,-0.09658828048281907,0.0,0.9695590928604312,0.19037305790106476,0.19635013410004615,0.0,
2017-04-15,143.0,16.294877127009386,-2.3683266182286857,-0.14534179053753607,0.0,3.4867601254372826,2.1267148912814173,0.6099401205624092,0.0,20.943179641413735,0.021561096358029608,0.0010295044366326297,0.0,13.295365238518567,-5.58273989849146,-0.419901206047162,0.0,9.924406233854823,-1.0735805387984292,-0.10817579545828715,0.0,1.327288324770048,-0.30766550788865976,-0.2318000559086984,0.0,
2017-04-16,156.0,18.536957978838473,6.805965731555938,0.36715656038739103,0.0,7.366311276593476,3.1860890605257843,0.43252164358701656,0.0,19.576501805473526,8.75742240856024,0.44734358035875915,0.0,7.219360398230489,0.39368481840551595,0.05453181399587845,0.0,13.39467289123422,2.640685139429575,0.19714442904818524,0.0,1.9165752006374495,0.22106147147241964,0.11534192417750944,0.0,
2017-04-17,107.0,33.54413982843107,-21.087720185432257,-0.628655863387467,0.0,3.4796659157072973,0.4467823391324574,0.12839805600752388,0.0,8.788066404638808,-0.9167268138906451,-0.10431496209527366,0.0,6.244821052554467,-4.725747512793904,-0.756746666241272,0.0,10.123747158555485,5.8271788762496675,0.5755950622813779,0.0,2.2164854619550125,-0.6171732314626792,-0.2784467762393137,0.0,
2017-04-18,123.0,39.6437426006014,-4.804164601755889,-0.12118342736094269,0.0,1.814622049278109,0.6733488274616006,0.37106835978845926,0.0,12.64933129152632,-0.2336572459071988,-0.018471904998149886,0.0,19.352549804054433,-9.59646536353947,-0.49587601947568555,0.0,12.781339573994043,4.5499814694403495,0.35598627538995314,0.0,1.4523017897226917,0.4199566770270535,0.2891662600699829,0.0,
2017-04-19,116.0,49.771147159990505,-22.686853047883435,-0.4558233905068738,0.0,2.1333798242121653,-0.8268320083004944,-0.38756905775362094,0.0,15.87577683891868,-8.495697802120839,-0.5351358795428552,0.0,43.11783647336415,-30.170164742182887,-0.6997142530752991,0.0,25.149838167984853,5.524039362309117,0.21964512556351506,0.0,1.6905251582284064,-0.8462380199260147,-0.5005770046112971,0.0,
2017-04-20,102.0,39.0181875343842,6.009022441980808,0.15400567842074794,0.0,2.733046830995586,-0.31570203347384,-0.11551285177167529,0.0,10.756403353967467,0.33851664210426813,0.031471174049958556,0.0,32.17559257474204,-9.254254869918666,-0.28761723186361116,0.0,34.00347696032986,16.677365813019804,0.4904606029694094,0.0,0.7213648600882104,0.009989354938306438,0.013847853549568401,0.0,
2017-04-21,88.0,35.906683234279626,-6.064911694038457,-0.16890760013858278,0.0,0.9545125459990188,0.3962504427432504,,1.0,12.323599299939811,-6.215513845053309,-0.504358645049719,0.0,20.287932937178994,-8.14282678998697,-0.40136305730115535,0.0,19.033196598844366,3.2206428164194545,0.16921187146330435,0.0,0.4441430564693254,-0.06864074515931942,,1.0,
2017-04-22,135.0,17.42574863920163,-3.144799992228522,-0.18046857310645809,0.0,4.815129030605018,1.0208471607943939,0.21200826692407973,0.0,13.802334120438896,-4.241852796305184,-0.30732865610199406,0.0,8.895344176227805,-1.1586749528572617,-0.13025633746176352,0.0,9.113790653565953,-1.04399095744807,-0.1145506844662476,0.0,3.3025941620944606,0.7118200997153585,0.21553362743908316,0.0,
2017-04-23,130.0,10.309803542601001,-3.7558971605490417,-0.3643034656314594,0.0,2.494722796356651,-0.5618238097852012,-0.2252049047716649,0.0,11.446222118538568,0.15758106744754263,0.013767081034739023,0.0,5.270410291268487,-1.179488282113338,-0.22379439491976585,0.0,10.399824293010168,-3.213894306168307,-0.309033519761329,0.0,1.501782835817718,-0.4995191618385008,-0.3326174397022679,0.0,
2017-04-24,116.0,20.6572153075831,-0.4648106427775863,-0.022501127855648482,0.0,2.780010360569572,0.7603899075208267,0.27352053010516014,0.0,10.343384345294902,4.440326065131275,0.4292914114857516,0.0,12.273282905225638,-4.729422855806305,-0.3853429349202602,0.0,17.378949683945393,3.02956291959152,0.17432370624734697,0.0,2.6798855433880773,0.7944498221464785,0.2964491614601144,0.0,
2017-04-25,100.0,19.690828330480144,-3.042906668802042,-0.15453421347906512,0.0,2.568733716740094,-0.3905279972034615,-0.15203132759866964,0.0,11.793756934406698,1.8172816131208933,0.1540884404543915,0.0,20.798716915756813,-1.338492123710862,-0.06435455269343271,0.0,12.67046343473339,-2.6853000701233776,-0.21193384787822334,0.0,1.7301503658891264,1.0872452922148543,0.6284108674312349,0.0,
2017-04-26,129.0,46.29590665680735,-6.166378405522748,-0.1331948945558893,0.0,4.898480447416653,-0.773269760982777,-0.15785910942863554,0.0,8.930750765633997,-1.830723366778555,-0.20499098170147975,0.0,57.723584985447815,-17.832373794583418,-0.3089269975016101,0.0,20.001994979473235,-4.480954749139934,-0.2240253911541549,0.0,0.8949706884668496,0.09206479934579159,0.10286906658753858,0.0,
2017-04-27,96.0,33.846666207427916,-11.375739095203564,-0.33609629455048273,0.0,3.4451830447433123,-1.4780525287070767,-0.42902002869261213,0.0,12.071317808848104,-0.015284616595406475,-0.0012661928745014955,0.0,25.487037299084477,-13.762400033972192,-0.5399764544020403,0.0,16.179600466799457,4.006317698409267,0.24761536643814117,0.0,0.712689594955005,-0.10780353893633213,-0.15126296174302672,0.0,
2017-04-28,112.0,23.250633644289337,4.898954006531083,0.21070195683610243,0.0,3.1058551230889817,0.17254202804926866,0.05555379153605337,0.0,12.539947425757417,1.8091086800649492,0.1442676447230542,0.0,14.049549001887497,-1.2673029373501916,-0.09020239277288793,0.0,28.044799969968153,17.32670270493876,0.6178222958799173,0.0,0.9110741849362913,0.1522893023297354,0.1671535697615936,0.0,
2017-04-29,128.0,19.80464758981543,3.519083199474231,0.17768976617811288,0.0,7.3762669299976515,0.6613649891873319,0.08966120606315185,0.0,15.700353620297392,1.021382008895978,0.06505471364514599,0.0,7.677881602474369,-0.5714898742222742,-0.07443327519378506,0.0,8.666433073107324,3.646977959349524,0.42081649146595335,0.0,3.2596846014421277,1.5039316994745728,0.4613733791328196,0.0,
2017-04-30,148.0,25.921919906708354,-1.857552173913206,-0.0716595136702235,0.0,5.729895496653621,-0.8535126790094525,-0.1489578090050546,0.0,22.328596486338938,-1.2331334366971642,-0.055226643441365374,0.0,12.766047605648051,-2.8635961938234855,-0.22431345098200572,0.0,15.03414338567381,7.0375323406969095,0.4681033139143163,0.0,6.259713706494946,1.465520946802393,0.2341194846150551,0.0,
2017-05-01,114.0,41.4700463762274,-27.872596206007394,-0.6721139386520023,0.0,12.705745163722892,-8.508386632601674,-0.6696487709272334,0.0,23.248990527383285,-15.783190576936224,-0.6788763821098537,0.0,15.082559436101292,-7.426170100774167,-0.4923680315821627,0.0,15.82334560023446,0.6786409452057258,0.0428885876824728,0.0,4.414349011487499,-1.6848499845218596,-0.38167575335284093,0.0,
2017-05-02,113.0,49.56953425784741,-23.70467914075384,-0.47821064885234676,0.0,1.5667813608306411,0.3343559429614642,0.21340306396305533,0.0,13.644481716066363,-5.891173270370675,-0.43176233388431495,0.0,13.623125416444962,-5.221594537910537,-0.38328903084217103,0.0,25.251297471033467,3.4379598426471376,0.13614982939355597,0.0,1.068530517659379,-0.1129484539887596,-0.10570447181627879,0.0,
2017-05-03,102.0,32.9324496301997,-4.066690914039576,-0.12348583113933745,0.0,3.3181770683877354,2.053740163813374,0.618936277807279,0.0,12.297137472123719,-3.220449634413737,-0.2618861211980551,0.0,39.6791976999084,2.8473742453414643,0.07175987445300683,0.0,21.889757647746592,-6.083557221565731,-0.2779179796991491,0.0,1.3319195659932987,0.11555697266338408,0.08675972304469133,0.0,
2017-05-04,111.0,35.57469923781173,-24.949031359217432,-0.701313908304235,0.0,2.709464386090981,0.30138269382533467,0.11123331067663443,0.0,10.228508446991324,-3.8741780745426304,-0.37876275848236746,0.0,35.50756733796152,-23.10244964253647,-0.6506345372141953,0.0,11.814031393354522,-5.0804478716085635,-0.43003507460343743,0.0,0.5627666235668533,-0.015432521439162877,,1.0,
2017-05-05,122.0,26.18373283285473,-2.335408940402901,-0.08919312442236979,0.0,3.2636363548081078,-0.08419567037187382,-0.025798116339718333,0.0,11.946993713179832,-8.376525204850907,-0.7011408397754482,0.0,14.543117070687002,-7.361455370464009,-0.5061814007742331,0.0,13.676730820181543,-2.5041893981249657,-0.18309853656180428,0.0,1.2232620505383187,0.5768564334914619,0.4715722467132907,0.0,
2017-05-06,149.0,17.833189901546575,-2.1467989415703963,-0.12038221728263075,0.0,3.2107422981207447,0.8606629290931932,0.2680573055012672,0.0,14.504538975641477,-0.4978212646507725,-0.03432175717455065,0.0,10.349456056937921,-4.674205970927291,-0.45163783924604073,0.0,13.2722728310473,0.9963000610505446,0.07506627340570785,0.0,0.5196817436226366,-0.016010152672783662,,1.0,
2017-05-07,173.0,20.90456010609341,-0.8191132525837662,-0.03918347233458432,0.0,4.330222554970525,0.3705383254046768,0.0855702728210465,0.0,67.30133626457246,22.269759256960477,0.3308962420807582,0.0,8.511035601361066,-0.7042692068176596,-0.08274776887374721,0.0,13.827098182890037,1.102341466929859,0.07972326892810533,0.0,4.1289656093140295,-1.4320235592919743,-0.34682380402046636,0.0,
2017-05-08,98.0,42.081123207113706,7.679639266517153,0.18249606192115447,0.0,0.8775023321868459,0.1470310119679763,,1.0,6.16290302915149,-1.2784090866522357,,1.0,12.18533608648431,-3.7818161377420396,-0.3103579672239604,0.0,51.71577306184918,22.34804490494923,0.43213208624421445,0.0,1.0507482131215466,0.14963116416604041,0.14240439555116488,0.0,
2017-05-09,129.0,45.03167270378617,-7.076836779640528,-0.15715242971744023,0.0,1.4045776613202117,0.17810280945190307,,1.0,13.948625297140092,-1.4156763612905583,-0.10149217798407822,0.0,18.570082359612567,-1.1310080788217203,-0.060904849904247646,0.0,37.47485097601748,-0.04289726958042572,-0.0011446948677095044,0.0,2.595519563503325,0.1505722533203392,0.05801237464652472,0.0,
2017-05-10,133.0,61.501739918923704,-6.698698527757182,-0.10891884581782432,0.0,1.0560759734798861,0.11950314465116985,,1.0,10.933843351464017,-1.5360517654916532,-0.14048598613642835,0.0,43.9136262582324,-8.48577359206732,-0.1932378242272012,0.0,34.12820858791383,-5.814548215954252,-0.1703736720014486,0.0,1.160724135188496,-0.4990634580933867,-0.4299587153948007,0.0,
2017-05-11,102.0,51.62695815821644,8.058788310493581,0.15609651619986104,0.0,0.5768378357388377,0.16675822188542497,,1.0,5.369465308351206,1.3543058679754678,,1.0,40.231601622042945,4.41587695285894,0.10976140085955403,0.0,38.83964762251708,8.270731594193089,0.21294558783273246,0.0,1.249614003929305,0.9269165764379163,0.7417623150215232,0.0,
2017-05-12,106.0,33.37241980564431,2.0624914930986287,0.061802275804698985,0.0,3.768219904348366,2.5021004856163116,0.6640006552507707,0.0,7.253234413263268,2.849365364241638,,1.0,16.215045047560125,1.057627977548421,0.06522510264056047,0.0,38.33024318396201,10.728596088371859,0.27989898307926403,0.0,2.399419955821936,1.5842974137351526,0.660283503057072,0.0,
2017-05-13,172.0,28.56021929190319,5.8352339374503925,0.20431334499958403,0.0,8.943858010490652,0.33459062610137846,0.037410100396151426,0.0,18.534185007854827,-0.47357829919727856,-0.025551611737800992,0.0,14.30098693338368,1.8335656733713854,0.1282125270033762,0.0,17.564089990955832,3.055433673439902,0.17395912199340913,0.0,2.782702705910191,0.3661248045582052,0.1315716564980483,0.0,
2017-05-14,163.0,26.0971035194234,-0.3769891498735196,-0.014445631853088076,0.0,6.155808501149289,1.3528200886412027,0.21976318600369577,0.0,14.748362006226667,-0.8467381065622518,-0.05741234899202801,0.0,9.134089322469658,-1.2851021668468618,-0.1406929712944167,0.0,16.277967899812207,1.7638301209522995,0.10835689883456817,0.0,2.733225464922719,0.21462745087741633,0.07852533705392097,0.0,
2017-05-15,135.0,71.874426830007,45.679868581007824,0.6355510658755869,0.0,0.8092395185885766,-0.32996119455505063,,1.0,6.820305774104775,1.1321628319210415,,1.0,9.376509937268558,3.055890492322474,0.32590916159287686,0.0,85.48574894647754,56.45861079122179,0.6604447113935963,0.0,3.0101304715790262,1.8677516260702935,0.6204885946656411,0.0,
2017-05-16,116.0,45.187803283304675,16.164047232112043,0.3577081879986872,0.0,0.539146113143937,0.061531673968488736,,1.0,7.115647369879294,1.212739826663722,,1.0,26.80472640908556,-9.14333083120889,-0.3411089033951014,0.0,56.748718306742376,24.985733026671117,0.44028717779345045,0.0,3.4582423069368766,0.4525812725941678,0.13087031862583387,0.0,
2017-05-17,123.0,49.779512426372094,-6.6154463987117955,-0.13289496172740892,0.0,6.5293290492991165,0.06361357003277025,0.009742742256127953,0.0,5.409224962691946,-0.714080868216163,,1.0,52.56080469717563,-10.057882476113202,-0.19135708697880086,0.0,30.381680490943836,3.5203587127908667,0.11587109915925205,0.0,2.9567334777457237,0.8433436153074364,0.2852281484465822,0.0,
2017-05-18,109.0,43.02750974184892,4.73202078927086,0.10997663628830595,0.0,8.952672747727771,2.23861432121113,0.25004983252395774,0.0,8.441892896764326,-1.0909160111937948,-0.12922646905552776,0.0,36.72942473518924,-13.84853056221286,-0.37704185845701643,0.0,33.80446835614566,4.73291866812727,0.1400086704001314,0.0,0.935117668603193,0.22780269341028597,0.24360858644726513,0.0,
2017-05-19,108.0,32.49855863339326,6.846737172894756,0.2106781796119267,0.0,4.550508523134336,-1.1259755543704673,-0.24743950014511978,0.0,8.583097227805407,4.780408681024042,0.5569561376443052,0.0,10.632813605028783,-3.328340674807882,-0.31302539463625556,0.0,51.78484772161755,25.93389739966522,0.5008008817382141,0.0,1.0240999373054318,0.3924774798488216,0.383241386462235,0.0,
2017-05-20,163.0,33.717804016741866,2.8196727838584863,0.08362563536042968,0.0,1.4840689487027647,-0.5458969352603839,-0.3678379874045315,0.0,12.069334565050664,3.399898547630541,0.2816972658522263,0.0,8.789266017680344,-0.5995791708741534,-0.06821720604064659,0.0,36.57331643968064,7.552343645024499,0.20649873679025996,0.0,3.016441767962528,0.7122729379665388,0.2361301801120621,0.0,
2017-05-21,154.0,31.796977622332633,1.8167585335375551,0.05713620190937749,0.0,6.555597378988746,1.6686923596298555,0.2545446681912099,0.0,19.208585963497168,0.6934384969136828,0.03610044478190384,0.0,11.552745899236466,-1.8932863009405645,-0.16388193053442765,0.0,37.915111377798894,4.813950881861084,0.12696654993027084,0.0,3.7720401088881728,-0.26487207065810886,-0.07021984470260079,0.0,
2017-05-22,112.0,36.13506603222049,13.979886279179969,0.38687866978614477,0.0,0.8553882998166898,0.3254109216956621,,1.0,14.53970287553966,10.040654712014337,0.6905680809272841,0.0,6.312691498198543,1.4818486777521611,0.23474118419616058,0.0,52.252877876133425,18.173628618690934,0.34780148687258744,0.0,1.2193080192519066,0.5326515695422618,0.4368474258613213,0.0,
2017-05-23,84.0,24.398795497210813,-1.6600968693646911,-0.06804011573253556,0.0,2.4685125327669044,-0.5729800719378997,-0.23211552071629882,0.0,9.405781611276323,0.33967011777062495,0.0361129071254859,0.0,19.11734084416821,-7.480109301317967,-0.3912735229387193,0.0,28.562310625537066,5.454564136779629,0.1909706889015764,0.0,1.1266494619339902,0.29062834914555147,0.25795809518842094,0.0,
2017-05-24,102.0,32.14804428197385,-2.9626607358546506,-0.09215679528959349,0.0,1.7241973573836686,-0.575560214609737,-0.33381341883222904,0.0,8.319167423745963,0.37003982819015857,,1.0,29.82927565005957,-7.259996449043933,-0.24338493948744055,0.0,36.441458929810324,4.6609789115631175,0.12790319181623877,0.0,1.0341885347152084,0.13546565764034288,0.1309873906865995,0.0,
2017-05-25,123.0,47.97133700324048,-12.151937692991256,-0.25331663556032197,0.0,1.2826978912853462,0.773000888561386,,1.0,7.302157252852334,0.1493916510977878,,1.0,11.181004813392061,-2.180988020264531,-0.19506189798364545,0.0,90.12338803969033,-13.637173679740673,-0.15131670009714754,0.0,1.5697787910030396,0.5223477597372818,0.3327524634241732,0.0,
2017-05-26,91.0,28.442612117156386,-12.567558914263406,-0.4418567064971765,0.0,0.1878424733949898,-0.08315334147358076,,1.0,7.851932252291586,-0.08213647559090531,,1.0,6.295227268841696,-1.9907008335573246,-0.3162238229921138,0.0,62.48968196650094,-18.31288149024599,-0.29305448377962684,0.0,1.2527860985937833,0.8838623105318286,0.7055173357398672,0.0,
2017-05-27,145.0,32.07901595137082,12.879855118427102,0.4015040591629093,0.0,7.222984537045699,1.662801223592637,0.23020971664335665,0.0,12.63068818801548,4.0384277186527004,0.3197314080229237,0.0,12.970267464843342,-1.8119497404504261,-0.1397002602576871,0.0,52.46913572175981,13.174054253411281,0.25108197556888256,0.0,4.331329568922223,0.8618753936564935,0.19898633432111615,0.0,
2017-05-28,160.0,25.394368770903384,-1.0572495569781606,-0.04163322847345379,0.0,7.082684792520008,1.0727360180814451,0.15145895229085402,0.0,13.513341951140314,-4.682646345466836,-0.34652022885217476,0.0,13.241394643468078,-5.904630612765221,-0.4459221080370072,0.0,41.9042197134695,-0.724762095661891,-0.017295682883910778,0.0,7.12887446265085,-0.13130033002724092,-0.018418101022137694,0.0,
2017-05-29,113.0,42.507903188845376,-17.73074353809388,-0.4171163997274431,0.0,4.969868429514459,2.3212827381043732,0.4670712657741637,0.0,7.435451710785852,-1.579947678033647,,1.0,14.473600389261263,3.371726385684139,0.23295699031360595,0.0,36.178579806255584,-8.97910102504129,-0.24818832229253862,0.0,2.8123731866289696,-0.24105087266711753,-0.08571084158146572,0.0,
2017-05-30,106.0,25.243648070201743,-12.758214790235611,-0.5054029732452077,0.0,0.6027874866267618,0.18999471204331783,,1.0,15.965473956923228,-1.5966682685357914,-0.10000757088977093,0.0,24.697515649342677,-10.249405350031367,-0.41499742304259474,0.0,24.82765063138504,-7.155671662999697,-0.288213805214179,0.0,2.360633230986419,0.9672252329292517,0.40973126203306265,0.0,
2017-05-31,98.0,40.96068156266119,-27.397315227894982,-0.6688686365236105,0.0,1.2340353208564876,-0.3201795796256127,,1.0,7.194582723706841,-2.8392158763989306,,1.0,17.328779649520584,-9.38899089623118,-0.5418148932657779,0.0,16.733835803446706,-9.65180748207437,-0.5767839242265282,0.0,4.237612784185327,0.41393641909939566,0.09768151083652495,0.0,
2017-06-01,112.0,42.68643206507841,1.759961179126167,0.0412299902798853,0.0,3.7735564004833524,2.129521010164015,0.5643273305498352,0.0,12.759023691469334,1.684400443175985,0.1320164053227813,0.0,44.48771680356003,1.703019519968735,0.03828066806594252,0.0,16.279497369614546,3.2347027311600236,0.1986979485741096,0.0,0.7746027291213935,0.1195824772450445,0.15437910653979103,0.0,
2017-06-02,119.0,36.31206447578734,-15.70809010979179,-0.43258598310393087,0.0,5.075286556879286,3.6154751560079528,0.7123686742588682,0.0,15.301658773118104,-7.504079693592286,-0.4904095565622875,0.0,22.345182604301954,-13.068810015272149,-0.584860291665556,0.0,27.590467765170615,-5.867788932250831,-0.21267449983788073,0.0,1.780772902449821,-0.10407539901906719,-0.05844394806091781,0.0,
2017-06-03,153.0,25.013152488587366,-7.991625084132119,-0.31949691618353265,0.0,5.871754330102698,1.2305522673170115,0.20957148377416684,0.0,14.580038777930891,-2.6920886222513114,-0.184642075597645,0.0,10.660507997919918,-2.8435660466452055,-0.2667383249653809,0.0,17.130794974676974,2.227362671931229,0.1300209753968659,0.0,2.3232942406029857,0.42275263131863894,0.1819625874030136,0.0,
2017-06-04,143.0,32.433047342230566,5.3312511260433215,0.16437712650891062,0.0,2.8186141169135173,1.0056468325068126,0.35678769451705994,0.0,21.66607536151423,6.663428708912661,0.3075512568717917,0.0,7.507291520530993,-1.2241232666761845,-0.16305791021015287,0.0,27.975034743896686,11.934191774637313,0.4266014996546518,0.0,1.3800449533446164,0.7446466985640509,0.5395814801245117,0.0,
2017-06-05,114.0,50.412317171285395,4.269694759696637,0.08469546728410718,0.0,5.244792004152255,2.7706476207440143,0.5282664438457269,0.0,5.242089304432733,-2.069727303716931,,1.0,5.916353334287118,-3.443508529632913,-0.5820322646513866,0.0,30.7933655505185,-7.286358269024914,-0.23662104283700897,0.0,1.894351764873131,-0.06892434276522356,-0.03638413099577606,0.0,
2017-06-06,107.0,42.523794782173354,-27.79442839310636,-0.6536206031348412,0.0,5.438761142329891,0.9886899342533302,0.18178587152106276,0.0,4.586372655496229,-2.1872984230234622,,1.0,9.729220381341289,0.6698326212755078,0.06884751244407143,0.0,17.134980660644942,-11.032222588517405,-0.6438421383139258,0.0,4.842304864425383,3.6904977818967066,0.7621366033785738,0.0,
2017-06-07,125.0,47.97673401616339,-34.5821280323975,-0.7208103832317297,0.0,7.907118198112581,1.7276393524598734,0.21849165640046442,0.0,8.093129031658458,-0.1870342701151919,,1.0,51.23611146346957,-43.13917333122451,-0.8419681372967184,0.0,6.190143872154291,-0.4580291100282289,-0.07399328989567182,0.0,1.0238540812933876,0.36566056811982567,0.3571412907373515,0.0,
2017-06-08,120.0,51.52302118427906,-25.319598868436124,-0.49142302385330144,0.0,3.1213427582042588,-0.6129991863681419,-0.19638957777287067,0.0,8.789954186555402,-2.5427935137366724,-0.2892840462838794,0.0,34.11159810956451,-21.207247906267305,-0.6217019747404045,0.0,6.965346340628454,-0.9625963878970006,-0.13819792165713754,0.0,1.6050830859967344,0.781943661883692,0.4871670935328035,0.0,
2017-06-09,98.0,25.16317644296214,-11.036315017698866,-0.4385898991216429,0.0,7.562265810403911,0.38439668855149023,0.050830888279892274,0.0,7.959526638413077,-3.889520789711208,,1.0,27.07158056985645,-17.539616406896528,-0.6478977598532413,0.0,7.292219269933408,-2.8346024402811056,-0.38871601845112796,0.0,1.1739437575888552,-0.18506554133456551,-0.15764429951454298,0.0,
2017-06-10,151.0,19.801320458027476,-6.968913845288123,-0.35194187478860367,0.0,5.531671151780752,2.1964849751833206,0.3970743948646025,0.0,8.88590042031137,0.06763538812875391,0.00761154018496011,0.0,12.649181534667148,-2.909727262679192,-0.23003284874239563,0.0,11.20788533696759,-0.2096211018142604,-0.018703001994752347,0.0,1.4764614468949682,0.4693155398924619,0.3178650826809214,0.0,
2017-06-11,157.0,34.87480734484416,-7.9011293493307555,-0.22655693180478165,0.0,5.566175476604254,0.06440850825901623,0.011571411740384046,0.0,9.715683335132775,-1.6340237428220568,-0.1681841293564274,0.0,18.4049359664059,-4.344387739539225,-0.23604470819506973,0.0,16.205849250865864,3.618379361103232,0.22327613351764983,0.0,2.0821821219506047,0.3990703546927406,0.19165967783782925,0.0,
2017-06-12,127.0,43.50343272342434,-12.368194330492942,-0.28430387112494027,0.0,6.091661200873199,1.9421091098990462,0.3188143670269544,0.0,10.190566793084141,-0.9477546817177556,-0.09300313721126406,0.0,21.537435422178532,-0.34648348854357264,-0.016087499823065076,0.0,22.24803319426428,-8.91331514332658,-0.4006338477427525,0.0,0.8841052973148125,0.274761278585071,0.3107789076929758,0.0,
2017-06-13,138.0,64.1863187886629,1.6625073702784112,0.025901273069613342,0.0,9.249230281377088,2.6244909623674273,0.28375236452396724,0.0,9.18107361251895,-0.479848476287247,-0.05226496339523349,0.0,24.57770807237102,-0.4504638643691832,-0.018328147728126496,0.0,37.132321641154704,7.461757328154461,0.20095046574961273,0.0,1.5284597100398911,-0.4492560268197062,-0.29392729416988106,0.0,
2017-06-14,126.0,51.1222551658866,-10.520825558202334,-0.20579736797727935,0.0,7.162969495489956,2.7268022685299838,0.3806804245427639,0.0,10.435111437043812,-3.720782125125595,-0.35656371736645914,0.0,54.93723634397611,-16.57458880458044,-0.30170044777648974,0.0,18.29805119105731,-7.241609453067938,-0.3957585087862845,0.0,1.2908273588618557,-0.7092625009476671,-0.549463486405367,0.0,
2017-06-15,121.0,31.909857244121667,-17.609174716866587,-0.5518412251784829,0.0,5.4579359735871495,0.658139319625579,0.12058392088337865,0.0,13.731013968885232,-1.5557936170437592,-0.11330507860302381,0.0,21.87517419725191,-10.179197152095183,-0.46533102138103,0.0,16.942984350636834,-12.920597498921806,-0.7625927777260894,0.0,0.5263353640984809,0.06282494125499981,,1.0,
2017-06-16,115.0,19.54059955867706,-8.32785316863629,-0.4261820699835325,0.0,5.356130008840406,-0.26852076799267316,-0.05013335515558322,0.0,14.8400491805005,0.233120005231769,0.015708843171361158,0.0,25.46142702792713,-8.49884819238006,-0.3337930817097634,0.0,6.314045694896773,-1.6453335866636394,-0.2605830977741346,0.0,2.1443653922688064,-0.403927996968927,-0.18836714975219704,0.0,
2017-06-17,136.0,10.374918310022618,-1.8118879535773647,-0.17464117783240787,0.0,3.5261241350526644,2.076964566431775,0.5890219648778061,0.0,13.143061993221632,-1.7724302751676237,-0.13485672334816134,0.0,13.370981591360758,-4.262939322791132,-0.31882022225993467,0.0,4.822627229055792,-1.40091464703085,-0.29048785661692766,0.0,3.4653982226009195,1.7341626592371524,0.5004223318195143,0.0,
2017-06-18,161.0,17.175410831638143,-3.6218175185604022,-0.21087224952365016,0.0,4.44416937125788,-0.24796531423995682,-0.0557956489785565,0.0,17.744245488938752,-2.475869793453956,-0.1395308577644139,0.0,11.875854176993014,-5.053611031758893,-0.4255366356341095,0.0,8.65046918176085,-1.4224998244045022,-0.1644419273123108,0.0,3.454372154883453,0.33708427000890095,0.09758192079343976,0.0,
2017-06-19,67.0,17.625711309243343,-14.361921485189269,-0.8148279086846008,0.0,1.0689985490898803,0.16625803126062022,,1.0,13.13861062435899,-11.525945274948558,-0.877257543014438,0.0,7.379558556436676,-3.9152742961739047,-0.5305567082679875,0.0,1.115744796625219,-0.5218729407412087,-0.4677350432820409,0.0,0.9059013608421058,-0.2569272269307427,-0.28361501377137666,0.0,
2017-06-20,96.0,22.704816468278295,-18.321865792416652,-0.8069594316260948,0.0,1.4478767296241084,-0.17200787667872197,-0.11880008370835404,0.0,13.662414511185485,-5.826353590960242,-0.42645123862917333,0.0,23.05365633389738,-16.301763005738536,-0.7071226693775655,0.0,2.5769478182337435,1.1095442598999954,0.4305652803868121,0.0,0.14790564202121023,-0.013562570228411227,,1.0,
2017-06-21,102.0,18.566671822729404,-10.385115095303268,-0.5593417708062122,0.0,2.9121696530783043,-1.2656321499966536,-0.4346011052820426,0.0,14.075674732390324,-6.04224399325212,-0.42926851523131415,0.0,20.41400650741707,-9.629735726988887,-0.47172198771907375,0.0,7.476200045297443,-5.914643629264192,-0.791129663923924,0.0,0.7834959535102783,0.5005086399936909,0.638814581940435,0.0,
2017-06-22,96.0,17.117346023384016,-9.225019763109719,-0.5389281580513366,0.0,1.9369572312934855,-0.2771374987103913,-0.14307879091647313,0.0,12.438462098405576,-1.7798219564059592,-0.14309019413534296,0.0,21.286469197351835,-1.5095048805118791,-0.07091382166374828,0.0,7.2893882253702,-3.0331282977101477,-0.4161019010009042,0.0,0.7246640704761327,0.01548693476471795,0.021371191695129063,0.0,
2017-06-23,102.0,21.495539402705617,0.13250217824423527,0.006164170889685019,0.0,0.5079461280620259,-0.25319218634240614,,1.0,18.18016787811939,2.040178026426387,0.11221997729084934,0.0,20.711991781237884,2.6667449506174106,0.12875366979592479,0.0,8.138181055575838,0.641460548216115,0.0788211203259752,0.0,1.1628761580723184,-0.8488854580359892,-0.7299878427666566,0.0,
2017-06-24,152.0,17.665616691287138,-5.453710240199856,-0.3087189275928126,0.0,4.477513779915165,1.876813824203393,0.4191642765282461,0.0,21.49956355413451,-3.2982626588881256,-0.1534106797369776,0.0,16.194283782941053,-4.555473629584543,-0.2813013338930893,0.0,6.057746470272826,0.07384299856750098,0.012189846328147054,0.0,0.7610118733937219,0.04869282232566947,0.063984313554169,0.0,
2017-06-25,115.0,10.451523191572049,-4.06611343790722,-0.38904505720143,0.0,2.337721667834555,-0.6088212502977682,-0.26043359167805585,0.0,16.380806802306324,-11.168061396651638,-0.6817772489129924,0.0,8.49831888255721,-3.264174701865726,-0.3840965192028085,0.0,2.833369218365984,-0.07715969919536927,-0.027232490102319807,0.0,1.1749847358660155,0.13606154941727178,0.11579856764436045,0.0,
2017-06-26,94.0,13.444094783852051,4.131172422715117,0.3072852794579479,0.0,1.5643537378127763,0.07249238734220209,0.046340150306131124,0.0,9.662914596148763,2.8531753478379387,0.2952706783701779,0.0,16.838804094077204,3.043734528234859,0.18075716726851446,0.0,1.0263723924872425,-0.28516815192888495,,1.0,0.28466862897766604,0.0602056730703749,,1.0,
2017-06-27,130.0,21.256496755144326,0.1630463753324254,0.007670425527337482,0.0,6.387493174843252,-1.6425885323004112,-0.2571569921623783,0.0,15.164933292107886,3.0572032716139246,0.20159688227609615,0.0,24.601229901127226,-0.789932044946509,-0.03210945339404817,0.0,7.097117723176775,-0.629673095293875,-0.08872236869307898,0.0,0.9186323370158731,-0.0117153837683769,-0.012753071382653133,0.0,
2017-06-28,133.0,39.19715234504838,-9.969007626744025,-0.25432989465632366,0.0,9.220800255920036,2.011765446606309,0.21817688169903626,0.0,11.413335121513224,-4.06132216961341,-0.35584008761454333,0.0,47.664710722448945,-24.567932852972447,-0.5154323288780925,0.0,9.837104497339162,-1.1206829309138628,-0.11392406487264584,0.0,0.5308874675538341,0.043943582735600215,,1.0,
2017-06-29,126.0,40.95560062174627,6.519824056494142,0.15919249034361124,0.0,2.8196746173562084,1.0714129785084914,0.37997752361691745,0.0,11.24855473719071,2.2425162865435753,0.19936039241816733,0.0,11.723707993849526,3.2335028589099477,0.2758088874787996,0.0,14.815333164777256,-4.959695043763096,-0.33476770239325654,0.0,3.124686149312761,2.1367534449605423,0.6838297809303174,0.0,
2017-06-30,121.0,28.375275927086477,1.3097922258715617,0.04615962957460653,0.0,2.828862740425388,0.2650090002927027,0.093680402553873,0.0,17.545882954480476,9.030408417935218,0.514673923299439,0.0,12.286505943338849,5.941019234913567,0.48354017507593366,0.0,6.569209869208857,-2.4049412385799185,-0.36609292235468655,0.0,0.5624180745726286,0.12222932907034494,,1.0,
2017-07-01,158.0,30.450193216434855,0.4952362130665042,0.0162638118433748,0.0,11.914745817048239,2.9421532327398365,0.24693378087261,0.0,26.06252235472493,3.1286781108974084,0.12004510032890979,0.0,11.01724131411174,-0.5154147586097508,-0.04678256052625148,0.0,6.08047692185209,-1.474885860767332,-0.24256088456924652,0.0,2.9306385888266906,0.5945936841162046,0.20288877870616448,0.0,
2017-07-02,132.0,17.919671389427094,-7.213672923738907,-0.40255609419239097,0.0,5.5698294301982925,0.7224670762684444,0.12971080808173396,0.0,26.444994185076208,-1.2812349438593744,-0.048449053718545264,0.0,10.563825915160121,-2.4475184966383225,-0.23168864351748683,0.0,5.614244176496864,-2.2646065101419124,-0.4033680116056095,0.0,7.0092322205528,-3.1461172841707774,-0.44885333873595806,0.0,
2017-07-03,111.0,42.74158396765415,16.36850597930178,0.38296442152656507,0.0,1.9657368547632315,0.9642994904714759,0.4905537015978792,0.0,11.629779789916935,3.3086451895840088,0.28449766456047754,0.0,9.942162992578229,1.3728618753704018,0.1380848288642256,0.0,8.324026827394842,-0.8764249553420174,-0.10528857889521132,0.0,0.7536240111221507,0.2928142903772994,0.3885416149908721,0.0,
2017-07-04,116.0,24.576499283866724,0.44520137673410154,0.018114922373275295,0.0,2.1986946748365828,-0.7881889343956797,-0.35848039448872615,0.0,13.156412330979943,-3.739788974343361,-0.2842559871384638,0.0,8.47494077277224,-1.5358042131130196,-0.18121710278461833,0.0,8.533384370188283,-4.401467413367177,-0.515793877601937,0.0,0.5672155480569872,-0.1472744011449097,,1.0,
2017-07-05,123.0,42.62797828370822,-18.146083198004234,-0.4256848184831557,0.0,5.0983066540211395,1.0901127819718996,0.2138185982030142,0.0,10.150777918228409,-1.0739840211662635,-0.10580312462926027,0.0,12.292051538614029,3.3911265039216416,0.27587961970943725,0.0,18.748546981281834,-11.294730272838256,-0.60243229963979,0.0,2.204570186026098,-0.6623849079046654,-0.30045988651359906,0.0,
2017-07-06,118.0,40.92921865786775,18.146610470270105,0.4433656704262986,0.0,1.6801919338467945,-0.38098784525242635,-0.22675257366588816,0.0,10.81045384876779,0.8018290190222362,0.07417163333190042,0.0,53.84294463908009,30.43148479091235,0.5651898311821654,0.0,5.684527318073374,0.7376363498947455,0.12976212596419512,0.0,0.5197205819058524,0.10546043835798109,,1.0,
2017-07-07,122.0,39.447045458771754,-23.561796287309264,-0.5973019275153313,0.0,6.122703311950312,1.3519918278509777,0.22081615896889134,0.0,9.284011589581493,0.4702003535291974,0.05064624801382796,0.0,34.33797132979089,-16.647487290116665,-0.4848127785485586,0.0,9.02807839470915,-2.2980457648491823,-0.2545442855476242,0.0,2.7726616895015415,0.29264736518552353,0.1055474478886512,0.0,
2017-07-08,144.0,15.917911550917777,-8.790611002215194,-0.5522465038265874,0.0,5.706400349896281,0.7775248747423698,0.13625487646630016,0.0,15.640658978678399,-4.348795260105079,-0.27804424775410214,0.0,9.62853327677294,-6.936270043142285,-0.7203869835372285,0.0,6.283430144598238,-3.1856119814780137,-0.5069861378528465,0.0,4.712487790173323,2.004954951514475,0.4254557339533677,0.0,
2017-07-09,133.0,17.384163189912215,-0.2086658877418266,-0.012003217265178025,0.0,5.829255677075705,2.2184998307903623,0.3805802925260076,0.0,19.11054715847422,3.130258412362217,0.16379742486724988,0.0,12.638165555188603,0.29437622177319567,0.02329263851527403,0.0,9.22414235063479,-2.6848782110525984,-0.2910707693998055,0.0,3.520740569605546,0.7448304114780278,0.2115550398425058,0.0,
2017-07-10,126.0,37.27393656595814,-7.921625604553696,-0.21252452341694508,0.0,5.038319716935797,2.3286758160622454,0.4621929426659129,0.0,12.839120532444209,2.581982522573659,0.2011027559129957,0.0,13.719186058813646,-2.9182586528658527,-0.2127136872665321,0.0,29.3163756135109,-0.3016522629413928,-0.010289548302907257,0.0,3.217410621495214,-0.13831292712596957,-0.042988894921249424,0.0,
2017-07-11,134.0,57.72643102330039,6.0871318724675385,0.10544791639743951,0.0,0.649666874494863,0.14546535677244715,,1.0,18.280408744147273,6.996010318146622,0.38270535500944375,0.0,27.770645080338,4.671552856481471,0.16821909764670878,0.0,24.161752717729538,-3.0175284089331207,-0.12488863884112608,0.0,1.849638242099894,0.9167499985343257,0.4956374590814794,0.0,
2017-07-12,119.0,60.17010789682536,13.18864800392004,0.21918936935487676,0.0,1.7083465032264884,1.2386186360489604,0.725039465769754,0.0,8.73692412205855,0.5824381025196431,0.06666397628990876,0.0,44.46209721628111,8.418795041722817,0.1893476819316572,0.0,21.188704133870484,9.014869010055644,0.42545636359352584,0.0,0.8926405277816171,0.4501552336700635,0.5042962084511058,0.0,
2017-07-13,123.0,33.653645595462876,1.5505341195695599,0.046073288410055646,0.0,3.062802555250522,0.4246383736907935,0.13864373103739303,0.0,25.57334263613302,8.790722282241116,0.3437455324991639,0.0,22.43905130395433,6.979882634109589,0.31105961386520636,0.0,27.023047513110214,-6.385959930224793,-0.23631531296115468,0.0,0.5609572384564621,0.14210633780746984,,1.0,
2017-07-14,124.0,27.55876692226593,3.2560458492773057,0.11814918492041108,0.0,2.018121618122672,1.0930617301224,0.5416233195793247,0.0,22.906260617717635,10.167046507095135,0.4438544848839746,0.0,18.026356912036135,-5.711457493742906,-0.31683925496501103,0.0,19.697395159717416,-0.616094738879574,-0.031277980356485505,0.0,2.2751231300353485,0.6362533247108316,0.2796566551986776,0.0,
2017-07-15,132.0,22.548948319825286,0.7366686554989343,0.03266975670218939,0.0,4.79491701291408,0.07831211015616829,0.016332318149667954,0.0,21.945511465753953,-3.686309868668434,-0.1679755732474467,0.0,9.175143165484766,-3.068808435817113,-0.3344698148538343,0.0,8.679341198083417,1.7860778361082603,0.20578495479618478,0.0,0.6098364439458193,0.10499996186512973,0.17217724999468614,0.0,
2017-07-16,169.0,24.196583421282412,0.7652985627104154,0.031628372873390355,0.0,11.05956479196902,-3.051234184811167,-0.2758909814450241,0.0,20.20730872215063,-4.839456298454023,-0.23949039256025023,0.0,14.682744347155674,-4.484689743184495,-0.3054394762415968,0.0,12.61477892814582,4.324902677703738,0.34284411184203234,0.0,1.8497952218822271,-0.2837873608431264,-0.15341555513067195,0.0,
2017-07-17,131.0,34.244842942018295,17.896525733920733,0.5226049879750437,0.0,2.5569644627539625,0.7224416010254382,0.2825387726536242,0.0,33.853997741294734,22.649759771598603,0.6690423962535649,0.0,11.628767760688785,-1.5151365423740129,-0.13029209745644363,0.0,8.253239952849977,-0.47938233625060855,-0.0580841389550379,0.0,1.4108031740688547,0.4442322392666513,0.31487896216270517,0.0,
2017-07-18,112.0,30.872521560348105,13.878295759876242,0.4495355435333529,0.0,1.4680354238953397,0.3779553169480372,0.2574565373532721,0.0,21.769987678853795,8.494403411785257,0.39018871012206713,0.0,17.944148394475633,-2.6548812846160112,-0.14795248156961047,0.0,16.694674473204937,7.162391364579502,0.4290225230851424,0.0,2.3260443307153706,1.87772146495864,0.8072595350670511,0.0,
2017-07-19,122.0,44.79906107975694,-1.1585439047651473,-0.025860897010822646,0.0,1.1758605750583175,-0.4377067439202172,,1.0,14.46666092253872,3.7782071567005096,0.2611664970189597,0.0,43.574197224195814,-5.934226873127199,-0.13618671716646222,0.0,21.450232424766,-0.13003591933298173,-0.006062214933524213,0.0,2.56891284121229,0.021900864766630536,0.008525343645483645,0.0,
2017-07-20,105.0,20.320619448146317,1.6343130260896812,0.08042633888499724,0.0,4.694205464671537,-1.2837592752272424,-0.27347743614734804,0.0,15.0297662881203,3.235120727022894,0.21524757371509967,0.0,31.373001648214995,-0.956836503022219,-0.030498723512375786,0.0,10.060243244159208,-0.6611505269162687,-0.06571913927629142,0.0,1.0991862802111383,0.5556100766742373,0.5054739916945765,0.0,
2017-07-21,132.0,41.93662127639254,-20.704352915466753,-0.4937057942510474,0.0,3.519059289828867,-0.27903472027798404,-0.0792924180290107,0.0,16.65127735637361,0.7743198630319734,0.04650212992432001,0.0,15.441764619390593,-6.74685758424972,-0.43692270608616385,0.0,37.06255900590622,-1.0218485564994668,-0.027570912098558192,0.0,0.9569560610907442,-0.19210338663283866,-0.20074420806100343,0.0,
2017-07-22,146.0,26.450084550553584,-1.5111053592101316,-0.05713045477499258,0.0,3.74542852609738,1.6133220703737048,0.4307443218132202,0.0,13.39302219948149,-4.459353988010482,-0.33296099428425696,0.0,5.266751812036087,-2.5742267087147344,-0.48876932131714734,0.0,23.322431951804898,4.630697328201844,0.19855122046324503,0.0,1.602358192678362,0.6646073454057746,0.41476827618353856,0.0,
2017-07-23,147.0,33.44487534281507,5.789559996453795,0.1731075370175527,0.0,2.8130333438748436,-0.2071422378979424,-0.07363660951583746,0.0,18.739839051515446,-6.824289524509316,-0.3641594522636763,0.0,7.901009221837734,1.0921482816944574,0.13822895924179537,0.0,31.044494050875073,9.613529421611425,0.3096693863284411,0.0,3.161325452230807,1.8272520229491263,0.5780018699623968,0.0,
2017-07-24,97.0,41.98939900494588,1.3629716552518443,0.0324598991067079,0.0,1.8289509894675533,-0.9881923915343909,-0.5403055616170857,0.0,7.277722869112036,0.7570627909092669,,1.0,3.3090161178261,-0.47980045717278985,,1.0,60.930412332993,1.5885573415775822,0.026071665704408827,0.0,1.7529053039397648,-0.7550274108227847,-0.43072914955862884,0.0,
2017-07-25,125.0,56.09457345521514,23.003068805707308,0.41007654375110864,0.0,0.744995266744803,0.005316542183883809,,1.0,12.484371116923281,0.9013096232629256,0.07219503608324722,0.0,8.357340516071414,0.6042574662350844,0.07230260213438465,0.0,58.41700177797611,20.252587050345205,0.3466899435770198,0.0,1.3275430741487009,0.10319961956808911,0.07773730403005327,0.0,
2017-07-26,132.0,42.83750640850485,14.099771311539083,0.3291454730600227,0.0,7.370580471120769,-0.7652234137782175,-0.10382132272709013,0.0,14.002340088452907,2.3101816731931564,0.1649853994832091,0.0,36.94709158486512,11.097219773762589,0.3003543526091352,0.0,18.614038829255147,5.819772924566081,0.31265503300763037,0.0,1.8794696077456994,1.1723143350720024,0.6237474286578737,0.0,
2017-07-27,110.0,24.686160838034994,1.343641735037655,0.05442894680356495,0.0,5.755105194184576,2.1152962135100513,0.3675512683325958,0.0,12.896944513748165,-0.3350315731485349,-0.025977592815987587,0.0,16.946514244380523,-0.3841923277749862,-0.022670876277838946,0.0,11.874449963535877,0.8243769320861332,0.06942443099407838,0.0,0.950294595982991,0.09558138424606868,0.10058079320886663,0.0,
2017-07-28,128.0,19.585501662375464,2.914687307755047,0.14881861889472447,0.0,6.792673038718927,-0.7105500757990522,-0.10460536989618732,0.0,15.193550875337674,6.0284441190996745,0.39677651186103613,0.0,14.328363621054448,4.004007663163096,0.2794462626059761,0.0,9.477127410129466,4.048697109732476,0.42720720472799545,0.0,1.4657805414972187,0.4929150421302473,0.3362816111795018,0.0,
2017-07-29,135.0,14.181434349280606,0.5300504242763873,0.03737636202527536,0.0,5.23942544290912,-1.1686021110694373,-0.22304012602202178,0.0,18.86274569051602,-0.8035138494677807,-0.042597926232540925,0.0,4.034099207128743,0.09174911766578925,0.022743396469689547,0.0,10.320334828036717,5.771424514963479,0.559228417597901,0.0,5.078216088702898,2.531956298113383,0.4985916813870966,0.0,
2017-07-30,145.0,13.302093683705603,-2.09497631767237,-0.15749222396761578,0.0,5.123198980421871,2.9552004400171326,0.5768271838182216,0.0,30.583592714887345,-1.906770885775492,-0.06234620319303829,0.0,5.4535963014714035,-0.30117100061660806,-0.05522429310276429,0.0,11.008069232440898,-1.9677350588381426,-0.17875387747736962,0.0,2.6551189648380333,0.8752326106304569,0.3296396968351463,0.0,
2017-07-31,72.0,17.443342867525644,2.526248901423048,0.1448259614346157,0.0,1.8584186294683576,-1.2416430615196927,-0.6681180665278268,0.0,8.574488902217123,3.8174509032901347,0.44521031478658146,0.0,5.152794766283475,-1.176685057751647,-0.22835861141823577,0.0,11.9410085734562,0.5735119165089,0.04802876683161973,0.0,0.31600006459484264,0.1652381485555227,,1.0,
2017-08-01,136.0,36.14263124232821,-7.671244922399831,-0.21224920983106793,0.0,3.86508571186277,1.0519942257541162,0.2721787572589457,0.0,15.077322014301895,9.787618824225094,0.6491616226635507,0.0,17.2951131943264,-1.895137080821467,-0.10957644853363317,0.0,15.446622547387957,-1.2328003361507645,-0.07981034898526944,0.0,2.8269239364235488,-0.06634746825620069,-0.02346984558068423,0.0,
2017-08-02,128.0,37.34269051386218,-20.855871891376683,-0.5584994440514313,0.0,2.630874199603562,2.0161895776710343,0.766357273173627,0.0,13.606582916443582,4.320474302874461,0.31752823830979343,0.0,44.43626481807587,-29.8235657839532,-0.671153750344505,0.0,9.829022517071277,-3.3368897685212513,-0.33949355215390575,0.0,1.4710855896118973,0.6020890490209345,0.4092821337334818,0.0,
2017-08-03,123.0,48.21435645940801,-11.013135615658982,-0.228420255384535,0.0,5.322899805054471,-0.3389832989889188,-0.0636839526205303,0.0,12.105938290886112,3.5179753554324087,0.2905991481949728,0.0,24.33252675239055,-7.145474668318852,-0.2936593778784953,0.0,16.1991361921755,-5.560756441034058,-0.34327487435533827,0.0,1.1738596821378398,0.5537239440357239,0.4717122092712809,0.0,
2017-08-04,135.0,32.43431425176095,-7.454016963090765,-0.22981885497042887,0.0,9.275901159155177,2.6266864732679096,0.2831731848150849,0.0,17.174820895968875,8.11002487324879,0.47220433461127415,0.0,12.72135832913045,-0.557321754047388,-0.04380992498035255,0.0,14.292280056317392,-1.4113613502301925,-0.09874990866879568,0.0,0.701454049121815,0.1320852526483709,0.18830207454605896,0.0,
2017-08-05,127.0,10.922746091084264,2.0373861561461166,0.18652691723825215,0.0,5.305276772385692,0.10556872886927127,0.01989881647999277,0.0,12.901868550659852,5.2269656314780635,0.4051324512379051,0.0,8.330400648708743,1.112102647684184,0.13349929908311983,0.0,6.28867367731436,2.337300257467759,0.37166823680155175,0.0,1.3063939701387381,0.6376853557505199,0.4881263771316995,0.0,
2017-08-06,155.0,13.272616874644878,0.6606238062906002,0.04977344050008796,0.0,6.658567882506755,0.6835773124244169,0.10266131163433752,0.0,16.15428948290355,7.20552208581292,0.4460438878131215,0.0,9.026014821793066,0.7064422497547885,0.07826734873613359,0.0,3.4174518754371044,-0.4387704337237666,-0.12839110826327182,0.0,1.700504020336661,0.9442135730175514,0.5552551253778386,0.0,
2017-08-07,96.0,24.91071675499552,-16.5390351359467,-0.6639325274584889,0.0,3.2957368098286635,0.5380772469213869,0.16326462881280868,0.0,11.178200691254457,1.3382781362462381,0.11972214251737968,0.0,14.375090427347455,-3.4013609193289795,-0.23661492333002396,0.0,14.565661958535202,-6.828625001663721,-0.4688166607946216,0.0,2.7731043903040664,-1.0158238562637392,-0.36631288018420244,0.0,
2017-08-08,116.0,50.90227463984047,-13.095497265605482,-0.25726742779694617,0.0,8.46578266099095,1.1892002198426208,0.14047138551315239,0.0,8.412523171718927,1.0959688542734918,0.13027825682048647,0.0,17.148441171710147,-6.605786535782968,-0.38521207086044423,0.0,33.38088393529324,-0.9580072823087709,-0.028699278430307843,0.0,0.8747181020444209,-0.18268614657533283,-0.20885145299766011,0.0,
2017-08-09,128.0,38.356295013240015,-21.31498455613598,-0.5557102047728637,0.0,4.543370728068107,0.788828745888746,0.17362191929782606,0.0,8.28760211850749,1.5406272879827778,,1.0,41.963279521412915,-5.672056650766307,-0.1351671441187523,0.0,21.470395151831326,-11.385339464784796,-0.5302808534389586,0.0,2.2361929908438416,0.15410293774861916,0.06891307609835028,0.0,
2017-08-10,118.0,43.03900594977313,-7.026249716554344,-0.16325306687505828,0.0,2.7329318788470065,0.47210820703069967,0.17274788687008066,0.0,21.45431591355009,15.494205403533455,0.7221952667224241,0.0,30.371899691570434,-0.17374315521335265,-0.005720523147308239,0.0,18.91357713795878,6.261605412551229,0.33106404816381574,0.0,0.9655125768331287,-0.02571031490628225,-0.02662866908540106,0.0,
2017-08-11,121.0,29.92230764789565,-9.26893509542794,-0.30976672001699035,0.0,3.7172152102793863,1.0152124802670037,0.2731110314677477,0.0,19.78183170275588,3.7075153667344187,0.1874202259145654,0.0,12.762157543125792,-3.752436125602712,-0.2940283500593459,0.0,21.889353071957885,-2.179999971289253,-0.09959179534099698,0.0,1.8962347793276373,0.2739832370227006,0.14448803492563772,0.0,
2017-08-12,102.0,12.893137831182685,-3.6247190082459855,-0.28113551997244807,0.0,2.587609405629334,0.7567589366497318,0.29245485620952133,0.0,15.083900631318102,3.6191755433996535,0.23993631566925758,0.0,2.601399354949532,-0.565442216723306,,1.0,8.731587708432924,-2.7758761535880474,-0.31791195900226943,0.0,1.9024445487520985,0.29055076587899376,0.1527249590899138,0.0,
2017-08-13,140.0,14.025324777139755,3.7344178934722128,0.26626248966148996,0.0,7.813434622308701,-0.4325910167257263,-0.05536502673108757,0.0,14.163951180860746,-0.2424299132915424,-0.017115980576036544,0.0,7.387960404412292,-1.5436462986557704,-0.20894079206676078,0.0,4.771068849273429,0.7928261146940955,0.16617368974141558,0.0,3.0431497641329726,0.6772528407659504,0.2225499542441702,0.0,
2017-08-14,127.0,25.682800367183518,-16.560473300816366,-0.6448079284211037,0.0,5.718057391146426,-1.9684598613395072,-0.3442532536289997,0.0,32.51963520305435,-9.434706181868348,-0.290123370786835,0.0,29.394887418791768,-16.442753965262717,-0.5593746195044476,0.0,5.849933787249024,-3.661394924934034,-0.6258865583939939,0.0,2.3790674433766927,-1.3182687627262715,-0.5541115559360549,0.0,
2017-08-15,117.0,30.655363911020686,-2.0300656210551833,-0.06622219938238506,0.0,2.577424195100315,0.49348655282057646,0.191465011370148,0.0,21.21287727440358,-8.586088736667634,-0.40475832795336997,0.0,21.276764787413413,0.38494512288967025,0.018092277032520955,0.0,7.250916327480805,1.4982256400745901,0.20662569700278427,0.0,3.8646390102003303,1.1505522079381667,0.2977127242418758,0.0,
2017-08-16,114.0,37.78113070679683,-4.3608894530776885,-0.11542506461547389,0.0,5.063210922759021,0.5406521343011471,0.1067804882216002,0.0,13.312676070025187,2.477758949475256,0.1861202763773526,0.0,49.40517236154119,-10.155850393858852,-0.20556249292158205,0.0,6.809544442970941,0.1941306635766761,0.028508612463358667,0.0,3.508355417732669,0.6614388826016718,0.18853246146570218,0.0,
2017-08-17,108.0,30.200426289855386,4.302941838081541,0.14247950663951192,0.0,7.425377387349722,3.755818234587139,0.5058083971578005,0.0,8.82782191369915,-0.4216434058008778,-0.047763016735369916,0.0,47.06816268127295,-8.053773928881219,-0.1711087382657828,0.0,0.9271893830664292,-0.1866182185323599,,1.0,0.5815305342912275,0.027466677928565084,,1.0,
2017-08-18,110.0,24.65991461226804,-6.7422405176854046,-0.2734089157928882,0.0,7.398958438257974,4.848465669959823,0.6552902966571272,0.0,14.342075976164777,1.1218472369442605,0.07822070102045675,0.0,22.408029000493116,-4.42601669094508,-0.19751923254150022,0.0,5.394464720244283,1.479744829640687,0.27430800021502005,0.0,1.3158532829693241,0.6175436000175887,0.46931037678004195,0.0,
2017-08-19,153.0,19.9279766480322,-5.039054936802363,-0.25286335014347516,0.0,2.9480274215456994,-1.168701758355068,-0.3964351721471771,0.0,10.130558602730158,0.37592118006915376,0.03710764576869868,0.0,8.986349574086486,-1.1228871117846415,-0.12495475526821907,0.0,1.9385891680576568,0.7943371110233133,0.40975010286433644,0.0,1.4355358386092079,0.1346408856695164,0.09379137883451291,0.0,
2017-08-20,61.0,4.9912636062290385,-1.358818597199724,,1.0,9.444983328910894,-1.6103283715049157,-0.17049562878271418,0.0,4.972023950715082,0.13295056398479718,,1.0,4.326745925485737,-1.2585596946928128,-0.29087903851241786,0.0,3.5365480059263046,1.2577494329707712,0.35564325179896356,0.0,1.448313157154187,-0.7136270482894133,-0.49272979725712784,0.0,
2017-08-21,115.0,25.113275650342985,-7.775343098005083,-0.30961086901855,0.0,6.207379065803248,-2.1139950458871892,-0.34056161601815016,0.0,11.949877853825452,1.3542561735548755,0.11332803482349776,0.0,19.632542965031462,0.00944709309923349,0.0004811955902024611,0.0,23.600555660501414,-2.967755246955368,-0.12574938021151302,0.0,1.713270698266565,-0.751589482958784,-0.4386869417186784,0.0,
2017-08-22,129.0,33.461253587694955,3.0861248854279797,0.09222980476029959,0.0,5.322200634560426,0.864946163140285,0.16251663973801378,0.0,14.422802392451555,4.53932659138882,0.31473263432941173,0.0,37.57864483015146,8.815241663480823,0.23458114850399975,0.0,13.26779998671554,2.662605438231812,0.20068175891238643,0.0,1.6586240846954694,0.5141932233894757,0.31001191176111725,0.0,
2017-08-23,122.0,45.09818587628979,-1.1560495833321547,-0.02563405957178299,0.0,5.81222388532478,0.11700655410606826,0.02013111614669504,0.0,9.219589763546534,-1.0175606541625235,-0.1103694069106926,0.0,49.992203145317035,1.3447434932851057,0.02689906442763111,0.0,5.75527537301968,-1.6345776429392271,-0.2840138024675605,0.0,1.068191523321725,0.5195389925797733,0.48637251020695016,0.0,
2017-08-24,128.0,27.806283433899807,-8.071097166422069,-0.2902616304551602,0.0,8.473450394281823,-1.0671787305380263,-0.12594382227789938,0.0,9.739998144286798,-2.4794331352117696,-0.2545619720334478,0.0,33.430890776828164,-6.972562324376591,-0.20856645343143113,0.0,5.198744294888451,1.052275139163829,0.20240948188170266,0.0,1.8436673823089165,0.7038168504618487,0.38174827911769194,0.0,
2017-08-25,125.0,45.41360654501477,19.03119822784293,0.4190637933364501,0.0,13.265830131625986,5.187187452005415,0.3910186848872023,0.0,7.979825342692489,3.0634866172378037,,1.0,13.51431521568156,0.7451391991275902,0.05513702967820046,0.0,2.5918798720012948,0.7462810297830891,0.28793040828966177,0.0,1.1193477643391772,0.807409036189616,0.7213209888048344,0.0,
2017-08-26,47.0,4.778754615406795,2.7190012174519262,,1.0,5.449448837913222,2.172033872368881,0.3985786337248422,0.0,4.028812027529055,2.785097289921632,,1.0,1.279980628693009,1.0327174514344857,,1.0,0.9690210586413719,-0.013575200263261488,,1.0,0.8135200849428633,0.14818032388702052,0.18214709953648875,0.0,
2017-08-27,45.0,9.229554384517542,3.360700449119868,0.3641238037187797,0.0,2.8822467680147366,1.4556937041030975,0.5050551952238861,0.0,7.7294434347422785,1.4667107497964018,,1.0,7.472517042799153,1.0937859619530297,0.14637450215079134,0.0,2.481918997582396,-0.9849737821879597,-0.3968597618002076,0.0,0.7067644795242797,-0.15827064770079327,-0.22393690159319354,0.0,
2017-08-28,98.0,50.12699120363686,12.010417819563386,0.23959981501327363,0.0,5.232085213618116,2.0102709354827355,0.38421983844039564,0.0,5.8241257549670955,1.689453484706119,,1.0,44.6546081774286,14.540979586060859,0.3256322287788169,0.0,3.0700070454186017,0.3105074083307593,0.1011422461698035,0.0,1.0283706105183184,0.891710191349586,0.8671097581251832,0.0,
2017-08-29,132.0,40.28751197197198,17.12707257587749,0.42512112904348115,0.0,6.5226769405198795,2.002952682901297,0.30707525471001706,0.0,9.878132817240834,1.108355093802583,0.11220289444459701,0.0,43.4389646139025,15.765565424098623,0.3629360313770671,0.0,6.285357543682034,4.866133057489865,0.7742014712243767,0.0,0.46365094590145733,0.21321618300192252,,1.0,
2017-08-30,127.0,52.14687750435405,-1.3034895439043173,-0.024996502308225095,0.0,7.622124990397419,2.419120344087354,0.3173813532492624,0.0,8.674206931900695,-0.18725646065851917,-0.02158773270324639,0.0,40.415544246003265,-6.143119244963821,-0.15199892416570193,0.0,4.382758375264524,2.3355554437834907,0.5328962365265064,0.0,2.5686250932558274,-0.2532683299160697,-0.09860073802948124,0.0,
2017-08-31,101.0,43.32346402386611,-10.982597665760036,-0.253502297501186,0.0,4.461227889267315,1.6678086085909434,0.37384519463874644,0.0,11.853904546267582,1.3486869637499919,0.1137757570499967,0.0,46.98478195437929,-13.161366283623643,-0.2801197693415478,0.0,1.2045138353569154,-0.6782855568797862,-0.5631197724506004,0.0,0.4109311011416094,-0.09024624327829123,,1.0,
2017-09-01,125.0,58.632727083488135,-21.76295561419308,-0.371174200770236,0.0,6.651338558003767,-1.172237133853471,-0.1762407857652774,0.0,10.493678696351704,-0.2718575311894028,-0.02590679008343551,0.0,50.083409469152684,-22.993842936638842,-0.4591109746791736,0.0,4.46406858479167,1.2248084883087462,0.2743704459383672,0.0,1.2316481535599395,-0.3226915855873281,-0.26199981273436296,0.0,
2017-09-02,113.0,26.56735213592765,-3.3872705894604866,-0.12749748533952698,0.0,7.395540316952972,-1.0875539970499215,-0.14705538073491342,0.0,9.702722312329566,1.9932575964343946,0.205432818983338,0.0,29.286083423241507,-6.627368250763296,-0.2262975268828129,0.0,5.324976213618353,-0.5640110666174912,-0.10591804432385293,0.0,0.9547841404710151,0.09363696470034363,0.0980713448530372,0.0,
2017-09-03,,,,,,,,,,,,,,,,,,,,,,,,,,
2017-09-04,0.0,,,,,,,,,,,,,,,,,,,,,,,,,<10KB
2017-09-05,,,,,,,,,,,,,,,,,,,,,,,,,,
2017-09-06,,,,,,,,,,,,,,,,,,,,,,,,,,
2017-09-07,,,,,,,,,,,,,,,,,,,,,,,,,,
2017-09-08,,,,,,,,,,,,,,,,,,,,,,,,,,
2017-09-09,143.0,12.550799837124938,-3.8241014860356497,-0.3046898632487196,0.0,5.797962233555149,0.5687218065972361,0.09808994672400821,0.0,12.6555768084072,-3.30328360927271,-0.26101406986667824,0.0,8.179679645094435,0.6904266056755983,0.08440753619118384,0.0,5.488688894656657,1.2100550163987502,0.2204634002077913,0.0,6.090415136699445,2.3908263043514664,0.39255555667213804,0.0,
2017-09-10,154.0,12.13963780368067,0.15656474236128942,0.012896986293431249,0.0,7.145316963797082,0.7746490755950233,0.10841353567937008,0.0,20.70166401338065,-3.2474681562328453,-0.15686990930457687,0.0,10.820016979341743,-2.963529948246193,-0.2738932807503307,0.0,4.914302014411073,2.501139114657139,0.5089510386872049,0.0,3.0906101176733456,0.4605954680756146,0.14903059607607747,0.0,
2017-09-11,121.0,37.288701136712916,7.885288631555734,0.21146589693874332,0.0,5.96390789521683,0.06441597972837614,0.010800968234274544,0.0,15.853391072283554,3.5261603609811916,0.22242309830771598,0.0,18.509350809108582,-0.5798871614068714,-0.03132941654126004,0.0,28.21257625347789,11.041850130530955,0.39138042663401845,0.0,3.823041629773792,0.7307821295545871,0.19115201986378244,0.0,
2017-09-12,97.0,33.237059350787604,7.697248191907415,0.23158631787095862,0.0,3.9399106687051204,1.4163784206463228,0.35949505959530437,0.0,9.932659551282992,-1.7249988557394629,-0.17366938299185403,0.0,9.591868286159293,3.1293650361192733,0.32625187739857,0.0,27.259505651221843,4.373453475795939,0.16043773983846657,0.0,1.4139573402208006,0.1192927391223871,0.08436799027031366,0.0,
2017-09-13,107.0,35.16788302304485,9.000604474326037,0.25593250718071686,0.0,3.047959083189194,0.173513092139397,0.05692763170489932,0.0,24.46069384009752,12.364781231256556,0.5054959320486414,0.0,26.694829575993936,-4.012557049479989,-0.15031214333311915,0.0,28.19360899687308,5.437091240868905,0.19284835940911027,0.0,3.168765677815822,1.3830050245712358,0.43644913041488076,0.0,
2017-09-14,106.0,14.100492480523823,4.739902296629274,0.33615154244975637,0.0,1.628279764481699,-0.9383160716980068,-0.5762621953339105,0.0,29.721739203028847,20.51745757726257,0.690318202347045,0.0,11.453135484691298,0.5837323576985551,0.050967035051562457,0.0,6.788291468903477,0.11279349844224047,0.016615889131887877,0.0,1.837399071744581,0.5329237113413181,0.29004244071774543,0.0,
2017-09-15,110.0,14.519328168527862,-3.724831190751977,-0.25654294382752035,0.0,3.7127046283858323,0.9407887582416732,0.2533971463953217,0.0,28.307311649958137,21.025207757755044,0.7427483053759412,0.0,11.711877827212444,-4.746613805540067,-0.4052820457630929,0.0,2.029240293581092,0.9504630218957048,0.4683836728958204,0.0,1.0698131331373544,-0.11463817874670795,-0.10715719894979962,0.0,
2017-09-16,148.0,12.077206610876598,0.07089038193979746,0.005869766430587879,0.0,5.597399272228354,-0.5692670166395517,-0.10170205642895357,0.0,19.46611550587113,6.835307643494955,0.3511387591136698,0.0,7.123225719071338,-2.3957536110286908,-0.3363298743453307,0.0,0.8879720689510533,0.4776127981708913,,1.0,2.7565326621915993,-0.3022149356447939,-0.10963589867442962,0.0,
2017-09-17,0.0,,,,,,,,,,,,,,,,,,,,,,,,,<10KB
2017-09-18,125.0,19.170712752340478,-6.836672659179209,-0.35662068215719034,0.0,7.4781217052004605,-3.0833271950796735,-0.41231305354865455,0.0,25.334693168464582,12.526568255234524,0.4944432589705487,0.0,13.229529117052149,-3.279119994490249,-0.24786369684644635,0.0,2.8741844861942756,0.3642398911916227,0.12672808337154268,0.0,2.16959334701823,0.3769451913390705,0.17374001992452792,0.0,
2017-09-19,113.0,25.6831295544398,8.416601861354138,0.32770935658420075,0.0,2.3348080767464077,-0.7324256880296484,-0.31369845569932037,0.0,12.089933691080656,5.15694002182316,0.42654824696248667,0.0,14.597021099601985,5.411859627732485,0.37075096287146214,0.0,20.49849237291346,8.959447226690884,0.43707835013904844,0.0,1.1844071819650661,0.24375661688913977,0.20580474401102486,0.0,
2017-09-20,122.0,21.178383791688248,8.97132048954689,0.42360741866750995,0.0,2.6297009749905507,-0.5249150627515325,-0.19961017155321956,0.0,14.76675476058153,9.156847874512026,0.6200988655242907,0.0,22.374953964172164,5.9430450050291,0.2656114964323674,0.0,22.899970461287012,16.887895517155968,0.7374636375931309,0.0,2.736236421646021,2.041407238254991,0.7460639081132302,0.0,
2017-09-21,79.0,16.54263558943785,-3.6336401648451226,-0.21965303806638473,0.0,0.6433740881766389,-0.3480072310625793,,1.0,10.929193595962712,4.7340676303511735,0.4331579991500889,0.0,17.575193638549536,-6.270949186546509,-0.3568068332852829,0.0,18.408169418515172,-0.4418146741245745,-0.024001010859895262,0.0,1.3440058441337857,-0.01965538193115405,-0.014624476535533207,0.0,
2017-09-22,96.0,22.067507551524614,-2.330154214654092,-0.10559208869481525,0.0,2.3280820992804325,-1.086824775099938,-0.46683266687023434,0.0,8.343507051642515,2.1842949664292504,,1.0,8.497987356189693,-2.0421111042232765,-0.24030526507383665,0.0,58.30682220030576,2.865730613272802,0.049149147649102616,0.0,0.6657971814347509,-0.1397236054630103,-0.2098591122928979,0.0,
2017-09-23,93.0,29.66524286015192,1.2539545808192596,0.042270160629753153,0.0,1.2657798961808981,0.6168557336780611,,1.0,5.6999849012063315,2.5041438661476523,,1.0,4.997719526407306,-2.4367834884755544,-0.48757907993834076,0.0,34.98707360611297,9.57434443241178,0.2736537653934835,0.0,3.1617283412197095,1.8139107388701095,0.5737085995725842,0.0,
2017-09-24,118.0,16.145500027152593,1.957509855325595,0.12124182292487473,0.0,6.443552042401276,3.622153172566066,0.5621360933737756,0.0,8.249985765665766,0.9603078314533064,,1.0,7.024887605104592,-0.8506286494862115,-0.1210878660703564,0.0,16.410506568492565,3.293053778320036,0.20066740563893082,0.0,1.7428430292056833,0.5507770576346654,0.31602218237960716,0.0,
2017-09-25,121.0,34.63013862623484,8.63154955646976,0.24924963915480075,0.0,1.8032103878940633,-0.4795394852777879,-0.2659365143952134,0.0,12.53121853806078,1.1347522205862737,0.090554020516019,0.0,10.777148080305775,-2.7052483188509147,-0.251017087145207,0.0,39.74030578354723,14.466207278846582,0.36401851957655784,0.0,3.1060858822966058,0.10163684444409493,0.032721839735141436,0.0,
2017-09-26,104.0,34.31973705726705,0.6496489693194947,0.018929310799656447,0.0,2.1421422887142354,-0.6473281583603917,-0.3021872831561219,0.0,13.481102298799666,3.5563101290493897,0.263799654525731,0.0,12.663939316589675,-2.3316330086300887,-0.18411593346595284,0.0,13.04633362037566,3.2156920825026947,0.2464824353012445,0.0,2.689170452766116,0.37229438722591895,0.13844209348759282,0.0,
2017-09-27,137.0,38.67952401209186,-2.3030629740687116,-0.05954217464901419,0.0,7.8566991680854645,0.4789746300107428,0.060963850055042935,0.0,19.521412178568422,3.8569054255371005,0.1975730746452556,0.0,37.479566765869095,1.7514114331931476,0.04672976729250982,0.0,6.277943876499189,-0.9413269477745313,-0.14994191829243456,0.0,1.2198794486612252,0.4175330676985839,0.3422740404035921,0.0,
2017-09-28,112.0,23.874829758402484,-2.2572593319101606,-0.09454556764392186,0.0,9.242220176107363,-0.7117782663165652,-0.07701377512695784,0.0,14.578227149380833,0.8463541355374059,0.05805603979585078,0.0,25.259835456163273,-2.952129651525089,-0.11687050205248999,0.0,9.505511063609443,2.8205059564822372,0.29672323114536797,0.0,2.0397666590943064,1.1460193884424965,0.561838474676976,0.0,
2017-09-29,124.0,20.91087034802331,-11.208437654048064,-0.5360100974997241,0.0,6.705508631232075,0.8951132829781537,0.1334892447694434,0.0,19.796989050286356,4.3353967253073105,0.21899273239455574,0.0,16.449021251923114,-5.812828085536985,-0.3533844352506619,0.0,6.589017163860257,1.5163763745718162,0.23013695925530545,0.0,1.7927074850595042,-0.0886437899227986,-0.04944687890331216,0.0,
2017-09-30,143.0,13.466858641775614,-8.798747357773536,-0.6533630144805185,0.0,2.3839554470978284,-1.0063736351722359,-0.4221444810964784,0.0,22.90236620811629,-1.3495790568570925,-0.058927494416660745,0.0,4.450692186772354,-0.9994825512711252,-0.2245678895165183,0.0,4.224493526620786,-1.491058674500418,-0.3529556064187251,0.0,0.44288698637683,-0.026030298912631245,,1.0,
2017-10-01,136.0,13.311502204109273,0.17954588831098173,0.013488026036276789,0.0,4.632970462669613,0.7010592655147225,0.15131960610660958,0.0,32.43685008811008,1.3649950054518178,0.042081614020597055,0.0,7.1261249328526866,-0.9663035871302155,-0.13560014681687468,0.0,4.696951880570845,-0.06306053004817502,-0.013425841194802904,0.0,1.526164515940759,-0.2990310749395906,-0.1959363304651738,0.0,
2017-10-02,126.0,35.556475871722796,-20.606269850395503,-0.5795363388862497,0.0,9.780067171828701,2.172828278202752,0.2221690546729109,0.0,17.29290845307696,-4.823526330464473,-0.2789308891302327,0.0,10.068977621456721,-3.2228075949573034,-0.3200729722637964,0.0,8.837124636746008,-3.581608713553707,-0.40529118472097514,0.0,2.4355516954601573,0.11646765842377067,0.047819826054550665,0.0,
2017-10-03,134.0,24.787973318707373,-17.54471118589011,-0.7077912728205656,0.0,4.500342361381621,-1.9818024488987478,-0.4403670409400425,0.0,14.90016836494032,-3.7675174915080545,-0.25285066579334214,0.0,13.226233905879779,-5.511492111424893,-0.41670910635980324,0.0,6.274079004011577,-1.8252301083832048,-0.2909160224498564,0.0,0.7104664701764649,0.10590130503317287,0.14905883596008299,0.0,
2017-10-04,125.0,29.92239640565822,-7.003074219288376,-0.23404122197793353,0.0,5.515699050134566,2.319154932045322,0.4204643710553319,0.0,11.567995432211315,-2.0755279276015277,-0.17941984328781618,0.0,26.164946242875885,-6.6202768291266665,-0.25302084581691875,0.0,12.313437566015633,2.5667575781495358,0.2084517474822495,0.0,4.2596725448602175,1.673737087299183,0.3929262331018234,0.0,
2017-10-05,121.0,32.04249849781627,-2.2686988362542557,-0.07080280697864026,0.0,4.414849119690184,-0.3724194730720017,-0.08435610435949316,0.0,12.734647750607106,1.6342423981555283,0.128330396738113,0.0,10.417792389991515,-2.800352143893861,-0.268804756234554,0.0,38.3466986035055,11.695853540324972,0.30500288072402104,0.0,3.616628789539385,1.9372483466297226,0.5356503139700027,0.0,
2017-10-06,116.0,31.75475444442418,-15.573545185143374,-0.49043191980588385,0.0,5.810778939725419,-2.2371065812999844,-0.3849925465252161,0.0,11.327923405639009,0.2725511348434295,0.024060114557956345,0.0,17.348887064363225,-9.22900844181761,-0.5319654458282309,0.0,5.694712913646067,0.9938377415112425,0.17451937552984267,0.0,2.741775970884187,1.7483431292980822,0.6376681201762318,0.0,
2017-10-07,139.0,15.741195406764744,-7.124760433189929,-0.4526187655435672,0.0,3.507137574029907,1.1971987621470015,0.3413606500674993,0.0,9.354557666476463,-0.4172690318497923,-0.044605960722776006,0.0,5.588040615119093,-3.1190538359559135,-0.5581659208984543,0.0,4.1599073497563905,2.3696806401165156,0.569647456272142,0.0,16.610829089047908,6.379003583688592,0.3840268026052046,0.0,
2017-10-08,110.0,11.219630086634421,0.42175611449511824,0.0375909108623414,0.0,4.0347369795636,1.2637991378085836,0.3132296217101312,0.0,9.953950827009972,2.1282975278801186,0.21381435018796746,0.0,4.863223567968812,-0.41564909031870567,-0.08546781461093858,0.0,19.53604124119738,7.704225711025505,0.3943596154362595,0.0,15.48539343161974,10.038348599510968,0.6482462743900061,0.0,
2017-10-09,107.0,38.925383583060466,-7.976747876119866,-0.2049240660428889,0.0,6.463532382826084,-1.060676795301751,-0.16410172216666233,0.0,11.432787555007959,4.380863199533415,0.3831841690799585,0.0,14.619050195236921,-0.8541912941167991,-0.05843001307944792,0.0,43.53972172525391,0.5583794120313501,0.012824597629604941,0.0,5.440972912503634,2.986206604852047,0.5488368813580364,0.0,
2017-10-10,116.0,44.87159165638877,2.6727377785688398,0.05956414024792673,0.0,11.508066407717703,0.9486749512204546,0.08243565144742655,0.0,11.255587539708355,3.6715526247084025,0.3261982203732686,0.0,17.265977329123416,4.006803519698464,0.2320635225751155,0.0,45.79432214273402,8.11341418357128,0.17717074527892318,0.0,1.8786686089661038,0.6988238246545944,0.3719782303911392,0.0,
2017-10-11,117.0,26.802915197768016,8.35602979273751,0.3117582446193521,0.0,6.652700177743094,3.5624556429180614,0.5354901840964389,0.0,29.895838507305598,20.284283880612417,0.6784985768388995,0.0,15.470882076231645,3.4421983139208687,0.22249528481696695,0.0,24.516865008845343,8.213182072712637,0.33500131724628884,0.0,0.6276241145969782,0.3260275620652723,0.5194630902202144,0.0,
2017-10-12,118.0,36.558761016931385,-19.308904103723226,-0.5281607900984591,0.0,2.480259465912235,-0.307915520463183,-0.12414649543527989,0.0,20.98469137502252,3.930604783106166,0.18730820067168835,0.0,47.54557643807493,-27.933969398338718,-0.5875198386693434,0.0,19.34552126773633,-8.726363917660606,-0.45107928584039136,0.0,0.7230575729845391,0.21254241779766134,0.2939495079490801,0.0,
2017-10-13,103.0,22.33043798851577,1.7092925442171416,0.0765454105779836,0.0,3.288175150431922,-0.8200988261870717,-0.24940849823019517,0.0,18.856245137605583,2.768650952926892,0.14682938902853396,0.0,22.361660977134306,-6.922065942716598,-0.3095506165572713,0.0,4.102345376973967,-1.6520622770850764,-0.4027116503544358,0.0,1.0164840471552408,0.24300861804779916,0.23906781294589868,0.0,
2017-10-14,163.0,10.82559100104845,-0.012211635230841789,-0.0011280340472551661,0.0,4.6338645145733555,-0.36647037783003955,-0.07908525954470658,0.0,34.95676791196456,7.919808442587223,0.22656008880834005,0.0,8.598659253832007,-2.3220531877483586,-0.2700482853432681,0.0,4.492466518990108,-1.652723748655977,-0.367887827693261,0.0,1.6632176703278616,-0.01133322909231646,-0.006814038411510142,0.0,
2017-10-15,159.0,14.27648404697538,8.009171932526382,0.561004509665894,0.0,4.068190405290801,1.7115438989600298,0.42071381337857655,0.0,24.84057952661533,6.660896909532085,0.26814579355506973,0.0,6.576574281854841,-1.0796101872098887,-0.16415996245774905,0.0,10.63591737370734,3.7651718399427527,0.3540053676282307,0.0,3.4247231434783263,0.8235246312761331,0.2404645855371885,0.0,
2017-10-16,119.0,47.65648273039915,37.26252076461846,0.781898256642625,0.0,3.701373758842232,1.4330481572083498,0.38716656316723846,0.0,16.513470654783305,7.294658437149359,0.4417398734430416,0.0,10.236345176352184,0.7958343428106494,0.07774594634119716,0.0,7.656272432155671,1.334629337468958,0.17431842313547152,0.0,2.6152257025823875,1.3629610440196618,0.5211638302093066,0.0,
2017-10-17,108.0,42.72350560416817,18.81059642729107,0.4402868201306,0.0,5.054363501571057,-0.903271699780601,-0.17871126591900946,0.0,7.870207368090629,-1.6300755545426977,,1.0,9.555929582071258,0.628161666092356,0.0657352757465801,0.0,7.741423559185929,1.3418841583292358,0.17333816552860795,0.0,1.7893100487126457,-0.03712869278902073,-0.02075028462268666,0.0,
2017-10-18,111.0,27.709677671737154,-0.26062091762595074,-0.009405411376970813,0.0,4.453790078259768,-1.258014550339346,-0.28245932750177816,0.0,10.074069523339855,3.6393318814072413,0.361257372005975,0.0,22.080836006090976,-6.666157535500965,-0.30189787803605406,0.0,6.637035252366328,2.4839654139717138,0.37425828242905534,0.0,3.0344711467841945,0.15271877800840086,0.0503279717028273,0.0,
2017-10-19,122.0,27.94253251433838,-6.92986191987389,-0.24800407465994403,0.0,5.216024808978541,-0.6826462893962029,-0.13087481643514,0.0,12.535996453923868,3.1538503828873417,0.25158354140249944,0.0,21.41286033471988,-8.194411825122284,-0.38268646491078334,0.0,27.384916130642523,-5.798515467461988,-0.21174121694583914,0.0,5.083004852429435,-3.065526668137673,-0.6030933979282936,0.0,
2017-10-20,104.0,19.3715435374761,3.819014822191675,0.19714561283169957,0.0,6.333688804515983,-1.2416329562137767,-0.19603630594046237,0.0,17.827969581179786,8.208306096236468,0.4604173267662303,0.0,11.515509360076974,0.969692192917182,0.08420749465750946,0.0,8.006836634973293,-0.9925896316998593,-0.12396776366889993,0.0,2.626107386946383,-0.6068188236066491,-0.23107159540503527,0.0,
2017-10-21,93.0,14.29048407980008,-9.827211872785053,-0.687675226249056,0.0,3.8676952626992684,-1.3010511337654962,-0.336389256494187,0.0,8.676240551314546,6.326317330576103,0.7291542106468678,0.0,2.618934247133436,0.5807420084713807,,1.0,10.588279255665837,-7.600486032147412,-0.7178207004769314,0.0,2.752268168915177,0.7983683141796788,0.290076498793488,0.0,
2017-10-22,144.0,17.581775733160608,-4.681496026683746,-0.2662698067439273,0.0,6.8819849524588745,-0.09153188222547237,-0.013300215396833846,0.0,16.46868209065724,2.0739971799206223,0.12593583193261168,0.0,6.5306846289095075,0.6180060846585532,0.09463113284062344,0.0,15.762548370912551,-1.9933232634058933,-0.126459454175841,0.0,4.653955561159814,-0.0029788670087828976,-0.0006400720783935748,0.0,
2017-10-23,107.0,24.491726695821853,3.6578509361520295,0.14935047175649063,0.0,5.4735207318954,0.5016869887276594,0.09165709116697408,0.0,15.486803589374173,7.701634155559446,0.497303017444071,0.0,12.030997855748861,0.7558377213730267,0.06282419217719827,0.0,13.116279087982548,2.8330139974262107,0.21599220163147387,0.0,4.534693805806452,3.1058954774282626,0.6849184554536663,0.0,
2017-10-24,103.0,31.228550559251744,8.310344244588265,0.2661136714885491,0.0,3.38077574461931,1.1306041829037676,0.33442152580016177,0.0,10.579654563625805,1.8739806514564545,0.17713060858333105,0.0,18.96565971248492,7.13964237798195,0.3764510428963348,0.0,17.95287114867824,2.3027207631673794,0.12826476300627349,0.0,2.7510853574494796,0.5479147704414202,0.1991631299108036,0.0,
2017-10-25,104.0,25.747855624598742,-0.6885708964234496,-0.026742844393053425,0.0,3.696615873384867,-0.5132029902235177,-0.13883048923706398,0.0,7.565315621905025,-0.2088763084234767,,1.0,29.659151918400312,-0.8518629968308926,-0.028721758436471116,0.0,14.266660396504447,0.07663076077011066,0.005371317367930507,0.0,4.131255605228939,-1.5059115628688604,-0.36451667647066543,0.0,
2017-10-26,0.0,,,,,,,,,,,,,,,,,,,,,,,,,<10KB
2017-10-27,102.0,17.301237571955426,3.225866026788376,0.18645290623702945,0.0,3.846123048002479,1.039952816265089,0.27038989738125996,0.0,11.670476575331119,4.774935521320253,0.4091465751633006,0.0,6.275595958024493,-0.7310703979157516,-0.11649417884861515,0.0,21.13442486635904,11.686387652457071,0.5529550828259827,0.0,2.285013333690581,-0.1491789938247705,-0.06528583077623791,0.0,
2017-10-28,94.0,15.204686509961903,5.934279178356134,0.3902927675929442,0.0,1.4814335963310397,0.35206072991551607,0.23764867408666823,0.0,10.637346097217229,8.013703844135868,0.7533555617065317,0.0,4.821775196927771,-1.914840985638638,-0.39712365413856143,0.0,27.17945650627371,20.33585607046941,0.7482068696176974,0.0,1.3603691233874962,-0.08607770477183921,-0.06327525617274708,0.0,
2017-10-29,152.0,20.322760188922985,-2.6539908084923542,-0.13059204477248737,0.0,3.590767044224771,2.215417259749092,0.6169760478648343,0.0,14.782563234199186,3.0973900749866226,0.2095299729765991,0.0,7.102690266270651,-1.5246830638571685,-0.214662755476978,0.0,20.376000032716544,9.51512463949864,0.46697706243721854,0.0,3.924298285724939,0.36183351003253217,0.09220336571986407,0.0,
2017-10-30,112.0,23.06848279022961,8.464867163311016,0.3669451190303774,0.0,4.822557515188231,0.6859509358813347,0.14223800000746306,0.0,13.870358384476276,6.774313451205076,0.4884021928940854,0.0,7.739340284570058,1.9585706459430736,0.25306687313489507,0.0,41.72006990577211,19.03898521036465,0.4563507504509369,0.0,1.2701662035105932,0.7442490165709684,0.5859461655600265,0.0,
2017-10-31,95.0,14.689357949406256,3.2883684613210336,0.22386059844460046,0.0,3.5927313708161783,1.4692979806544182,0.4089640524169305,0.0,9.802086424562727,1.6664530125471482,0.17001003055545788,0.0,10.357925170770612,0.20315816785758556,0.01961378987665258,0.0,18.47707459080266,8.048664627717812,0.43560275671150883,0.0,1.5084945625421775,0.6043839490938613,0.4006537140414536,0.0,
2017-11-01,96.0,19.602338305470766,4.493034737891278,0.229209121272911,0.0,1.2381203003678776,-0.11314508705216722,,1.0,7.586039508096288,2.9319608512376667,,1.0,20.83173736621393,-0.6370965711781176,-0.030582978269080727,0.0,12.247237009454693,5.5009632648595606,0.44915953374731743,0.0,0.5588251599183377,0.13477048354272836,,1.0,
2017-11-02,93.0,23.588470995644457,2.886357295712226,0.1223630516893267,0.0,2.8206847197288845,-0.22237089557019765,-0.07883578551507567,0.0,13.72815689453273,7.361969664483068,0.5362678851241123,0.0,23.430731333348376,-1.4658163857904412,-0.06255956610727643,0.0,8.976708646325275,2.7284387306617077,0.3039464505488465,0.0,0.7375450992694784,0.1655087172842636,0.22440487700100809,0.0,
2017-11-03,93.0,20.052501340658637,7.583391238539484,0.37817682241782624,0.0,2.894087488275542,0.14020418003274285,0.04844503858322689,0.0,10.737771696803973,6.706892712825236,0.6246074979244994,0.0,13.23296537124406,5.719433273157332,0.4322110058253433,0.0,15.204688001904287,7.9602770202131525,0.5235409644194067,0.0,0.736187243819582,0.18977707729577914,0.2577837077305946,0.0,
2017-11-04,112.0,17.670767507814162,5.0725927034139335,0.28706125532865456,0.0,5.3946617024630505,1.7457665019809425,0.32361000527315265,0.0,8.360265574418005,4.636520424481144,,1.0,7.8935195118683605,0.4818024178419955,0.06103771798088012,0.0,11.204657360140116,4.547483491387656,0.4058565420808895,0.0,6.2019691900859435,2.042748338714234,0.3293709265727466,0.0,
2017-11-05,142.0,12.356071309906833,-1.2386176473962676,-0.10024364673285517,0.0,4.559437729934867,1.175192658891336,0.25774947011023747,0.0,19.74601096425613,6.641159568065337,0.33632917453996375,0.0,9.53370282574178,0.13637793508297613,0.014304823380349605,0.0,11.560863006263386,0.3245181896101921,0.028070412168570483,0.0,0.8897643443779046,-0.017115037998644913,-0.01923547297302772,0.0,
2017-11-06,115.0,32.04541308296757,17.959466177158106,0.5604379675387529,0.0,2.753331628467999,-0.7427589074604635,-0.26976732471335,0.0,17.460849541937932,11.183970064095371,0.6405169483439745,0.0,10.099846232784328,1.7676082324339886,0.17501338056972515,0.0,13.042162053970966,1.2545893010201514,0.09619488669351144,0.0,1.3920906945058913,0.4209592694453081,0.30239356609931467,0.0,
2017-11-07,109.0,35.82132892451773,9.516827515582035,0.2656748870382721,0.0,5.533359584092972,0.4775420628597946,0.08630237301631524,0.0,19.699182727898005,9.952202036468076,0.5052088796746759,0.0,18.142133377114078,1.4037598565749614,0.07737567723682238,0.0,12.574257948253942,4.227853562413084,0.3362308598894428,0.0,4.394550836426783,-2.275460614457011,-0.5177913964711789,0.0,
2017-11-08,91.0,21.34127333077049,-14.030174196359944,-0.6574197321267994,0.0,6.30785537784686,-1.1827823473887984,-0.18750942698254006,0.0,15.05498090822948,6.384717449527978,0.4240933607586251,0.0,11.206419918715252,-4.664288001691279,-0.4162157080961867,0.0,7.184560101391977,4.518646896519652,0.6289385616864954,0.0,3.4485738784351234,-1.5916070166499448,-0.461526147548324,0.0,
2017-11-09,105.0,18.284496662650778,1.824350859450834,0.09977583157524832,0.0,6.90538062953419,1.1483932339086222,0.16630411783486124,0.0,19.051448435595372,6.982606837154582,0.3665131740906591,0.0,12.920468588999936,-3.8659662612688828,-0.2992125428454073,0.0,8.036368742687044,3.893326524459611,0.4844633999656214,0.0,2.3819605987882793,0.32888495891525565,0.1380732154354534,0.0,
2017-11-10,112.0,26.748396166061866,2.7250791111861545,0.10187822455851434,0.0,5.376164001208959,-0.8297278358623383,-0.15433454702567745,0.0,15.59136450990627,1.5622549099951903,0.10020001193626009,0.0,17.718309036965366,0.48661984865958685,0.027464237566031908,0.0,15.902488220192023,4.092856420519023,0.2573720768629252,0.0,2.9250708461113346,-0.0225420367981225,-0.007706492589090781,0.0,
2017-11-11,140.0,9.04496075580391,0.16754696558306525,0.018523791324971183,0.0,4.84424467947974,1.337103121074457,0.2760189068769455,0.0,10.008764076701478,1.9185423214855177,0.19168623686030561,0.0,3.1885885837546044,0.7151082026317488,,1.0,5.959251160646087,1.9844773116116106,0.3330078323794728,0.0,0.9711216703144554,0.08793338554503484,0.09054826828914388,0.0,
2017-11-12,131.0,11.276040414137238,1.1105549436449258,0.09848802441791332,0.0,8.517643241109905,2.7402330268662207,0.32171258519500406,0.0,17.104258868501347,4.654992245884628,0.2721539870082949,0.0,5.666411774931472,-0.9181293905973318,-0.16203012189463328,0.0,5.2183935729917685,0.6253020670578202,0.11982654399509521,0.0,4.117056440401933,1.715365804529796,0.4166486006109576,0.0,
2017-11-13,87.0,34.89575018147298,-6.744857423616733,-0.1932859270409881,0.0,4.311308423362785,-1.1421965925048185,-0.26493038315591316,0.0,13.2957016772707,4.511835381005918,0.33934541331647067,0.0,6.27352316046017,-2.192176584979823,-0.3494330902922856,0.0,21.823753057833528,-0.38822786522342884,-0.017789234701960505,0.0,2.07530750653677,-0.21272437441423622,-0.1025025803377092,0.0,
2017-11-14,90.0,30.197512811850174,-3.6287004496520794,-0.12016554052849335,0.0,2.6086547384766123,-0.39856445911334665,-0.15278543888337562,0.0,22.17200911047985,1.2802041819130103,0.05773965613733703,0.0,9.514282994728998,-2.226523092997925,-0.23401901060031954,0.0,21.93752541923459,-2.3123330233010684,-0.10540537180522828,0.0,0.7845945760491271,0.1290205133211793,0.16444227026252184,0.0,
2017-11-15,118.0,26.814272970790626,-12.34234105556275,-0.4602899757531197,0.0,1.670744907270996,0.40234428335653544,0.2408173034707775,0.0,28.2959999158993,-15.394275263236043,-0.5440442221158659,0.0,30.933151772231213,-19.994096661717453,-0.6463646772543307,0.0,12.616094934171995,-5.513218189813787,-0.43699878754722005,0.0,0.6234644546930174,0.020710097897311132,0.033217768457238527,0.0,
2017-11-16,128.0,28.728660507447785,-13.507924430700452,-0.4701898449876763,0.0,3.928601232459182,-1.8935271578657225,-0.48198507454024125,0.0,12.605688848001588,0.26230888739360303,0.020808770592111475,0.0,20.42645323738543,-13.19505223657556,-0.645978627969802,0.0,35.1862910833006,-4.9254183018445445,-0.13998117307061517,0.0,0.6660500030047792,0.1345337772684273,0.20198750343292463,0.0,
2017-11-17,122.0,20.99183068167622,-4.077851950786628,-0.19425899592197965,0.0,8.458953191424367,0.6699192050244837,0.0791964667334539,0.0,19.417816277353268,7.970625835105043,0.4104800313926687,0.0,16.4844538403122,-7.239922889393142,-0.439197013108687,0.0,17.0544953673525,7.653858849420692,0.4487883507871191,0.0,0.9404387075410284,0.5407432165902023,0.574990387203529,0.0,
2017-11-18,111.0,13.737159343210806,3.160849030093015,0.23009480716660488,0.0,2.3493244514684153,2.0660823722754023,0.879436797664973,0.0,18.646160600706935,3.1576376485433344,0.16934519208332993,0.0,3.331058018404288,1.1678099062252643,,1.0,6.552400639353433,-0.03643606611475462,-0.005560720126898406,0.0,0.6314870162022955,-0.06658311723232478,-0.10543861635152768,0.0,
2017-11-19,130.0,7.267002293010588,-0.3783109740271331,-0.05205873877196834,0.0,3.2613026851176947,-0.09120064126760785,-0.027964482316769866,0.0,20.78599905045121,4.927661463094999,0.23706637583955978,0.0,3.879125401901543,1.7356219417038072,0.44742609786551557,0.0,6.630510762792252,1.9382472074366595,0.29232245852209754,0.0,2.028398807786285,-0.9467746101018018,-0.46675959701192804,0.0,
2017-11-20,102.0,22.913073301191616,9.341175659178232,0.4076788624724748,0.0,11.67283530370332,-0.48824060170394046,-0.04182707876886102,0.0,13.589082667051112,-0.7065065495763053,-0.051990746313534654,0.0,9.476302771072366,1.8811291248288176,0.1985087613041667,0.0,37.36945701714285,1.0056466616540298,0.026910925175945153,0.0,3.4572106187697456,0.2564728778144926,0.07418491555650691,0.0,
2017-11-21,107.0,26.573908343707444,5.26383433016698,0.19808280596457417,0.0,2.1966811532474773,-0.03074165414410159,-0.013994590930347117,0.0,8.119893939554455,0.7545324553400975,,1.0,10.337574955046872,6.693052241927236,0.6474489685474681,0.0,31.939739828783786,3.1738330123899843,0.09936940718376662,0.0,1.4276411471873827,0.573053319970578,0.40139871360499724,0.0,
2017-11-22,75.0,23.30021703743114,10.522970216028325,0.4516254161548569,0.0,8.16583670247928,6.089519558943721,0.745731243571751,0.0,6.665699102188224,1.7059990965600775,,1.0,15.545538361926447,1.6523379224303612,0.10629017046313466,0.0,14.990328969535767,1.678486845088224,0.11197131487236499,0.0,0.5687372241518426,0.27724370456586533,,1.0,
2017-11-23,76.0,9.026272590890585,-3.7705526962026967,-0.41773086933004666,0.0,4.529724481850278,-0.09452328284911153,-0.020867336021837064,0.0,9.547848475864155,1.9678677177668975,0.20610588058047183,0.0,9.127801298862323,-0.6268873952828614,-0.06867890467346127,0.0,9.494328878310625,0.9553503429601473,0.10062326207622772,0.0,0.6294274290921718,-0.08341300908550704,-0.1325220434162113,0.0,
2017-11-24,116.0,23.32406647258904,10.54975129370413,0.4523118344780243,0.0,8.973470893324698,3.30035800739083,0.36779057363923057,0.0,11.598624490929065,6.308396116600833,0.543891745226724,0.0,14.181618114394947,5.20537136234354,0.3670505946750791,0.0,23.750378859811462,8.227182932160675,0.346402176601994,0.0,1.2370000065420705,0.19367628046592358,0.15656934473859005,0.0,
2017-11-25,139.0,6.470426902495089,3.5678994503708634,,1.0,4.24001135320577,-1.031075602278611,-0.24317755694192647,0.0,10.509687424346335,4.0994175511767565,0.390060844405344,0.0,3.716848184034457,-0.604815726650581,-0.16272274160901645,0.0,14.952800369857867,4.390855777931193,0.29364772278926177,0.0,1.9862630701027189,-0.14002542821616598,-0.07049691973023725,0.0,
2017-11-26,120.0,14.421526234757039,5.499364938740284,0.38133030091408576,0.0,5.107649064928405,2.0195178724618295,0.3953908827309257,0.0,23.332314866653178,5.023393817924399,0.21529770391980665,0.0,4.993098759114214,1.4285540763306466,0.28610571215380387,0.0,12.810919224728423,3.5430612425645074,0.2765657311869919,0.0,2.598384035751219,1.1064649203965267,0.4258280936045839,0.0,
2017-11-27,88.0,22.67407254909631,-12.375978500527824,-0.5458207154330146,0.0,2.8120439623307867,1.799837304298956,0.6400459339928475,0.0,7.741450976347547,-0.05437285259761787,,1.0,3.320949504312008,0.3378337608076014,,1.0,24.316620536526898,-5.496450284268909,-0.22603676674612277,0.0,0.5402387568974479,0.04226557469133832,,1.0,
2017-11-28,108.0,35.366036273830105,-17.966390941507584,-0.5080125689630144,0.0,2.927649503297284,-0.32697003882104114,-0.11168346431251044,0.0,11.19967334961984,1.1987263350073731,0.10703225867279982,0.0,6.156410492811114,-1.6202733289467397,-0.2631847455329278,0.0,58.185863237056765,-19.911472502414007,-0.34220464206730217,0.0,1.3323724685033036,-0.12313562103995401,-0.0924183169127445,0.0,
2017-11-29,91.0,40.936898556596134,-14.035537205170755,-0.34285785440649164,0.0,0.6230121967455449,0.11365172432862787,,1.0,7.80027005204465,-2.391454707816224,,1.0,31.438265593227698,-11.231901671619367,-0.3572684898380303,0.0,40.91911192862608,-9.222140041140465,-0.22537488245654874,0.0,0.3626752848940626,0.029745302111756897,,1.0,
2017-11-30,105.0,43.95035722912871,10.789667125088434,0.24549668774790825,0.0,2.6162084496390836,0.17109566262202877,0.06539832964977699,0.0,5.046197415824276,0.8453354138537983,,1.0,6.5790830597543355,2.2388660439233212,0.3403006199479295,0.0,77.3055573204183,22.719481825045882,0.29389196084412816,0.0,0.8260003519608242,0.11332979402814294,0.13720308200730402,0.0,
2017-12-01,,,,,,,,,,,,,,,,,,,,,,,,,,
2017-12-02,171.0,0.1036597879574388,-0.052472237156326894,,1.0,1.0266539816657299,0.7851101022887469,,1.0,4.415204174903918,-0.8096336287480641,,1.0,0.7938813858781929,-0.517696548695175,,1.0,0.08008847183373158,-0.047615437312462226,,1.0,0.1566936346207497,-0.01320706999539386,,1.0,
2017-12-03,111.0,17.20584454188065,7.961684630361801,0.46273140565592746,0.0,4.03045832176576,1.256532943639478,0.3117593194932198,0.0,18.509355812857393,4.536843042735114,0.24511080172674773,0.0,3.7488306359373342,2.508525194815124,0.6691487128726764,0.0,22.305790466249164,12.157526388646078,0.5450390295309911,0.0,4.216797351145939,1.6625240055477448,0.3942622485986775,0.0,
2017-12-04,119.0,27.225467036507325,-5.89471072565952,-0.21651458605852938,0.0,2.7940861396636993,1.3809633161629242,0.49424507589774563,0.0,13.904778742464256,0.589661386412026,0.042407103150173826,0.0,6.866624837733975,-0.41279647157899274,-0.06011635721097847,0.0,32.83080468210392,5.838725077764089,0.17784288671263607,0.0,2.9466495461747346,0.8957487138042719,0.3039888862817467,0.0,
2017-12-05,117.0,24.269985027211078,0.8605883943633,0.03545895860250526,0.0,1.538435955015297,0.256947467640097,0.1670186313589779,0.0,12.353993238386462,-1.394414821363942,-0.11287158689962701,0.0,25.59874209731788,-1.5983661994267828,-0.06243924773140522,0.0,23.685103129922936,4.5480496587597585,0.19202152651866272,0.0,4.49703023050824,2.522434450778597,0.5609111616964869,0.0,
2017-12-06,119.0,29.192850323059247,-10.475123346469987,-0.3588249598976553,0.0,3.358848637581099,0.9690686942446649,0.2885121655683024,0.0,20.32772650482366,-4.9249641629425955,-0.2422781594279089,0.0,46.2397912798333,-24.04129461289486,-0.5199265383228505,0.0,17.814611238347425,-0.24738434502677162,-0.013886598013110516,0.0,1.2659824549118583,-0.3205940925881841,-0.25323738993721273,0.0,
2017-12-07,119.0,28.681588718689454,7.037341581269783,0.24536094043786777,0.0,5.1844954099506095,0.8256221599438186,0.15924831534409323,0.0,18.54369851719821,4.990956232748153,0.26914567383196664,0.0,36.56066309066955,2.39967573425634,0.06563545437633893,0.0,6.317535072586903,1.7567494822959078,0.2780751451493809,0.0,2.0267053714051095,0.21906409477918054,0.1080887719892428,0.0,
2017-12-08,125.0,21.341789070116647,13.04844429834861,0.6114034889708191,0.0,10.022806030690841,7.595960292181109,0.7578676339661282,0.0,31.845875417944626,19.70938050873724,0.6188990018352998,0.0,9.36153901487705,2.3196490903901745,0.2477850155518088,0.0,5.801820316286463,0.8566903934039518,0.1476588978460968,0.0,1.4997258908406315,0.2198882810912465,0.14661898046448607,0.0,
2017-12-09,132.0,8.16803876351332,2.7110319960963722,0.33190733719415844,0.0,1.8660657250729815,-0.2950840604988211,-0.158131654493188,0.0,13.839906108623836,9.400805393576517,0.6792535527187389,0.0,1.0618323905073304,-0.03935015958818827,,1.0,1.0348870092857356,-0.6883401899741838,,1.0,1.6327063554053858,1.1525158461881675,0.705892913549668,0.0,
2017-12-10,107.0,16.324031309508428,-1.4620132202046598,-0.08956202009690252,0.0,2.3825674680847406,0.016901586266761307,0.0070938542111245555,0.0,12.60006336672086,2.6466044771723216,0.21004691803078565,0.0,2.7465094635845135,-1.2522369777850324,,1.0,10.133627939605502,-1.1475359355968684,-0.11324038561865155,0.0,4.066048442866301,0.19058632882234325,0.04687261637443557,0.0,
2017-12-11,0.0,,,,,,,,,,,,,,,,,,,,,,,,,<10KB
2017-12-12,64.0,32.82402973342687,22.48827833324225,0.6851163161828652,0.0,29.35205846831377,20.03947904928032,0.6827282342365665,0.0,7.835975967958801,4.924959520799034,,1.0,3.6101707454654353,0.546400211331348,0.15135024071026432,0.0,0.2947335675125906,0.15805777173016164,,1.0,0.2659407440951297,0.17488482940795713,,1.0,
2017-12-13,125.0,53.08256371328025,0.08614068264736789,0.0016227679415155513,0.0,15.226913582300767,4.7106982404290525,0.30936658404002526,0.0,9.319657520805773,0.7712094364075609,0.08275083442560693,0.0,34.298291729719494,-2.519867307912581,-0.07346917822525587,0.0,13.240366652258668,0.4393912169252822,0.033185728799309845,0.0,1.8993452879367343,0.6523950887240573,0.34348419577398503,0.0,
2017-12-14,122.0,39.251800656784326,-10.277596805878725,-0.2618375879299268,0.0,14.050322190400037,-0.8809046948697248,-0.06269640531600108,0.0,4.9460083096782865,0.6102525435769836,,1.0,24.988771645097586,-1.7954948366435266,-0.07185206468505126,0.0,9.422608262422724,-0.6159703939367481,-0.06537153798415163,0.0,2.3370886650591225,-1.2852793290919722,-0.5499488950965657,0.0,
2017-12-15,105.0,32.34973327819898,9.163359542621373,0.28325919919706766,0.0,16.82056059902243,10.241324766171294,0.6088575173152372,0.0,11.112306070426708,3.5301846141193582,0.31768244968650333,0.0,13.505506063986102,0.9527440393490012,0.07054486035807252,0.0,7.330667342175727,0.6727507486712313,0.09177210167492886,0.0,0.5585419334165589,0.10037520764459398,,1.0,
2017-12-16,135.0,18.57208139267459,-1.3638125063080415,-0.07343347670476891,0.0,9.884025824831038,2.440966877179244,0.2469607951698134,0.0,18.07094936609792,-3.042844326314655,-0.1683832024909104,0.0,3.7770083221475903,-0.5917238825209438,-0.15666470180941836,0.0,3.041257414050046,0.42012789736050304,0.13814282718049117,0.0,3.3113874823611655,1.1626111545995337,0.35109486908205034,0.0,
2017-12-17,129.0,8.63216850662138,-1.3213089652591012,-0.15306802273908113,0.0,4.848000972779115,-1.2992729772500906,-0.26800179796690154,0.0,21.86435119601083,0.37442272917758745,0.017124804016407365,0.0,6.724907085881565,-0.3758328957885103,-0.05588670460258747,0.0,5.265031111310233,1.343521494357661,0.25517826313913616,0.0,2.585802883724678,-0.09757000949805962,-0.03773296491862383,0.0,
2017-12-18,111.0,28.974798466231732,9.188667302830293,0.31712618514117,0.0,11.784938462296848,3.440263715533966,0.29192038011401455,0.0,11.975834453856802,0.05734848613940974,0.004788683941847637,0.0,15.349449829824152,2.337019791938582,0.15225430343423296,0.0,2.8794341650354873,-0.5435623072479655,-0.18877400075624456,0.0,4.2218288942021855,-2.60676628435338,-0.6174495342369838,0.0,
2017-12-19,123.0,46.15408920657501,27.784562491996923,0.6019956837982363,0.0,34.08038093929645,23.799577268417696,0.6983365975518058,0.0,11.85357430236763,1.320883663596478,0.1114333643087423,0.0,26.38391453357326,5.9871991228648405,0.22692611118210645,0.0,4.619279318765615,-1.7858268001072901,-0.3866029042349634,0.0,3.2657147033241873,-0.9148948817735271,-0.2801515027758705,0.0,
2017-12-20,113.0,39.989356800309906,19.79835823776013,0.4950906896708751,0.0,18.675776885735104,8.615336217085312,0.46131072724829253,0.0,9.561405865373668,4.37369246254764,0.45743194297261563,0.0,34.28569521121244,11.728010843532187,0.3420671732418825,0.0,5.842986936710073,2.7733621692276498,0.47464801808870843,0.0,1.877196197470762,0.5785748791339356,0.3082122582143932,0.0,
2017-12-21,114.0,26.600886409280065,-2.147948457168465,-0.08074725120509989,0.0,15.658492976988779,-2.268174112923133,-0.14485264426508793,0.0,11.074390464316819,2.0134897208798743,0.18181494750140967,0.0,23.502878820858314,8.667110950564009,0.36876805674001645,0.0,11.858613668424365,2.179303975831545,0.1837739247408256,0.0,1.286431173735759,-0.04952957106710561,-0.03850153205108763,0.0,
2017-12-22,96.0,21.64950505541492,-1.9578597996855458,-0.0904343907481548,0.0,7.079916023612892,-1.071386703321927,-0.1513276004614525,0.0,9.236751179589188,-0.9229685530788084,-0.09992350504345385,0.0,13.741752335568888,1.356230689539838,0.09869415897049727,0.0,14.378209414200683,2.657271388679143,0.18481239994005655,0.0,2.6128801197992253,0.6723586447557547,0.257324719821979,0.0,
2017-12-23,141.0,12.782975956972221,1.5762982323391916,0.12331230518191118,0.0,4.87049089252832,-0.6985555863161684,-0.1434261148887071,0.0,7.771291027805997,1.371311502496459,,1.0,7.026636599999615,0.04413460660527624,0.006281042996485495,0.0,5.569713675758972,-0.3253840916691204,-0.058420254722480164,0.0,5.083582739629488,0.499924885282625,0.09834105411237225,0.0,
2017-12-24,69.0,6.65288821006834,-0.429774357127367,,1.0,4.496928228341856,0.8600213036374067,0.1912463930860913,0.0,8.194346065312857,2.300237406052897,,1.0,3.265859227656618,-0.4519673294412666,,1.0,4.872487046726745,-0.581346534550481,-0.1193120738906879,0.0,2.9373612837225638,-0.8868036904861308,-0.30190487475965866,0.0,
2017-12-25,120.0,4.426006386573132,-0.45601592217470527,,1.0,5.37507479866326,-1.2334489156854929,-0.22947567464405189,0.0,13.1201373247095,2.7751573503060376,0.2115189255740114,0.0,3.2280184898336257,-0.9398134866690999,,1.0,5.572782193979943,0.7811390376666083,0.14017038715606758,0.0,4.807022101784238,1.5153817533013654,0.3152433505015291,0.0,
2017-12-26,90.0,37.26340096796048,14.03831538957986,0.37673199506535043,0.0,10.979207773743836,-4.597885013005187,-0.4187811277240579,0.0,12.627304851834195,6.99942112840651,0.5543083983903184,0.0,13.789332633401497,-2.9310084199597854,-0.2125562199333773,0.0,9.22758030281693,5.0312529924160305,0.5452407703111644,0.0,1.2966281438129914,0.3498024505571249,0.2697785423108754,0.0,
2017-12-27,91.0,26.04651014770934,1.8819365798575478,0.07225292636845074,0.0,11.266730163362805,-2.124937714750291,-0.18860287625065977,0.0,11.838479650941732,1.61658171001983,0.13655315189828734,0.0,12.559732441019149,-6.703184094260735,-0.5337043703549477,0.0,4.623895251643258,1.196759242531394,0.25882057819239845,0.0,1.3562357661212405,-0.7019051524807344,-0.5175391845682882,0.0,
2017-12-28,116.0,28.973675531051413,-0.5443430925750552,-0.018787505644276184,0.0,6.714262663648693,0.3056806030803868,0.04552705462885072,0.0,19.565409423521487,7.779175804308153,0.3975984164663606,0.0,28.632375381232123,-4.652760425216672,-0.16249997994460677,0.0,10.570939312827246,1.5520702933970738,0.1468242553917345,0.0,1.3489278198103367,0.13280590838381487,0.0984529390182551,0.0,
2017-12-29,97.0,16.184027074079495,4.4403397451879965,0.2743655658052927,0.0,4.9139069066877665,-0.5581246710752691,-0.1135806358715645,0.0,20.82976092188619,6.6892629871438265,0.3211396910521091,0.0,22.75229849597963,0.19165412887407673,0.008423506262804276,0.0,7.576604410125581,0.6566113650824039,0.08666301281414278,0.0,2.888539560575732,-0.11185141861772815,-0.03872248112656432,0.0,
2017-12-30,132.0,8.805132550703998,4.548575461611081,0.5165822814612153,0.0,14.707176486714157,3.563104565750151,0.24226979046378544,0.0,17.969079068105202,8.270811106465068,0.4602801888242348,0.0,4.545926059348854,1.839734880890172,0.4046996930596118,0.0,4.700449775060401,3.2357647674660863,0.6883947116368256,0.0,4.157905744112209,0.6829777705790581,0.16426004161979546,0.0,
2017-12-31,102.0,21.94936987993424,8.17190188984679,0.3723069014986809,0.0,45.714856870195945,19.03447503425639,0.41637393918356597,0.0,7.3777636019440225,3.3171086056852874,,1.0,6.393022034062593,0.9214143696354768,0.14412813920022466,0.0,4.489951652685701,0.927081659310512,0.20647920757809735,0.0,1.5508324945621967,0.6696025604809274,0.4317697512973234,0.0,
2018-01-01,161.0,15.214454240529445,4.981356885005167,0.3274095019284649,0.0,22.31869583207299,8.084663102933897,0.3622372545315065,0.0,21.036663647726527,5.798443475720754,0.27563512792806394,0.0,4.585909217275907,-1.4834980914793894,-0.3234905056320779,0.0,5.045488174808264,3.0176601378411885,0.598090815653505,0.0,3.421305932301033,2.1874240191292214,0.6393535282762766,0.0,
2018-01-02,106.0,24.569259066382074,9.99586665437294,0.40684444847790324,0.0,2.4798230021842707,-0.7859013660820202,-0.3169183306186711,0.0,16.381068185786713,8.769955214903066,0.5353713882048579,0.0,6.123881183244517,0.3446346207946513,0.056277156672732684,0.0,9.359430089651138,4.613694411791565,0.49294608406691304,0.0,1.7600418658839723,0.8853002923330346,0.5029995646656945,0.0,
2018-01-03,83.0,13.647436135099266,3.876642539030486,0.284056470435521,0.0,1.5610896988000569,0.991014178312834,0.6348220599204417,0.0,13.975785819537123,7.390058929044544,0.5287759146046574,0.0,8.034064119827232,4.664418866454692,0.5805802389532084,0.0,4.3788404122969915,-0.14532573413314973,-0.033188177793608324,0.0,3.480779311052171,0.8214739513678161,0.23600288267615008,0.0,
2018-01-04,76.0,26.04597874559113,15.782812332390055,0.6059596564426151,0.0,0.16313439380609962,0.09769776919933483,,1.0,12.598252545263676,8.773443893842794,0.696401652715017,0.0,15.769880120526068,-1.2169745174374587,-0.07717081601992937,0.0,2.9683933950655015,1.042511365229266,0.3512039094825777,0.0,0.4532973968307453,0.3201184977020775,,1.0,
2018-01-05,128.0,31.40533362084534,-7.291283204844084,-0.2321670354746521,0.0,4.13453443149046,2.184843553563794,0.5284376245419677,0.0,17.28054263420927,5.156567742322244,0.29840311450139834,0.0,14.51870808481908,-2.219291253122475,-0.152857350678673,0.0,9.261625973376791,-2.399828393322994,-0.2591152352968553,0.0,1.529483082944347,0.8456597395181187,0.5529055855198952,0.0,
2018-01-06,154.0,15.93265385523409,-0.7879403144198205,-0.04945442997626987,0.0,3.1316964214638503,-0.5401545258136489,-0.17247984897628238,0.0,17.41613619123381,4.780745663550205,0.27450093471114057,0.0,6.893317500900589,-0.9073423802209688,-0.13162637294777552,0.0,8.797829659764826,0.3880825820759068,0.04411117253732787,0.0,1.374200236088648,0.4508905466724699,0.3281112423294501,0.0,
2018-01-07,150.0,31.953161646153603,23.850270994793775,0.7464134929403701,0.0,38.248474956300925,32.912835787557704,0.8605006036230408,0.0,16.482269423970134,8.229338482982136,0.49928430796151313,0.0,4.967820862802904,-0.4431865506639537,-0.08921145969299354,0.0,13.008419971338295,3.918703209820121,0.3012435959520277,0.0,1.2302864529701707,0.7334903364924382,0.5961947599452453,0.0,
2018-01-08,148.0,33.508199346848414,0.9235613610857507,0.02756224981013835,0.0,5.1959987451700655,2.7179588929010423,0.5230869032498358,0.0,14.985860615386624,7.528339035935865,0.5023628091273048,0.0,15.993669421717637,-2.2954351409875815,-0.1435214821853598,0.0,18.503415822560783,2.415241507305236,0.13052949414671794,0.0,2.0447743622353243,1.33260611393285,0.65171303912284,0.0,
2018-01-09,132.0,25.120996577905316,1.855394621815889,0.07385832071040387,0.0,14.571134180754594,9.048879185001862,0.6210140592180895,0.0,16.69890723357093,9.22251978921994,0.5522828326562166,0.0,17.99497261652868,-1.2408574360803644,-0.06895578351370295,0.0,17.302906515928044,7.16206036028345,0.41392238660542235,0.0,0.6838670762372137,0.1730878974471073,0.2531016676507879,0.0,
2018-01-10,128.0,25.043252869952994,-3.3231741946309823,-0.13269738607392098,0.0,9.48574458782968,4.140875134068056,0.43653664672574527,0.0,22.514973297104007,14.69291557109158,0.652584188184734,0.0,26.852883599225606,-0.6651790369097494,-0.024771233020536094,0.0,7.537488977388417,5.849865104695036,0.7761026413761858,0.0,0.7853780874211166,0.15743467492403776,0.20045717781736622,0.0,
2018-01-11,161.0,20.282468981720733,-6.362563565981578,-0.313697685016343,0.0,10.304098509302998,7.6266510716753135,0.7401570418595702,0.0,26.94351517585164,8.885348618840144,0.32977688920129156,0.0,16.812039435622857,-9.606230228383883,-0.5713899414266981,0.0,7.559858397034979,-1.6167534977365108,-0.21386028849040492,0.0,3.09679504776431,0.36036993726276784,0.11636867526087402,0.0,
2018-01-12,149.0,20.576093666833913,-5.208465652106561,-0.25313189842744327,0.0,4.183182505381405,0.20275531298000682,0.048469153023846,0.0,24.713593381886312,8.5685161281219,0.3467126773398378,0.0,18.921917860854585,-7.571763339116737,-0.40015834519507676,0.0,11.591188150712691,-4.028253234046591,-0.3475272061560757,0.0,2.7004124033410277,-0.0018547905380391517,-0.0006868545470108017,0.0,
2018-01-13,158.0,18.390080431148817,-3.9330831922171736,-0.21386982003381463,0.0,8.386870839145553,6.8472065322151145,0.8164196949660789,0.0,22.007856313211956,7.237907431991217,0.3288783482126831,0.0,3.28313636341772,-0.06467157977591374,,1.0,18.153219037230883,-4.867819580011465,-0.26815186717176354,0.0,4.2270669111312555,-0.16782967347834724,-0.039703576263814655,0.0,
2018-01-14,171.0,32.93616124163236,11.20026704759545,0.34005988024609113,0.0,24.908965331480427,21.72471124067954,0.8721643372807394,0.0,21.167468481638934,8.894113507608033,0.4201784221539272,0.0,9.304642978124315,1.950582819186563,0.20963542865346704,0.0,15.44572000014159,4.682539589509255,0.30316097854074336,0.0,4.3680959179182475,2.0185096906906743,0.4621028770019909,0.0,
2018-01-15,130.0,31.47119298951293,8.93168979056517,0.2838052498849171,0.0,4.742147247212411,0.26049672054505796,0.05493222942374606,0.0,13.740746241455778,6.480189941633831,0.4716039309483151,0.0,8.165632395321149,1.6407311913030864,0.2009313071995764,0.0,30.042759103111166,14.713471458002003,0.48975100480961836,0.0,0.6072231442085408,0.28222097853961153,0.46477309244768733,0.0,
2018-01-16,131.0,19.85994852695148,0.3161720888484727,0.015920086017312825,0.0,2.2087117527553284,1.2629643197812197,0.5718103859436137,0.0,41.30541344823723,1.0960516458889296,0.02653530262473877,0.0,10.640048237342848,2.493587480560076,0.2343586631316629,0.0,15.545903472011553,8.464760147880247,0.544501010386433,0.0,0.661137138042243,-0.004764945415711871,-0.007207196724452373,0.0,
2018-01-17,143.0,27.06614596417785,2.29502414338406,0.0847931636229825,0.0,5.095162407509626,1.4969776799719912,0.2938037220885511,0.0,25.281705274312113,-1.0639378362776868,-0.04208330983743878,0.0,19.550184334650112,1.5483862745533679,0.0792005971938105,0.0,12.901527863192308,1.8771721571540643,0.14549998861061897,0.0,1.0163282478388216,0.32536301744398677,0.32013576138994193,0.0,
2018-01-18,153.0,52.932008452437,1.489587147319149,0.028141519486411404,0.0,2.4775503663622596,1.7213467724834346,0.6947777110222205,0.0,16.92643009725725,5.101273084409035,0.3013791481781881,0.0,46.275832417057245,3.278741024226918,0.07085212416445644,0.0,30.000120243486887,-5.976347283626701,-0.199210777660939,0.0,2.2770059935573888,0.8999029415358476,0.39521325112101285,0.0,
2018-01-19,140.0,43.484822269529104,-19.397300938766243,-0.44607060409577465,0.0,4.111390709302206,-0.23257489510405097,-0.05656842454253735,0.0,10.062776829639912,1.3931190310048676,0.13844280307414103,0.0,17.98423649516189,-3.248192429645579,-0.18061330713257723,0.0,13.286343533065514,-3.115444948713858,-0.23448475052300877,0.0,2.0574674700110274,0.14573343316540754,0.07083146406422963,0.0,
2018-01-20,189.0,20.367730974045116,-4.143176985136656,-0.20341868175774536,0.0,10.987285464383596,7.000744626159567,0.637167810816711,0.0,18.692526317696313,2.7638327495279738,0.1478576358569274,0.0,10.227273480413707,-2.2426104700881115,-0.21927745203870258,0.0,8.304761260289517,-0.42097204439243485,-0.05069044505895394,0.0,1.4478788980122703,0.23577701327325698,0.16284304826663676,0.0,
2018-01-21,150.0,19.939623132406265,-4.7099100698629695,-0.23620858020171565,0.0,3.2652562178409363,1.2588833509671882,0.3855389185353397,0.0,14.476337839645563,7.614525846025596,0.525998075643973,0.0,15.648571919802631,-4.063632553632769,-0.2596807283411215,0.0,53.213808163236536,-14.93750881077991,-0.2807073826582418,0.0,4.554364251307556,0.11326915859727554,0.024870465414521033,0.0,
2018-01-22,131.0,42.79170630509907,11.066112266402307,0.25860413668719884,0.0,2.5670319431737822,1.2883188637729968,0.5018709904249059,0.0,9.901432299229779,3.779908534301012,0.3817537119952885,0.0,10.951207030855578,-2.491701139542753,-0.22752753486645438,0.0,40.21129544735595,13.607465835099468,0.33839909119352213,0.0,3.2481452272695543,1.0914072807259925,0.3360093851602343,0.0,
2018-01-23,136.0,22.99864214414265,2.362432861679423,0.10272053658094303,0.0,1.3290104985790034,0.19712349153539727,,1.0,22.939889154804405,11.96117940374631,0.521414001742952,0.0,15.704870406814731,-3.444492653179317,-0.21932639773230264,0.0,14.753872599045279,1.3559219048361493,0.0919027798114436,0.0,2.5322608627466203,0.6660640707295842,0.2630313805849911,0.0,
2018-01-24,157.0,39.17824526377808,-1.2951212247606212,-0.03305715240794653,0.0,7.9024352128108095,-4.127239292031694,-0.5222743598506112,0.0,19.736590774962675,5.835268873128036,0.2956573878266,0.0,53.53679073226522,3.045578981801732,0.05688758963966515,0.0,9.552598155838488,2.785590141015056,0.2916054978521755,0.0,1.6477802035733413,0.6272440372165282,0.3806600151259859,0.0,
2018-01-25,164.0,17.593440087563064,-2.7044867957811554,-0.15372131785033774,0.0,8.169371790383586,1.1154413521010857,0.13653942808847375,0.0,22.931644022435645,11.631744433471155,0.5072355223241299,0.0,24.929056581531764,-1.8986940806886885,-0.07616389631428336,0.0,10.320144436445837,0.42764000326382035,0.04143740486359856,0.0,5.238341105687134,2.5449894174989507,0.48583881159169273,0.0,
2018-01-26,146.0,16.105366318042798,-0.9488291102784314,-0.05891384843668292,0.0,8.03399479304789,2.324544299700455,0.28933853700178747,0.0,26.596872572605207,-2.259292926590224,-0.08494581159580758,0.0,15.850372232373045,-3.085084609632661,-0.19463799110860225,0.0,12.400802520438441,-0.4771160014262324,-0.03847460683611979,0.0,3.122788191620196,1.278999659108479,0.4095697756705349,0.0,
2018-01-27,182.0,12.350806401642327,1.2705625660460576,0.10287284285154909,0.0,4.832974451288459,2.5361066510538635,0.5247506844108691,0.0,38.504158719297266,10.540173208171861,0.27374116351980976,0.0,6.154596434789704,2.1709288090195162,0.35273292603687906,0.0,5.440758429787815,-0.24830293743924714,-0.0456375596607642,0.0,1.4429247742445963,0.8917956911011081,0.6180472516787878,0.0,
2018-01-28,174.0,12.397405885014445,-4.53143213479961,-0.3655145420605329,0.0,6.1273534913707355,5.241443864915447,0.8554172486208065,0.0,23.28540846929536,7.182038701041609,0.30843516060763976,0.0,6.9406395776531955,-3.124299529061731,-0.4501457674190503,0.0,5.031294219399563,1.6549025731299212,0.32892184415472686,0.0,7.625494556916232,3.164876388949778,0.41503883654067697,0.0,
2018-01-29,142.0,17.175873431122447,-5.126816926355044,-0.2984894449131956,0.0,3.0898515874214296,2.008418840484034,0.6500049544968979,0.0,24.16810906253522,12.200605140678372,0.5048224960053427,0.0,8.21374609439226,0.7668688527867104,0.09336408064893457,0.0,12.140689825682777,4.499043753782782,0.37057562777572745,0.0,1.08500307350186,0.3917727365616748,0.3610798403521786,0.0,
2018-01-30,145.0,22.718284775903157,-11.167063133556638,-0.49154516917585805,0.0,3.0373916137978028,0.6781582740013379,0.22326995008503453,0.0,16.369336381634636,7.484431366037791,0.45722265042062743,0.0,19.77531806079787,-2.3260334354028904,-0.11762306063809741,0.0,5.6937125334443355,-0.9417159225383688,-0.16539576190522745,0.0,0.9555197442969027,0.10863634326316589,0.11369345731636708,0.0,
2018-01-31,139.0,22.303836493956624,-10.262608118137372,-0.4601274816966173,0.0,5.2077603428988315,-1.2618268364964413,-0.2422974087540407,0.0,13.130089358965048,2.300926405224035,0.17524072702924853,0.0,40.356919713987736,-27.374201190144923,-0.6783025410300828,0.0,7.003664894640674,-0.4801532939862858,-0.0685574340305327,0.0,2.0630598124334893,-0.41360653480941517,-0.20048208603392073,0.0,
2018-02-01,132.0,18.634202730157995,3.539301660290561,0.18993577088020402,0.0,0.8276255373857507,0.35319653086461783,,1.0,16.661275154518076,8.77674946858291,0.526775375065029,0.0,13.081139498586703,-4.654713740506025,-0.3558339654591195,0.0,23.050471083610315,13.343091222519096,0.5788641444298506,0.0,1.2519608074508088,0.9080946442284347,0.7253379169891585,0.0,
2018-02-02,137.0,15.273873945363446,0.8572529471565209,0.05612544336970579,0.0,2.174680973126664,-0.16668504027570755,-0.07664804278673339,0.0,14.281110222480491,2.2180438624498544,0.1553131253730077,0.0,12.278302529753997,-2.714775448411731,-0.22110348249141268,0.0,19.37311811152176,6.468085021405949,0.33386907487851375,0.0,3.240214162193292,-1.459435685273446,-0.4504133406680619,0.0,
2018-02-03,131.0,2.527471681234598,-1.191033690538047,,1.0,1.4736046065518127,-0.3828918350848533,-0.2598334949432656,0.0,9.31951129306253,0.8455653125478046,0.09073064948987677,0.0,5.019016589409145,-0.16472837533457385,-0.0328208469528024,0.0,0.8584363419067769,-0.4402245521743225,,1.0,1.0029511751126814,-0.45441234651104323,-0.45307524213229033,0.0,
2018-02-04,154.0,15.291750213327756,-5.606790874792209,-0.36665462073174104,0.0,3.4091005928421447,-0.7843053768773635,-0.23006225704343128,0.0,22.23333772808837,4.282756001941493,0.1926276681584743,0.0,7.120162148101367,-0.873978676886692,-0.12274701877677652,0.0,4.5973313635840825,-0.24778433200772287,-0.05389742709660807,0.0,1.436235489774838,-0.21834120748059543,-0.15202326431498034,0.0,
2018-02-05,143.0,11.319644105104086,-4.872125098012545,-0.43041327560958204,0.0,1.0525968121946736,0.09514087827082185,,1.0,18.318899201796736,0.7991280024735412,0.04362314534681003,0.0,12.615670009043239,-5.876325241155047,-0.4657957315737289,0.0,4.607419597872645,-1.8709342519084757,-0.4060698645229383,0.0,1.1949735103189547,0.03363885433451148,0.028150292909449356,0.0,
2018-02-06,129.0,16.74776882998412,-11.006304034891127,-0.6571803173677769,0.0,1.656246480750265,0.6384266058668335,0.3854659395729746,0.0,13.668558032572033,-3.303122661689718,-0.24165845832591928,0.0,9.151179954627873,-4.438200679677657,-0.484986712280005,0.0,5.63622147760179,-0.03478366686775192,-0.006171451389194229,0.0,0.3431744487679636,-0.08872693615471727,,1.0,
2018-02-07,123.0,31.001567852952576,-5.573222945142619,-0.17977229318135365,0.0,8.597364922316043,7.288950195651511,0.8478121216806441,0.0,13.66041773477627,2.037163628468268,0.1491289408582374,0.0,37.4837112549576,-15.657777404627689,-0.41772217532373584,0.0,1.987165709368122,-0.012623505741402393,-0.00635251790119527,0.0,0.720392813287612,0.3071752639886193,0.42639967851259175,0.0,
2018-02-08,142.0,52.1759105933088,-39.60281871404159,-0.7590249650404832,0.0,10.824063362291778,-3.0201221807407603,-0.27901926288255857,0.0,11.22264178791374,-2.468473287412329,-0.21995474274789373,0.0,17.57662451380747,-9.469018156736812,-0.5387279081542843,0.0,2.4364859468332667,0.19739553387094047,0.08101648775257583,0.0,0.42628698818588795,0.07307221396465431,,1.0,
2018-02-09,139.0,36.1508794643014,-23.077383015800173,-0.6383629764412464,0.0,3.7802851689411843,2.2657004859750485,0.5993464473500675,0.0,12.2723011740818,-2.9900172859312266,-0.24363949706888907,0.0,22.63358798302215,-9.841286314550977,-0.43480893625584677,0.0,3.2378003610501698,0.8988514479540517,0.2776117572803384,0.0,1.758273001418269,-0.7574963455676467,-0.4308183910897968,0.0,
2018-02-10,144.0,15.60060749122931,-4.000315971434964,-0.2564205255265828,0.0,1.929692538542436,0.7420723951271001,0.384554731028609,0.0,14.084369649252036,-2.881618404168697,-0.20459690251893725,0.0,6.076150809756651,-4.691348052624738,-0.772092102304588,0.0,1.1331030165383662,-0.24106984263067527,-0.21275192026859527,0.0,2.0466159100033066,-0.194435556464079,-0.09500344227450322,0.0,
2018-02-11,175.0,14.562025060506127,-5.58144997182477,-0.3832880350523705,0.0,4.665449039144728,0.341196503855404,0.07313261831661809,0.0,18.688261581395636,-3.124416364977134,-0.16718603554262768,0.0,11.741785763042566,-5.465220261932434,-0.4654505176831186,0.0,5.813189033877274,-1.1411088486186172,-0.19629653224222124,0.0,2.7615287485968967,-0.37467705589384115,-0.13567740552554833,0.0,
2018-02-12,154.0,27.17782948047534,-10.042814448054514,-0.3695223143286447,0.0,5.81358147144055,2.2368825334289055,0.3847684158926266,0.0,20.360645263033796,8.152881271608367,0.4004235212727027,0.0,9.883219074799847,-0.8619818908233605,-0.08721671393698385,0.0,17.804030798171873,-5.068617145953784,-0.2846893045407578,0.0,2.2282533208854085,0.9959141164060352,0.44694833709943865,0.0,
2018-02-13,161.0,36.08573583831458,-12.75125124091284,-0.3533598787633424,0.0,3.9009088101374734,2.27683837850967,0.5836687011479849,0.0,24.87776751471392,4.285445938001771,0.17226006857195486,0.0,15.858358548262906,-6.205642656252447,-0.3913168337924987,0.0,20.299405733232557,-4.031216079696552,-0.1985878863979239,0.0,1.9160598044982113,0.21314857514194047,0.1112431744779287,0.0,
2018-02-14,132.0,44.72057528367441,-7.1597934690316976,-0.1601006566578189,0.0,5.532097634124506,-1.3385525973734622,-0.24196113046101322,0.0,22.877631220930198,0.5647394191928568,0.024685222597529685,0.0,34.688146408923785,-12.586591959322927,-0.36284994334793663,0.0,23.079112171930316,7.81701850654247,0.33870533876297987,0.0,1.8989603778827533,0.256083584924692,0.13485462251203606,0.0,
2018-02-15,119.0,29.554265337654215,-0.5662483548436354,-0.01915961531691993,0.0,7.2512164767176674,-0.8850355476329969,-0.12205338931401158,0.0,10.33843851307756,4.633788269689601,0.4482096850339742,0.0,20.45485193467175,-7.715699312785618,-0.377206314542283,0.0,27.663301655557007,11.636941596219826,0.420663510853275,0.0,0.5394053586205654,-0.1546756207761302,,1.0,
2018-02-16,127.0,24.42756150076457,3.37828739569839,0.13829818402433053,0.0,1.4923611508638668,-0.284307481778748,-0.1905084983042972,0.0,15.085911362170007,4.516729140800465,0.29940048250096335,0.0,12.787575353475404,-2.49516391207266,-0.19512408279920906,0.0,16.8210493708757,2.7856213648543293,0.1656033047306436,0.0,0.9607574656620222,0.28810486820057774,0.2998726301877398,0.0,
2018-02-17,212.0,11.573572379318648,0.0667347138048715,0.005766129213839182,0.0,3.0794529960112382,1.2536768874468192,0.40711025272042956,0.0,10.48951834006584,1.5122301429604363,0.14416583239902553,0.0,4.917195446862022,-2.288656191079301,-0.46543933748654215,0.0,10.940456441167044,1.83898298871202,0.16809015223462206,0.0,1.3835255806552564,0.057145213116962135,0.04130405242662545,0.0,
2018-02-18,197.0,13.513651411893076,1.0467537782176919,0.07745898915939672,0.0,9.285251162145862,5.80002614901078,0.6246493549529756,0.0,28.636065707061785,7.829722010019288,0.27342170848869235,0.0,9.87682472677988,-0.4885853342279153,-0.049467855079292036,0.0,10.87079838328645,2.5959727609520993,0.23880240157368157,0.0,2.6634245252716866,1.2598810029037428,0.473030487986224,0.0,
2018-02-19,144.0,15.08763659688702,-3.3924230195826097,-0.22484787446978652,0.0,4.479510202741944,-0.20129997114952525,-0.044937942328227745,0.0,17.5879147885862,8.195633249381899,0.4659809504365186,0.0,11.553543385285588,0.3227510469183572,0.027935243427519206,0.0,15.606608906949983,0.6162625737860394,0.03948728243658387,0.0,2.9443869648894125,2.1556889747526236,0.7321350761494043,0.0,
2018-02-20,139.0,31.24585824585665,-12.052457273986368,-0.38572975589763425,0.0,4.781523358717089,1.1418246824893785,0.23879935259706372,0.0,12.534358246921325,-1.0456401900117238,-0.08342191673582912,0.0,16.28783798732911,-3.4688669892467088,-0.2129728323639555,0.0,17.834602443399483,6.0046257602078414,0.33668402641798895,0.0,1.8552873126172866,0.42465082257273373,0.22888682506736452,0.0,
2018-02-21,146.0,25.58672981557174,-0.6869653901630373,-0.02684850291985963,0.0,4.904836391957353,0.0497259013951557,0.010138136610773226,0.0,9.338396878301861,-4.648142800609497,-0.49774526197420915,0.0,33.79536244544579,-5.511712350823678,-0.16309078974137256,0.0,8.823778870719247,1.4950630445577204,0.1694356880949187,0.0,1.4528329651657206,0.9852033709860983,0.6781256996558576,0.0,
2018-02-22,140.0,19.17311427438835,-2.1118446075959456,-0.11014614409391854,0.0,3.898842075403076,-0.9860275796085697,-0.2529026722649777,0.0,11.915321036620295,-1.0624959517751986,-0.08917056859061927,0.0,29.875035898301576,-7.959265066557279,-0.2664185942286942,0.0,2.383750030188816,-1.9039035136132585,-0.7987009919250849,0.0,2.2423819254108768,1.3051202827677995,0.5820240825071131,0.0,
2018-02-23,122.0,43.32606471436884,1.4147489997584772,0.03265353105769802,0.0,5.623374622940897,1.594630107877333,0.28357173668849006,0.0,11.95360280195018,-0.268085669423752,-0.022427185666568657,0.0,32.478493510083354,-4.949077858034305,-0.1523801544704591,0.0,8.952195935577034,-4.457323671728988,-0.49790282784306383,0.0,0.48281156829761496,0.14050303642722034,,1.0,
2018-02-24,167.0,22.09944908304169,6.390748528916483,0.28918135039938664,0.0,5.055626945191756,1.5094848344136504,0.29857520160764095,0.0,19.165404612169368,2.132774534974031,0.1112825206737244,0.0,5.325092907034555,-0.2002953732653067,-0.03761349834867904,0.0,12.767803890921638,3.399912436770542,0.26628795882336515,0.0,3.2815747090935417,-0.0943879954488907,-0.02876301892117007,0.0,
2018-02-25,177.0,27.72427737720136,4.859356037492091,0.1752743983685616,0.0,5.944356162479374,1.938840978202526,0.326165008489976,0.0,22.9354383588361,7.586430380069239,0.33077328897646696,0.0,3.8642447215897793,-1.0534875101689134,-0.27262442885229604,0.0,16.27869472315069,3.6715649348060984,0.2255441850374278,0.0,2.412956943611783,-0.7161720199038062,-0.29680265194944566,0.0,
2018-02-26,126.0,46.275848957106064,7.292518267364196,0.15758799528721268,0.0,7.5783933272105015,0.9095038587405834,0.12001275461316796,0.0,9.6621787546901,4.279162625686852,0.4428776091116832,0.0,10.517958897966308,-0.012433170546773537,-0.0011820896684790756,0.0,41.53881501511205,1.5488189817059546,0.037286065602557164,0.0,6.867417154855499,2.3597888669854776,0.34362101701030734,0.0,
2018-02-27,144.0,19.25381726759224,1.7221748466052293,0.08944589130925068,0.0,3.80207590204372,0.13891865136340642,0.03653757971763105,0.0,10.365306232393774,3.827989280621682,0.36930788100195305,0.0,24.06072333843622,-10.414964153408214,-0.43286163956553414,0.0,15.124738178586991,1.9702871914404758,0.13026917677358082,0.0,1.63126327994541,-0.10939203394480251,-0.06705970476357642,0.0,
2018-02-28,130.0,29.391805951483548,-15.095799679153261,-0.5136057207260959,0.0,3.0976237764552876,-0.8918049107334415,-0.2878996854014218,0.0,13.455947668080624,-8.528033850184569,-0.6337743026761503,0.0,33.13517308556766,-25.907682892642264,-0.7818786045190934,0.0,12.433243122970449,2.2053649146418572,0.17737648116664267,0.0,0.49220953870826134,0.11635545194015681,,1.0,
2018-03-01,120.0,19.55568381494959,-8.25963765534159,-0.42236506447437067,0.0,2.7797810589763636,1.1468209889385614,0.4125580269119723,0.0,7.805079260520866,1.078329427668617,,1.0,22.81494087701867,-15.89167116195304,-0.6965466729725611,0.0,3.338970684810188,2.964245583150529,0.8877722696505312,0.0,0.5555483828065874,0.24033242427764967,,1.0,
2018-03-02,131.0,17.45258390372328,-0.548954236316122,-0.03145403794328757,0.0,1.6056489089751222,-0.8485134713316118,-0.528455172602592,0.0,20.80365820170846,-0.18236235016522517,-0.008765878981334593,0.0,10.05195688647654,-6.315693282805111,-0.6283048518942581,0.0,2.7457119077662306,1.1508268348898212,0.4191360468790313,0.0,2.045855341981219,0.7485839598530525,0.3659026835827597,0.0,
2018-03-03,160.0,12.735037975493466,-0.4199192693144742,-0.032973538840052254,0.0,7.515582709776932,2.321722376364644,0.308921139720057,0.0,24.549255403180723,7.6656427620911005,0.31225561167520793,0.0,9.361037771195694,-2.6798039295731186,-0.2862720987857765,0.0,3.7661315794393837,0.6487516404422733,0.1722594197143916,0.0,2.817376608305489,0.38660912922852997,0.13722309189649162,0.0,
2018-03-04,202.0,13.937970379745817,5.863768756516718,0.4207046360952056,0.0,9.83921382039261,2.8041457992866063,0.28499693679537436,0.0,24.30089647841669,5.5259855706031225,0.2273984243960355,0.0,7.441666891521887,-0.5988688823427013,-0.08047509933896373,0.0,9.25915226837969,1.4654200296095388,0.15826719197760647,0.0,7.492196423823766,2.960921456275253,0.39520072469804496,0.0,
2018-03-05,114.0,20.860856911269366,5.921022785239384,0.28383411143771153,0.0,2.7809416987874966,1.2982065822204465,0.4668226531992636,0.0,11.256153980590167,5.349882052752806,0.4752850806748033,0.0,6.302519585646219,0.7702792029264682,0.12221766112091961,0.0,19.177764239371754,12.784490971675789,0.6666309384192637,0.0,6.357395561230074,3.5189719515915083,0.5535241464368834,0.0,
2018-03-06,147.0,23.478954073936617,3.49388170755137,0.14880908649290464,0.0,3.9027227203114245,2.5692403634060503,0.658319985182302,0.0,25.174276449346507,10.882987489332248,0.4323058702890647,0.0,16.864776335445637,0.4740319654658531,0.0281078121664474,0.0,15.49352620467834,1.700301997521038,0.10974273868059967,0.0,6.300998144339241,4.843168878154491,0.7686351856023874,0.0,
2018-03-07,133.0,26.42327194300014,-2.987902467376113,-0.11307844364700814,0.0,9.328034683530854,0.7579229859409229,0.0812521620742981,0.0,28.332586072734557,-5.56263093505575,-0.19633332872528939,0.0,20.825740667452916,-11.206671822272188,-0.5381163628809758,0.0,8.074610962059518,-0.7324951584205242,-0.09071584524162551,0.0,3.012596054926684,1.4442300999923403,0.479397195528588,0.0,
2018-03-08,130.0,21.005665852891976,-10.895543526004825,-0.5186954606585238,0.0,5.820807873700682,1.2726358751979099,0.21863560914763694,0.0,21.334294667089118,-5.318389608305999,-0.24928827933131983,0.0,20.212988785933703,-9.343028258480253,-0.46222893395073283,0.0,3.503883272198432,-1.7655006181283124,-0.5038697014072016,0.0,2.7388229446878487,-0.12406632316131826,-0.045299139691360533,0.0,
2018-03-09,143.0,30.07019186787511,6.0880623788802035,0.20246170711615125,0.0,6.107523761616899,0.9404375433491245,0.15398016938703718,0.0,19.852947104154737,4.984621664719262,0.2510771644415504,0.0,20.039592486551552,-10.511561687424036,-0.5245396928344865,0.0,4.935434867933504,-1.2701717516478976,-0.2573576160229476,0.0,4.001249098182592,1.2550015972697832,0.31365245363999394,0.0,
2018-03-10,99.0,8.765278764003595,3.4457017094312232,0.39310805762181805,0.0,2.7129721049423074,1.0803236660724052,0.39820669888361376,0.0,10.196290305888397,2.6692586349199554,0.26178723387058217,0.0,4.9683003118916504,-1.2060180631269921,-0.24274258547543556,0.0,4.008750302091355,1.544109232600322,0.38518468755581114,0.0,0.7716185881727112,0.22817875235558147,0.29571443178415013,0.0,
2018-03-11,174.0,10.793127499862745,2.138569713982783,0.19814180032710435,0.0,3.9173047232761684,-0.08059240947704704,-0.020573433819987587,0.0,26.557123636463075,4.853675013608628,0.18276358087758066,0.0,9.367985454082367,-3.4186425274177785,-0.3649282488934702,0.0,9.596700562920882,4.024559178907142,0.41936904798894914,0.0,2.5775853623636,0.07951561611765182,0.030848877898940818,0.0,
2018-03-12,135.0,45.402447169981315,-16.45577039199951,-0.36244236638591487,0.0,5.434260958470981,-1.17675641124253,-0.21654396434683362,0.0,27.864737191412132,-2.5284335376707388,-0.09073954368570172,0.0,9.224006243137406,-5.40557587511335,-0.5860334146168926,0.0,14.20270757667458,-4.664526010539801,-0.3284251249529671,0.0,1.2316920058219634,-0.27909744078526194,-0.22659677863136546,0.0,
2018-03-13,123.0,30.274674863780092,-15.967264391316814,-0.5274132410392843,0.0,4.319797502626893,-0.17887211320144117,-0.04140752271204102,0.0,14.584428074304014,-7.671573112279883,-0.5260112411124479,0.0,5.869100389252704,-1.7846321383665609,-0.30407251878576114,0.0,9.289208434915052,0.9341599154543933,0.10056399552228758,0.0,0.5169099150953068,0.2583457549289391,,1.0,
2018-03-14,121.0,42.68211802015139,-19.480778564407096,-0.4564154608074906,0.0,3.2107611328829027,-0.06239575605225619,-0.01943332234006203,0.0,13.782327996625098,-0.6592319258198857,-0.04783168170002288,0.0,30.32797031244263,-10.551230838180436,-0.34790428536695023,0.0,19.013731971819652,-3.044512451429085,-0.1601217717774381,0.0,2.5303683620149906,-0.6513751136761647,-0.2574230390540687,0.0,
2018-03-15,123.0,27.585580718165147,-8.462267359173286,-0.3067641549993134,0.0,1.5158805097526002,-0.23285555854621004,-0.1536107609063549,0.0,32.8508872827224,12.079231435246218,0.3676987878984679,0.0,20.575050853927678,6.550941238151592,0.3183924688526857,0.0,12.882790113471852,-1.8489118114123908,-0.14351796428624092,0.0,4.37455537604546,-1.8324636090113837,-0.41889139615096305,0.0,
2018-03-16,130.0,24.47755431541009,-7.616902172729262,-0.3111790530450979,0.0,2.844815486794681,-0.32780660241581283,-0.11522947760143139,0.0,26.149951790786872,16.960170900449683,0.6485736966606981,0.0,18.570893592303033,-7.929360008904686,-0.4269778387072941,0.0,9.86623687476094,1.0167507502350597,0.10305355153554385,0.0,0.9969243481827961,0.07324548376809996,0.07347145638644756,0.0,
2018-03-17,185.0,10.041248192850611,-1.8570342429987008,-0.1849405778378143,0.0,9.46374688158539,0.8379994630246739,0.0885483808379594,0.0,20.631404894666044,4.218742070373949,0.20448157030084968,0.0,8.089337613346284,-4.268387663773801,-0.5276560168204073,0.0,3.120491896865127,1.5401805075321446,0.49356978272541685,0.0,3.029819599032629,0.7912453879958058,0.26115264032500063,0.0,
2018-03-18,154.0,8.518882255018976,0.4662591943956286,0.05473243794641342,0.0,6.713940899906444,-1.862113488411567,-0.2773502948823269,0.0,17.19873752116109,5.996352498089768,0.34865073617827697,0.0,4.955106451176103,-0.12018870864877101,-0.024255525049364783,0.0,1.9608437012502644,0.25451127954418007,0.12979682132844128,0.0,1.5042608780349784,0.18165873947983752,0.12076278930895218,0.0,
2018-03-19,145.0,40.542691115362686,-23.984064046223626,-0.5915755315299096,0.0,5.559607618430158,0.306912888158886,0.055204055613829024,0.0,19.337024382868545,-0.013142202616288706,-0.0006796393465755733,0.0,12.210585052758685,-6.269409379901729,-0.5134405397295283,0.0,7.866897569590941,-0.0802838898020865,-0.01020527966608075,0.0,2.638457150031166,-1.37725419752417,-0.5219922550221828,0.0,
2018-03-20,137.0,41.42212481023307,25.303369757645306,0.6108660498119659,0.0,5.664438800733474,2.8518921413359988,0.5034730256008264,0.0,13.070333443160047,1.661279171202315,0.12710304434288888,0.0,8.72987318821833,3.860478375090869,0.44221471398930484,0.0,4.972022291105526,3.2506227270685293,0.6537828144663759,0.0,4.368897549116804,2.915488538718156,0.6673282002933527,0.0,
2018-03-21,139.0,45.40240696519322,24.890318590537404,0.548215838195958,0.0,3.606860486637737,0.4578073398387684,0.12692682224189097,0.0,11.223002763843391,7.723850090978142,0.6882160018584063,0.0,27.280296289944086,14.705397598447178,0.5390483095254285,0.0,10.400585314608172,2.5272060024905567,0.24298690179878263,0.0,2.8663087327877244,2.144602160273651,0.748210454701384,0.0,
2018-03-22,132.0,21.82300956438121,1.6852270329147685,0.07722248519128819,0.0,3.4484775141172523,0.9200494458544173,0.2667987371493513,0.0,18.081690729246475,-4.15866635445854,-0.22999322445727097,0.0,26.06643172675103,0.4011907514523487,0.015391088264705647,0.0,7.257873212896806,-0.47153246686614514,-0.06496840782892986,0.0,1.6119664554935245,0.2985347092557171,0.1851990829203185,0.0,
2018-03-23,157.0,38.048433621595905,15.067235056879838,0.39600145453367175,0.0,2.2891556595204685,-1.0743161599152768,-0.4693067312601731,0.0,13.325889052997802,-0.4743780319333428,-0.03559822763394735,0.0,5.692686900678375,-0.19260242879412584,-0.03383330791847593,0.0,34.168955863729934,21.269490244257938,0.6224799589745534,0.0,0.5344103735551405,0.07479267369242892,,1.0,
2018-03-24,122.0,8.76914914667577,5.918972705502138,0.6749768542534045,0.0,2.822842994064555,0.3129093721514112,0.11084901739464413,0.0,18.50691841173102,6.755671538793116,0.3650349230756258,0.0,4.492620143370002,0.9062995297383192,0.20173072746330303,0.0,2.3789642994815923,1.4727719617853554,0.6190811531330217,0.0,1.5596531522824042,-0.4955608549872472,-0.31773786002486576,0.0,
2018-03-25,170.0,16.2646829723817,5.708315710160661,0.35096384724213103,0.0,7.546014750070751,2.6340107621170477,0.3490598480598453,0.0,27.55047373889829,1.8030495576152732,0.06544531955069659,0.0,9.689261583931504,-1.4803201701533328,-0.15277946181247382,0.0,5.566858569625758,1.8949830308432642,0.34040437836570686,0.0,1.611547166183294,-0.3464830051009737,-0.21500022610046612,0.0,
2018-03-26,140.0,12.567613123377665,3.6855578940063753,0.2932583823057601,0.0,2.307233543928299,-0.5489628972635232,-0.23793122231087982,0.0,27.41700948200014,-4.025689887331326,-0.1468318377310362,0.0,6.190793281544751,-0.9187475270972714,-0.14840546038520314,0.0,8.374229097491472,6.658418228141061,0.7951082004832674,0.0,4.235804777126754,-0.6432375004185962,-0.1518572111472331,0.0,
2018-03-27,138.0,21.96431145968381,0.43345495446966575,0.019734511380667955,0.0,3.2531800717915695,-1.7415135919956846,-0.5353265277555355,0.0,15.978311004029816,4.002096817826189,0.250470579576079,0.0,9.556889104133,-4.049754944070036,-0.4237524261235454,0.0,12.977578278900179,3.4441446845405173,0.2653919406627845,0.0,5.8437244360538845,2.767963238422216,0.4736642305281852,0.0,
2018-03-28,112.0,31.46938404651155,-16.008355134035444,-0.5086961699147081,0.0,4.447877401646107,-1.272375766133089,-0.28606358746808036,0.0,11.58336457925179,-0.7574509423511533,-0.06539127186827091,0.0,38.578045502858004,-27.18908312007631,-0.7047812496893354,0.0,20.482359990943223,-1.9785855950507079,-0.09659949321882771,0.0,1.6567883941534047,-1.0680049512529974,-0.6446236314920185,0.0,
2018-03-29,145.0,25.95381040500797,0.3549061348602711,0.013674529069989255,0.0,5.74728198358934,-0.8963913535517023,-0.1559678742249359,0.0,22.935297051953963,9.96863467424851,0.43464162036650994,0.0,26.80318611453549,4.96579214730112,0.18526872611641304,0.0,23.96855151443742,3.84111917475194,0.16025662512139074,0.0,2.2231981403601764,0.3066575901656019,0.13793533945468345,0.0,
2018-03-30,176.0,16.95084053358005,4.093243947630288,0.24147734382383382,0.0,5.2991216106893235,2.759058744264605,0.5206634131021008,0.0,16.09372717531369,0.205780140252953,0.012786356945866523,0.0,10.585804165879377,-3.9878238339603316,-0.37671430261425565,0.0,11.834851482592054,2.0901103698465997,0.17660638774563028,0.0,0.828899330816053,0.04030241126895864,0.04862159947611592,0.0,
2018-03-31,159.0,5.869528784693097,2.6472175090315795,,1.0,17.28368010606209,15.641558898765979,0.9049900717197288,0.0,16.85573818978446,2.701481258252347,0.16027071777192164,0.0,7.033539138748887,-0.47785022307817615,-0.06793880202437819,0.0,4.494211684155739,2.729752004449691,0.6073928413459877,0.0,1.6399213698459743,0.25678716012801867,0.15658504416717053,0.0,
2018-04-01,153.0,9.051052663300647,-2.7906026866991436,-0.30831802559432847,0.0,7.792618160710841,1.517412675107585,0.19472437168269602,0.0,25.273557042462926,2.5360133532785296,0.10034255759953738,0.0,6.118676129146475,-2.002499134478505,-0.3272765369847814,0.0,2.0405912044370735,0.8856782158269559,0.43403020355136884,0.0,1.4181680739711686,-0.19776020952405343,-0.13944765303472337,0.0,
2018-04-02,142.0,39.91265243047383,-15.191810618865734,-0.3806264353222135,0.0,3.291525450869807,0.49969161588837974,0.15181156073283072,0.0,25.371570159913972,3.8740048284398725,0.15269077964124741,0.0,8.75144450626976,-2.599862462760602,-0.29707809503882404,0.0,4.986431710036408,0.6447241437727329,0.1292956930454033,0.0,2.1954649173130685,-0.4762528014031745,-0.21692571703037689,0.0,
2018-04-03,132.0,31.592148385214383,-6.016989932877891,-0.1904583967988051,0.0,4.341198687892751,0.4549664206233809,0.10480202665965166,0.0,23.767457773152273,-4.616229649499296,-0.19422479650784485,0.0,10.145138349304029,-0.6233510990800357,-0.06144333153650867,0.0,8.515371610206778,-0.08682764907784679,-0.010196577795122012,0.0,2.052790407054994,1.4939163731103646,0.7277491009194602,0.0,
2018-04-04,151.0,51.28937533387216,-0.7605059262852274,-0.01482774787828191,0.0,4.515726286845159,2.124832008252885,0.47054047860313636,0.0,33.78165886485658,-18.49586420868253,-0.5475120177690259,0.0,32.93565772862348,-8.40045830050924,-0.2550566431593874,0.0,13.713891568113464,2.877694437209768,0.20983791675156396,0.0,2.1754406617401334,-1.0640175714637101,-0.48910438706822884,0.0,
2018-04-05,134.0,38.572995926384465,-5.1423150761147,-0.13331386252518918,0.0,8.956564566244193,-2.215310500890743,-0.24733931012342403,0.0,23.021751269239758,-4.899757736912353,-0.21283166860807443,0.0,31.650133589850153,-8.54996005693306,-0.27013977785152027,0.0,17.284386226092465,0.4957034630636512,0.028679263271457017,0.0,19.917219763796307,0.03868706194473881,0.0019423926834939381,0.0,
2018-04-06,153.0,38.539969471181394,-29.917569500225987,-0.7762738245705441,0.0,4.189847574969457,-0.06829406318283704,-0.016299892051164864,0.0,50.83252480864758,-28.110986756693183,-0.553011814040584,0.0,9.074445323210961,-2.793859784040883,-0.30788215527561147,0.0,7.166135942577961,-1.4374598704370884,-0.2005906505200868,0.0,1.6507260891594282,0.015323181264192715,0.009282691637832829,0.0,
2018-04-07,158.0,13.365598750475327,-7.359252557494825,-0.5506115135495224,0.0,5.076008551550326,1.458902079312685,0.2874112729512845,0.0,17.68807785808167,-5.816035752523317,-0.3288110669337638,0.0,5.840033423963173,1.013408889850028,0.1735279263457206,0.0,2.5578931731943113,0.22287078107623767,0.087130605535772,0.0,3.7290845638926795,-0.2873361904998923,-0.077052741920111,0.0,
2018-04-08,153.0,8.738933195832939,-5.465567583257775,-0.6254273217083257,0.0,4.061982109153173,-0.3246066339562157,-0.07991335885619853,0.0,29.372240811884694,10.803994297810835,0.36783010077458195,0.0,3.336286745470711,-1.0592165734612957,,1.0,1.3458364223915795,0.05622302736597867,0.04177552816267907,0.0,1.1766667470874328,0.03395910891998298,0.028860430537398056,0.0,
2018-04-09,129.0,18.766780420948635,-0.023587618895041018,-0.0012568814877117157,0.0,10.783260084775971,0.9719524235461996,0.09013530378613625,0.0,31.655713557236595,1.1718584740537878,0.03701886144297314,0.0,9.198422160101469,0.35752174773463624,0.03886772551986159,0.0,7.096601464436384,2.3354483239224377,0.3290939100393628,0.0,5.048208094856813,3.109559243382053,0.6159728729388388,0.0,
2018-04-10,114.0,9.4462665013998,5.114204229094614,0.5413995284101675,0.0,2.5282087227897083,-0.13398177977067002,-0.05299474626558132,0.0,43.84313272291911,32.2091922646332,0.7346462322432485,0.0,5.095919257117199,1.127998835549217,0.22135335719336627,0.0,4.737898907565972,2.2261879768082573,0.4698681884607643,0.0,33.70412412311998,24.502482751544285,0.7269876725482489,0.0,
2018-04-11,106.0,30.497333891282324,0.432793748827135,0.01419119947894361,0.0,0.7000975722912642,0.2602550258755718,,1.0,20.038546075462364,14.261830402297555,0.7117198198207343,0.0,16.512052167163347,-4.409394405473344,-0.26704096867148197,0.0,4.241393668271481,0.7072628850037677,0.16675247343687444,0.0,8.795910054977863,5.155010048568904,0.5860689816457972,0.0,
2018-04-12,44.0,12.186413057264872,-1.123334748948573,-0.09217927733697671,0.0,0.32511103984870504,-0.166534735332162,,1.0,7.0070178608730185,3.94025350741653,,1.0,3.9092473175987816,-0.6336844632717086,-0.16209884199931954,0.0,10.266680012107827,-0.6271582242441419,-0.061086760618283026,0.0,1.039170555093731,-0.5942663676997053,-0.5718660568149988,0.0,
2018-04-13,133.0,33.188156223419355,10.658110140754658,0.3211419781504379,0.0,6.2810564097744574,2.71206065535939,0.4317841583366349,0.0,18.682331561125466,6.397513279351962,0.3424365560808279,0.0,22.645791618924704,7.672069463019305,0.3387856601403983,0.0,22.375318494916428,3.4849867421204657,0.15575138038424968,0.0,5.193708024584334,-1.862908451799994,-0.358685633266627,0.0,
2018-04-14,171.0,16.652985319757132,8.116405467973696,0.48738441259204,0.0,9.821011974570858,2.677231493541769,0.2726024059917465,0.0,16.922162575516264,10.26721675875845,0.6067319536105577,0.0,11.094127811775245,0.2135062556880111,0.01924497890328943,0.0,11.29882409512356,3.823645390873964,0.33841091415204916,0.0,2.972521942188899,-1.0573364366772515,-0.3557034926035407,0.0,
2018-04-15,174.0,16.826670901689788,-2.0930462190190102,-0.12438861086947507,0.0,6.0282063577906175,-0.8181492702867239,-0.13572018304074476,0.0,17.67679568586754,2.4244663000085835,0.13715530479016202,0.0,6.594010705419344,-2.2342620017679105,-0.33883202523945904,0.0,8.297485178067284,3.8999444612785448,0.4700152368560122,0.0,1.5609470229392108,0.7787609120839365,0.498902845925902,0.0,
2018-04-16,156.0,27.529089920091792,-4.283948836695549,-0.15561534540845673,0.0,6.380787558977312,4.029767347246128,0.6315470167278229,0.0,22.46770828356966,12.51704346927848,0.557112604067057,0.0,11.999362733862649,1.3233933093713919,0.11028863271519634,0.0,12.039619081100676,3.6589455421545014,0.30390874640695,0.0,9.748431739026268,-3.5369270444597336,-0.3628201067767874,0.0,
2018-04-17,155.0,33.676291778625455,11.908654208991816,0.3536213038916093,0.0,19.94266327009245,13.205553383310617,0.6621760195447255,0.0,20.102754847779572,1.7528849032729266,0.08719625327702485,0.0,29.045375691915975,10.873385902386545,0.37435859042487335,0.0,12.183334124143581,2.983787732696429,0.24490732194428527,0.0,7.482413909885503,-2.6172853384443644,-0.349791573944673,0.0,
2018-04-18,130.0,50.53783025813027,12.518444152158986,0.24770442435337997,0.0,2.193157332061668,0.9441611215697652,0.43050314164292564,0.0,13.661081552563697,7.142076053833423,0.5228045836892842,0.0,53.46617985625926,10.771390776613462,0.2014617615391959,0.0,25.778691722574873,9.54280905456844,0.37018205412696054,0.0,2.2232947014708717,-0.6847930652896641,-0.3080082297846631,0.0,
2018-04-19,112.0,22.803841774293687,6.580212671011437,0.2885571973415979,0.0,2.658749228176016,-1.492872042779803,-0.5614941142094696,0.0,13.991246035555376,7.470556378767351,0.5339450367596091,0.0,30.654669515031856,10.196272221123525,0.33261726133187214,0.0,13.00823306148959,2.194266206294953,0.1686828792137035,0.0,0.9593783158343234,-0.3885115340504729,-0.40496176288141744,0.0,
2018-04-20,151.0,29.687490504395097,-2.1014115959740614,-0.07078441324176447,0.0,4.129237772431218,-0.6570504448946607,-0.15912148466756895,0.0,17.244893042035976,3.10563124877547,0.18008991074663175,0.0,11.91526473015255,-2.870742506278915,-0.24092981325159035,0.0,27.686210903004394,6.329366468955921,0.2286107871940354,0.0,0.6659897625504455,0.06729929580374405,0.10105154701780639,0.0,
2018-04-21,197.0,19.847490201274915,2.5384269838439675,0.12789662360840517,0.0,1.5547337498573968,0.7040582919849645,0.452848143323281,0.0,28.14358999948308,6.603330686552605,0.23463000586186375,0.0,6.670899431468562,-3.843982355748114,-0.5762314955034306,0.0,16.919513533226556,4.100202073606538,0.24233569514599562,0.0,2.748349151639551,-0.6691330090645402,-0.24346724966344369,0.0,
2018-04-22,170.0,10.962773272774935,4.898798677420793,0.44685761125668083,0.0,9.634834115771806,3.3688130275284722,0.3496493024217066,0.0,41.03801976946124,18.354145842617104,0.4472473561279261,0.0,4.981098266609472,0.06408187111478728,0.012865008414782077,0.0,8.423437827615995,4.420779645500469,0.5248189321237787,0.0,1.8159384762257036,-0.35552624382147074,-0.19578099614938843,0.0,
2018-04-23,129.0,32.51817182217201,3.8159637160167046,0.11734865468097593,0.0,3.0680900155930373,1.401593087817102,0.45682919363309005,0.0,12.214463917654934,5.839391998121066,0.47807190208984435,0.0,4.2970002980728115,-1.8761227104276252,-0.43661218996634915,0.0,10.188351136275736,1.8987173940946491,0.18636159754390924,0.0,5.117865546009847,-0.38783612185225513,-0.07578083448374924,0.0,
2018-04-24,130.0,43.98298003821401,11.98344249673541,0.2724563566707795,0.0,7.196767425586581,2.633059071780692,0.3658669116386072,0.0,18.287205307933615,9.799673882236442,0.5358759699594453,0.0,17.093855191546023,5.778575720703777,0.33804988143117315,0.0,16.970780573967204,9.019711166702585,0.5314847556593018,0.0,6.981462103591179,-1.792223058138763,-0.2567117075973048,0.0,
2018-04-25,142.0,28.7606410272856,-6.556982017522124,-0.2279845574826176,0.0,1.873907916691672,1.098728529304193,0.5863300536367685,0.0,21.5608330443938,10.914636278577802,0.5062251656095358,0.0,43.75537075322791,-4.132659452074694,-0.09444919288610579,0.0,6.52734662235161,3.3421007573116164,0.5120152108771506,0.0,5.695649128014334,-4.8564053834182666,-0.8526517828374987,0.0,
2018-04-26,124.0,23.77986655094719,15.865585349218012,0.667185634335953,0.0,3.766086068542786,1.159073846418081,0.3077661597007957,0.0,14.853036153421268,10.1854965976471,0.6857518215426252,0.0,12.461163198124266,6.00233552050976,0.48168340507836943,0.0,2.2781990043076754,0.8974659292320571,0.3939365821577071,0.0,2.750504910844024,1.8733681396857085,0.6810997254721657,0.0,
2018-04-27,150.0,26.537336786619562,-1.6819635312415595,-0.06338102217135916,0.0,8.115322367309995,2.029467211727878,0.2500784466557907,0.0,23.17589569473057,9.400711303040541,0.40562450862159993,0.0,12.650819953632885,2.2654444966845757,0.1790749141152718,0.0,7.42275704935309,-0.2698365457422308,-0.036352603749269644,0.0,4.702518042409787,-2.01597314458394,-0.4287007782645024,0.0,
2018-04-28,191.0,10.08240468180156,-0.4367310291043549,-0.043316157492928394,0.0,3.773309934615093,1.1553677138993521,0.3061947557767233,0.0,30.931044804587145,0.16530003219521805,0.005344146414695428,0.0,5.519774961270736,-0.43320613183431456,-0.07848257127761309,0.0,1.7296340909961088,0.47185134709408016,0.27280414369165074,0.0,4.832488386527979,-2.199260155748355,-0.45509890140232034,0.0,
2018-04-29,174.0,15.301905658772736,2.4052696585512443,0.157187589061646,0.0,6.399504150744173,1.5358040345032058,0.2399879738064727,0.0,29.028892703150632,6.517605655292504,0.22452133196886012,0.0,11.452647213387532,3.358084860461161,0.2932147300002168,0.0,4.835550316311122,-2.657416746308985,-0.5495582865398118,0.0,3.007007620122743,-1.0556519166357419,-0.35106393132207997,0.0,
2018-04-30,114.0,30.70062866992521,-12.477826717556523,-0.4064355440962024,0.0,2.891921945571079,-1.0536440600172141,-0.36434042130039124,0.0,19.34782297172933,8.509640952240533,0.43982420992142934,0.0,10.299927837251742,-2.5932100038854458,-0.2517697254641518,0.0,9.593762371376211,-0.20554930206908248,-0.021425306789165002,0.0,8.181456381622407,0.9257452479436555,0.11315164498378436,0.0,
2018-05-01,118.0,25.226091068441747,1.0125802216141548,0.04014019527904223,0.0,7.265062776117698,-4.932352778290741,-0.6789139929395752,0.0,16.060791482319473,6.90961657640735,0.4302164425715758,0.0,11.018249696935525,-5.257297988551562,-0.4771445677087677,0.0,5.616312868834935,2.4484936217646274,0.435961044006537,0.0,2.4812704837968287,-0.9567123942813728,-0.38557360051187,0.0,
2018-05-02,117.0,31.93036376470991,-1.1145341947149316,-0.034905151814986136,0.0,2.559443922633359,0.5727350421635601,0.2237732333569883,0.0,14.756765997706678,6.52243295127232,0.44199609536980927,0.0,24.399332821813005,-9.669368247306169,-0.39629641998496584,0.0,7.37507389912207,-1.1648996784392418,-0.15795091606850362,0.0,1.7861901592841551,-1.0717932285627467,-0.6000443026694792,0.0,
2018-05-03,128.0,26.715323305892525,0.21487294009151636,0.008043059693914407,0.0,6.574166957230769,1.3776886208061385,0.2095609420583473,0.0,18.664703650094452,5.310592445054029,0.28452594504639533,0.0,24.374421989217808,-14.975887472925073,-0.6144099531693412,0.0,12.382913012086645,2.3854445659564267,0.19264001641843526,0.0,2.063606468887879,-0.026887289467343554,-0.0130292717495859,0.0,
2018-05-04,136.0,31.581759210122982,18.892937017463296,0.5982230721145988,0.0,8.126370939135082,2.9648911383884404,0.36484811739396233,0.0,8.44468844240327,5.809648793241333,0.6879648471185004,0.0,6.483769016318542,2.3573699935451824,0.3635801934973445,0.0,9.078532172788977,4.14264477394508,0.4563121763628047,0.0,1.6601042415786589,1.0485999749259258,0.6316470668906734,0.0,
2018-05-05,163.0,14.195566877853704,5.52150390374136,0.38895973308085197,0.0,8.531458221674253,-0.4472972029009987,-0.052429161730480706,0.0,15.743676119054722,4.8841603149352135,0.31022997919932227,0.0,5.6899772154574695,-1.8956085185549114,-0.33314870108886824,0.0,2.988374291373469,1.1172357200600174,0.3738607052286383,0.0,2.0809640782390435,-0.3474665669342073,-0.1669738418686405,0.0,
2018-05-06,123.0,10.832372271921484,-1.3451695904065284,-0.12418051712396674,0.0,2.846593811074851,1.3123775429760665,0.46103435547080146,0.0,20.802087244024733,6.2581436175327,0.3008421003200201,0.0,7.929169468887263,0.5659284159688067,0.07137297521378694,0.0,9.466654668009141,-0.4995965770510481,-0.05277435319779277,0.0,1.8927721350410098,-0.3218076296062359,-0.17001921343229381,0.0,
2018-05-07,103.0,19.413612905307673,13.485099312365401,0.6946207992371467,0.0,0.80965142895729,0.7358255332659551,,1.0,26.769112922716886,21.708444278489797,0.8109512011534574,0.0,4.430353223731796,1.4822406138880966,0.334564884341111,0.0,3.028034244234728,2.1033624999716527,0.6946296938274004,0.0,1.2405423475138326,1.1016617624101281,0.8880484931594357,0.0,
2018-05-08,160.0,18.625794286490414,3.103826258231063,0.16664128307710976,0.0,0.8892652247086441,0.7010420330291656,,1.0,51.5928351728071,48.038284828415414,0.9311037989580155,0.0,2.1235371864167893,0.35035773554218047,,1.0,5.2315033970662554,-0.3556411489723759,-0.06798067820653884,0.0,1.526600553945165,0.6337944968456952,0.41516721267249124,0.0,
2018-05-09,132.0,51.75229362002574,12.399742795211097,0.23959793717071065,0.0,1.285422971355722,-0.410047322213584,,1.0,13.876623831034518,10.28906062793795,0.7414671431048577,0.0,7.453202022588807,4.092120362173386,0.5490419218171175,0.0,15.150359460807518,-5.719012953053831,-0.3774836476882513,0.0,5.492911436151184,2.191200297868496,0.3989141866455876,0.0,
2018-05-10,152.0,42.7059215885165,3.5210772100172836,0.08244939060076603,0.0,3.9338335839638536,2.790361112286897,0.7093236286511241,0.0,22.095885068818454,10.36795580448259,0.46922563962435565,0.0,12.147618481249076,0.3293771681358936,0.027114546661497183,0.0,12.175944448135848,-5.471549574425777,-0.4493737301227157,0.0,3.1291685026662823,1.4230402978673529,0.4547662731025247,0.0,
2018-05-11,129.0,40.316615632516914,10.148371822022474,0.25171685824336454,0.0,3.695553469595319,1.6006628529190463,0.43313210486285475,0.0,16.158416964666685,8.293098821524831,0.5132370850225736,0.0,9.971912777007667,4.712788521587942,0.4726062719335315,0.0,6.1615103248914185,-1.9310911397376662,-0.31341197821845684,0.0,6.138932004600058,0.34668637971764493,0.05647340277720359,0.0,
2018-05-12,171.0,30.23649584135273,9.348082814415406,0.3091655482653703,0.0,10.91803307130612,-0.14995542307296872,-0.013734655509248208,0.0,26.047983063923308,6.929342177818363,0.2660222160315961,0.0,10.735837858315783,-0.6928294145568177,-0.06453426585798934,0.0,4.565920514389283,-1.4190014560554514,-0.31078102467695945,0.0,7.087202253656862,-2.1299045739427807,-0.3005282617472628,0.0,
2018-05-13,182.0,14.62497376737883,-0.0026597198193237456,-0.000181861510429255,0.0,2.4411048406036495,0.27497891828577864,0.11264527180970252,0.0,23.321210094538397,12.343489445669178,0.5292816880269821,0.0,10.636866706539871,-1.1435132400238783,-0.10750470712590686,0.0,12.513665765291073,-3.7828673814599325,-0.3022988988528368,0.0,7.24382633138884,-1.065237880193071,-0.14705458572042213,0.0,
2018-05-14,137.0,39.41050077093678,-16.501539366456164,-0.41870920297021963,0.0,1.1730597418500046,-0.312985619845678,,1.0,16.813126352732066,6.591137263062633,0.3920232992236806,0.0,9.429760771534342,-2.05656915879203,-0.2180934605467621,0.0,19.1743373792342,-3.268017524062511,-0.17043705132683087,0.0,3.3910926381795377,-0.9688241632315505,-0.2856967551767181,0.0,
2018-05-15,136.0,32.71668108779704,11.166468918855907,0.34130812012655143,0.0,3.6941080066971996,0.6918598502695837,0.1872873908979604,0.0,21.16859823500271,10.735884880997986,0.5071608786663059,0.0,13.46320603675849,4.24924892413685,0.31561939351853924,0.0,18.24977829077397,-3.0980288378778194,-0.16975706710059063,0.0,2.3641320918177313,0.4176808866271579,0.17667409028148334,0.0,
2018-05-16,137.0,29.698342974799743,-0.22120320141911076,-0.007448334797898007,0.0,5.343321866341279,2.7389649471627675,0.5125959123698106,0.0,33.64808627012826,-13.550149075859279,-0.4027019238799529,0.0,28.511569458984013,-0.31755159421267964,-0.011137639920857425,0.0,6.035802724807577,2.464858807288204,0.40837299024990653,0.0,2.2165387056229457,1.0875030271259045,0.49063119194224397,0.0,
2018-05-17,143.0,37.35553530603647,16.960191536872525,0.45402084049728075,0.0,4.411707674000347,-1.4447256268263746,-0.3274753754290251,0.0,26.550621019225215,8.084422989079872,0.3044909188084892,0.0,19.114887793984956,2.501440180771596,0.1308634509253434,0.0,3.7020500628786914,-1.741791577886315,-0.4704937935204227,0.0,0.6460360003038589,-0.19440477616177762,-0.3009194163643212,0.0,
2018-05-18,137.0,22.96519520167203,-0.44039540237652597,-0.019176645289061683,0.0,1.1178732865664585,0.08794529947210698,,1.0,23.759078716597287,11.807155196292658,0.4969534104049489,0.0,7.035879889015626,0.5789365820754658,0.08228346577935451,0.0,13.641287983729848,-0.35592870302403123,-0.026092015904110543,0.0,0.8784098855176055,0.2142994160017004,0.24396289196520585,0.0,
2018-05-19,167.0,11.909352373259022,0.3910715449078672,0.032837347712203896,0.0,2.836437892539828,0.8168835179899149,0.2879962646594225,0.0,25.361158417130355,10.785440800343311,0.4252739809021585,0.0,7.087797109743399,-0.11847754124862786,-0.016715707209756337,0.0,7.343698530399701,-0.4094095379144522,-0.055749774615566766,0.0,5.122388585441508,0.9550651846551022,0.18644918649270795,0.0,
2018-05-20,168.0,14.789856425195461,10.10586087563328,0.683296753200207,0.0,7.095577243839211,0.6048704640235423,0.08524612490812156,0.0,33.69043425802374,11.912579747862967,0.3535893796033768,0.0,9.635906225259527,-0.5583756841191785,-0.05794739706530712,0.0,7.7798119658546,4.288262435637048,0.5512038664248088,0.0,7.2232273935660425,4.1249835726022255,0.5710720911647443,0.0,
2018-05-21,126.0,27.177192710601958,11.520427947545931,0.42390058716593476,0.0,5.39462054312025,-1.4208261219503242,-0.26337832486889207,0.0,45.357707330957055,27.86697167263901,0.6143822805968754,0.0,6.823064964919464,0.5733570092186409,0.08403217793858547,0.0,9.6663023729925,4.185357445345846,0.4329843288411575,0.0,38.611488688409736,26.733251941996116,0.6923652221164115,0.0,
2018-05-22,144.0,51.643556825991254,37.315683999364076,0.7225622380173431,0.0,5.03626259954762,1.1356534654155908,0.22549528404607025,0.0,22.109539592209327,9.757169986642255,0.4413104101941752,0.0,24.04877895379468,11.97746063272251,0.49804859763296105,0.0,3.4436286813943235,0.7673597459940835,0.2228346366552447,0.0,6.670242297252111,2.879667080206321,0.43171851214349977,0.0,
2018-05-23,145.0,50.45901670123567,-8.978512480426481,-0.17793673098284157,0.0,4.201770917919924,1.4312829191692409,0.3406380183805437,0.0,18.93845513758424,4.325947190591095,0.22842133421992025,0.0,27.10927182855812,-11.470351127139372,-0.42311542706418215,0.0,27.66481540552922,-21.900331578557306,-0.7916312202892993,0.0,4.866397875019169,3.054161527846504,0.6276021004210375,0.0,
2018-05-24,150.0,29.199235284024322,-18.62165358749864,-0.6377445644162825,0.0,6.960918535674859,1.1078221801504124,0.15914885003650017,0.0,15.108702252255167,-3.341465782217935,-0.22116166739067075,0.0,19.950953343126457,-13.74208321032419,-0.6887933109752191,0.0,31.185293197828283,-21.163545376220135,-0.6786386532256156,0.0,1.3701316160077055,-0.5566153780746328,-0.4062495687067646,0.0,
2018-05-25,106.0,50.09654059523018,-40.00306323078683,-0.7985194737098398,0.0,0.29754160354786513,-0.10818575560558791,,1.0,14.186746408086034,10.444958659399878,0.7362476468492138,0.0,5.407346425810824,-3.047831745837289,-0.5636464738580663,0.0,36.177913570893,-26.248549164125166,-0.7255407118127309,0.0,3.95233936518343,-2.409927509021547,-0.6097471108505635,0.0,
2018-05-26,138.0,48.04359496135294,-26.884205751760604,-0.5595793939522365,0.0,3.094049706298386,0.9297930192186153,0.30051004588772023,0.0,21.47556695236562,8.106397066192502,0.3774706895595857,0.0,5.815944457179279,-0.6467560339967989,-0.11120395642679061,0.0,36.8345019114422,-19.876058027072624,-0.5396043653544929,0.0,1.7418145159608622,0.5135631543071629,0.29484376757754754,0.0,
2018-05-27,184.0,38.85528000713384,-17.007334149157824,-0.43770973072476305,0.0,9.39167871397512,1.8267030506145403,0.19450229359915683,0.0,21.539597791816043,4.4827803507204065,0.2081181085202824,0.0,8.23456744247232,0.10757383238207036,0.013063689517827633,0.0,32.80645050674502,-8.493330435106753,-0.2588920868888428,0.0,6.448296807568107,-2.972532342302821,-0.46097945411167784,0.0,
2018-05-28,101.0,53.326927907328354,-44.05226649457021,-0.8260792103217408,0.0,0.1661753742009703,0.00021180108361751413,,1.0,11.315202586054507,-0.8938105872979364,-0.07899200924599607,0.0,6.555210474820338,-2.184399493665387,-0.33323102317706377,0.0,27.425440599632566,-18.503647833290653,-0.6746891728528349,0.0,0.788269275115449,-0.5564548952761985,-0.7059198079167818,0.0,
2018-05-29,145.0,45.868306841133744,-29.01372343341861,-0.6325440250914103,0.0,2.8088580887560903,1.0361387973542349,0.36888257242397443,0.0,18.187856702759742,1.257371324127288,0.06913246264671198,0.0,12.010891514721147,-3.9655467998660496,-0.3301625691153465,0.0,26.7354015562596,-10.985694561652892,-0.41090441594960053,0.0,1.8328063861481438,0.41976520347310164,0.22902866699154575,0.0,
2018-05-30,146.0,47.287736726422736,-5.507758528709061,-0.11647329540370069,0.0,5.556765909939706,-0.13908407961201524,-0.025029681268960345,0.0,11.732129687996345,0.9683367350528523,0.08253716595407226,0.0,40.166321538614284,-3.9137449832642663,-0.09743847166840383,0.0,33.48937006835331,-6.631946955579491,-0.19803140345857176,0.0,0.8222784083263772,0.09017101719518797,0.10965995979234987,0.0,
2018-05-31,134.0,35.45764692182274,1.410913016204895,0.039791501655924474,0.0,6.396387984437746,3.148620683710225,0.49224979650558115,0.0,17.776382920201286,0.10435192619138078,0.005870256432921123,0.0,32.1776249251634,-9.10056158318482,-0.2828226633988775,0.0,18.297225666887236,-6.53844339496841,-0.35734616351161524,0.0,2.6749491398149927,0.6789777890926032,0.25382829863432965,0.0,
2018-06-01,143.0,36.91969806527777,-11.462330102187755,-0.3104665179525898,0.0,5.451260033332796,2.9474280097906087,0.5406874725784467,0.0,20.48533173886244,-7.877573885803899,-0.3845470498707845,0.0,16.193572846175805,-1.8936691509748442,-0.11693955181867378,0.0,7.5061462683079245,-3.724391721588297,-0.496178943023431,0.0,1.736832908987702,-0.3769448253504366,-0.21702998797399323,0.0,
2018-06-02,133.0,19.7178228174962,-4.594539738384682,-0.2330145564705964,0.0,2.934592100966252,1.092527468809456,0.3722927859206488,0.0,19.233381396377805,2.6560825166340534,0.13809753271644004,0.0,6.3724819059134425,-1.55488406611514,-0.24399976164267512,0.0,6.90064462793816,-0.5042340040522584,-0.073070565322376,0.0,4.386692380219752,-1.1067849767082307,-0.25230512668243815,0.0,
2018-06-03,174.0,22.971134038692977,-1.2064500543847188,-0.05252026531874975,0.0,7.785644740164566,3.803342765976929,0.4885071041523708,0.0,27.123068572807824,-2.3657179902673993,-0.08722162036780547,0.0,9.809976244250713,0.055866484500165986,0.005694864402236183,0.0,11.191973136359588,-2.9899106484498637,-0.26714776849637717,0.0,10.030512974175503,0.33658988908929666,0.033556597748876746,0.0,
2018-06-04,131.0,33.308476360092754,-18.665881973231702,-0.5603943504181265,0.0,6.594961042115751,3.6743737935877574,0.5571486730737335,0.0,14.089190778904591,-1.8807655682550501,-0.13348996388572404,0.0,17.704552424416757,-7.369450477172046,-0.416246076179179,0.0,22.87815062263689,-7.624752713160897,-0.33327662007857184,0.0,0.7218718023359484,0.19277061302192583,0.26704272475822965,0.0,
2018-06-05,127.0,45.06965817228047,-19.196867575026683,-0.42593772292760534,0.0,1.8191301212209459,0.9063812984982677,0.4982498436615032,0.0,8.235507641977161,-1.722978182696299,,1.0,19.931699562090216,1.0908848407379923,0.05473115011290047,0.0,29.645524898151052,-16.060572251628617,-0.5417536814344039,0.0,1.9399575568604572,-0.2833643592437409,-0.14606729834972548,0.0,
2018-06-06,127.0,56.41111489004106,-7.253271658983254,-0.12857876808713387,0.0,3.944599581205688,0.18500268715407028,0.04690024509345083,0.0,14.118269779341059,1.5631968633625686,0.11072156062989806,0.0,34.1049635411764,-11.10943238250491,-0.3257423913997741,0.0,17.369006743640053,-2.319805940076636,-0.13356008056857202,0.0,2.0044538550209783,-0.19614381076535015,-0.09785399163668816,0.0,
2018-06-07,140.0,52.35164717060252,11.657833871142497,0.22268322968238569,0.0,5.866615254410131,2.6820909177632775,0.4571785947181486,0.0,13.808917522372205,0.4225734594982775,0.0306014905812606,0.0,20.232193810596073,-0.8044917880703333,-0.03976295381517165,0.0,13.526676649184077,2.0879262601285213,0.15435618920146688,0.0,4.127821505346214,0.008763086189043867,0.00212293244213545,0.0,
2018-06-08,123.0,44.6849037509528,-4.666003542369601,-0.10442013187216743,0.0,4.618028638389655,1.9443492840301335,0.4210344794890974,0.0,25.465884166915203,-14.569267855185377,-0.5721092485810289,0.0,6.437752763871682,2.430686514407271,0.37756754624814914,0.0,19.441350217595755,-1.0513151052796066,-0.05407623922787494,0.0,2.0347800058007075,0.710535197955659,0.34919509525849496,0.0,
2018-06-09,179.0,28.564303677419957,-13.566290634942412,-0.4749386082765443,0.0,7.799193141108839,0.6807097993941416,0.08727951559580978,0.0,26.45508401245752,-1.2133787682206285,-0.04586561765025039,0.0,6.746878575184377,1.1011496665795342,0.16320875710282695,0.0,13.146953488139836,-8.194258043675129,-0.6232818919658729,0.0,3.963812442969351,-0.6420049210726337,-0.16196652346943496,0.0,
2018-06-10,122.0,14.100051175613771,1.3927114788414396,0.09877350525153787,0.0,5.918045019374399,1.6339538338955364,0.27609689154886874,0.0,23.148160776356235,6.9931550344610365,0.3021041326792544,0.0,7.214514478844645,2.103059773159407,0.2915039923097081,0.0,6.405678571572932,-1.2866940870078882,-0.20086772582033208,0.0,2.790483952252539,0.8349388882255706,0.2992093495293495,0.0,
2018-06-11,121.0,43.59703911206452,-26.078653771386065,-0.5981748830316638,0.0,3.7153703838412135,0.6270471887850834,0.16877111135735476,0.0,14.8257957524911,-1.003695265459383,-0.06769925083385404,0.0,10.22850374654808,-4.199678970991702,-0.4105858564512929,0.0,19.999131144963027,-1.7860392223058423,-0.08930584080677292,0.0,0.6699751411651897,0.005728253737998883,0.00854994967132149,0.0,
2018-06-12,110.0,27.553047956476803,-10.464829195939533,-0.37980659027160735,0.0,1.4268977054452938,-0.01030998511437356,,1.0,10.103373895311957,1.3863783530192078,0.13721934547651432,0.0,9.565178035598361,-0.37145082021790066,-0.03883365462048759,0.0,26.106648234577733,-7.097803353209182,-0.2718772356157265,0.0,12.641449375485534,4.24629513275049,0.33590255409992475,0.0,
2018-06-13,92.0,31.34060975016473,-14.392535561395235,-0.45922959623718185,0.0,0.7662800303005448,-0.485482885399074,,1.0,15.88542186048289,-2.1010983083242594,-0.13226581747577143,0.0,22.531795469294593,-13.346260549941418,-0.5923300949597716,0.0,17.633598595493822,-7.104551910013447,-0.40289858428721287,0.0,1.1521903394459476,-0.2151825882981319,-0.186759583838905,0.0,
2018-06-14,129.0,39.78425689058349,-6.171113302750406,-0.15511445443665037,0.0,4.8986229591537205,-0.24519450578809335,-0.050053761604557705,0.0,13.072908873888075,4.527617500709715,0.34633588778035557,0.0,27.555219658977876,-8.209767656265479,-0.2979387483703336,0.0,29.511582213926886,-3.5679239467890205,-0.1208991073716567,0.0,4.120400422601955,2.279022198181468,0.5531069712739978,0.0,
2018-06-15,146.0,33.169933232646144,-13.97918813080782,-0.4214415516836006,0.0,3.250698330470179,1.0004049211690542,0.3077507721315857,0.0,17.553381034231272,-6.765835075620362,-0.3854434118661324,0.0,14.31789670939906,-0.8697474463793391,-0.060745475682080365,0.0,45.04796432342846,-16.71099948237282,-0.3709601473308261,0.0,1.76393845101847,-0.07671364431218643,-0.04348997793426023,0.0,
2018-06-16,153.0,27.387195530522146,-10.033093415171033,-0.3663424903798373,0.0,6.146118222175567,-3.614121070233276,-0.5880331193749753,0.0,22.501697113781116,-2.4806488642998583,-0.11024274532522217,0.0,9.714249358039519,0.24216937954515744,0.024929294134779227,0.0,24.37995196185511,-5.467880576667707,-0.22427774202437958,0.0,2.772810729766201,0.7044814755845034,0.25406763902846846,0.0,
2018-06-17,142.0,30.132902991106675,-10.63543734493283,-0.35295097017608085,0.0,2.5808642798219745,-1.1928980054655738,-0.4622087316996997,0.0,23.351152852614174,-2.001104256120961,-0.08569616535643278,0.0,4.84451852190977,1.5431150090329393,0.3185280440262666,0.0,36.61454593516828,-4.965599733196596,-0.13561822511711488,0.0,2.1131740288183147,0.381322493404263,0.1804501135277998,0.0,
2018-06-18,143.0,39.64071839668031,-18.38984295403972,-0.4639129586405217,0.0,1.1309070574134168,-0.5637659527531953,,1.0,50.82205205959326,-22.016587667769784,-0.4332093407395952,0.0,5.93112110519723,0.09542817703885087,0.016089399515924665,0.0,36.598366781749064,-6.472278143177146,-0.17684609211591246,0.0,2.1975054315553217,0.4912240037544158,0.22353710562014112,0.0,
2018-06-19,145.0,54.24744095210917,-31.372392834585114,-0.5783202356454261,0.0,5.424776612795533,-0.8390670567294457,-0.15467310759862826,0.0,37.09480415174039,-9.601612994090978,-0.2588398352182834,0.0,8.593164114339737,-1.930481019010312,-0.22465310720516155,0.0,46.296340300403244,-19.686082080457293,-0.4252189687720484,0.0,2.0181853601825357,-0.616621023395038,-0.30553240329682474,0.0,
2018-06-20,124.0,46.177300441304396,-1.9965528631791787,-0.04323667351921062,0.0,3.8538224118019517,-0.7036017198561835,-0.1825724293110841,0.0,18.01635087057366,3.6782921321823903,0.2041641039634831,0.0,31.268313200343982,9.523057582184766,0.3045593640171163,0.0,49.669999386060226,7.777443503095361,0.15658231526530042,0.0,6.645954134313794,1.532304770187237,0.23056204409774342,0.0,
2018-06-21,116.0,29.65770738341962,-19.16869504973463,-0.6463309790577758,0.0,0.9969421263958737,-0.22902875998442193,,1.0,7.1743297886569,-1.0520117628189996,,1.0,3.3289078967209145,-1.0592470590304044,,1.0,75.66086489773443,-50.89773677409313,-0.6727088943919435,0.0,5.657073695540016,-1.0661005224751197,-0.18845441651495953,0.0,
2018-06-22,138.0,58.40037512185518,-19.51260708992757,-0.33411783827096286,0.0,0.09807105063372751,-0.01927701169138203,,1.0,7.073286420301876,1.679267568929224,,1.0,1.7309877343432096,-1.3841261956724982,,1.0,100.20166503614746,-12.449350355386684,-0.12424294896592404,0.0,13.609654420419243,-11.29858685566589,-0.8301891074261266,0.0,
2018-06-23,136.0,67.45937589714595,-43.71787859264875,-0.6480623043311962,0.0,0.37961800357151626,-0.14543518230975302,,1.0,5.185284920444239,-0.39294200304566307,,1.0,2.7468789452614084,-0.9942569431169862,,1.0,102.82759500669636,-46.869180686592756,-0.4558035290384895,0.0,9.425455750213583,-6.689711742185825,-0.7097494189640893,0.0,
2018-06-24,161.0,55.70926635291835,-41.66058358037472,-0.7478214363200336,0.0,2.885073613317211,-0.07372125830882481,-0.025552643776066877,0.0,13.24004165764199,-0.19124046260520267,-0.014444098255145671,0.0,6.559414769442803,0.5421863629946467,0.08265773427233714,0.0,74.00350254152727,-38.49973881461969,-0.5202421168243416,0.0,5.440667984294116,-1.1633160778887717,-0.2138186122084608,0.0,
2018-06-25,156.0,42.34102840736887,-17.958443395702684,-0.424138101297919,0.0,8.783882039140728,0.8382920809021567,0.09543526167208884,0.0,19.683688798482756,-2.374390997745583,-0.12062733881103649,0.0,13.757499157218257,-1.1125383019675614,-0.08086777176968513,0.0,61.75354305571818,-34.516945702121795,-0.5589468068411604,0.0,3.259616622512106,-1.0924603277721485,-0.3351499437778104,0.0,
2018-06-26,128.0,64.97928525260068,20.636899244552104,0.31759197049226007,0.0,11.279211697576098,0.8915988693437296,0.07904797722125688,0.0,11.892417399540133,0.961775507965573,0.08087300299456054,0.0,18.410387326730415,4.075193675048803,0.22135295704137342,0.0,30.582355874161294,-6.009779755277808,-0.1965113407222956,0.0,1.7436233956686862,0.2785806622514621,0.15977111969447128,0.0,
2018-06-27,,,,,,,,,,,,,,,,,,,,,,,,,,
2018-06-28,149.0,47.62576556536078,-2.243986933228144,-0.047117078467715866,0.0,13.17248438476235,-2.2886492327496515,-0.17374469127457173,0.0,20.13504442196426,3.1352167974251106,0.15570945520264498,0.0,32.22962785739219,-3.4395097087673485,-0.10671887754913877,0.0,17.371348815380763,-4.173002413711181,-0.2402232813387734,0.0,3.9479114514178892,0.9292657644776886,0.23538161276234895,0.0,
2018-06-29,137.0,39.571823429563665,-1.8825643431930965,-0.047573353463076805,0.0,6.909016252720898,-0.9390563148685261,-0.1359175142334784,0.0,26.020260488076016,-11.478471361850799,-0.4411359128057498,0.0,19.791831836686466,0.050621097992073594,0.0025576762378427998,0.0,10.132880847857443,-4.609483807725722,-0.4549035833871844,0.0,2.03912508735811,-1.2074468176563236,-0.5921396510405801,0.0,
2018-06-30,,,,,,,,,,,,,,,,,,,,,,,,,,
2018-07-01,162.0,85.21830809829407,-61.63137046212077,-0.7232174850389282,0.0,3.1299319429090158,-1.526568669903971,-0.48773222477328065,0.0,8.682948999121429,1.9872918298457583,0.22887291288326575,0.0,6.162496176781126,-2.6080150654971885,-0.4232075754178302,0.0,28.17729232516285,-10.68305016145703,-0.37913686092246934,0.0,5.781655770588252,0.33421326851097893,0.05780580542535042,0.0,
2018-07-02,149.0,67.51842159239459,-35.10854199661588,-0.5199846378009905,0.0,3.693475543346716,-0.6792543024683458,-0.18390653856959424,0.0,13.893798186909402,0.8515125889816921,0.06128724323806422,0.0,12.315439680780393,-4.969552363463648,-0.40352212282109456,0.0,29.590133699050057,-11.801414652721302,-0.3988293791690494,0.0,1.7410808159111113,-0.08079001107811619,-0.046402217714310176,0.0,
2018-07-03,135.0,74.94800031038176,0.8029648957998621,0.01071362668082601,0.0,5.789462591419573,0.33405233618989705,0.05770005953315739,0.0,16.32224222469085,8.135990888846491,0.4984603694055637,0.0,11.960782618814841,2.1495046829307376,0.1797127120719903,0.0,18.131669181544567,-4.57565499237694,-0.25235707460592205,0.0,2.7011600345213034,-1.2512993101198961,-0.46324515916423664,0.0,
2018-07-04,119.0,53.5113900443248,-8.790776965088702,-0.16427861354016565,0.0,6.312119893140329,0.725106775538017,0.11487531729649557,0.0,15.329645652192994,7.576853828005473,0.4942615113169012,0.0,30.607170624745777,2.6866092109184327,0.08777711745581343,0.0,12.054026416524717,-4.244548342074879,-0.35212701510725736,0.0,2.2196119411455535,0.019097994732917192,0.008604204356127501,0.0,
2018-07-05,129.0,33.57897465781571,-13.462209231165835,-0.4009118613165404,0.0,2.3989026415802006,0.24260697603831383,0.10113248109081419,0.0,17.815386614733136,-3.337179069662353,-0.18732004765490418,0.0,16.818039847625183,-5.233036180749979,-0.31115612926133707,0.0,36.90217428487085,-22.755832398606227,-0.6166528894189213,0.0,1.1567991956835553,-0.17141626354870304,-0.14818152034365203,0.0,
2018-07-06,137.0,38.86409291168093,-21.468406698995388,-0.5523969579782184,0.0,3.783715711731923,0.2899046200700818,0.07661902800233993,0.0,34.29056798282545,-11.369569662044848,-0.3315655100183624,0.0,16.46511075168382,-9.59892952666622,-0.5829860285443009,0.0,5.630010078792106,-1.9487203590430027,-0.34613088285289395,0.0,0.7372270187624899,0.0009597581871311489,0.0013018489050254834,0.0,
2018-07-07,166.0,32.802410759351915,-14.744769685595227,-0.4495026232604418,0.0,7.806755274010351,-0.7858475489645134,-0.10066250591724023,0.0,20.895480779407077,3.6132044969202752,0.17291798810779996,0.0,12.520386507501822,-5.436711685975731,-0.4342287422771034,0.0,7.618438391946251,-3.7244462645188117,-0.48887266299299204,0.0,2.674315837022725,-0.762679108393886,-0.2851866252428004,0.0,
2018-07-08,181.0,24.00879383761639,-1.680575673623487,-0.06999833831678799,0.0,8.639882061848759,1.1297773794869006,0.13076305572221564,0.0,33.104043548053596,9.768911112258891,0.2950972166913208,0.0,9.322559642838309,-0.08127508032441244,-0.008718107841428383,0.0,2.985415629475021,0.798240881392752,0.26738015086131267,0.0,2.4190773292721066,-0.36336251153443055,-0.15020706743747017,0.0,
2018-07-09,118.0,32.0773350915988,8.228234170112186,0.25651239875806264,0.0,3.8956257290265004,0.4328580781262736,0.11111387700851921,0.0,27.5575973559462,18.93165886916519,0.686985103404896,0.0,10.8269371780334,-0.38764775752183805,-0.035804009125344365,0.0,9.753332372594738,6.1307615518117275,0.6285812189727237,0.0,2.764346946358269,-0.0873904356818456,-0.03161341082637009,0.0,
2018-07-10,120.0,36.56733284026268,17.11009517617189,0.4679065670694122,0.0,4.805748409242364,1.0182807622413097,0.21188807143606667,0.0,9.71485662386112,1.8511990150852655,0.19055340565072754,0.0,16.2725173409126,2.964498720326184,0.1821782492664978,0.0,14.455216273432596,9.152130126184858,0.6331368519892476,0.0,3.4426831657328822,0.589509863491336,0.17123558431373703,0.0,
2018-07-11,134.0,52.88237067668524,-28.80675356052604,-0.5447326432592469,0.0,8.91127781198156,-3.2314589704899124,-0.36262576912876515,0.0,40.14489457420859,-26.738005012394773,-0.6660374948293628,0.0,17.180446508864403,-3.042957430298675,-0.1771174822917806,0.0,16.47259575979842,-11.867272399884362,-0.7204251578155394,0.0,13.285564778307156,-9.206146802164275,-0.6929435786724093,0.0,
2018-07-12,143.0,49.640160022638156,-18.46161968895657,-0.37190894792718715,0.0,5.490885042592702,-0.19927299807807686,-0.036291598992206096,0.0,25.599917388230097,-6.82029601509419,-0.266418672828605,0.0,18.814767767158624,-3.825367552417481,-0.2033172877687441,0.0,5.125305413886958,-4.004402041161491,-0.7813001797535047,0.0,2.1168892056521083,0.6696926194550197,0.316356953243909,0.0,
2018-07-13,139.0,49.39277482982288,-30.064397263047887,-0.6086800623498336,0.0,8.003943041243469,-3.859693000453949,-0.482223946443067,0.0,20.598237674268603,-3.7370114723290984,-0.18142384467178896,0.0,33.84945136582974,-15.81959657617787,-0.46735163903269045,0.0,8.580005288305978,-5.2879798575647055,-0.6163142888468727,0.0,1.4106951068242723,-0.21069754595629217,-0.14935725298616093,0.0,
2018-07-14,172.0,26.959728130183066,-5.102148280482507,-0.1892507319007546,0.0,3.4237896839913393,0.5646725224934879,0.16492617088419156,0.0,21.52139319869456,6.0381602343696645,0.28056549028321853,0.0,15.19858368676796,-0.7775204876635966,-0.05115743043481833,0.0,2.2553413198911527,0.20388462935518095,0.0904007865935879,0.0,3.651190089680307,0.3860101677218249,0.10572173955358852,0.0,
2018-07-15,172.0,24.42267103244376,-2.270120140908908,-0.09295134581689353,0.0,4.529455022304313,-0.954187964172214,-0.21066286329669323,0.0,23.249172942181758,4.976002866844734,0.21402924221087472,0.0,10.559186756807318,-0.2149021959370898,-0.020352154089759444,0.0,2.047694433684222,-1.2018268236181167,-0.5869170730985402,0.0,2.8822633693125623,-0.9632170339178345,-0.33418772349994086,0.0,
2018-07-16,136.0,73.13540881464723,-42.3038029188274,-0.5784312086918284,0.0,17.059028216739527,-6.161562682202833,-0.3611907198885263,0.0,13.006966418019143,-1.0673062999562632,-0.08205651230694924,0.0,40.17581866279943,-23.131614565092505,-0.5757596319128923,0.0,17.8075648940794,-4.285637490896136,-0.24066387046108761,0.0,9.026029433887738,-6.472331773607891,-0.7170740823542934,0.0,
2018-07-17,150.0,47.41358950868016,-18.89015790682977,-0.39841231390784043,0.0,12.270333582957388,2.8793733242592556,0.23466137287893285,0.0,20.414262566642712,-5.135335014375099,-0.25155623415789374,0.0,33.559418306162115,-21.166337804732848,-0.6307122969663133,0.0,7.203110945076326,-1.8887839806378044,-0.26221781047658016,0.0,6.006220782088343,-0.23014035116179932,-0.03831699824424041,0.0,
2018-07-18,179.0,32.85539539155434,-12.02981495398317,-0.3661442758675642,0.0,12.340704393842309,-0.16320653741272229,-0.01322505848970486,0.0,29.291465120681096,5.4928295455239,0.18752320933396108,0.0,39.92082819710777,-13.706646816706602,-0.3433457529746249,0.0,6.322856850827513,0.055081450005152854,0.008711481424404538,0.0,5.6808580921424365,-0.575968189487356,-0.10138753338760828,0.0,
2018-07-19,151.0,34.669810204432,-4.715380335529781,-0.13600825351293655,0.0,9.650564746560116,0.6633254721868711,0.06873436836153131,0.0,12.608172436564923,4.660398442274864,0.36963314593947466,0.0,37.10816017952311,-18.68390102555573,-0.5034984471115281,0.0,15.224012638333075,2.3474372517251054,0.1541930703482478,0.0,1.5489264728166683,0.6287885593550512,0.40595119935655904,0.0,
2018-07-20,165.0,52.47881811235129,-8.534963577270375,-0.16263635280424896,0.0,6.149631360261985,-2.50777900670431,-0.4077933878946322,0.0,28.639181368722348,-8.410173416843746,-0.29365970027441957,0.0,28.681267492982442,-15.122842549423625,-0.5272724628757703,0.0,23.084045036041054,5.028850618707864,0.21784962777781508,0.0,6.433068279926369,1.9353761324459249,0.30084806319949037,0.0,
2018-07-21,148.0,27.087615401753283,-8.182250647654875,-0.3020661112578137,0.0,3.2968588138610304,-0.6725394213244195,-0.20399400134966422,0.0,22.761227779934416,0.5089094829926617,0.022358612984897955,0.0,10.946780193720766,-5.235801549994555,-0.4782960338417947,0.0,10.519932344861443,-0.19800437889621797,-0.018821830065564538,0.0,2.9953359460196167,0.3463516212147382,0.11563030907267385,0.0,
2018-07-22,163.0,17.86941427559941,-0.13893736597897166,-0.007775149416547463,0.0,5.776884856859391,-0.6277752055578936,-0.10867019528915868,0.0,16.320382148114728,3.1655002458425754,0.1939599340943277,0.0,5.605675714592503,0.16541793067594251,0.029509008208472035,0.0,5.467790393144235,-0.7948669201542424,-0.1453726026423549,0.0,2.8904391602991333,0.40602599599755596,0.1404720782829195,0.0,
2018-07-23,161.0,52.049357491137926,14.331335595004898,0.27534125848613966,0.0,17.07198539891396,-1.936121146278715,-0.11340925504785647,0.0,25.036454584187588,-3.681741699216272,-0.14705523447164,0.0,13.638027213302845,-5.5552308417830005,-0.40733390210310627,0.0,13.16165068035479,-4.280889867577943,-0.3252547854022324,0.0,3.266837478884548,-0.9042305430786703,-0.276790795049718,0.0,
2018-07-24,169.0,33.271149021660676,12.433909449370464,0.3737144587725406,0.0,9.523537525528802,1.1329029364123286,0.11895820574817584,0.0,30.254316689817642,-0.28086273689110497,-0.009283393830065639,0.0,19.043746455288776,1.824011270127607,0.09578006483178354,0.0,6.484482560081226,-0.3139896058931245,-0.04842169024033761,0.0,5.280693590699222,0.7131231837642545,0.13504346948292245,0.0,
2018-07-25,142.0,46.51833209353936,4.77847224555304,0.10272234687917137,0.0,15.364069942996135,8.31582015278693,0.541251125752508,0.0,21.55565466359985,4.698786516512505,0.2179839392420381,0.0,50.42409319946455,3.5832843337997424,0.07106294048016303,0.0,1.4584131160372567,-0.5823642892028885,-0.399313666888341,0.0,1.1292166717903396,0.3363769242876488,0.29788519129312285,0.0,
2018-07-26,88.0,70.25442510581343,39.09842184710796,0.5565261090418151,0.0,56.813943066226784,31.89227078148877,0.561345843296119,0.0,6.394285989459601,4.008872482191253,,1.0,5.972743429214457,-2.327973970932258,-0.38976627717598716,0.0,4.666359980255944,3.6269818369851756,0.7772614741107565,0.0,6.962588184920602,-0.1755868733243665,-0.025218621101941393,0.0,
2018-07-27,163.0,52.99506653079152,10.847572611758393,0.20469023480620918,0.0,31.655731473081683,13.355385727492632,0.4218947124582898,0.0,14.762769970824587,-2.648586887122769,-0.17940988665115873,0.0,22.38257689468446,-9.149937289571891,-0.40879731286636933,0.0,3.2697845258080562,0.5134559018623868,0.1570305008815519,0.0,5.403955317131469,-1.7367918796771533,-0.3213927165850583,0.0,
2018-07-28,194.0,39.58239032248821,16.187254662824483,0.4089509130434679,0.0,30.539132177204007,13.779343336778034,0.4512028454778309,0.0,25.153229771553015,3.5740909248418227,0.142092723570789,0.0,10.194049965059088,-0.7715376345767551,-0.07568509446405121,0.0,1.3652870667428876,-0.41997758546859865,-0.3076111945237443,0.0,2.995081175751687,0.6549031900482802,0.21865957936312586,0.0,
2018-07-29,170.0,25.804968221724263,10.335299289998705,0.4005158697036408,0.0,19.110300908243513,11.383544945250643,0.5956758608829744,0.0,30.54246683118981,10.650055382026789,0.34869663412881263,0.0,9.506467520855942,-1.303567120954989,-0.13712423864018194,0.0,0.9591389993729466,-0.07607489626583713,,1.0,2.681015686328458,0.5213300313480271,0.19445243606984167,0.0,
2018-07-30,151.0,56.7114245061166,4.983566369049107,0.08787588060870533,0.0,21.342978676868366,1.4706512006684331,0.06890562104446708,0.0,23.53710737108485,5.4875746916521875,0.23314567100941339,0.0,24.9544111787618,10.259719965914748,0.41113853147721596,0.0,2.9107938192464573,-0.7994902876481109,-0.2746640048366881,0.0,2.4155231230542933,-1.1215912962149868,-0.4643264581118137,0.0,
2018-07-31,145.0,58.231926152904634,-11.098553927596907,-0.190592251722096,0.0,11.741414042917306,1.1294037607156953,0.09618975675225233,0.0,11.281815864400407,0.4100835077302136,0.03634906939265209,0.0,30.78338115811493,-5.501357935778719,-0.17871194549817943,0.0,14.418486596114233,-7.52630480792773,-0.5219899299248273,0.0,2.069023819320131,0.629285495928206,0.3041460857299292,0.0,
2018-08-01,133.0,43.99434654801007,-33.073270223637536,-0.7517618243868084,0.0,7.54026801954023,1.867655284403968,0.24769083533423905,0.0,15.220098356105149,-10.913569438966235,-0.71704986286035,0.0,46.17228637957305,-38.66531289358683,-0.8374138671783998,0.0,2.7281983208667895,-2.4549024595033844,-0.8998255151492891,0.0,8.856786212127187,-5.3356429584389815,-0.602435559654035,0.0,
2018-08-02,153.0,45.63928566817776,-17.627505190237013,-0.38623534378689645,0.0,10.316129639846615,0.9836721556958505,0.09535282998929782,0.0,11.359685324765447,-0.9843988101196408,-0.0866572252642893,0.0,44.26816327459528,-18.207249732336294,-0.41129444696850825,0.0,8.33287958217988,-7.1993570584021835,-0.8639698902883741,0.0,4.970540618283842,0.647107800982311,0.13018861541981228,0.0,
2018-08-03,150.0,42.393544572551036,-19.349470461158496,-0.4564249263952061,0.0,9.343064346227033,-2.190903006894752,-0.23449512126923264,0.0,17.406337119107768,-2.3995717216888153,-0.13785621324400818,0.0,31.77475674978632,-7.262263793440137,-0.22855450477961484,0.0,5.568774212217244,-2.921337209885539,-0.524592504303095,0.0,3.1613545067812012,-1.1230140153205115,-0.35523191496290984,0.0,
2018-08-04,133.0,39.04680150788772,-30.857331616214932,-0.7902652822915992,0.0,19.177872379943437,-18.418317716196924,-0.9603942163813297,0.0,15.941243428052982,-7.346869475517502,-0.46087179514420273,0.0,7.605287933547511,-5.99505133340544,-0.7882740779557874,0.0,5.539524350271672,1.4760088914252227,0.2664504744622768,0.0,9.551304895838253,-7.308141919872417,-0.7651459145709777,0.0,
2018-08-05,177.0,32.58447622741369,-15.120227743340237,-0.46403163389256563,0.0,17.117663365403125,-3.4350160087091353,-0.2006708471467969,0.0,24.550467225904868,2.061969870299588,0.08398902763544407,0.0,9.676912407972845,-3.2527756141933386,-0.3361377552114003,0.0,5.907780017943873,-2.6172604130872275,-0.44301927376065897,0.0,9.16589425551501,-4.3263744067294505,-0.47200788991497716,0.0,
2018-08-06,136.0,66.35186978969432,5.921166638778216,0.08923888139920788,0.0,9.017833949546906,-1.9097195742601496,-0.2117714281439061,0.0,16.47261485848866,6.965756766546137,0.42286891464329635,0.0,12.066269377930434,-2.676253096232391,-0.22179623315283659,0.0,11.028268914713403,6.199420640966791,0.5621390527298271,0.0,2.995054117949616,-1.1684160545503746,-0.3901151727269157,0.0,
2018-08-07,134.0,55.21812113781925,35.018948231262044,0.634193042241659,0.0,4.014938758933562,-1.6362806767671512,-0.4075481034738811,0.0,8.08589576791564,3.443131077420852,,1.0,11.377190962215533,-0.6307151107400741,-0.055436804465594736,0.0,5.917089784961713,2.7185447184936917,0.4594394909137385,0.0,4.320520495406523,0.4096129816961753,0.09480639708379264,0.0,
2018-08-08,157.0,51.81691797411622,3.0855189471634064,0.05954655482799452,0.0,13.247118283630693,5.523989865682049,0.416995587071037,0.0,22.574478062320846,-11.703183977604063,-0.5184254513125552,0.0,24.892525198425574,-0.497764724886963,-0.019996554022508176,0.0,9.396415086295741,1.6501750662954364,0.17561751488630428,0.0,6.194064187307954,-1.845962587691122,-0.2980212235245513,0.0,
2018-08-09,147.0,34.00038837727334,-0.23125704179402007,-0.006801600006092805,0.0,10.257520121500415,1.4929999773047027,0.14555174736389548,0.0,34.52902521042415,-6.3693915724216925,-0.18446485336918236,0.0,20.15144873707322,-5.163615304190076,-0.2562404009539234,0.0,3.469261029313195,-0.5184717442583685,-0.14944731453689714,0.0,2.544403250161843,0.6851409605872957,0.2692737326694248,0.0,
2018-08-10,133.0,41.052604617361794,-10.997788788334457,-0.2678950310422769,0.0,6.3736499566220965,0.8854945412602976,0.1389305260387396,0.0,39.95270165466354,-18.14807786096504,-0.45423906542867487,0.0,15.856746002929865,-6.938413262316748,-0.43756854407800505,0.0,3.8081683673444733,-2.1050336579096363,-0.5527680120344907,0.0,11.53064192498277,-5.281037358946341,-0.45800029116368834,0.0,
2018-08-11,115.0,14.251283095894905,2.166120469960102,0.1519947681471611,0.0,2.044348646530121,-0.1525343541010303,-0.07461269111798877,0.0,20.050397772429278,1.147521087444367,0.05723183651858968,0.0,9.691861883213274,0.8630225509762973,0.08904610500806763,0.0,1.3999517076372239,0.876168950034848,0.6258565529475348,0.0,5.121329648471143,-0.1599989096592921,-0.031241673674932476,0.0,
2018-08-12,160.0,13.048868605976166,2.1061209677858357,0.1614025730032462,0.0,4.548212439483899,-1.1315859284247072,-0.24879794941001304,0.0,32.85274893791939,-6.063807558425446,-0.18457534770938033,0.0,11.062708357916556,3.828480077427529,0.3460707770252156,0.0,2.5456724744071773,-0.6705984923941766,-0.26342685445045005,0.0,5.134538119928032,-0.42851166209143987,-0.08345671062959137,0.0,
2018-08-13,119.0,31.801830947930284,-6.011357454467187,-0.1890255144211568,0.0,1.9923734272015234,-1.126246177574344,-0.5652786582062898,0.0,33.60472124470107,-23.510296683198447,-0.6996129059367112,0.0,12.489714435374477,-11.05961503372451,-0.8854978303107145,0.0,18.636504402973515,-1.2716308114330355,-0.06823333302945711,0.0,2.3553910015543766,-1.1051334818066,-0.46919321720992274,0.0,
2018-08-14,137.0,47.555163269389595,13.893349596081881,0.29215228465054566,0.0,3.183471389864274,0.33284405015989976,0.10455380601805579,0.0,26.086324574192986,-6.768775658034038,-0.2594760192752619,0.0,15.91088558977935,-6.8537169003933425,-0.4307564693190902,0.0,28.254616610967787,10.254794576905224,0.3629422659702468,0.0,5.8794316155472135,0.1972855965393455,0.03355521578270515,0.0,
2018-08-15,149.0,39.80583135008783,-21.023621499388376,-0.5281543127309157,0.0,5.337388586085575,-2.463373483305656,-0.46153159800423804,0.0,25.42550845185178,-8.274921201160907,-0.32545745218157995,0.0,40.800230138978804,-27.10375828774463,-0.6643040540560787,0.0,11.363807770409034,-1.0604368765426453,-0.09331703756059537,0.0,4.128764708744706,0.03871360363506657,0.009376558454171855,0.0,
2018-08-16,159.0,28.397644531905826,0.8472610547667452,0.029835610267422548,0.0,5.642428712482792,-3.197821085411672,-0.5667455006276121,0.0,39.57669238539529,9.899272121932253,0.2501288391039296,0.0,23.85588974643906,-10.999458512863255,-0.4610793657153421,0.0,3.299769397199264,1.1447815189847146,0.34692773378538744,0.0,8.471371996449301,1.131608145300704,0.13358026843526732,0.0,
2018-08-17,142.0,19.83976742134837,-1.2520197573432754,-0.06310657432385286,0.0,4.395583564153633,2.116808247748181,0.4815761586267945,0.0,43.36136138594884,-12.788798588231398,-0.2949353567200402,0.0,13.682192883265085,-4.250460426058204,-0.31065637374963573,0.0,1.6063640750144201,-0.041048880077104694,-0.025553908180333405,0.0,4.325200693725487,1.8906123582928342,0.4371155218382169,0.0,
2018-08-18,137.0,9.308582990663123,-0.531821283210762,-0.057132356637331363,0.0,3.5450336501962694,-0.3239759205958028,-0.09138867287701656,0.0,26.969461237022188,-6.104364829577639,-0.22634359566656467,0.0,5.965014088811582,-4.53960358396249,-0.7610381998053121,0.0,0.3793727361407901,-0.013981171319453903,,1.0,2.469193431999879,-0.11709823073961764,-0.04742367658283297,0.0,
2018-08-19,175.0,21.701271054407698,-2.268368711620124,-0.10452699779349563,0.0,4.320045491673222,0.8650337932850197,0.200237195407398,0.0,26.16634579273523,0.1207370237860399,0.0046142103579308764,0.0,8.261734704799887,-2.2265807250844913,-0.2695052316060085,0.0,13.992443131566686,-1.612363380119425,-0.1152310118368081,0.0,5.519297107515734,1.24252965925138,0.22512461914025306,0.0,
2018-08-20,130.0,20.897946592827793,-4.41862721414123,-0.21143834369151415,0.0,5.634339752694353,0.35439153610619334,0.06289850304762373,0.0,33.345932287629694,-9.870825393053344,-0.2960128782098893,0.0,9.509794745616087,-6.550225974766986,-0.6887873134997545,0.0,8.355745501459745,-2.6136364059842023,-0.3127951187033642,0.0,10.164519639358328,3.0184096249589025,0.29695546194541567,0.0,
2018-08-21,110.0,31.72417691458395,8.736570612675143,0.2753915613381555,0.0,12.095806275523497,1.5279068148535409,0.12631707056563407,0.0,19.129674068564782,0.3797439881903155,0.019851043296881747,0.0,19.057705429957423,-3.2241947715427246,-0.16918063842431463,0.0,3.2574469391620324,-1.3150123083470986,-0.40369416076670805,0.0,4.124063647417639,2.401751378953056,0.5823749544837792,0.0,
2018-08-22,135.0,64.84000434027257,17.607281867151094,0.27154967132250935,0.0,7.77773604447429,-3.805568603701911,-0.4892900172930895,0.0,10.93281210657005,-0.8681504324870166,-0.07940778859313821,0.0,54.89767188996484,16.06770002506071,0.29268454329477395,0.0,11.176611738170317,-6.879478618500169,-0.6155245238595345,0.0,1.7536586449787075,-0.19071663705390596,-0.1087535693448605,0.0,
2018-08-23,172.0,39.20808615954593,4.494064934522136,0.11462086969088067,0.0,15.305354005948168,-0.05435777005751019,-0.003551552615926751,0.0,26.373113928821112,-8.018658132954043,-0.304046695228927,0.0,31.275837771878283,-3.291465349591752,-0.10523987794025706,0.0,4.0090809497851225,-1.0941642821561512,-0.2729214739888941,0.0,3.766834024841948,0.8088586016292447,0.21473168084786629,0.0,
2018-08-24,124.0,33.94190497827367,25.42960800779577,0.7492098049320848,0.0,12.20089441767777,0.12456109182498172,0.010209177094796119,0.0,13.414618271810465,1.3104579679560058,0.09768880048639235,0.0,10.124991702235999,3.3075398528944286,0.3266708704723178,0.0,9.190898631473825,1.827276675342114,0.19881371219618132,0.0,1.4695414518064296,-0.5679210993579213,-0.38646143574909436,0.0,
2018-08-25,177.0,16.090169409435475,8.701987645630858,0.5408263532966846,0.0,9.579913968293107,0.47853849184328895,0.049952274459574515,0.0,14.754937235869873,4.66007492380707,0.31583156534737616,0.0,5.121189116187448,1.0125964891164787,0.19772682987155968,0.0,5.0331161592112,0.6442663438637827,0.12800545894111717,0.0,1.7936760324664598,0.2570816369555851,0.14332668347141575,0.0,
2018-08-26,155.0,20.22513745425385,2.9306105722165343,0.14489941434737463,0.0,9.576905737943886,0.5173523702612779,0.05402082722935424,0.0,28.307614188379375,-3.6850818594700865,-0.13017988146040432,0.0,11.058291924564397,0.6344598315947189,0.05737412576216749,0.0,2.9785080584551857,-0.6761364361944591,-0.2270050719772569,0.0,2.7458827932277874,-1.2830189552666031,-0.4672519010756513,0.0,
2018-08-27,142.0,32.96348317059892,-4.5161986196122506,-0.1370061105569201,0.0,9.747656156323494,2.6684802564832273,0.27375609209934354,0.0,23.651181825174717,-4.18623498435873,-0.17699897685040125,0.0,4.948824657396466,0.8042423792758187,0.16251179521460832,0.0,15.726187997846859,0.5321726384207854,0.0338399005845312,0.0,1.623823130626982,-0.05719195883860832,-0.03522055928377228,0.0,
2018-08-28,157.0,45.02978710663592,27.0644370901638,0.6010340894144575,0.0,13.05897954367537,4.503009481221561,0.3448209307749797,0.0,21.05615361449599,10.38656430622951,0.49327928055572967,0.0,27.87085475063213,3.475587226673479,0.12470328799638448,0.0,6.9551096330833335,1.2053064073909088,0.1732979738604887,0.0,1.9207877284425128,0.42757635546560113,0.2226046892814674,0.0,
2018-08-29,125.0,49.58671954224701,5.003283249159619,0.10089966215443855,0.0,5.953707144704817,-0.4797655415206991,-0.0805826571344543,0.0,13.292281058907971,4.659888761202552,0.3505710374728855,0.0,29.697328062655288,7.950594960696424,0.2677208853241711,0.0,5.517221867921757,-1.925493888298705,-0.3489970014608105,0.0,1.585528856536252,-0.3675384460484278,-0.23180810903142607,0.0,
2018-08-30,155.0,64.99872934252198,-3.3844280232896473,-0.052069141312822004,0.0,8.142360318073763,1.835028073650499,0.22536807534508757,0.0,15.176442167634372,-0.32928182255069327,-0.02169690490785299,0.0,40.00881092125201,4.965161679818807,0.12410170573655806,0.0,12.739865514136905,-7.819676759368585,-0.6137958639117038,0.0,1.7303963029262306,-1.0520385539369486,-0.6079754979583996,0.0,
2018-08-31,142.0,34.46519526227348,-4.769659278672112,-0.13839060659241664,0.0,5.396247665012192,0.4538403499639075,0.08410295044582282,0.0,28.857107678864846,-2.7321567228562675,-0.09467881373493708,0.0,12.199874133119007,2.2157187089775396,0.18161816136795433,0.0,3.410665047005744,-1.8486670123700617,-0.5420253783035729,0.0,1.9609381760237667,-0.38334332293179074,-0.1954897546587132,0.0,
2018-09-01,190.0,20.035245667138945,-9.65705191129019,-0.4820031694010781,0.0,6.936158602235075,2.0203201438744607,0.29127363714310717,0.0,40.04412504837819,0.6093084365420889,0.01521592582697137,0.0,6.3060696161337475,-1.8338864682763907,-0.2908129119895043,0.0,1.9882543744897632,-0.7823832780864665,-0.39350260616790844,0.0,7.514158855505222,0.7874092645739501,0.10479007427385667,0.0,
2018-09-02,176.0,19.98324898456485,-1.0854379144537578,-0.05431738929401095,0.0,9.383534653054081,1.5625395037179075,0.16651928739980132,0.0,34.02272596088005,0.7103244908000379,0.0208779417503695,0.0,7.503822921877138,-2.5905214671615284,-0.3452268922296863,0.0,2.2349208005107295,0.030413352862886378,0.013608246366464639,0.0,3.4506273341466955,-0.5638344715901463,-0.16340056951689821,0.0,
2018-09-03,145.0,40.607555273512844,-10.921841057702007,-0.26896081244334386,0.0,6.213007957456277,-1.486815057243897,-0.23930680073563387,0.0,22.101611859732657,3.0888229052114373,0.13975554927009745,0.0,4.926849491122987,-1.2889340032765486,-0.2616142436660388,0.0,6.549498771251814,-1.614212022330282,-0.24646344380056362,0.0,1.2748003820306562,-0.6346515123865106,-0.49784383604871607,0.0,
2018-09-04,134.0,68.24496958075179,40.35791115611742,0.5913682928433776,0.0,5.261071562694264,0.9854142805151789,0.18730296076994157,0.0,16.02531673761404,0.24095837006780574,0.01503610655646119,0.0,8.988349519291654,2.884224522438795,0.320884776036846,0.0,2.3391540473239667,-1.485187056315002,-0.6349248601279947,0.0,0.5235498532128927,-0.05526325229811778,,1.0,
2018-09-05,159.0,49.3354268819312,-21.776281399934824,-0.44139237817987254,0.0,13.684982940510958,-3.4854439594238364,-0.25469114390388126,0.0,24.412594021487163,-7.382354803349222,-0.30239944173288247,0.0,17.177911272563502,-6.518494016487148,-0.3794695357926585,0.0,13.262225374863185,-1.712129238442725,-0.1290981860169442,0.0,4.501246853411424,-3.442804361333147,-0.7648557107513221,0.0,
2018-09-06,168.0,46.38421558428672,-13.395592688417405,-0.2887963614276436,0.0,9.937789013674767,-1.590508528266834,-0.1600465180009593,0.0,32.85566422766715,-5.841237386475516,-0.17778479065283112,0.0,25.786758802678374,-7.40517397249689,-0.28716962954366104,0.0,4.5369723547046235,1.2150305003543491,0.26780645888098054,0.0,3.30302089214819,-0.40426604143461886,-0.1223928199775012,0.0,
2018-09-07,141.0,37.4496979856267,-16.69163434427672,-0.4457081162759448,0.0,4.321780876205588,-2.3286978168095347,-0.5388282940559613,0.0,19.552140182524454,-4.734222155839514,-0.24213319419993334,0.0,43.44458598260826,-20.764220461231204,-0.47794725146059713,0.0,7.651966221317702,-5.590997238980341,-0.7306615159126444,0.0,2.1377421433571673,-1.5540218782222408,-0.7269454284050196,0.0,
2018-09-08,167.0,8.8060986916098,-2.205016155737912,-0.25039648463612935,0.0,8.149574061484595,0.9788594527854131,0.12011173165620583,0.0,22.44072126129322,4.521750785857923,0.20149756922729772,0.0,3.4982502367565713,-1.0871561069976665,-0.31077139524633646,0.0,4.457242419637618,-3.040320663282454,-0.6821079889860776,0.0,4.174527107126773,0.30487107967135696,0.07303128518458524,0.0,
2018-09-09,150.0,13.101726669337946,-3.7594749011767576,-0.2869449955764289,0.0,17.563485552542254,6.294729585435699,0.35839865421955264,0.0,31.434421102116175,-5.234370933176926,-0.16651717288423507,0.0,7.168250643400819,-3.932592944670468,-0.548612644884406,0.0,3.216796826709464,-1.9264733602896689,-0.598879402110174,0.0,4.463170392642491,0.4673240055322785,0.1047067363376176,0.0,
2018-09-10,128.0,50.3875474750821,27.477278976663307,0.5453188407364241,0.0,10.367653413894,2.663544013639136,0.2569090523483011,0.0,9.673519110649064,1.6463738573521667,0.1701938910256311,0.0,17.299031151924282,-0.9103487683500502,-0.05262426319457701,0.0,4.609806482316339,1.259668996380312,0.27325854159226065,0.0,1.6692137494101131,1.205163221278468,0.7219945448594364,0.0,
2018-09-11,124.0,55.38388728303835,24.290368931148336,0.43858187142070487,0.0,3.117435316344194,0.22140700717359021,0.07102216556436317,0.0,11.125223781389646,5.450651546461444,0.4899363512650714,0.0,12.791176132624965,-1.0113260632364889,-0.07906435285939165,0.0,5.509966320387315,0.25820265631265227,0.046861022608664926,0.0,1.2930800123285688,0.6311990373875769,0.488136102460449,0.0,
2018-09-12,150.0,57.09790711630194,11.296417189635505,0.19784292910466908,0.0,4.030046302694238,1.405573911132561,0.3487736382068071,0.0,19.14764494443079,7.509481624055847,0.392188263666338,0.0,36.71563890959078,3.259221860706928,0.08876930805242125,0.0,7.747437940401134,0.25585624074653124,0.03302462603957095,0.0,2.0835521846311105,1.0620164240935173,0.5097143387755108,0.0,
2018-09-13,150.0,54.065935785052716,-1.6562078769850643,-0.030633112197846136,0.0,4.989827619087002,-0.2948706386097189,-0.059094353777229665,0.0,34.89302972576115,-7.316012891364359,-0.20966975206406407,0.0,34.621887875240645,-19.21699670156665,-0.5550534035236541,0.0,9.211291062318189,-6.2384754131364595,-0.6772639547410452,0.0,1.6598261712861067,0.6936963149850985,0.4179331106989306,0.0,
2018-09-14,139.0,43.90937850822229,4.103035375755037,0.09344325779939516,0.0,11.570900212369445,-1.706832654474289,-0.14751079199954228,0.0,22.290650455361167,4.070867676962608,0.18262668849053332,0.0,24.881835446816694,4.402868985415017,0.17695113348152564,0.0,5.150088790920558,3.0597135429455693,0.5941088915476073,0.0,1.2353128446338753,-0.136976060770317,-0.1108837015379001,0.0,
2018-09-15,157.0,25.234112682868727,0.1832145775266394,0.007260591241277232,0.0,6.491755431808992,1.1186972501277215,0.17232584651082358,0.0,31.02552816631942,9.869768402393255,0.3181176594153083,0.0,5.24207163695973,-0.9153142077812979,-0.17460925206130093,0.0,7.787607342223049,5.389169913967017,0.6920187006280962,0.0,2.84696038931724,-1.571934386740054,-0.5521448042053849,0.0,
2018-09-16,95.0,20.179717224964406,5.137963989632711,0.25461030659421313,0.0,10.003315369467598,1.4808110591417523,0.14803202782764657,0.0,13.789551054040203,3.1756687837185225,0.23029529904732343,0.0,7.326798630136178,-4.440407828930059,-0.6060502073396725,0.0,7.5591124834099865,3.632378632535099,0.48052977654547335,0.0,1.279825432218783,-0.04099153787559365,-0.03202900711585972,0.0,
2018-09-17,142.0,41.2204108472215,17.59113223774689,0.42675780944897196,0.0,12.944449949209224,3.372426342953269,0.26053067964925697,0.0,34.65333352019661,-9.64826834430634,-0.27842251709155624,0.0,13.795661005126018,7.032187930603939,0.5097391076796544,0.0,9.83558805929351,5.743579414467591,0.583958923436262,0.0,3.7598125270451366,1.0557271716988978,0.2807925033774493,0.0,
2018-09-18,95.0,20.33961962768808,6.145920160628317,0.3021649506297527,0.0,1.201827193362983,0.3499148369581199,,1.0,24.237834321102127,-12.410808551156949,-0.5120427999770489,0.0,10.174543381741385,0.04880116361144128,0.004796398401427712,0.0,21.30083018692676,7.988299189865401,0.37502290379124126,0.0,1.5518681431858532,-0.08205748757314581,-0.052876584865444026,0.0,
2018-09-19,123.0,33.1183380957591,3.8320938922631225,0.11570912408656862,0.0,0.7460710236045943,-0.18962057094108611,,1.0,11.968711160327071,-3.6022277278706523,-0.3009703951926778,0.0,38.90424291903037,-0.6739906692283801,-0.01732434867402834,0.0,12.391494141731524,4.891946670102959,0.39478263187230006,0.0,3.381557064174553,-0.8555203275802621,-0.2529959753286307,0.0,
2018-09-20,142.0,40.369548772112466,3.986079681963635,0.09873976309384076,0.0,2.744051183675759,-0.09756493592128661,-0.03555507145846847,0.0,15.051435301240412,0.7527881689898853,0.050014377627351385,0.0,32.120005023345584,7.1392306207913965,0.22226741918634302,0.0,22.09124678624357,-7.665479298490126,-0.34699170095114296,0.0,5.361804083651799,0.9077003246652819,0.16929009536787637,0.0,
2018-09-21,114.0,29.750763590542192,-1.661112351596333,-0.05583427620407037,0.0,2.1687021919497003,-1.3879654078760157,-0.639998157897471,0.0,19.515209378383588,3.170136162107355,0.16244438379527815,0.0,13.605569802217358,4.389109823305001,0.3225965459079626,0.0,29.827233034200617,-3.2913492301337923,-0.11034711890170479,0.0,1.8845651439987654,0.8006223766086206,0.4248313618439422,0.0,
2018-09-22,145.0,34.26429030580766,-8.79015095264203,-0.2565397057458427,0.0,5.452564480103313,3.5086961085156103,0.6434946567471181,0.0,27.19330792821711,1.150153954397246,0.04229547789600801,0.0,7.236425326911553,1.3381796933003702,0.18492275299571073,0.0,35.23298091824108,-11.858457051772975,-0.33657263003918936,0.0,1.8275978090605287,-0.0760870651733572,-0.041632280798404725,0.0,
2018-09-23,131.0,56.30444947195065,-40.18215461460696,-0.7136586005449644,0.0,4.714187094759831,-1.824499854887272,-0.38702321698588055,0.0,14.854699187591903,-3.9712643763580857,-0.2673406123010067,0.0,9.133143257917249,-5.05044232602439,-0.5529796460431421,0.0,70.00577813887503,-46.79812377366358,-0.6684894449830568,0.0,1.5579355021327437,-0.3216740134932612,-0.20647453829308332,0.0,
2018-09-24,149.0,40.638478160399245,6.649457114777672,0.16362465859406447,0.0,1.376925799995653,-0.08144474190824556,,1.0,22.76877255918225,10.380812477187645,0.455923236538337,0.0,16.35475586079701,-3.841338581897002,-0.23487593545219718,0.0,46.519831683079246,13.408741350543982,0.2882370994351893,0.0,0.45614995870709407,0.18013122132429688,,1.0,
2018-09-25,122.0,41.30177931441722,6.091318607498317,0.14748320069038817,0.0,2.1468337569458464,0.7596697989472898,0.35385590360197244,0.0,16.83457150468893,8.68203631260601,0.5157265992893139,0.0,6.7636514774349,-1.7910655632125114,-0.2648074888524222,0.0,39.253496417011775,9.411742761911603,0.23976826578517776,0.0,1.518894345994335,0.6597669496430723,0.43437316847154356,0.0,
2018-09-26,141.0,28.27650925558555,-1.843840544572715,-0.06520750237968272,0.0,2.7821230114932347,0.34256769497066164,0.12313175713492158,0.0,17.400228272686945,2.261595028466914,0.129975020616076,0.0,16.45907546674425,-1.6274573380492614,-0.09887902521241596,0.0,10.427347903350885,-0.8024976240551269,-0.07696085634557565,0.0,0.6119994072141642,-0.08019460358517996,-0.13103706088577388,0.0,
2018-09-27,152.0,48.11060484965128,5.431959216585049,0.1129056521646375,0.0,6.67173672745411,-1.2387430724924136,-0.18567025695048814,0.0,18.58904867153614,11.467046642802458,0.6168710860583732,0.0,21.49636573610769,-3.4060054094185657,-0.15844563919460392,0.0,13.852014418334871,-6.028805241906827,-0.4352294951358808,0.0,2.0684052815195106,0.3475810182266389,0.16804299492568292,0.0,
2018-09-28,151.0,40.61293930782267,4.401133366431628,0.10836776262544244,0.0,4.024081921990723,-0.909748030671776,-0.22607592198861637,0.0,27.813183609992844,4.91491286235645,0.17671162464805354,0.0,16.320505775875056,-2.340132795476108,-0.14338604621771517,0.0,10.809706357948013,-3.4724530785286287,-0.3212347277107533,0.0,2.6857516180752943,1.4395717201965756,0.536003296249794,0.0,
2018-09-29,188.0,22.33178606802539,-3.139076920027949,-0.14056542143409093,0.0,6.586080367662356,0.3061122027880387,0.04647866192022939,0.0,33.239591220379225,11.057831893207487,0.33267051390294833,0.0,10.531695650977776,-3.1508851883395828,-0.29918118532480104,0.0,4.620293880165256,-1.3735358045074129,-0.2972832118761859,0.0,0.9000114606678763,-0.06919489942955852,-0.07688224256412322,0.0,
2018-09-30,143.0,15.559423569196948,0.9414328994008645,0.06050564117713351,0.0,7.800475204414392,3.5790548342098054,0.4588252305685647,0.0,42.12937231948308,25.9876476587379,0.6168534261954739,0.0,7.148837028355041,0.25337265375524964,0.035442499633195734,0.0,7.0406704639171895,0.686778327942107,0.09754444998694158,0.0,3.1175076539875524,1.3369888342931568,0.4288646517300564,0.0,
2018-10-01,151.0,30.608489472113426,5.334650403143263,0.17428662750585977,0.0,4.725428394449402,-1.594930603604415,-0.33752084900447493,0.0,30.992075662346906,12.217530955024257,0.3942146724256891,0.0,13.182119133169174,2.205384390808428,0.16730120313199,0.0,4.0600769944212445,0.07279345464338838,0.017929082316273888,0.0,2.0245964296845997,1.1944793603650758,0.5899839310450413,0.0,
2018-10-02,145.0,32.75322352251533,9.206928627395191,0.2810999235255771,0.0,4.644920224680384,0.6638655236668055,0.14292291181652877,0.0,11.947271402590552,5.796995067511027,0.4852149810754322,0.0,26.18769616119971,-4.9164188661539185,-0.18773773897064672,0.0,6.957085642192389,3.5097189268615034,0.5044812019527597,0.0,0.49950227803491776,0.0923194307268336,,1.0,
2018-10-03,154.0,44.24292077102291,5.594386525900635,0.1264470434683576,0.0,1.8735723978024845,1.0458487078665148,0.5582109925899806,0.0,15.574776668450788,6.136646621680565,0.39401185341625655,0.0,19.10317043637042,-6.61507112365619,-0.34628132255271055,0.0,11.288741200383804,-2.937520983512854,-0.26021687727352466,0.0,0.9172246341549837,0.06651006439642189,0.07251229624648706,0.0,
2018-10-04,145.0,48.98948554369417,-15.183993595914778,-0.3099439283225792,0.0,5.612087323577718,1.0376274953712339,0.18489154490022155,0.0,17.452437526284477,2.623065472278777,0.15029794367281213,0.0,16.900716163756442,-5.846550330632156,-0.3459350641702435,0.0,33.867641084463685,-12.268981148369242,-0.3622626423189972,0.0,1.1216718197319946,-0.577594068442886,-0.5149403401976281,0.0,
2018-10-05,145.0,37.771439795680635,14.092608195728038,0.3731022241132466,0.0,7.266064881150664,1.0223188640084553,0.14069773401838376,0.0,20.43336839121184,-0.46235735378649956,-0.0226275641359921,0.0,13.641835025890027,1.0829753729901506,0.07938634142216469,0.0,7.632750228825893,-0.8436565866980088,-0.11053114033678843,0.0,3.5136900598445155,0.7269675755061945,0.20689576004844423,0.0,
2018-10-06,171.0,24.14896507637604,4.295585045176206,0.1778786391711007,0.0,3.450818656463519,-1.444423074861311,-0.4185740308769485,0.0,27.156624377057597,3.194665501313108,0.11763853478092877,0.0,5.433286559920809,0.3367004763222601,0.06196994629474642,0.0,6.903289128036698,0.2456926255607237,0.03559066135052624,0.0,6.243050951845355,1.786786697087269,0.286204086891061,0.0,
2018-10-07,183.0,16.07000688999687,-0.8718889809855394,-0.054255669394159746,0.0,5.376416578365017,0.0841513043126898,0.015651931558153264,0.0,26.99418386442994,5.51058664817512,0.20413977602917582,0.0,5.844707305303011,-1.9921108985536053,-0.34084014724674516,0.0,4.128638718721042,-0.33441659728378326,-0.08099923971729303,0.0,8.023022025176026,2.6476473316611484,0.330006239962062,0.0,
2018-10-08,136.0,55.988580411853036,-25.297360275017244,-0.45183071420867243,0.0,2.299460859605454,-0.041781299680036105,-0.018170041688469973,0.0,12.159562163527873,0.5102943795678516,0.04196650937798233,0.0,5.749848087369166,-1.0501738217569125,-0.18264375089558546,0.0,5.977337782082025,-5.139418042609897,-0.8598172346920196,0.0,45.58752063295833,-34.34029132300463,-0.7532827152301345,0.0,
2018-10-09,148.0,50.77277583802061,3.7512117391725206,0.07388234496258267,0.0,4.4925020726877785,-0.8432497647818693,-0.1877015861402528,0.0,18.163055054217686,4.622738935012322,0.25451329202125966,0.0,6.9282362092271725,0.5621841059663357,0.08114389997523568,0.0,3.51542969446745,-0.5395964577970143,-0.15349374178815922,0.0,9.583560647130064,-2.8499545251195335,-0.2973795053900967,0.0,
2018-10-10,142.0,49.379292147372325,-21.499273381103848,-0.43539047333727143,0.0,4.928187162222452,-0.6594864361748997,-0.1338192756213205,0.0,26.95407797329244,-7.086798967946473,-0.26292121640994204,0.0,12.561781179945678,-4.54150918226533,-0.3615338555264477,0.0,6.217821909041954,-4.398136738978563,-0.7073436330787786,0.0,2.63629119296092,-0.5037566366968443,-0.1910853543197009,0.0,
2018-10-11,130.0,31.7494379208365,-9.122248329290386,-0.2873199945156712,0.0,6.375266722279769,5.389387904648352,0.8453588123323457,0.0,21.62335398572031,-7.8780549327746225,-0.3643308497829316,0.0,27.534579570768983,-12.942937913440733,-0.47006121448758564,0.0,15.869987683792711,-7.438273193949998,-0.46870062801286005,0.0,0.6376232262700738,0.20312086238307087,0.3185593843111297,0.0,
2018-10-12,147.0,21.155436473149166,1.2000297939290685,0.056724416697909605,0.0,5.545964852775791,0.3612790895209102,0.06514269367215475,0.0,28.560589199361857,-0.6963843731995698,-0.02438270332375109,0.0,16.94404331016267,-4.6089478827270565,-0.27200992103004773,0.0,5.897723411355394,-0.6430348844143697,-0.10903103444564378,0.0,1.1455554259882714,-0.5791797153976599,-0.5055885575313837,0.0,
2018-10-13,137.0,11.177938475928382,-0.9956439397636236,-0.08907223294418165,0.0,2.368202971410933,0.6945940287854547,0.29330004107360275,0.0,24.87865424687334,0.831615326997285,0.03342686138667647,0.0,9.477184333532929,-0.6748647460609077,-0.07120941434820968,0.0,6.9820734643726565,1.2985501322034199,0.18598345302860478,0.0,0.7571265498627278,-0.01320823075171352,-0.017445208801762747,0.0,
2018-10-14,159.0,17.679057133282182,0.13523714124925565,0.007649567521033763,0.0,5.254069429633086,3.2851007435412,0.6252488261790277,0.0,30.40084795097937,-5.459319936900744,-0.17957788367297403,0.0,5.457890736463007,-1.5889928202026904,-0.29113679568316886,0.0,6.018955662511865,-3.366119656977999,-0.5592531073028757,0.0,5.188710964102931,0.6500139942631135,0.12527465853467393,0.0,
2018-10-15,138.0,32.74597156717209,14.168799313846119,0.43268831663099505,0.0,5.070543217443623,2.006460204723521,0.3957091220169311,0.0,31.34920467461052,3.610632231336643,0.11517460391143085,0.0,7.1340071233280415,0.07228649993856084,0.010132664390281532,0.0,11.639254560941477,3.0005203933955364,0.25779317547229846,0.0,3.6511760444336625,-0.2369054097833826,-0.06488468561918635,0.0,
2018-10-16,132.0,36.33119297403027,3.6621417319040077,0.10079882965917815,0.0,3.632661234805705,-0.6426505732378909,-0.1769090294136011,0.0,16.490592358211867,-0.6810824967804812,-0.04130127541727272,0.0,18.3946927160141,-3.1960533647031917,-0.1737486683819819,0.0,12.524641066527687,-2.132994153087752,-0.17030381483651572,0.0,2.1910785104337203,0.24977160228637552,0.11399482085967502,0.0,
2018-10-17,149.0,49.91428901853942,-9.391787738201735,-0.18815829941428974,0.0,8.925302205447219,1.8577997616228936,0.20814978796897837,0.0,16.528058674826745,1.7646983590501009,0.10676985081967584,0.0,50.333786498362315,-25.367724478183913,-0.5039899884942948,0.0,9.439529520255741,-0.423142554681908,-0.04482665727925431,0.0,3.1743854836822654,0.7797766923291,0.24564650271288552,0.0,
2018-10-18,160.0,35.759168469681754,-14.800283773801597,-0.4138878057623166,0.0,7.593161688520917,0.982000453871351,0.12932695155904633,0.0,16.57885603923932,-0.16997290918645058,-0.010252390682695702,0.0,44.26528587396024,-18.411277806353457,-0.41593039427729495,0.0,4.979425635472573,-0.12056169730784805,-0.02421196863529545,0.0,4.394841511078988,0.5424489555897358,0.12342855919201463,0.0,
2018-10-19,156.0,37.82371503844479,-19.600807772982325,-0.5182147695714096,0.0,7.217598742514378,0.6198618308443531,0.08588200216688872,0.0,20.134583653329173,6.615269938734112,0.32855260643248035,0.0,31.98699518637295,-4.265458489998274,-0.13334977121625471,0.0,13.812027327025127,-10.845636704462486,-0.7852313384322306,0.0,5.929291110121987,-0.820176009623421,-0.1383261496847887,0.0,
2018-10-20,160.0,19.644771915933234,-8.948633171956994,-0.45552237563517084,0.0,9.928228408214633,1.7990211709195285,0.18120263726316121,0.0,27.11084149830276,1.2269391184728295,0.04525640115411543,0.0,14.94007799230894,-3.817085326053732,-0.25549299863218544,0.0,9.724032009784418,-5.792554414373557,-0.5956947085884776,0.0,3.577454289843439,1.524465662547418,0.4261314160953636,0.0,
2018-10-21,164.0,11.899297556687083,-4.8699715875830565,-0.40926546835079897,0.0,5.427084975322935,2.280009918254803,0.42011686358736855,0.0,23.486359605682082,-2.103680726802245,-0.08957031920320674,0.0,8.92742683595861,-3.2278432722901833,-0.36156479706882794,0.0,6.017922869534226,-0.050726269571606974,-0.008429199022873663,0.0,3.7966892058102477,1.4367854915571856,0.3784311576934996,0.0,
2018-10-22,136.0,43.277841011527926,6.318253699310614,0.1459928118324484,0.0,3.871361060984776,0.6385951290256892,0.16495364781688607,0.0,12.19302521430654,2.0535404983802126,0.16841927760230624,0.0,10.098239304745215,-2.990391507411446,-0.29612999030496784,0.0,19.709507573614243,-3.3469350935906927,-0.16981322750403685,0.0,14.928449583450853,3.870059860085528,0.2592405754161999,0.0,
2018-10-23,146.0,50.15991765636136,-31.177228533929572,-0.6215566131412026,0.0,3.18516043039562,-0.17985734732724468,-0.056467280458116546,0.0,9.294728416265563,-0.056193252261039606,-0.0060457121224438025,0.0,9.161342536637669,-5.430960916100753,-0.5928127776449221,0.0,41.023645907589525,-18.612589986332395,-0.4537039449945378,0.0,6.504838055341672,-0.1903711918242883,-0.029266092438374917,0.0,
2018-10-24,153.0,45.25848181983747,-16.80694916082744,-0.3713546828135252,0.0,3.984201065242808,-0.7605390463765047,-0.1908887212071852,0.0,18.567178750134186,-7.100867659628659,-0.38244192912600367,0.0,18.679986781178734,-5.121047389487643,-0.2741461998595963,0.0,22.81355545304541,-9.507477255292136,-0.416746844868627,0.0,3.79609566785802,0.536104835673707,0.14122532269483315,0.0,
2018-10-25,149.0,37.61128283234575,-14.999092904696719,-0.3987923775840339,0.0,6.94043020618846,-0.28596003033543593,-0.04120206123252398,0.0,18.622169207723346,-6.11983775037341,-0.328631841012124,0.0,18.900229689679687,-15.095745179941577,-0.7987069695869613,0.0,21.073434948208156,-6.257356058378408,-0.29693099742671336,0.0,2.1337679616844922,0.4538815769678817,0.2127136526173948,0.0,
2018-10-26,145.0,31.843367935762217,-12.099395325388226,-0.37996594298054137,0.0,8.629258418499369,-0.5173397431419808,-0.059951819501999154,0.0,15.056103721348329,-4.566205948692693,-0.30327938975461394,0.0,17.82499513491348,-13.098403679660947,-0.734833506574448,0.0,10.179468543210527,-1.7790768977716152,-0.17477109833579857,0.0,4.146794103558927,-1.3974740649432307,-0.33700107361102605,0.0,
2018-10-27,187.0,18.59190897377266,-3.235945806877413,-0.1740512935730438,0.0,6.905991605708544,-0.22185622015530387,-0.0321251795284425,0.0,32.31115995946311,4.1049678336874225,0.12704489219320592,0.0,10.759838437239516,-6.796932524586202,-0.6316946638401371,0.0,2.148761944947176,-0.7141622021214044,-0.3323598520537653,0.0,5.437330493979966,0.42616665026867373,0.07837791922718539,0.0,
2018-10-28,184.0,17.917269824094543,-3.1328435545090736,-0.1748504981655258,0.0,8.148584491078502,-1.1170147724872983,-0.13708083578322894,0.0,22.028312305817963,-5.43913564573268,-0.24691567698067063,0.0,8.582970267474586,-3.7091625152189582,-0.432153718308327,0.0,2.388793408346821,-1.1879114632494865,-0.4972851394761625,0.0,4.230253732835983,-1.1146252764227573,-0.2634889883249407,0.0,
2018-10-29,129.0,17.21957956216647,-9.613264987958328,-0.5582752443665844,0.0,1.7158254532478114,-1.0356051500406713,-0.6035608972232107,0.0,26.038906100249733,-15.209620830997387,-0.5841113590732414,0.0,6.512045430921712,-4.251668998249778,-0.652893018537802,0.0,4.115812412528607,-0.17024146979750676,-0.041362786428091006,0.0,1.736501496823616,-0.5141320685611241,-0.29607349576235165,0.0,
2018-10-30,159.0,34.55376907468599,-20.34950328962569,-0.5889228247616464,0.0,14.64888359704491,1.820022389659736,0.12424307815695154,0.0,27.703640067149532,-15.00401122480164,-0.5415898845218221,0.0,14.291481516236667,-7.350424000404926,-0.5143220450625815,0.0,5.950505584507477,-1.978582632606499,-0.33250664242007705,0.0,2.885905059483769,-0.27787541568632157,-0.09628709536828212,0.0,
2018-10-31,144.0,40.93218386589433,-8.261116935457665,-0.20182448516608525,0.0,9.813230610583554,3.6882688681313347,0.37584654987660665,0.0,26.798907942866208,1.0709049248398421,0.03996076732391306,0.0,23.512373873891192,-7.697303304645592,-0.32737244422575706,0.0,2.1091890164607254,1.0575573067890847,0.5014047098366241,0.0,0.9899467231662067,0.17392735064179476,0.1756936475182345,0.0,
2018-11-01,161.0,36.25623201412236,-19.012480532999813,-0.5243920693577357,0.0,8.321116196471843,3.247617708379052,0.39028630675245746,0.0,12.982595325534923,0.6464628366446115,0.04979457654149558,0.0,14.761245247893381,-9.117623885071026,-0.6176730846181305,0.0,3.5235470413463124,1.2357483714863173,0.3507114725546988,0.0,18.29526948687998,6.5783747410879325,0.35956697690654177,0.0,
2018-11-02,158.0,53.03467575907416,-32.001195673075486,-0.6034013636370752,0.0,9.922825584544618,0.0459585105131044,0.004631595115879843,0.0,14.182318234983535,-3.684950129486224,-0.25982706553548873,0.0,20.32172546159563,-12.791931291868078,-0.6294707265897527,0.0,3.2825984276860174,-0.4031814450247795,-0.12282387075564152,0.0,32.003980584013334,-2.886601464931464,-0.09019507612041806,0.0,
2018-11-03,188.0,35.124270212203555,-7.4831715486250845,-0.21304845633561764,0.0,12.50573684501432,0.37916000098779734,0.030318885299346243,0.0,14.716773803127575,-3.376680243804566,-0.2294443258404204,0.0,5.8747656644554755,-3.9817260242273447,-0.677767633919132,0.0,0.9178105208629791,-0.17754534572637437,,1.0,19.44686648704373,-1.183239347356055,-0.06084473033968612,0.0,
2018-11-04,155.0,39.866922730572696,-4.515379385973685,-0.11326129725359971,0.0,9.833561335406554,2.3825099283310083,0.2422835275102809,0.0,14.046546043384293,2.5588162675351045,0.18216693695602612,0.0,13.892150660831245,8.299830317706892,0.5974474737815914,0.0,13.08223813507356,-8.767009411181078,-0.6701459888332618,0.0,9.832354756457784,-0.33104177925068323,-0.033668616262371796,0.0,
2018-11-05,151.0,35.47550398558087,-13.027829369116033,-0.36723451129577284,0.0,6.978174421135911,1.8040274335952469,0.25852426791326694,0.0,11.911927704961265,-5.484247338029505,-0.4603996493149753,0.0,6.667165704311623,-4.110779542914169,-0.6165707776328024,0.0,3.5047878378754764,-1.1203478609545454,-0.31966210589045957,0.0,28.838696736944257,-22.19203832065775,-0.7695229268883118,0.0,
2018-11-06,110.0,27.522561562800547,-11.434771745251666,-0.41546902235680294,0.0,2.4204058533796298,-0.7124970520092464,-0.29437090106784436,0.0,19.838315340850386,-13.191667000302907,-0.664959033751171,0.0,17.241507544844353,-8.83578112298916,-0.5124714935748923,0.0,2.94432551680074,0.8791265822073492,0.2985833520074217,0.0,16.514273125845648,-11.363099758476116,-0.6880774994990428,0.0,
2018-11-07,138.0,57.94778307278466,-6.987957031697523,-0.1205905845081317,0.0,4.550276870635564,-0.33622260447842606,-0.07389058161453456,0.0,7.506974081334187,-1.8910638666060677,,1.0,28.377862839624868,-19.45440724227465,-0.6855487092956793,0.0,34.033482279017335,14.947010448718123,0.4391854564331022,0.0,10.209272668973423,-6.231571628240862,-0.6103835043194578,0.0,
2018-11-08,110.0,42.68237988956389,0.9751793652442016,0.022847352180627563,0.0,10.15443813223828,7.464339744959959,0.7350815129063809,0.0,10.86329371463216,4.47969676170361,0.41237003061693395,0.0,15.082287948927839,-9.029149831363027,-0.5986591597997495,0.0,21.78427400613873,8.612726332444652,0.3953643958948376,0.0,0.5674181921349324,-0.2818160335306095,,1.0,
2018-11-09,129.0,27.459902847534973,-17.046346176986038,-0.6207722682644617,0.0,6.520694022241508,3.3177126397721515,0.5087974728542282,0.0,18.987793272215633,-15.119453982720469,-0.7962723085280473,0.0,8.452213252588985,-5.886517581611693,-0.6964468838748954,0.0,4.0450772613694355,-3.258081486550722,-0.8054435740116666,0.0,2.3275077526995984,0.762276247672196,0.3275075010117828,0.0,
2018-11-10,163.0,15.252719894378968,-2.087512066637037,-0.13686162737482255,0.0,2.010282000810542,1.3387419387417332,0.6659473338576155,0.0,23.369767562959165,-10.040257480716631,-0.42962590251134264,0.0,6.7454317088558975,-1.8411128344989172,-0.27294217982842656,0.0,9.689183700211283,1.629288152435724,0.16815535785539865,0.0,5.080890114986682,-0.48012394977573836,-0.0944960309925925,0.0,
2018-11-11,130.0,65.32926957917516,11.248610305592841,0.17218331657543176,0.0,4.130588018284464,-0.14623318412279307,-0.03540251012095061,0.0,15.692740986269197,0.921495595169576,0.05872113711529837,0.0,6.172636077375496,-1.2825565927499092,-0.20778101554550601,0.0,65.5845475634269,18.824204563144924,0.28702194743266335,0.0,1.5764024236341299,-0.2702692033704553,-0.1714468331933893,0.0,
2018-11-12,,,,,,,,,,,,,,,,,,,,,,,,,,
2018-11-13,0.0,,,,,,,,,,,,,,,,,,,,,,,,,<10KB
2018-11-14,159.0,54.72426528545475,-3.9791908871749846,-0.07271346387966254,0.0,1.901663649798131,-0.9520512578660718,-0.5006412453470075,0.0,23.82632999151246,-12.097442235750606,-0.5077341848308162,0.0,16.71890008314221,-9.783303550931867,-0.5851643052042906,0.0,38.990066032027244,4.955222060600825,0.12708934774643632,0.0,2.2741753597729186,0.3423662038648893,0.15054520857137213,0.0,
2018-11-15,152.0,47.3135066758623,-5.533477649014872,-0.11695344601963013,0.0,6.247385199363627,-3.838222066373614,-0.6143725645033996,0.0,16.61920076796377,-6.548133367743812,-0.3940101247447718,0.0,40.66565873273794,-10.943662855379102,-0.26911313369599726,0.0,24.176851010277456,5.464453541319699,0.22602006932155008,0.0,1.8818139714276119,0.6129743103420754,0.32573586956475353,0.0,
2018-11-16,154.0,37.62220338618499,-3.1586303233940676,-0.08395654797172054,0.0,7.3478000926334,-0.8312041409042771,-0.11312285723962577,0.0,18.673778283147833,-2.0950409385229287,-0.11219159330030175,0.0,25.348091159612522,-9.759189819952361,-0.3850068929648564,0.0,35.20351765598025,6.140597384755782,0.17443135781951152,0.0,3.719787348352832,-1.9376998389512692,-0.5209168313907263,0.0,
2018-11-17,185.0,32.84525269320875,-7.428644823294704,-0.22617103581701742,0.0,4.41596383978321,1.6207814284064188,0.36702778537380115,0.0,22.394182268719305,-7.437575870653566,-0.3321208955703883,0.0,12.089302834770926,-6.501092140740287,-0.5377557523037657,0.0,16.932929932998373,2.720579071081013,0.16066794594001313,0.0,7.185130159217802,-0.22492060780675427,-0.03130362329180685,0.0,
2018-11-18,176.0,16.5554172682605,1.9026549061977547,0.11492642410442061,0.0,6.550230810258648,-1.649566295020594,-0.2518333082915376,0.0,17.399551755166605,-4.9963330947481195,-0.28715297756245434,0.0,8.337411366141161,-2.9407115633012686,-0.352712782680211,0.0,7.416821136357607,0.5669118011888741,0.07643595426750224,0.0,3.9659582578315113,0.25843540897144546,0.06516342133987856,0.0,
2018-11-19,141.0,36.231010026422155,-1.8397587525236512,-0.05077856651476103,0.0,6.162811785536171,-1.099627356535379,-0.1784294888116091,0.0,14.68483126861974,-1.1223107338549552,-0.07642653247594608,0.0,15.863858469034309,-0.6735823295659162,-0.04246018274058137,0.0,42.90660029990977,11.346457091112603,0.26444549350922275,0.0,2.6480563274963,0.21574321578920821,0.08147229103437932,0.0,
2018-11-20,154.0,37.54571207985282,-14.864233284810922,-0.39589696030261545,0.0,1.9627047174071703,-0.3433782329638496,-0.174951550234958,0.0,25.45266667200485,-15.726197005832724,-0.6178604862306951,0.0,23.17084143067768,-12.666595121241642,-0.5466609902423031,0.0,29.357088863507666,-6.269056940369419,-0.21354491140169457,0.0,2.9444057848377208,-1.0674063354069323,-0.36252011896714903,0.0,
2018-11-21,88.0,14.973851442991872,-5.933048403338368,-0.39622727832759286,0.0,0.1694814599904883,0.06926872501446929,,1.0,16.482022995653097,-6.338976992190639,-0.38459945079936214,0.0,15.60148617492814,1.637810383736173,0.10497784412155316,0.0,1.609500618200396,-0.3801859855579408,-0.23621363127094155,0.0,0.46595192807580627,0.3300228813472386,,1.0,
2018-11-22,163.0,35.2047174144318,-22.727137876455075,-0.645570808278618,0.0,4.494195103376107,0.5964033321300043,0.13270526054420226,0.0,24.254545858886555,-5.904377292516961,-0.243433842334907,0.0,39.697290384916414,-27.601719048055187,-0.6953048628866336,0.0,27.07584631281497,-20.3724558407251,-0.7524217564746198,0.0,1.2379120753539545,0.03786290260494965,0.030586100062174094,0.0,
2018-11-23,125.0,41.076011914650735,-34.575149655207866,-0.8417357976974347,0.0,0.7104310780341556,-0.6355393896056145,,1.0,12.760746402738727,-5.492714428739863,-0.43043833451317626,0.0,25.26631857022585,-22.21084985424192,-0.8790694929500125,0.0,22.381189523628564,-17.05575285795294,-0.76205747866737,0.0,0.39854091354936333,-0.02846874305151749,,1.0,
2018-11-24,160.0,32.06933384675358,-15.980732074477228,-0.49831817994233074,0.0,2.899479133666312,2.3916726235932226,0.8248628506489778,0.0,18.064246061141596,-4.177805994719691,-0.23127486088149912,0.0,10.137881356175054,-9.250837867338317,-0.9125020842450052,0.0,17.861675705738886,-7.102301510699891,-0.39762795091044845,0.0,3.0269197371235297,2.1585434567111346,0.7131155247487303,0.0,
2018-11-25,,,,,,,,,,,,,,,,,,,,,,,,,,
2018-11-26,139.0,30.718248328012123,-2.9708054161064186,-0.0967114200127527,0.0,3.322862608700228,1.0260503241807526,0.3087850582489484,0.0,22.4096983269701,7.108015776437181,0.31718480421856793,0.0,9.358169921833898,-1.988795827608726,-0.21251973881865424,0.0,10.083312142050994,1.9993426603857412,0.19828233344555227,0.0,2.008994398100179,0.7363729628013984,0.3665380866655254,0.0,
2018-11-27,163.0,33.03362426894455,-11.221123031488238,-0.3396879173817267,0.0,4.194306378958565,-0.25053818610907436,-0.0597329244630151,0.0,27.730843595752955,6.721102480563103,0.24236920371194393,0.0,10.459705322544316,-0.5185885955411813,-0.049579656362157914,0.0,22.445278497332765,-3.0695898528374035,-0.13675882227089192,0.0,1.0916718349108048,0.4333666000091665,0.3969751587889732,0.0,
2018-11-28,151.0,48.646578870509984,5.255412482175343,0.10803251953574115,0.0,6.594579034834162,1.9030834594795647,0.2885830087753923,0.0,16.29044507471553,2.37850873257321,0.146006368866183,0.0,35.55192917641398,-28.75214522321064,-0.8087365689928725,0.0,29.262951704156876,12.563243911078759,0.42932251121113385,0.0,2.498237570747727,0.6412342805936174,0.25667466060951716,0.0,
2018-11-29,156.0,38.78170990509534,4.754189058576756,0.12258843331588447,0.0,2.5320753879350306,0.9704315512618389,0.3832553943242778,0.0,19.219311994005686,-8.079581970054084,-0.4203887200839461,0.0,17.886884402767457,-6.814622263895487,-0.38098430729731386,0.0,32.30090497434139,13.606961624629566,0.42125635908462683,0.0,2.522281332698179,0.6011009107796237,0.23831636185349853,0.0,
2018-11-30,138.0,44.50440175256517,-4.662048296190945,-0.10475476835102566,0.0,1.4621005316876043,-0.9597187035418361,-0.6563972057612874,0.0,16.54015581539715,-8.925408719755204,-0.5396205948342147,0.0,22.00599557189707,-17.39983950558717,-0.7906863131340339,0.0,43.79768335546396,0.2914436264621303,0.0066543160307535165,0.0,1.150453399670363,0.6370893742920605,0.553772429613059,0.0,
2018-12-01,164.0,34.651367408790975,0.23894252260537696,0.006895615973433642,0.0,5.0849631162563975,0.3216342341839429,0.06325202893914662,0.0,16.93234110978664,-7.371025856260079,-0.4353223106283712,0.0,15.642009177223366,-10.479579442157082,-0.6699637702179974,0.0,23.748309566581153,2.022550054161998,0.08516606407254138,0.0,3.966720786112995,1.791061218131953,0.45152187781964376,0.0,
2018-12-02,150.0,33.35481472768879,18.500584609657484,0.5546600921245597,0.0,3.7063671857613305,1.6640624244290434,0.44897397937846945,0.0,22.812027844091062,-3.23358789684518,-0.14174925258487125,0.0,7.515633463299303,0.5340153936523555,0.07105394325842056,0.0,31.93301341860206,10.355230880197453,0.32427978983546796,0.0,5.127017088096176,3.610754263865419,0.7042602358881949,0.0,
2018-12-03,122.0,40.714230190671515,23.71466236222634,0.5824661856841362,0.0,2.2632956417510233,-1.3800855518704522,-0.6097681303370222,0.0,23.46375099143188,17.258603028510777,0.7355432230257216,0.0,3.8936484325968137,-1.6488740047634494,-0.4234778854093296,0.0,40.00699122584774,2.8465594048996317,0.07115154920874242,0.0,54.03537876611517,42.453312585779585,0.7856577219442286,0.0,
2018-12-04,114.0,36.49667225516896,12.16026644074047,0.33318836182436423,0.0,0.8560233717798783,0.13228058920487634,,1.0,12.200340746188882,4.095323271988272,0.33567286006069635,0.0,5.676977014671134,-2.662481827974234,-0.46899640796387326,0.0,55.059333409801184,4.985810174747554,0.09055340604359775,0.0,13.191278351783692,10.804032121668879,0.8190284393633452,0.0,
2018-12-05,136.0,39.41672000270046,0.8626110406157523,0.021884394250882733,0.0,2.0560053719600484,-0.756783187485579,-0.3680842461827403,0.0,16.193608765053796,-6.833772373626098,-0.42200429025885483,0.0,12.196246626153874,-3.9235898493624637,-0.3217046989644043,0.0,55.4059255888933,8.356295816899463,0.1508195328944125,0.0,4.875898361380673,3.9783470557248117,0.8159208336324492,0.0,
2018-12-06,125.0,50.91092953288171,-11.281426474158636,-0.2215914456417915,0.0,0.3202234758500644,0.010712622129982407,,1.0,9.142844136076743,-3.2712302086133147,-0.35779131306694484,0.0,8.913291803779426,-1.6761869049979503,-0.18805475484233683,0.0,66.41026963157492,-18.804668403738766,-0.28315904314290036,0.0,2.048267885955278,0.8926511251602736,0.43580780193893237,0.0,
2018-12-07,113.0,70.08439381881908,26.189739715935044,0.3736886101011345,0.0,0.7947820183617235,-0.2258685223066849,,1.0,6.625957283366001,2.076874533115594,,1.0,6.826577993080715,3.2366425257462414,0.47412371601508674,0.0,80.72310804497101,32.13022687069895,0.39803010127904304,0.0,1.2569735576616896,0.5331962410832097,0.42419049934121034,0.0,
2018-12-08,111.0,63.49288197311398,41.43978104725786,0.652668137899387,0.0,1.7549799886110087,-0.11335810164771251,-0.06459224742353363,0.0,7.344406585267276,1.90505456753518,,1.0,5.412469835282532,-0.4338025937142627,-0.08014873189434009,0.0,75.99293265661981,43.16968721239948,0.5680750262325733,0.0,2.386392554726622,0.8789719787248099,0.36832665144880256,0.0,
2018-12-09,156.0,25.376634244938028,10.137524778820243,0.399482637491314,0.0,5.8522703916605625,0.7708839343071704,0.13172390930632216,0.0,19.82613428070908,1.149193392972648,0.05796356348150121,0.0,6.139514398972091,-1.3160471038260848,-0.21435687227094444,0.0,31.905744377691008,12.538081939508277,0.3929725566370142,0.0,4.503125015631662,2.651958265546813,0.5889150881534693,0.0,
2018-12-10,161.0,48.6120443198015,9.426133913845117,0.19390531802846853,0.0,1.212305301909502,0.3433224563674972,,1.0,21.02879639116872,-3.2871730364887193,-0.1563176976628679,0.0,4.300284644894411,-0.8141844839274399,-0.18933269566099417,0.0,65.55733131175657,10.319381450516019,0.15741002942054502,0.0,1.8232183710351753,0.8907927643955857,0.488582595780788,0.0,
2018-12-11,151.0,54.07800836038223,21.56374239542884,0.39875252527285243,0.0,9.750475459215519,-0.6248170920531578,-0.06408067941575311,0.0,22.68199816510605,-3.475282748926823,-0.15321766290737085,0.0,8.353211730849575,-0.01432883946791974,-0.0017153688820075446,0.0,30.318867365327606,2.823672239586472,0.09313251070901149,0.0,2.927155364770435,-0.0976301294565717,-0.03335324480264765,0.0,
2018-12-12,124.0,53.830293178405554,19.475887272929818,0.36180161992397847,0.0,4.279944482150308,0.8422596717173347,0.19679219560674557,0.0,19.26846361063508,-4.338447618278429,-0.2251579423220778,0.0,22.793988988327328,2.460786283135463,0.10795768500176156,0.0,41.370699896113365,11.5412126514615,0.2789706889282228,0.0,1.7875910565562605,-0.47527053312710177,-0.26587206922073997,0.0,
2018-12-13,140.0,28.696776492142817,8.670873166911637,0.3021549535114414,0.0,2.2519117268384368,0.4800597549731606,0.2131787624051937,0.0,28.218102068829467,11.639822865048014,0.41249488844629634,0.0,20.096570963200065,2.742701251367518,0.13647608123743246,0.0,26.409934590927147,-0.1396351332311605,-0.005287219956960085,0.0,19.54888165577722,11.866936216812352,0.6070391353208358,0.0,
2018-12-14,157.0,38.633901486871764,8.540715685746907,0.22106790557120248,0.0,6.4268162051885085,-1.1829656687577976,-0.1840671385316362,0.0,27.83015800992143,-12.296419061416342,-0.4418379175940244,0.0,9.340014739245811,0.6287629111798769,0.06731926327031132,0.0,33.42708289897564,3.2483595636682185,0.09717747652361741,0.0,2.4211606989338117,1.470706850361341,0.6074387590253654,0.0,
2018-12-15,170.0,27.733774470609205,-3.2822956058888164,-0.11835012249656895,0.0,2.770513682895393,0.6880661384709033,0.248353272073294,0.0,28.92795897594624,-12.517200702355323,-0.4327025184446454,0.0,8.268514596791642,-1.9788935758000379,-0.23932878785361164,0.0,13.051590794901127,2.512915721864735,0.192537121440128,0.0,4.875183823496622,2.0135071729489615,0.4130115388151285,0.0,
2018-12-16,170.0,15.028476991697968,2.768021508896121,0.18418509809245684,0.0,3.4527654714547626,-0.16209486853076538,-0.04694638829971545,0.0,19.92728806049854,-8.352617668487477,-0.41915476120630296,0.0,8.925392682518574,-1.6808876787849298,-0.1883264679297691,0.0,9.066084801219398,5.438369355777854,0.5998586462644148,0.0,5.4002731742730194,1.7121544046847432,0.31704959164685814,0.0,
2018-12-17,164.0,26.959458481534963,-6.962029346483782,-0.2582406969061417,0.0,7.527819630035076,-1.1038660242673146,-0.14663821378809672,0.0,44.44837769957667,5.344134250316658,0.12023238027802206,0.0,20.632347787308387,-9.088091375374994,-0.44047781033263544,0.0,19.013911892929166,3.465590938859555,0.18226606699215475,0.0,4.100410686500248,1.832660633731446,0.4469456290720101,0.0,
2018-12-18,123.0,33.10444220129284,-24.03832765005981,-0.7261360123180396,0.0,2.874175080010894,-1.3706242981783345,-0.4768757156481711,0.0,18.76191015804943,-12.270555025233884,-0.6540141660346583,0.0,35.138409151812084,-27.854731178707826,-0.7927146348135502,0.0,6.710845912821238,-2.427949291750299,-0.3617948203983706,0.0,0.1776954280139719,-0.07355410931824216,,1.0,
2018-12-19,132.0,22.597586733012577,-4.473800667544362,-0.19797692206702025,0.0,1.8182598279672613,1.14177299918645,0.6279482071948456,0.0,28.92249698472733,-13.46077025688837,-0.46540830357753676,0.0,25.81907769018289,1.1281001853401458,0.043692505165243756,0.0,4.685408130906575,1.7352256601016185,0.370346747096687,0.0,2.6041263740626115,2.0982538242655893,0.805741935247241,0.0,
2018-12-20,145.0,25.585550411022265,-0.1622718334820229,-0.00634232333778976,0.0,7.369532058175531,3.2501698051249055,0.44102797565271024,0.0,42.38673823951103,-27.498967012076236,-0.648763461266829,0.0,19.311940489475088,-2.9745467995524693,-0.15402630311405435,0.0,8.855818299118248,-0.2658469492238621,-0.030019467455687503,0.0,0.6895012058957882,-0.0694010561284841,-0.10065400253842839,0.0,
2018-12-21,145.0,34.77240543172229,-2.0068481383780403,-0.05771381397006334,0.0,5.149180648135365,2.2237896290635355,0.43187252128526893,0.0,24.32661263394402,-13.696138155021522,-0.5630104922997246,0.0,12.705540195944192,-7.609965549868678,-0.5989486029329079,0.0,30.45731924851134,7.101860874375406,0.2331741942364978,0.0,2.6146637798228705,-1.392107183745464,-0.5324230191614816,0.0,
2018-12-22,177.0,12.21132001616206,-5.542617687836958,-0.4538917725930638,0.0,0.5067579854221508,-0.20404238877034953,,1.0,13.763753648119744,-4.68309754657547,-0.3402485736305826,0.0,8.982989041585821,-6.799844406488502,-0.7569690194443435,0.0,6.2389891251441405,-1.2594369537484469,-0.20186554720422756,0.0,1.5587751366183467,0.6609348139880946,0.4240090815291976,0.0,
2018-12-23,187.0,29.2034316152276,12.345653291790661,0.42274666396921806,0.0,6.69074881832784,1.5583939733078385,0.2329177220102718,0.0,25.90924974025984,-8.169396863668451,-0.31530812144568576,0.0,9.807918100777893,-1.188251568017058,-0.121152272664554,0.0,28.41790455674345,9.700831150838317,0.3413633518075966,0.0,2.034407495004409,0.14099521113656924,0.06930529477638583,0.0,
2018-12-24,145.0,40.239907086244784,-11.749273627939946,-0.2919806351132506,0.0,0.949786986675456,0.05959663341391959,,1.0,38.03449737520714,-10.162599316613552,-0.2671942583166108,0.0,14.909008745009482,-9.874397163068462,-0.6623107767894855,0.0,29.151364387267677,-2.834207700466293,-0.09722384389336433,0.0,3.0531776450952686,-0.8994499123875581,-0.2945946868936585,0.0,
2018-12-25,171.0,18.36847180005861,-6.159006263333735,-0.3353031395520929,0.0,2.3540112130503923,-1.3642807832544142,-0.5795557708863,0.0,33.12411692153546,-17.227969146754656,-0.5201035000439208,0.0,4.148110853719111,-1.7738956126665937,-0.4276393942259656,0.0,10.357878197253736,-1.3475415336705137,-0.13009822166356402,0.0,1.5864020045628369,0.42247895211010944,0.26631266910591905,0.0,
2018-12-26,148.0,13.673705417502786,-0.02583842044855872,-0.0018896429065587959,0.0,4.733777332337916,1.9574159232317885,0.4134997879727183,0.0,41.87925287504913,4.466627356787492,0.10665489592457902,0.0,7.9083839142986045,0.051968249897892504,0.006571285671138485,0.0,10.060943975098773,-3.5929231362024883,-0.35711590732391635,0.0,3.0869116828034686,1.7054502518251384,0.5524778247870973,0.0,
2018-12-27,142.0,22.366433943607262,-8.859835313672,-0.3961219448755399,0.0,5.78356067110871,-0.16469698901136126,-0.028476746139120004,0.0,35.08126408305543,-2.478731153999275,-0.07065683688395152,0.0,19.17207465479441,-10.777641690276786,-0.56215312553989,0.0,13.058252431925204,-3.976317018272841,-0.3045060615118316,0.0,2.5549485678711727,-1.5318867718417588,-0.5995763637301527,0.0,
2018-12-28,173.0,27.369386330807174,-8.842299335201298,-0.32307261947076776,0.0,3.810810437898901,0.012074289133521578,0.0031684307918970547,0.0,27.794536291563418,-9.819251521007384,-0.35327991868631603,0.0,34.33709293307038,0.20470540840667573,0.005961640631770606,0.0,10.680272123070601,0.7479344530503504,0.07002953149805304,0.0,2.4566048097403765,-1.1629430043530018,-0.4733944180773244,0.0,
2018-12-29,168.0,15.995952883735292,1.2244701276851524,0.07654874558490325,0.0,2.9762065849063153,0.5189988673275283,0.17438267557084425,0.0,22.901399027367003,-8.981925689101043,-0.3921998685917707,0.0,12.310431134726967,2.7115343643118823,0.22026315200795943,0.0,7.075045736324676,0.11575164912412272,0.01636055135726275,0.0,4.0531842670752605,-0.049399234026416994,-0.012187759245908406,0.0,
2018-12-30,195.0,12.770753411183247,-0.33929383296248106,-0.026568035732752005,0.0,6.654833508808218,0.1983794644907565,0.029809831339609776,0.0,39.84199903417175,5.383088489558241,0.13511090357040734,0.0,10.29615549667505,-1.3669154798658476,-0.13275979372176996,0.0,4.0533812696230545,-0.25458962009936403,-0.06280919636337089,0.0,4.876764816028293,0.5689953209836703,0.11667475107956268,0.0,
2018-12-31,160.0,20.811666411420443,-3.8189211682967614,-0.18349905734608166,0.0,5.442249350635387,-1.6367435747717611,-0.3007476264535123,0.0,33.75162184704095,0.09056915134873389,0.0026834014602078807,0.0,17.30028676253277,-0.27009783488355893,-0.01561233282378358,0.0,5.1601514209542,0.59101710132251,0.11453483688918974,0.0,1.1691930482120303,-0.26427901356695216,-0.22603539592635843,0.0,
2019-01-01,133.0,10.817086631774144,-6.064845228756314,-0.5606727056194059,0.0,1.7753697555599453,0.8434658442709217,0.4750930568854349,0.0,26.175587737976457,-10.638526007327346,-0.40642930786584025,0.0,10.162735345220423,-1.9765694564456098,-0.19449187539604668,0.0,3.397442818211853,-0.3153588435081155,-0.09282241391014659,0.0,0.693440207665839,0.07762439443660883,0.11194100598506851,0.0,
2019-01-02,122.0,26.69692082844267,-4.515928275608406,-0.16915539828088244,0.0,2.3578544387200906,-1.5574656034772374,-0.6605435763552364,0.0,38.59146704318118,-4.757228904130358,-0.12327152266088634,0.0,11.435040685697455,-5.986610124624224,-0.5235320353614539,0.0,5.676923605111364,3.471165039594821,0.6114517793527234,0.0,0.6559746419807152,0.25297654960672106,0.3856498916526079,0.0,
2019-01-03,106.0,38.229635355237406,11.485851440285723,0.30044365669609185,0.0,2.0719647789664983,-0.9247260142832388,-0.4463039254675432,0.0,28.331277636170853,-4.514278879741539,-0.15933905056149356,0.0,11.316721838244117,1.1327002078367876,0.10009084114879467,0.0,20.704792036878644,8.54386444102889,0.41265154587454256,0.0,0.2603167842244104,0.06251302187437707,,1.0,
2019-01-04,144.0,26.659659252822166,2.258117731362379,0.0847016726638521,0.0,2.807827915748924,0.5318001716876888,0.18939913258389385,0.0,52.698202699568355,11.563916311401101,0.2194366357677663,0.0,13.15372551680775,1.0607646355,0.08064366510800013,0.0,33.28113130307611,3.6174977084016104,0.10869515448434448,0.0,4.818148211532383,1.24593099495698,0.2585912554484743,0.0,
2019-01-05,113.0,13.144998547948488,2.1167265637022705,0.1610290450760547,0.0,5.462049874156943,2.1234658882435617,0.3887672095947888,0.0,25.20498366263928,7.940784665772213,0.31504819729530875,0.0,5.539244660139953,-1.3558680109078127,-0.2447748915415402,0.0,7.197367513406787,2.726793617364561,0.37885985567435143,0.0,3.2222477863106134,1.067456102291151,0.33127685177599564,0.0,
2019-01-06,204.0,22.040866891889888,1.2369521416341118,0.05612084804564825,0.0,10.512705139335589,1.8159357169416745,0.17273724439839497,0.0,39.14424439003051,9.91872219948182,0.2533890321308126,0.0,12.217844146325655,-5.704547767935116,-0.46690297401204606,0.0,14.055282081630136,2.3169818256241084,0.16484776414785296,0.0,4.432983194514229,0.7853978981677511,0.17717141340388406,0.0,
2019-01-07,168.0,26.98264196224045,13.929859771121663,0.5162526260629011,0.0,3.9072109869011835,0.4663747195570448,0.119362563506438,0.0,45.318686067999806,23.357047226793117,0.5153955079753707,0.0,11.75430863926885,-0.3944785977696039,-0.03356034028677178,0.0,22.422213235142404,13.774588776638202,0.6143277932550051,0.0,4.254265163988741,3.6759597126826655,0.8640645495722077,0.0,
2019-01-08,167.0,16.511706506615152,2.4483949882418417,0.14828237089006707,0.0,9.524367241916474,0.0746782346296112,0.007840755478322421,0.0,35.09327564405976,15.616840886553174,0.4450094954073242,0.0,12.405062176767382,-0.6570326827373087,-0.05296488428472545,0.0,26.021415144881754,11.124495957450911,0.42751310393812414,0.0,1.649592256777389,0.41334692324456823,0.25057520823483653,0.0,
2019-01-09,157.0,24.784576217993163,13.823460249151935,0.5577444668638857,0.0,5.4543717080086855,-2.0198626663501105,-0.37031995149584956,0.0,57.831099044531584,48.151846461532884,0.832628935937299,0.0,7.0657996060035595,1.1568747795581278,0.163728784294303,0.0,20.926977983697718,16.3537403095304,0.7814668855804261,0.0,3.7553738940841797,2.602626302266815,0.6930405269011212,0.0,
2019-01-10,158.0,37.376755703073286,-12.02579845935177,-0.3217453797993215,0.0,2.646668673158268,-1.4197167184340995,-0.5364164894655864,0.0,24.38223016489064,-1.5345967284151023,-0.06293914535450722,0.0,23.311114593903767,-14.93675719734762,-0.6407568860415547,0.0,14.911992606837881,3.8120314862923026,0.2556352854241826,0.0,2.166332248205429,-0.8754875901936046,-0.40413357227122065,0.0,
2019-01-11,140.0,12.873483100687732,0.8748832537621076,0.0679601042638856,0.0,2.7131305454386103,-1.56721925637145,-0.5776424061150696,0.0,40.54467462442699,-11.598541074342648,-0.28606817496458253,0.0,5.992677344293037,-1.5284578838061995,-0.2550542597227906,0.0,12.273372359828496,-1.239727838283406,-0.10100955156718879,0.0,1.8173597630811795,-0.7913159916166559,-0.4354206622661474,0.0,
2019-01-12,185.0,20.175064549177478,3.4922349981834886,0.1730965960317517,0.0,7.468729284853902,1.46430982767808,0.19605876338932315,0.0,27.666475527614235,-7.255087613318079,-0.26223389408877507,0.0,8.196436414335032,-1.7768094197852577,-0.2167782838744084,0.0,10.206648237384794,4.256740415352507,0.41705565983561255,0.0,9.515213064791162,2.7112003155281035,0.284933221890771,0.0,
2019-01-13,135.0,17.455735048832135,6.6219255337042435,0.37935529584858585,0.0,3.187595520445023,2.1273502544260428,0.667384001759747,0.0,26.346941760202753,5.465042773297824,0.2074260771150605,0.0,6.475785154274484,-1.1588360591587747,-0.17894912069370608,0.0,24.646362486761056,8.724814936338689,0.35400010614244903,0.0,2.76054508061497,1.125543688632021,0.40772516143126425,0.0,
2019-01-14,173.0,31.034492541919462,-10.356422773099986,-0.3337068508244874,0.0,7.883005406358272,0.013042026206844026,0.0016544484666120604,0.0,63.06379080712213,-27.896299203482393,-0.44235049695635986,0.0,9.57833841765386,0.2850018793460539,0.029754835016140818,0.0,28.74063182999816,-0.05248632229506445,-0.0018262062784674628,0.0,2.3658991168631403,1.232929938498311,0.5211253217478723,0.0,
2019-01-15,166.0,43.67003688402474,18.379186236952762,0.4208649121539027,0.0,2.1622502864192867,0.47154919285602304,0.21808261320058112,0.0,50.8301747921214,12.127863834809098,0.23859575310153958,0.0,22.108537330801482,-1.6657958944567293,-0.07534627323065612,0.0,35.25352773477789,16.143021271538867,0.45791222350816385,0.0,1.9982578085691718,-0.9787875953014359,-0.4898204781705744,0.0,
2019-01-16,163.0,34.50490972145053,-13.161258887186753,-0.3814314830392048,0.0,1.5635114954493416,-0.42292760199670093,-0.27049855612040424,0.0,37.129083520310814,-8.681792132413479,-0.23382726717895574,0.0,34.58950578914664,-12.862713214326229,-0.37186750492290177,0.0,18.22596926357073,-2.155434016680863,-0.11826169492061256,0.0,3.2936866516320094,-1.4004438225214415,-0.42519036284994716,0.0,
2019-01-17,159.0,55.782217452840996,-15.43835592693425,-0.2767612445666226,0.0,5.426227533753256,-2.9167461609261247,-0.5375274337065343,0.0,24.06202810072864,-8.223617640812368,-0.34176743566197326,0.0,19.695616184748356,-11.254673194455219,-0.571430367493172,0.0,26.25609422451089,-4.369575518629857,-0.16642138321360533,0.0,2.9060255990043458,-1.262161437128845,-0.4343256430918169,0.0,
2019-01-18,157.0,48.421369482399314,11.10841162824897,0.22941134765481522,0.0,5.022627290658413,-2.908418667851535,-0.5790632072702079,0.0,35.73747675033519,10.981431925350144,0.30728056158153766,0.0,12.105285733246994,-2.8503797052715187,-0.23546571044110026,0.0,53.858711706401664,20.856738936020307,0.38724912414756607,0.0,11.403106394522178,7.94283721349433,0.6965503029341118,0.0,
2019-01-19,148.0,14.14643414966849,1.2037795533871989,0.08509420399878004,0.0,4.702489437717299,-0.14566569584714906,-0.03097629410473672,0.0,29.101701408653753,7.4184725799418025,0.25491542490143987,0.0,6.4977493277910945,0.2507321043216607,0.038587531108544154,0.0,11.01024162091198,3.6364443167755534,0.3302783392027273,0.0,6.720310150412839,4.328732817649471,0.6441269406864429,0.0,
2019-01-20,181.0,11.531095987593286,1.0610849738228,0.09201943813185312,0.0,5.869782395886427,-1.8699067125400166,-0.3185649120230516,0.0,29.61512805375969,12.113175060939156,0.409019844146896,0.0,9.507304225553522,-0.5543028820184153,-0.05830284472527683,0.0,7.151316882576787,0.4470385066504729,0.06251135476035491,0.0,4.226122295753152,2.3475554634295444,0.5554868740520389,0.0,
2019-01-21,148.0,19.846291429988923,-3.3528269807676367,-0.1689397232019538,0.0,3.78923351116827,-0.8504535584038744,-0.2244394693273122,0.0,50.67687073673005,-11.571482959905213,-0.22833854560633568,0.0,3.9632272327216858,-1.3056860010460714,-0.3294501991371843,0.0,26.124802726786584,-0.38138066540126436,-0.014598413216350251,0.0,5.038781996059692,3.008501659791968,0.5970692246945005,0.0,
2019-01-22,171.0,28.030896738913725,-17.260571105606015,-0.615769494154075,0.0,5.608944858606257,-0.6875590341611937,-0.12258259824148855,0.0,63.95800013214466,-35.81949095283022,-0.5600470758751523,0.0,11.303492841885594,-5.865030869346731,-0.5188688975511709,0.0,8.621420380346528,2.0331192718834767,0.23582184630715777,0.0,6.065570191407453,3.4668670257822427,0.5715649009706361,0.0,
2019-01-23,126.0,27.83426914131269,-2.8767086211635515,-0.10335132589825505,0.0,5.784491017489922,0.25872431009123115,0.04472723862980429,0.0,43.37539397509681,3.097435406887319,0.07140996595133302,0.0,16.272301090961264,2.002442060496874,0.1230583215799249,0.0,8.83612749176245,-0.2941493794184594,-0.0332893996485092,0.0,4.2720918163759,-1.80793627144333,-0.42319696044759597,0.0,
2019-01-24,130.0,45.66522324561811,9.804902855919902,0.21471268854161904,0.0,4.985426260616799,1.0901974790444013,0.2186768837915821,0.0,25.127497579771443,-5.828148880214831,-0.23194306801592152,0.0,23.40732782557461,-3.391702911522253,-0.14489919297052406,0.0,9.718132395115383,-3.864432573092806,-0.3976517725808287,0.0,2.946272920307814,-1.0688983912624537,-0.36279680130609887,0.0,
2019-01-25,124.0,41.70248416142567,12.022120504409248,0.2882830782423646,0.0,4.129142797464732,-0.8575304355514949,-0.20767759256909527,0.0,10.682879974017846,1.810894550162558,0.169513703661081,0.0,20.872486225431203,-0.6051753265562684,-0.028993926263509422,0.0,4.247917420841981,0.7194296768607211,0.16936056085528206,0.0,4.162038780043071,0.5500461614539038,0.13215786553728642,0.0,
2019-01-26,175.0,18.882327700994207,4.565524391329747,0.24178821931415584,0.0,1.3826490871142534,0.08718143595880029,,1.0,15.035499193698337,1.5488356274761559,0.10301191916030977,0.0,6.842728764939233,-2.054807224697626,-0.3002906143563728,0.0,6.455691000119253,-0.4330491227598028,-0.06708021228894061,0.0,3.170037338757532,1.5208860664550208,0.479769133271824,0.0,
2019-01-27,176.0,11.171972500371332,-0.39291869137773133,-0.03517003746336393,0.0,5.182275758648751,1.4029061499303843,0.2707123694815083,0.0,20.18492929539934,-1.4877061978900818,-0.07370381020998513,0.0,7.534458573929436,-1.2365997658065075,-0.16412589619715506,0.0,0.894274707672587,-0.34317169243194756,,1.0,4.6855534625210495,1.9888501517251984,0.42446429597563545,0.0,
2019-01-28,152.0,40.31104842272907,-16.56994833059728,-0.4110522791874211,0.0,3.422440345646457,0.5162224891566443,0.1508346200433586,0.0,30.02961531377514,-6.226313369213998,-0.2073390985584112,0.0,15.4209971206219,-5.947892248416174,-0.3857008857398909,0.0,11.77284609938942,1.176012185437214,0.09989191870079793,0.0,1.3673127896399755,0.14699160041709142,0.10750400459268394,0.0,
2019-01-29,108.0,47.414689501412795,20.052183091278472,0.4229107751655947,0.0,3.5021810684775065,0.4803870682802031,0.13716797015553522,0.0,10.05296733404975,2.3716790843209314,0.23591831202792948,0.0,13.485290870230525,5.606187789698911,0.4157261303183945,0.0,7.545832165800672,2.257278272562972,0.2991423905230017,0.0,3.3283544620498966,-1.2905347615592877,-0.3877395801060388,0.0,
2019-01-30,143.0,51.19761065203784,14.203954099346848,0.27743392549865964,0.0,6.801946834195398,-2.860901281227381,-0.4206003591272993,0.0,16.228785902931115,1.513375282676492,0.09325252620426511,0.0,23.01402679465536,1.9288547756012946,0.08381213738958712,0.0,11.100563280306229,3.4021192526263695,0.3064816772552569,0.0,3.5241328781848944,0.8519020235311328,0.24173379749798343,0.0,
2019-01-31,145.0,52.23950258574041,11.973317606721938,0.22920045203474512,0.0,5.998113378431293,-1.0481064279673893,-0.1747393491654044,0.0,17.48081766624818,-0.2387076341932417,-0.013655404383865663,0.0,23.550949729047716,0.8884113948653248,0.03772295406709476,0.0,26.510767107858552,14.981406531351253,0.5651064893897519,0.0,4.384803471111802,0.8096167963020168,0.18464152421789887,0.0,
2019-02-01,149.0,38.85478412410157,13.283698531996013,0.3418806417651965,0.0,7.470145260922431,1.764656982335274,0.23622793408937942,0.0,31.93185706071381,-5.935096001217939,-0.185867548822269,0.0,14.225727244745935,2.7142677894265157,0.19079993189304195,0.0,15.410632759216236,7.139525773153307,0.46328569921202983,0.0,5.644454255154408,1.2873139462004795,0.22806703500607323,0.0,
2019-02-02,172.0,24.68300475664728,6.779514415988389,0.27466325444687306,0.0,9.524021020122738,-2.6448277262507043,-0.2777007443245458,0.0,21.21857227792497,5.885132825152025,0.27735762557760324,0.0,8.509160626119405,0.12113656330202394,0.014236017936973433,0.0,3.1750433873094095,1.2076060348120292,0.3803431599198954,0.0,4.291815018877962,-1.3056444886390544,-0.304217325978881,0.0,
2019-02-03,178.0,15.30494534596073,4.045719871965304,0.26434069384201014,0.0,8.555212148101415,-0.7928895028684417,-0.09267911644299796,0.0,27.214060701415292,0.41106395566193077,0.015104837171196322,0.0,5.961894172862225,0.3827717260787791,0.0642030393328863,0.0,3.06617762450332,0.3480292321947572,0.11350589392261098,0.0,6.9854775233252395,1.3869336629062339,0.19854529032197404,0.0,
2019-02-04,100.0,23.629304708374548,0.008678647693259276,0.00036728324427520904,0.0,0.6562477878542221,-0.004890879101605252,,1.0,14.716421008866742,-3.1407475203471655,-0.2134178900192407,0.0,14.212413805362303,-9.172095134669696,-0.6453580130919838,0.0,9.054451914184025,0.2124160659622862,0.023459848036691336,0.0,1.1666284753737228,0.7848102143615922,0.672716491092147,0.0,
2019-02-05,135.0,39.761740334572096,11.028727548844905,0.27737034284828904,0.0,3.957400169878377,-1.53144835568352,-0.38698344618774955,0.0,21.55025997843768,-6.836090643463844,-0.3172161565709073,0.0,22.890767895281897,-2.8889034515355485,-0.12620386807255127,0.0,8.771939874393862,0.09935313134329592,0.011326243996874315,0.0,1.4152852745682991,0.17548887503708815,0.12399540798629244,0.0,
2019-02-06,161.0,38.84649903549871,-1.6953570278407053,-0.04364246637236097,0.0,7.3189319548328,1.3938862946292967,0.19044941300607296,0.0,21.103146095323606,-2.8216370422930623,-0.13370693779721918,0.0,37.72605131704768,-20.271034460473206,-0.5373219235195472,0.0,6.842977459556999,-1.7675256448936758,-0.2582977447083542,0.0,3.927833110668865,1.1037693397478503,0.2810122804733654,0.0,
2019-02-07,165.0,44.00631016299303,-13.16293943951184,-0.2991148176422474,0.0,4.086265840742264,0.2997980598142462,0.07336724322365387,0.0,26.667086935602125,-4.807070003007755,-0.18026228416385576,0.0,33.73842656851048,-13.764104604581807,-0.4079652196178122,0.0,13.415630524403237,-7.247129566318315,-0.5402004440369519,0.0,1.7355959392734734,0.4368099426827097,0.25167720942327154,0.0,
2019-02-08,150.0,22.747170815258865,-4.546602089781876,-0.19987549777979435,0.0,9.263891131282428,-4.848776456862716,-0.5234060275697007,0.0,43.29355284363555,-13.92416664824976,-0.3216221754435362,0.0,12.03762039847788,-6.063568214003089,-0.5037181779523309,0.0,12.983445202436993,-1.7845960919910417,-0.13745165972249593,0.0,3.1541120260953845,1.1178607068145279,0.3544137613267901,0.0,
2019-02-09,91.0,10.043545979788178,4.223813882214676,0.4205500617724815,0.0,4.00553708519146,1.1197667472757467,0.27955470726149156,0.0,15.389480179626844,1.0600426381278976,0.06888099050487882,0.0,4.645572986250042,1.2299753987028812,0.26476290488672977,0.0,3.65984517750621,-2.2510456597998205,-0.615065815798707,0.0,1.4104050602327298,0.14991877677888596,0.10629483756542109,0.0,
2019-02-10,172.0,9.486530005509843,-5.305857376702169,-0.5593043371623228,0.0,9.084626275805924,-0.3287738592784394,-0.036190135873175794,0.0,32.191358995070914,1.6259799741088057,0.050509827011583235,0.0,9.393048101723245,-4.8582761097227,-0.5172204014191519,0.0,4.821541736630019,-2.7662716644413416,-0.5737317678753118,0.0,1.64410378118918,0.043915553784740505,0.026710937768768095,0.0,
2019-02-11,128.0,34.59075655281049,-12.421398622988455,-0.3590958932634048,0.0,4.10596820848877,1.9563055677147436,0.4764541439142743,0.0,24.383040130647714,-13.455253196329515,-0.5518283661198276,0.0,9.561210809770266,-2.3921821165834585,-0.25019656654144384,0.0,22.927583969547413,-13.640067731155948,-0.5949195409892637,0.0,1.2641181026992792,-0.5999353427270803,-0.4745880479411177,0.0,
2019-02-12,123.0,65.71973872535455,35.31760754280354,0.5373972603633934,0.0,4.7546965397632395,-1.6194378808684418,-0.3405975265351176,0.0,12.389001225179523,-4.401213614560856,-0.3552516893464977,0.0,19.56571803809493,-8.640156260630361,-0.4415966868073927,0.0,58.0092586568353,41.9077681658903,0.7224324036582437,0.0,2.1576288710566534,0.3160698734359718,0.14648945315659556,0.0,
2019-02-13,145.0,68.66819436318474,-0.7513324330285981,-0.010941491035206424,0.0,2.515982998833344,0.5932939832274255,0.23581001282700823,0.0,13.883854654486635,3.8014893670681937,0.2738064796608717,0.0,18.802483882463996,-4.560928838733478,-0.24257054904257602,0.0,54.97160974876897,23.766345676828568,0.43233854321249504,0.0,0.7173053643855314,0.08435172399832289,0.11759527836597387,0.0,
2019-02-14,177.0,39.23184484480589,16.209724463129728,0.41317772659563873,0.0,8.377199004833521,2.349950514658576,0.28051745139427736,0.0,37.667050237738295,15.806895994811471,0.41964783265599803,0.0,13.922163844625167,2.736332549421353,0.1965450615263194,0.0,20.101832383639696,13.884320931766196,0.690699268941584,0.0,5.746266033354907,4.259380339648323,0.7412431507563741,0.0,
2019-02-15,138.0,41.179685591072484,23.161048701755693,0.5624386968796302,0.0,6.214066598484345,0.932555163719508,0.15007163971286772,0.0,16.072944061044833,5.483928668158835,0.34119005499745064,0.0,8.780509067597443,4.407406636484133,0.50195342918655,0.0,30.85498708504019,15.892369106241627,0.5150664643754437,0.0,2.7106600519400614,-0.4966316100719078,-0.18321427274381413,0.0,
2019-02-16,171.0,22.079373406573723,9.06143243245387,0.4104026081535447,0.0,8.473565293425047,0.6215282397402695,0.07334908249571598,0.0,18.08618414191005,1.4561558608968959,0.08051205547126061,0.0,9.482290411899154,2.491626092502887,0.26276627104525196,0.0,5.662133553560121,0.8724222249090072,0.1540801213281985,0.0,8.191556748643047,2.0019384006106877,0.24439046960668548,0.0,
2019-02-17,170.0,8.060687729397609,2.1738872689958284,0.2696900490348467,0.0,5.1886403394018945,-0.49027740897060457,-0.09449053642194052,0.0,20.011292744980892,-2.1285141985449902,-0.10636565191815761,0.0,10.161345014770626,-1.2448229167700176,-0.12250572290976552,0.0,3.5955133883398904,0.003724498685969857,0.0010358739583749739,0.0,11.090348455334603,-2.1427873233783923,-0.19321190240399377,0.0,
2019-02-18,148.0,32.10582213806629,7.240847968204302,0.22553068216307057,0.0,5.079985718839447,-1.4139529791120744,-0.27833798309084623,0.0,22.695706402097127,1.3868627360280898,0.06110683278401685,0.0,16.32011348904052,-1.0231843495928672,-0.0626946834824383,0.0,23.282360079872884,14.915771243237202,0.6406468756632442,0.0,0.7337648294633187,0.21057922863185036,0.2869846307377115,0.0,
2019-02-19,140.0,25.723310249464703,3.97884216123624,0.15467846566594357,0.0,5.044355103920674,2.3305479658759394,0.46201108325314855,0.0,27.34351124058594,-7.2694878131600245,-0.2658578757204354,0.0,9.906598151414068,-0.5049956441431196,-0.05097568675186815,0.0,24.12271094186144,3.0165296364971814,0.12504936297447544,0.0,0.6954070094870923,0.22702581650321751,0.32646466516157746,0.0,
2019-02-20,152.0,45.09825496246049,-10.705343491956313,-0.23737822008561918,0.0,1.5834990627699819,-0.7251321953519355,-0.45793029651907524,0.0,18.132882399426304,8.179464405431396,0.4510846221387385,0.0,18.1286394696217,-8.002257934022438,-0.44141525057254755,0.0,23.26756307502364,-6.57280434349796,-0.2824878704445623,0.0,1.7339508686200071,1.3568254818367913,0.7825051484397841,0.0,
2019-02-21,137.0,24.362655434488257,4.61723992693533,0.1895212095968436,0.0,4.888511706638376,1.2001417748892473,0.24550248560507887,0.0,18.929616649751548,1.581219589861945,0.08353151672951066,0.0,29.53616328540374,-9.184890099772277,-0.31097099548847934,0.0,25.323091705366092,3.549025937553745,0.1401497881398774,0.0,3.424191653357404,2.9829224652028294,0.8711318661962416,0.0,
2019-02-22,155.0,20.081976542904155,-2.677695591379364,-0.13333824913392361,0.0,5.959022528790222,2.444711437512362,0.4102537665701153,0.0,24.857297999144063,6.352269755131944,0.25554948713052716,0.0,12.500095428178605,-6.254233382265304,-0.5003348508977432,0.0,10.164773648306431,0.17726954159366215,0.01743959558048765,0.0,2.4619843460095514,0.9262704422921653,0.37622921680777077,0.0,
2019-02-23,182.0,17.979139950781246,4.294426082198106,0.23885603504696568,0.0,4.802570022133289,-1.0386519223671589,-0.2162700215885228,0.0,23.487546583848598,2.3134650708318385,0.09849751920972076,0.0,7.30958145516342,1.2092836441181458,0.16543815149141256,0.0,4.074958759636496,1.0346273954332055,0.25389886289928953,0.0,7.360872125522286,1.6734324131879441,0.22734159548644606,0.0,
2019-02-24,159.0,17.47294989686634,-1.4520205623009397,-0.08310105453695316,0.0,16.740280274534594,0.6147703512534942,0.03672401782834462,0.0,20.180917597572257,1.2792964822144577,0.06339139318265467,0.0,8.895498692734686,1.8324004830364493,0.2059918781768857,0.0,6.714505672716763,2.673702981994574,0.398198037550062,0.0,10.547025227453556,1.6669659098769225,0.158050812805289,0.0,
2019-02-25,146.0,42.19842043600511,-24.716206086014104,-0.5857140108714924,0.0,2.045941647898865,1.477359904155524,0.7220928835740447,0.0,21.082527065838796,-1.6396429269226247,-0.07777259916717623,0.0,12.263669269581438,2.5305537284352164,0.20634556206697058,0.0,21.896198561240453,-9.88345422683415,-0.45137763065089037,0.0,6.039917866626633,1.3066559572698917,0.21633670955854817,0.0,
2019-02-26,158.0,39.41606248687458,-4.9603721680115775,-0.12584646601023036,0.0,5.145859342861508,-0.9766731291806982,-0.1897978673932409,0.0,12.870188623230202,-0.7092542005931017,-0.055108298825778265,0.0,13.187634222893388,0.13343398238698267,0.010118113691335537,0.0,36.11347592418315,7.254691980037951,0.20088600707582108,0.0,3.7918308704538433,-0.06750156066447976,-0.0178018384708178,0.0,
2019-02-27,162.0,60.988182868524746,19.280242700337126,0.3161307944180023,0.0,4.650585188326652,2.333757653659946,0.501820213834136,0.0,12.669514257373514,7.931071309483441,0.6259964785048998,0.0,34.587323843923514,7.699543780005619,0.22261172372716878,0.0,54.98672548869217,17.788697769673426,0.3235089489613563,0.0,8.394206587763614,3.793562174347101,0.45192623444329383,0.0,
2019-02-28,156.0,47.975021449463384,2.1209715904718234,0.044209914376089295,0.0,5.682522886236249,1.2345193181626395,0.21724845511010488,0.0,34.11095057066268,-13.966356784774117,-0.4094390965693569,0.0,18.010557697009055,-8.162849800290656,-0.4532258210775022,0.0,18.521322619657433,6.058513374092845,0.3271101906978662,0.0,2.8837530355885908,1.141035416813902,0.39567723127892956,0.0,
2019-03-01,172.0,55.44695082458202,13.740292342167852,0.24780970166669994,0.0,5.577047707920421,0.6614497501732765,0.11860213231346356,0.0,34.9086409630836,-7.083252041568372,-0.2029082727413827,0.0,14.459376002196215,-4.602184849403441,-0.31828377992967477,0.0,38.72061024916911,5.893185272246509,0.1521976341365376,0.0,1.3816841350853721,0.5842098545383076,0.4228244645091841,0.0,
2019-03-02,203.0,24.265110112326507,8.590873044586962,0.35404220318055996,0.0,4.053989700551021,2.1635262243664903,0.5336782735467784,0.0,30.042398192548717,-4.381035159298627,-0.14582840994315946,0.0,11.074677347925892,-3.913998885941015,-0.35341877356580903,0.0,15.321555745125803,8.788846523975918,0.5736262472413668,0.0,1.1854102736397116,0.14373579065483028,0.12125404499279437,0.0,
2019-03-03,188.0,29.51667238103982,13.29824031349709,0.4505331814449138,0.0,11.118097780185048,4.967677520719954,0.4468100226257655,0.0,33.76587317873782,-0.12368613385479821,-0.0036630515431978422,0.0,6.971014768394521,-1.75055519907364,-0.25111913505195554,0.0,8.903165636074842,3.750405780893738,0.42124407589334567,0.0,1.2069133652694222,0.13607719565934867,0.11274810568443065,0.0,
2019-03-04,160.0,31.5206342548845,18.939806627936562,0.6008700990844311,0.0,3.456447707932959,0.3769438886360449,0.10905528464119789,0.0,39.04660828108899,25.304028644310147,0.6480467768711519,0.0,10.869874803538545,1.5949820087955762,0.1467341655376151,0.0,37.7488236479403,24.090535234601667,0.6381797604947652,0.0,5.455741340774687,3.27210820365328,0.5997550102308657,0.0,
2019-03-05,172.0,37.26757155536325,-10.371039653670183,-0.2782858989956824,0.0,4.145756746605905,-0.41583603747551234,-0.10030401272721892,0.0,44.81860501502524,-5.126620719173831,-0.11438599477728398,0.0,10.366339730724569,-3.887777305132224,-0.3750385773687626,0.0,25.424392156121026,-2.8770831152605707,-0.11316231662859641,0.0,4.8485010219883335,2.5934901252598794,0.5349055540048765,0.0,
2019-03-06,144.0,30.994953035718936,-17.081851038111488,-0.5511171776394101,0.0,3.427801475329028,-1.7862705629484084,-0.5211126069595229,0.0,20.4045989519218,-7.890407337297434,-0.3866974967696819,0.0,47.50008666127542,-27.35261505601499,-0.5758434768986282,0.0,9.909738280395683,-4.0716839657355255,-0.410877043422074,0.0,1.226641278677556,-0.1043275237864561,-0.0850513720677424,0.0,
2019-03-07,137.0,40.5067797058,9.897120406541635,0.24433244208560245,0.0,1.2421094256787844,-0.18578824734587332,,1.0,14.63082545068755,0.21768186387641572,0.014878303661683433,0.0,27.89687724977557,-7.264919007514635,-0.2604205102409117,0.0,25.880052492066167,12.557164374610727,0.48520629463407283,0.0,0.6617903612568564,0.14545166815184102,0.21978511121800368,0.0,
2019-03-08,153.0,35.288658570287225,-21.274278065459324,-0.60286445921671,0.0,2.9413949030349547,2.072278786990139,0.7045224647842918,0.0,56.973408733196266,-39.40597958970644,-0.691655641919597,0.0,18.828384448017456,-12.893783701868244,-0.68480563149038,0.0,5.082523632998338,1.5653474943555201,0.30798626969336357,0.0,1.9286410004206072,0.9279452809779221,0.48113945559362853,0.0,
2019-03-09,163.0,13.739726449341102,-5.296759577794804,-0.38550691655500996,0.0,4.33481325697357,2.382828298220515,0.5496957208911303,0.0,40.06757219748397,-0.5249946056774468,-0.013102730634386021,0.0,7.502018213672267,-3.6252977136647773,-0.48324299014067307,0.0,7.4744285462947975,5.177634057600038,0.6927130315757289,0.0,1.8724554381406002,-1.058044144842367,-0.5650570493111622,0.0,
2019-03-10,140.0,21.711105888090966,-4.743694187682678,-0.21849159651902864,0.0,5.767483122333937,-0.6257843639414242,-0.10850215781614407,0.0,26.251374429033604,5.285449202853048,0.20133990382642308,0.0,11.727961149852486,-6.265126454990766,-0.5342042299542891,0.0,20.10222196199174,4.892826365561416,0.24339729084737613,0.0,0.60142696473485,-0.10162170490390535,-0.16896765669412098,0.0,
2019-03-11,160.0,54.21910755933641,14.411531281055986,0.2658017058890958,0.0,2.4339598176520596,-1.0920416440454463,-0.44866872333944025,0.0,14.907577952166314,-0.83676312356988,-0.0561300518605227,0.0,6.626284872145328,-1.8354239713342049,-0.2769914072136726,0.0,58.826999627977784,20.891445464137078,0.3551336222526166,0.0,1.0239814644228253,0.03238560781298398,0.031627142617506626,0.0,
2019-03-12,153.0,50.20782250762568,22.45858602147545,0.44731248836900644,0.0,9.110903438435338,-0.09779199248203563,-0.01073351212015808,0.0,15.081144401061458,8.61348526210613,0.5711426820831903,0.0,9.818412293505386,1.4781369253369696,0.1505474491343898,0.0,42.35890549274336,18.967587203478203,0.44778275035287685,0.0,1.5088435076831888,0.018334072024285886,0.012151075927309145,0.0,
2019-03-13,147.0,48.75091038730898,7.5447077799118425,0.15476034642167236,0.0,10.30612355712946,-1.0600025144952947,-0.10285171807027459,0.0,15.186909154755991,2.56009095907062,0.16857221788733043,0.0,26.57250189586193,5.47545096160259,0.2060570353164701,0.0,19.76331783669593,6.303486825138334,0.31894881604515873,0.0,3.448573572059098,0.8977500723026278,0.26032504557140507,0.0,
2019-03-14,151.0,57.92073840024386,13.300773541899305,0.22963749961176783,0.0,5.300931376979855,0.596240852014372,0.11247850794742291,0.0,15.065932512196007,0.5097907725747429,0.033837319539435265,0.0,27.98868380083149,2.5369392200836316,0.09064160494779193,0.0,39.43526268178539,6.942061979873451,0.17603691487719936,0.0,1.8392394258844362,0.23762729249362563,0.12919867264119658,0.0,
2019-03-15,130.0,43.57649774734455,-9.308754043543864,-0.21361868265586162,0.0,4.953164629696397,-2.236723389467902,-0.4515746107160991,0.0,25.34451245442324,6.104501802184619,0.24086088904500644,0.0,14.101053613776452,-3.23022181873308,-0.2290766284001088,0.0,21.658889010213898,-3.6045576931186134,-0.16642394221692425,0.0,1.9479653220987467,-0.8915594973132394,-0.45768756106636904,0.0,
2019-03-16,163.0,22.047389237050083,-3.000736684386172,-0.13610394646380666,0.0,3.6054133716243033,-0.06687396643155682,-0.018548210576317052,0.0,20.585718593014462,-3.515153001263327,-0.1707568761994131,0.0,14.106425131292777,-4.018041266572981,-0.28483767001035715,0.0,10.553022312247773,-2.132952311140486,-0.20211767283624468,0.0,1.8938804426797962,0.23875864475788533,0.12606848847335236,0.0,
2019-03-17,153.0,32.22706077138719,-0.10339533217858798,-0.003208338883649842,0.0,9.462916269796548,1.3710116891290731,0.1448825763686642,0.0,15.911998022289477,-1.597732944144668,-0.10041057960832879,0.0,5.682255919746234,-2.164878178658123,-0.38098920732081437,0.0,25.69156526435836,3.2614003769805318,0.12694440153496753,0.0,3.1348363232682397,-1.1804017558292286,-0.37654334520361643,0.0,
2019-03-18,134.0,44.78689850221417,-4.488022333250039,-0.10020837529145182,0.0,3.918614947193412,-2.0846865493451388,-0.5319957631556098,0.0,28.253273092544983,-18.131871033910322,-0.6417617871925312,0.0,7.821829755659559,-1.670381391756291,-0.21355379034524125,0.0,79.80866908463213,-12.073352666649225,-0.15127871201368093,0.0,2.516528352025483,0.2313986899664242,0.09195155293210899,0.0,
2019-03-19,146.0,35.889378041589225,5.593945218877691,0.15586631822917998,0.0,5.026464986971399,2.802238510013093,0.5574968725091088,0.0,14.170257417034005,-0.3438619574253341,-0.024266458068149074,0.0,10.674665271108092,2.3922767714996254,0.224107895727141,0.0,49.1029542367105,6.4218708251320695,0.13078379753230673,0.0,2.6519760734881794,0.8855609753364724,0.3339249490934065,0.0,
2019-03-20,147.0,24.255877224510186,10.403176237717252,0.4288930118431258,0.0,5.6900595552287925,0.19036041275260351,0.0334549069135269,0.0,31.783060127985664,-9.392799543567577,-0.29552848296369727,0.0,22.359792426796048,9.856347540759657,0.4408067549387345,0.0,13.94463541609002,1.8248505035776055,0.1308639809594449,0.0,1.792022951543907,-0.056996731527719724,-0.03180580442823822,0.0,
2019-03-21,125.0,41.69632473992533,-4.715922706633957,-0.11310163991787833,0.0,6.003995375198423,0.983151074752702,0.16374947236201198,0.0,14.432811057748037,-4.7658592335022405,-0.3302100480934212,0.0,22.831386474521423,-12.458458008624348,-0.5456724243412595,0.0,17.320645139661792,-7.428474959725227,-0.4288798078724611,0.0,3.8101916103550995,2.045985844784223,0.536977153386137,0.0,
2019-03-22,151.0,32.035102585708955,-11.2552876864221,-0.35134233318931685,0.0,6.483825712515676,-0.03179780408459032,-0.004904173167889334,0.0,29.7156862776028,-15.500366831280942,-0.521622374340512,0.0,11.706396474939533,-3.275144008104704,-0.2797738838861274,0.0,22.347365048095526,-10.297330767169573,-0.4607850073155325,0.0,1.9696097775959005,0.9462299882890111,0.48041495277504986,0.0,
2019-03-23,170.0,10.724423781910442,-0.8537643623894722,-0.07960934589600703,0.0,4.078637375190731,0.813273506129353,0.19939833609045018,0.0,32.01427915645763,-10.860831049021783,-0.33924958909565306,0.0,6.99691953894216,1.970311722841938,0.2815970245014169,0.0,8.538307143644483,-0.08895337396900338,-0.010418151100972764,0.0,8.8654509605476,3.8808912134147433,0.4377545181497489,0.0,
2019-03-24,160.0,11.90036451122432,7.1578125258338625,0.6014784269072326,0.0,6.164103237155354,1.5576657996182077,0.25269949896832816,0.0,22.816750766229234,-6.944087186554807,-0.30434163293893085,0.0,10.358339189449904,2.2031129338407385,0.21268978487252438,0.0,5.223977469839151,0.7485549953142786,0.1432921561465553,0.0,3.712551299169713,0.30894454964331874,0.08321623723082618,0.0,
2019-03-25,153.0,8.809958013756836,-1.627853584092204,-0.1847742726526386,0.0,3.128411104706167,1.8944923875521025,0.6055765448160435,0.0,67.62716126257146,-40.62157784020619,-0.6006695694720573,0.0,8.243806288832268,0.38067096057022926,0.04617660183086995,0.0,6.1323653233630395,3.9143948289568273,0.6383172923576153,0.0,0.555956990814588,0.14108294166848181,,1.0,
2019-03-26,160.0,42.11580757882621,18.605080987242662,0.44176004348059555,0.0,5.938944071443977,1.9254175714854265,0.32420200431644847,0.0,26.441919994729687,4.900363743030944,0.1853255642558357,0.0,27.182484548422508,13.965296387935268,0.5137608507808651,0.0,18.915441427321635,14.512955725264202,0.7672544032888156,0.0,2.8879307401948537,-0.5512421017527852,-0.1908778815504391,0.0,
2019-03-27,174.0,33.465555234695785,-6.299886846900746,-0.18824988268442858,0.0,10.096771865857585,-4.155576943583187,-0.4115748081458931,0.0,25.689378830560596,-5.160923290197377,-0.2008971615949639,0.0,44.892415758054995,-29.517290682204717,-0.6575117463334208,0.0,3.9874322089963172,0.19698420984295623,0.04940126866571593,0.0,3.358851728604343,0.07685487827503695,0.02288129530116871,0.0,
2019-03-28,142.0,34.56224335583829,-27.767243621723225,-0.8033981861606432,0.0,5.967234738549443,-5.591546435168889,-0.9370414740091355,0.0,14.974972659460033,-7.0635559860691846,-0.47169074339557976,0.0,40.116716822230956,-31.95673252475318,-0.7965939153586002,0.0,20.88871983275748,-14.934181036859718,-0.7149399846629224,0.0,1.8917164882586741,0.12529386825258715,0.06623289960744605,0.0,
2019-03-29,149.0,30.448662206814333,-1.6635354921611523,-0.054634107760204234,0.0,3.860592654295026,-3.1808145324170245,-0.8239187133297454,0.0,21.310518468235383,13.408563656443901,0.6291993165924225,0.0,14.83796876488486,-9.0013869790095,-0.6066454999091211,0.0,27.483653135175697,12.462783305911888,0.45346167209340366,0.0,0.5604930187473589,0.10714972816893534,,1.0,
2019-03-30,172.0,12.371746630808044,0.6363456786247585,0.05143539530951391,0.0,3.6447031335192097,0.040950329643194894,0.011235573417924591,0.0,22.529456425341774,1.25844963879126,0.05585796723332038,0.0,7.858455353336461,-3.812900160396662,-0.48519715248847484,0.0,7.852209127675446,2.7497845102583507,0.35019247011221566,0.0,1.5041394810541482,-0.6934599401849061,-0.4610343315361336,0.0,
2019-03-31,177.0,8.25392129993997,-0.6007965045648485,-0.0727892213570316,0.0,7.198908038764779,-3.1756233069859032,-0.44112569432555093,0.0,29.480201864382252,-2.4549098315533704,-0.08327316898461856,0.0,5.9761255982302774,-2.6096482320947496,-0.4366789467857821,0.0,3.8543023565944106,1.7191462260389372,0.44603304748461475,0.0,3.782842439744848,0.924991134032664,0.24452277586667195,0.0,
2019-04-01,131.0,29.36423256429407,10.506299002381594,0.3577923917942573,0.0,2.9535924973752063,1.893232722921186,0.6409932055974753,0.0,21.98384319718752,12.464212454992186,0.5669714955293522,0.0,12.784513228107242,8.283365351964177,0.6479218413848469,0.0,14.177118753665123,9.298710021620186,0.6558956148417849,0.0,1.557675233634649,1.2251022734153132,0.7864940309519356,0.0,
2019-04-02,147.0,42.732723345317936,11.25607471743328,0.26340644443543443,0.0,3.3175066308249304,-1.8151645930377185,-0.5471472388847525,0.0,23.5580317874992,13.376764167519985,0.5678218065151865,0.0,17.622364509144965,-0.5906441745485149,-0.03351673802014511,0.0,24.50258547710837,16.410469985321427,0.6697444235284056,0.0,0.8378758355465761,0.062470378502253066,0.07455803813879108,0.0,
2019-04-03,156.0,32.058145928385784,-3.100986188200035,-0.0967300540439014,0.0,6.290975726617028,3.5945111375817413,0.5713757759982153,0.0,10.403069223772029,5.4984838377246685,0.5285443862240286,0.0,33.34028599564044,-8.624272057133613,-0.258674207481643,0.0,12.232847849416427,2.046199114595885,0.1672708710011054,0.0,3.339750080471269,0.9084445136971554,0.2720097288144883,0.0,
2019-04-04,129.0,25.243923247755447,1.6609820359417544,0.06579730177596067,0.0,6.0644532791775365,3.124993210014668,0.5152967738649115,0.0,21.846567152097123,-2.58185274075353,-0.11818116424326601,0.0,31.10336883536365,-11.386318902081076,-0.3660799240863952,0.0,6.1927627695040375,-2.2337344901104657,-0.36070080079772854,0.0,1.5404990955939808,0.588287598175854,0.3818811707572109,0.0,
2019-04-05,132.0,17.98595036254846,7.446121188876335,0.4139965383414569,0.0,4.77234462412161,-0.4981422945159474,-0.10438103987673243,0.0,32.18564085441176,-10.247129954855795,-0.31837582483467,0.0,11.521741458724133,-4.586831482449966,-0.3981022746328741,0.0,6.909153830725694,1.1092429112296378,0.1605468539861892,0.0,1.7711301907984256,0.13686716364942647,0.07727673796115843,0.0,
2019-04-06,160.0,19.201238123117946,3.9835165762198397,0.207461443406806,0.0,3.041787160917005,2.0093554570806345,0.6605838445563285,0.0,24.566774514772987,7.261670829025029,0.2955891024545487,0.0,6.923860888848134,0.964107351485869,0.13924418282849985,0.0,2.4953390747177715,1.173989447841735,0.47047291477793085,0.0,1.5140921728598131,0.44605816168325374,0.2946043640399648,0.0,
2019-04-07,166.0,12.685164894588523,6.089760487813407,0.4800694778836727,0.0,3.5777326826282607,0.7682526906535239,0.21473171944449268,0.0,29.580688354100857,7.591725979584988,0.2566446692756737,0.0,4.778322732112423,0.9224654737681542,0.19305214935960308,0.0,5.3747518233067195,0.28296406609909663,0.05264690824831575,0.0,3.000785866068321,-0.7475590030085619,-0.2491210757360791,0.0,
2019-04-08,153.0,70.17448692537437,25.49526712845236,0.3633124835749036,0.0,1.2072699204800228,-0.22817809365355055,,1.0,12.181636887427878,5.979934243465948,0.4908974301834239,0.0,4.5819041652503,0.725432347281197,0.15832551732158895,0.0,44.46428054232092,8.435917850662936,0.1897234757376466,0.0,1.0236180584906769,-0.18316900284872126,-0.17894272314695547,0.0,
2019-04-09,130.0,51.41033194720512,17.957843138953674,0.34930416627916633,0.0,2.4220228895210254,-0.18227258954847472,-0.07525634474268764,0.0,20.32595297246007,-5.542913679416494,-0.27270129410053584,0.0,10.28785999587853,-2.5713416246740124,-0.2499394068060928,0.0,7.272269951485208,2.5442727546662076,0.34985950351672435,0.0,0.7404984156091754,0.4273094934495019,0.577056593832106,0.0,
2019-04-10,144.0,67.5598802096356,25.519721920117927,0.3777348604072603,0.0,5.621501302397512,0.6180574950950626,0.10994527295252382,0.0,22.28302817803342,11.926452903727693,0.5352258592700958,0.0,36.224589463163284,10.53850612636599,0.2909213405187815,0.0,22.715927487952282,5.835857964164916,0.2569059954633174,0.0,0.4930306019741623,0.19357377192155317,,1.0,
2019-04-11,,,,,,,,,,,,,,,,,,,,,,,,,,
2019-04-12,144.0,45.332965950459766,2.3297913896904126,0.05139287361511769,0.0,5.086791276466096,0.46281900102665724,0.09098446857213839,0.0,19.572611424235216,3.3150743343094056,0.16937312361929444,0.0,20.36092224691674,4.8356966405645165,0.23749890019332437,0.0,26.503993327460194,-4.927267323485634,-0.18590660141694962,0.0,2.175609562335005,0.6666299457698958,0.30641065258714223,0.0,
2019-04-13,194.0,22.344731850709646,2.362780232124253,0.10574216096709227,0.0,6.527952612916117,2.3773111722884415,0.3641740853916014,0.0,33.48280857757345,10.465243742016341,0.31255573192942626,0.0,13.663611046933505,-1.836447562195494,-0.13440426223254093,0.0,9.327073424035909,-0.2954401673374661,-0.03167554857841212,0.0,1.5429759395192315,-0.400159061969793,-0.25934238617776284,0.0,
2019-04-14,180.0,27.635286681754224,-3.8698949419169595,-0.1400345502647526,0.0,8.375848767711426,0.5566853329159207,0.06646315476252641,0.0,16.832234728921314,1.3981164477621002,0.08306184355662784,0.0,7.504383241990575,-0.3384987131613524,-0.04510679988560445,0.0,6.521639230457362,-1.2229021125170614,-0.18751452959953127,0.0,1.7992172861704545,-0.5967015421696715,-0.33164506964009965,0.0,
2019-04-15,165.0,41.81123734779976,-25.899534001625668,-0.6194395488988939,0.0,6.859762312065861,-3.0896000490213744,-0.4503946213394268,0.0,18.378085165895747,3.332620319567582,0.18133664576502959,0.0,29.433551644382533,-21.60070185244434,-0.7338802368611499,0.0,19.960125633755524,-6.690113843296651,-0.3351739345759768,0.0,0.7628141521345162,-0.12474398128699796,-0.16353128863424699,0.0,
2019-04-16,130.0,33.28436725138454,15.434375922754851,0.46371246315679393,0.0,2.606485248172242,-0.9538254516103218,-0.3659431613047407,0.0,14.174128253827798,3.236824335993697,0.22836143980280235,0.0,24.143162293214115,6.693250375028501,0.27723171860174106,0.0,14.27455239811388,-5.742296654136526,-0.4022750762325315,0.0,2.3582607701391622,-0.7605605817317624,-0.3225091098330408,0.0,
2019-04-17,157.0,42.2834927476797,-0.5524621727070507,-0.01306567023693583,0.0,3.7927643930743145,-1.1225865292136228,-0.29598108737349854,0.0,36.749067633420054,9.862847509188823,0.26838361200270094,0.0,36.55085953354137,-1.4408393309385912,-0.03942012169690254,0.0,11.200530131463887,-3.605372937523659,-0.3218930617753219,0.0,1.605706733716936,-0.600523076194336,-0.37399299858712554,0.0,
2019-04-18,149.0,40.62880202899396,-4.7309664337558806,-0.11644366059279124,0.0,10.143694334910828,1.0884127546734825,0.1072994432538814,0.0,19.20058802992571,0.5210827789859704,0.02713889690116884,0.0,32.84676593079348,-14.75841247381463,-0.44931097645685664,0.0,15.310379337119226,-3.491492847145072,-0.22804744221327863,0.0,1.3089960282959447,0.25658557494897816,0.19601707675385546,0.0,
2019-04-19,192.0,22.651165333969402,0.5299149338234609,0.02339459917449635,0.0,6.5738292328023755,-0.5409039722183582,-0.08228141514831756,0.0,17.506568947181215,3.6455902543767253,0.2082412759105326,0.0,11.519614861237637,-0.5473534598607285,-0.04751490969568077,0.0,1.9195126470876795,-0.9963415786127942,-0.519059658254642,0.0,3.256228463877044,-0.6106068532928172,-0.18751965965121353,0.0,
2019-04-20,173.0,9.69596677114168,-0.7701964402574728,-0.07943472357494308,0.0,4.070767948302086,1.4243464028209432,0.3498962409328778,0.0,21.70073505633627,-0.8746847655228756,-0.04030668837954784,0.0,4.628200233331876,-1.281709214367601,-0.2769346937794195,0.0,3.816906184474642,0.36219671155434974,0.09489274665109496,0.0,6.060081984498533,0.49421698362384736,0.08155285438184438,0.0,
2019-04-21,140.0,9.064072430475786,1.5044766932072637,0.1659824217808343,0.0,3.1130523854080785,-0.35354170614255764,-0.11356754155494661,0.0,17.2796539079136,8.484267087311071,0.4909975125963324,0.0,4.3246473310864495,-0.41525726311021127,-0.09602106977030407,0.0,3.116441264159217,0.6548816885791002,0.21013766442852577,0.0,1.9363157774423558,-0.1535794353108132,-0.07931528374657643,0.0,
2019-04-22,96.0,34.08674233776401,19.154497816129116,0.5619339515148749,0.0,0.5489395662734702,0.1610193688435051,,1.0,2.3467201891762626,1.176929827806531,,1.0,6.872448563939539,2.943647813288925,0.42832591410498944,0.0,2.6678822509129487,0.7367763887344266,0.27616525747427645,0.0,1.2631912513461385,0.4164343674369653,0.32966850189406066,0.0,
2019-04-23,128.0,64.41177891864209,32.610009228472414,0.5062740041640802,0.0,6.251466300171154,2.4622853703164065,0.39387325342359975,0.0,6.328506911937433,3.8724994452990207,,1.0,12.349596029715027,-0.9372172653779436,-0.07589052007230478,0.0,11.496079652912153,8.045872708322506,0.6998796938819356,0.0,4.68109964140603,2.724566943786242,0.5820356652284124,0.0,
2019-04-24,143.0,54.589172969412175,-11.880786452230524,-0.21763997888166683,0.0,7.307705342478579,3.4744319309207388,0.47544773196100215,0.0,12.98557521399925,0.7889610924625567,0.06075673040744534,0.0,43.93360974672396,-34.50869242207759,-0.785473641274169,0.0,17.755637492344242,3.4099529597248583,0.19204903012888944,0.0,6.020586552665913,-0.8135813661969878,-0.13513323977324673,0.0,
2019-04-25,126.0,53.64831700682407,-13.81352855633106,-0.2574829803994406,0.0,5.806586386686826,-1.581576410296375,-0.27237628185857493,0.0,11.080574950348815,2.2153150821902736,0.19992780989406472,0.0,16.184841658221558,-3.310448133214788,-0.20454003833476803,0.0,12.032376758746972,-2.009890805820138,-0.1670402154220314,0.0,2.962110749875131,1.073848429752181,0.3625281160731244,0.0,
2019-04-26,148.0,36.52959685654787,-19.186744738728507,-0.5252383379448469,0.0,6.354257054445036,-1.9351691926064478,-0.30454688502926175,0.0,20.540899006737156,-4.663766076743405,-0.22704780716821346,0.0,8.303555156613578,-3.572443255524152,-0.4302305684907492,0.0,19.993551153827863,-15.126946832184188,-0.7565912986542194,0.0,2.5341140831806053,0.44612324342603016,0.17604702423897747,0.0,
2019-04-27,164.0,38.44656730158749,-11.50032435919776,-0.29912486774138874,0.0,8.755222137144294,0.2808441172986756,0.03207732629731757,0.0,24.24114039289998,1.4607725927127897,0.0602600607494785,0.0,3.0663609474067863,-0.9356209875720352,,1.0,9.157774614061049,-4.911126380165001,-0.5362794551226834,0.0,8.384566379041638,-5.167510640617345,-0.6163122106748703,0.0,
2019-04-28,185.0,30.34441700446041,-5.1791751872753755,-0.17067967351338711,0.0,4.76626037131063,1.4609549935952029,0.3065201813961054,0.0,25.55508149042725,2.2693480283452274,0.08880222233669297,0.0,6.7559317227714875,-3.888998896360622,-0.5756421254602669,0.0,8.893297726404846,-2.030414785671372,-0.2283084237293578,0.0,9.452322625991648,-3.0827515775539958,-0.32613694004446686,0.0,
2019-04-29,117.0,41.237635431032686,-22.350318723433308,-0.5419883679027326,0.0,4.163237473898329,-1.2703024175747977,-0.305123698933591,0.0,18.835088628955415,6.908360074114795,0.36678139456665404,0.0,9.2534598235361,-2.0650300107415145,-0.22316301687387538,0.0,28.32905328254128,-21.701947884523662,-0.766066824333244,0.0,3.8808940446760927,-0.10328467350513275,-0.026613628796906024,0.0,
2019-04-30,136.0,59.96145735423488,2.1576325092149435,0.03598365690927552,0.0,6.004264155759297,0.4266862076597614,0.07106386337957558,0.0,7.482248723652441,1.183588986338311,,1.0,9.67350121425988,-1.079493309166131,-0.11159282303855306,0.0,41.754985277068045,7.898134478920948,0.18915428724288463,0.0,4.634492342767764,0.8166712555287821,0.17621590351815275,0.0,
2019-05-01,159.0,47.50266708261188,-9.107824725847614,-0.19173291280694194,0.0,3.686468607898853,-0.3503963139639037,-0.095049314461304,0.0,10.117602250349584,-2.0608451499134386,-0.20368908550859785,0.0,51.06325728869706,-34.98492213843346,-0.6851290731540824,0.0,16.194780988174895,1.42659525170633,0.08808981441292732,0.0,6.235300325119162,-0.06868369791058537,-0.011015299076115113,0.0,
2019-05-02,139.0,56.50073057490954,-3.370662746219436,-0.05965697632441335,0.0,24.7065150442213,18.85909226832733,0.7633246629308957,0.0,9.027464730468633,-1.1309372512520246,-0.12527739348955788,0.0,29.603520024618774,-22.365284028194676,-0.7554940767042344,0.0,9.504748135012045,-4.164977540830929,-0.43819967469613025,0.0,5.903075743837684,0.8474893128370258,0.14356741292397163,0.0,
2019-05-03,143.0,49.56883332893631,-11.381362571026767,-0.2296072311305092,0.0,11.303111030050779,5.853577107036649,0.5178730963072166,0.0,13.537103480601214,3.741512290634999,0.2763894282108886,0.0,17.651175110157048,-15.215407804902279,-0.8620053741434387,0.0,8.107350764934374,-0.9878896154576665,-0.12185110082204062,0.0,2.6499127298666245,0.579062951108002,0.21852151755093738,0.0,
2019-05-04,179.0,25.646254190789477,6.82521051146778,0.26612894267884807,0.0,4.5885575900974755,3.5014888975561154,0.763091413544127,0.0,22.795350052256254,3.6208142436541317,0.1588400369090076,0.0,5.181626419100207,-1.9197381428062061,-0.37048949259054653,0.0,4.241253230422439,1.2619443736225209,0.2975404450200273,0.0,3.8649662642710556,1.1939076750762438,0.30890507017178803,0.0,
2019-05-05,101.0,17.918490323747392,1.1782890721592096,0.06575827822936746,0.0,5.988281926940543,1.423208409539549,0.237665565332973,0.0,11.310840020392789,2.910512077578899,0.2573205944325456,0.0,4.611402513619392,-1.4976767714127186,-0.32477684760535547,0.0,7.680899369159303,1.4847719106924364,0.19330703858120576,0.0,3.781925804745694,-0.7675135406167676,-0.2029425166547859,0.0,
2019-05-06,150.0,28.348086955840696,1.2062244964902307,0.04255047257224905,0.0,3.979220737332065,0.7613725493913494,0.19133709830378104,0.0,34.01805734129448,-18.148609840862857,-0.53349930182028,0.0,9.547235826081304,-2.7806857307528334,-0.291255582391346,0.0,4.4074131540692125,1.2848610177227455,0.2915227079486473,0.0,2.1838203906154323,0.39578445621580916,0.1812348936371417,0.0,
2019-05-07,139.0,39.062629235791974,-19.044354489757882,-0.4875338619630878,0.0,7.272381913695421,0.8855448948918129,0.12176820543818609,0.0,43.62681789965427,-21.506092654070322,-0.49295579392327743,0.0,8.561830411948899,-4.577998005671357,-0.534698514850551,0.0,1.5484490552262231,0.30680114802394104,0.19813447978055593,0.0,0.5532988510749363,0.106600022244111,,1.0,
2019-05-08,159.0,62.74176633454044,11.414612640050496,0.18193004926236117,0.0,3.140159789960301,-0.9796452035959453,-0.3119730424955,0.0,23.587328006200547,-2.741504708409934,-0.1162278621677393,0.0,34.077076935514924,4.076261472018469,0.11961887105904363,0.0,6.966478494592588,2.0615639171922187,0.29592625869618544,0.0,2.4282615052143166,1.4184108262497084,0.5841260602302882,0.0,
2019-05-09,136.0,49.004316569000366,-20.48549332423957,-0.4180344663187995,0.0,8.251974961080117,4.320378257391137,0.5235568791432244,0.0,37.03462678872165,-25.194513587811663,-0.6802961383016901,0.0,30.599219205389087,-24.460829581298285,-0.7993939131946962,0.0,5.247143772205157,3.8115992817800777,0.7264141116107098,0.0,3.8229247126291677,-1.3627896741139984,-0.3564782925522897,0.0,
2019-05-10,134.0,24.365207837465277,4.033553707362586,0.16554563106005493,0.0,10.72428573991055,6.185674016805408,0.5767912350363207,0.0,42.90847785658843,18.047171709334066,0.4205968752760823,0.0,7.985707525491302,-2.586160832289244,-0.3238486789096545,0.0,2.5122372737096104,0.0651312676011407,0.02592560355772718,0.0,0.6196680265275003,0.04489294857184654,0.07244677254596778,0.0,
2019-05-11,156.0,14.894539720691679,0.046811389584272334,0.0031428557351954535,0.0,15.28964325482957,5.716228373853986,0.3738627696266484,0.0,18.508583687987993,-0.512428039939208,-0.027685967147868373,0.0,7.218756357018714,-1.5750330432858322,-0.2181862034662585,0.0,2.368600225236146,1.2293975909330452,0.5190397171436881,0.0,3.0621757719200065,0.0035876784096252196,0.0011716108665361556,0.0,
2019-05-12,135.0,11.389860775765552,1.3971288400164623,0.12266425968868408,0.0,10.70281601476017,3.2341525567901526,0.30217772148282823,0.0,17.326934451113626,0.9510775545390255,0.05489012249814903,0.0,7.2085227491334045,-1.8799971703940535,-0.2608020028264547,0.0,3.410498824479868,1.5444327895258656,0.4528465978173752,0.0,3.5480234381975553,0.8817341715204476,0.24851419019046297,0.0,
2019-05-13,132.0,62.15718586868752,39.09029182713673,0.6288941701723496,0.0,44.55479902415391,34.36468428067248,0.771290299436494,0.0,24.97378433660196,-14.756312428075123,-0.590872101287751,0.0,10.136175253850517,-2.257161555835819,-0.2226837539118487,0.0,6.605315915294335,-0.5102561381842868,-0.0772493162670403,0.0,2.2358175295157654,0.8699386852824075,0.3890919870687387,0.0,
2019-05-14,154.0,62.650319126252725,42.867718211795285,0.6842378268721727,0.0,15.227931030036409,6.110650545714165,0.40127910572100584,0.0,38.169329927106446,8.533895928514955,0.22357992516013486,0.0,10.420488023868522,2.374606004990827,0.2278785791559572,0.0,9.447530335615731,4.344021483873981,0.4598049786088212,0.0,5.749069150428106,-0.8356763733546994,-0.14535855309593387,0.0,
2019-05-15,154.0,76.0064407059399,1.1767720234659524,0.015482530329485458,0.0,11.384470129458345,6.289683454429762,0.5524792443483723,0.0,17.801307591224028,1.5986015736186838,0.08980248026312336,0.0,49.61766181937128,-24.23161728937911,-0.48836677104197646,0.0,9.357720601081375,-0.17531712762421447,-0.01873502480977631,0.0,7.771933690957661,2.007771326263935,0.25833613693846846,0.0,
2019-05-16,162.0,47.02604001363943,18.473826952710404,0.39284249635632207,0.0,9.920774102240095,4.355269375658801,0.43900499404329624,0.0,13.775399274563819,6.771240520637741,0.4915458627134525,0.0,14.646585209833567,-2.7827406421338,-0.18999245232025117,0.0,13.235456019821862,-1.7725219992099532,-0.13392224616631002,0.0,3.6859798333534783,1.6293820193774406,0.4420485442252245,0.0,
2019-05-17,154.0,52.54715764361026,12.733463406439718,0.2423244943675485,0.0,10.69026903936173,0.7621521063080229,0.07129400611918815,0.0,11.149899038806318,4.342906174746746,0.389501838503794,0.0,18.564190436612986,0.24192958906168371,0.013032057061025467,0.0,19.8710116604052,9.49136121796873,0.47764861599276964,0.0,6.699465156350918,3.734353195584389,0.5574106452429743,0.0,
2019-05-18,58.0,20.582733849732904,0.16049069290127593,0.0077973457788921745,0.0,4.426570620125856,3.1078440165700787,0.702088429910041,0.0,3.7428620053469763,0.16453401443462534,,1.0,15.917816436791327,-9.017928754203176,-0.566530515665438,0.0,15.590112783240329,-8.951582025978501,-0.5741832756721057,0.0,1.1472870359357303,0.7062294045838964,0.6155647039172667,0.0,
2019-05-19,111.0,49.11882332956884,-6.613360112750243,-0.13464003541732023,0.0,7.322874023782784,1.56902114441372,0.21426302559868554,0.0,7.682839137814876,-1.381274360996657,,1.0,27.64623613753065,-13.30113080673034,-0.48111904783572434,0.0,43.92825248763256,-7.399322035026247,-0.16844107416085882,0.0,2.530900791818562,0.8987464005641904,0.35510929684383324,0.0,
2019-05-20,123.0,57.43814544074121,26.055824508318565,0.45363276109254425,0.0,3.2467239716934215,0.9420163894208121,0.2901436640853323,0.0,9.253231694427082,2.6102865650251683,0.28209458611062965,0.0,10.645920825016216,-3.667963746965458,-0.34454170825189007,0.0,71.65360179975687,36.99769028064483,0.5163409703260774,0.0,3.162250749497611,0.7681594239154417,0.24291540575568832,0.0,
2019-05-21,153.0,42.36768927193771,19.105418421032752,0.45094313023314325,0.0,8.789743063120106,0.9981413173410811,0.11355750790134811,0.0,21.65008397232304,3.4687162158115656,0.16021721764432376,0.0,10.461808321684654,-3.4932209518608497,-0.33390221312125323,0.0,22.810465144073532,3.6246311128311044,0.15890211312822933,0.0,2.191256240075739,0.41450668351470427,0.18916394894116864,0.0,
2019-05-22,147.0,39.63638478203211,-24.88311773936443,-0.6277847456623844,0.0,5.218796261564415,2.2471164709854703,0.4305813751602295,0.0,27.49167072687123,-13.312899070353886,-0.48425209230159433,0.0,50.77842362930096,-42.89183217816993,-0.8446861700807075,0.0,7.690213937836226,-5.070699939146638,-0.6593704648707558,0.0,7.019800112044318,-2.375712959399727,-0.3384302859740358,0.0,
2019-05-23,146.0,41.401770653697895,-30.478735261726356,-0.7361698492719919,0.0,1.097460814315121,-0.5561001001254762,,1.0,32.53541273648443,-25.99633863339062,-0.7990167158457145,0.0,49.734754078192054,-35.346551856991645,-0.7107012492998448,0.0,2.794141691934777,-0.30157108974305397,-0.107929777009352,0.0,1.9786161311130803,0.14715995837707388,0.07437519388578336,0.0,
2019-05-24,158.0,32.12792173261187,-16.73956584082962,-0.521028592516705,0.0,4.423508608248078,-0.8827399706287243,-0.19955651696546192,0.0,29.61710657682852,-4.167083481475263,-0.14069853416185688,0.0,18.529538924922228,-4.440541185063722,-0.23964660982962693,0.0,3.463994940590049,-1.9486041160806122,-0.5625308782202469,0.0,1.452189007453847,-0.37130281999978026,-0.25568491297891943,0.0,
2019-05-25,200.0,20.414500624377975,-8.845856266243727,-0.43331240028866774,0.0,7.645837181175005,-3.7359587029986185,-0.4886265054397195,0.0,27.52883118520549,-2.4465046155624974,-0.08887063163354697,0.0,13.842449691961516,-8.61906803527959,-0.622654821009376,0.0,0.7392474193038583,-0.15428778397957954,,1.0,4.824685310777562,1.9418018016442264,0.40247221871788347,0.0,
2019-05-26,211.0,20.846302703437686,3.680058137822825,0.17653289363470484,0.0,15.235785479104374,8.292325529536672,0.544266361646366,0.0,31.200214525306365,0.6447000875495289,0.020663322267435544,0.0,11.151553971503738,-2.422994568736181,-0.21727864788421508,0.0,1.612686145286709,-0.29818027679758297,-0.1848966568411682,0.0,4.803855588783328,1.2556529296534877,0.26138440393282236,0.0,
2019-05-27,125.0,28.955980311155145,4.208752380382826,0.14535002217698792,0.0,4.686898258252763,0.5772180348320117,0.12315565711622548,0.0,20.936444915132597,-7.445345061307664,-0.3556164903586981,0.0,11.137687997346799,-3.0722338883016667,-0.2758412597869081,0.0,19.54438922717236,-6.026190389896124,-0.30833352323530144,0.0,1.2494998841357257,-0.6938079134295699,-0.5552684896081237,0.0,
2019-05-28,149.0,38.49591512885672,14.579433446893136,0.378726766154062,0.0,10.85367234820296,-0.9718028987979745,-0.08953678235540949,0.0,20.64585061665275,-5.922807157873893,-0.2868763931235951,0.0,27.71864898678905,4.483676045529222,0.1617566587630653,0.0,22.706645939702863,-1.1025046908492488,-0.04855427321925627,0.0,0.6820784958617818,0.1516398442457596,0.22232022438145932,0.0,
2019-05-29,169.0,37.56865936843678,4.208130958901677,0.11201174142607621,0.0,5.9086830568121425,1.5582671667275139,0.26372495389323375,0.0,32.009484381458606,-14.519291694389409,-0.4535934262908547,0.0,20.58972510545572,-2.43577414649506,-0.1183004694826958,0.0,6.4614036660277545,-0.09457933709534849,-0.014637583717702097,0.0,0.9972839176698397,-0.25153757815787475,-0.252222635601699,0.0,
2019-05-30,159.0,48.1530388654719,-7.783432432071863,-0.16163948559543492,0.0,9.710889345777098,2.385856865120523,0.2456888118242273,0.0,37.271968808345264,-10.33996549023733,-0.2774193534934004,0.0,47.32286018579907,-6.095023084728191,-0.1287965913471397,0.0,2.2970797440939283,-0.6588407840010835,-0.2868166791749583,0.0,3.164602763667056,-0.7656983326577097,-0.24195717119656407,0.0,
2019-05-31,166.0,43.152412887546234,-17.093708072310477,-0.39612403869179036,0.0,4.521357922487361,-0.49165782533247704,-0.10874118655529895,0.0,58.011276108256425,-31.690547703808303,-0.5462825476321139,0.0,17.312870576068228,-7.331620314554307,-0.42347802938519546,0.0,4.725931177337764,0.6289126766443811,0.13307698589861044,0.0,3.0733814303093765,-1.7035741060540266,-0.5542996027937018,0.0,
2019-06-01,173.0,16.925542178541942,-8.657179113432347,-0.5114860736578262,0.0,4.290430735461991,-1.8023386326674307,-0.42008337712352234,0.0,44.92875661527796,-17.647329183159698,-0.39278472213848775,0.0,8.5302412187666,-3.3847971347281245,-0.3967996974436718,0.0,3.393671866280777,-0.6850856342809835,-0.20187150121611155,0.0,2.529605846451881,-1.0926372448850827,-0.4319397215252551,0.0,
2019-06-02,171.0,15.528801904183636,3.478084715908975,0.22397637225135442,0.0,6.170537886340748,3.063035510820112,0.49639684047650395,0.0,30.463512538677605,1.359738622605293,0.04463499147968963,0.0,8.42641164045926,-1.1505042546775763,-0.13653549147224797,0.0,8.0897192041084,1.86812477732581,0.23092578743364472,0.0,0.9224648811068565,0.05240606047551706,0.056810900391823634,0.0,
2019-06-03,143.0,18.79547879472375,-0.1134227037363605,-0.0060345737916610255,0.0,1.1088596650151819,-0.5616479007603766,,1.0,40.85600384489226,-21.621052984790797,-0.529201364550337,0.0,4.5373614182026305,-1.7364687310879316,-0.382704521645929,0.0,16.1532235589475,-0.6290131679063824,-0.03894041121952795,0.0,3.1027237615053247,1.6524013019222838,0.5325647492126727,0.0,
2019-06-04,142.0,22.148960993021312,-3.9613217858945875,-0.17884910209299296,0.0,1.1346399337926338,-0.2782452770261403,,1.0,52.41472470280132,-34.738645231892015,-0.662765004087399,0.0,9.315687973816233,-4.128816732054223,-0.44321114486221097,0.0,25.6048474907293,-7.937067751002786,-0.309983012157231,0.0,2.4206679866620044,0.9173135540555745,0.37895058682562655,0.0,
2019-06-05,141.0,30.479015624165186,-20.57625334162622,-0.6750957312844581,0.0,2.6981647262946296,-0.4144975016861283,-0.1536220148631751,0.0,22.09706026394269,-7.737242589665648,-0.3501480512451262,0.0,51.341603757326084,-37.46572111913815,-0.7297341410725227,0.0,3.7646732677676424,0.8826217598884984,0.2344484360556132,0.0,0.679478382851807,0.14044846029799757,0.20670040996525585,0.0,
2019-06-06,134.0,29.593651993054664,-19.679173683487583,-0.6649795600795093,0.0,0.5359402149188035,0.13442071004501369,,1.0,36.73735281761037,-8.242499303896723,-0.22436290782349483,0.0,29.32859125502,-18.349717151227857,-0.6256596844925869,0.0,7.073242356869735,-2.387030447487796,-0.3374733010766192,0.0,2.326083486739657,1.545136328687357,0.6642652069436636,0.0,
2019-06-07,141.0,18.401286231273836,2.7056823909714285,0.14703767752783478,0.0,3.4780658889430867,0.04407471728605807,0.012672191583883847,0.0,15.818991473293863,3.9368441930889246,0.2488682163926337,0.0,5.958795255115541,-1.5308370720577942,-0.2569037878493295,0.0,34.65526694797154,12.03209299310768,0.3471937760909947,0.0,3.03050362021167,1.2905416313611582,0.42585054931266453,0.0,
2019-06-08,155.0,12.654920605054937,3.200932919219815,0.2529397867530848,0.0,2.2680909028131224,-0.23500282294208227,-0.10361261210942088,0.0,19.654303218529094,-1.3391176403919718,-0.06813355963336917,0.0,2.8468707438732914,-1.655289681543114,,1.0,23.85758925913251,3.3418503311403196,0.14007493778362723,0.0,3.626892778622272,0.5786857382819918,0.15955413451781553,0.0,
2019-06-09,159.0,11.435702468523228,-2.9430314893110103,-0.25735467474881446,0.0,5.956252672345722,-0.6646229569140851,-0.11158407701537952,0.0,21.5781792915368,-3.784662147121479,-0.175393025333044,0.0,8.466423573729111,0.681526503713761,0.08049756757133007,0.0,10.659539493863118,-2.068545595580246,-0.19405581233327607,0.0,3.47989125047024,0.07295655324137315,0.0209651819526011,0.0,
2019-06-10,132.0,33.45574743858742,2.7829253687687308,0.08318228052974064,0.0,2.344229241964052,-1.4078095991380881,-0.6005426320672425,0.0,21.642541760811582,-0.9643175421880827,-0.04455657532490867,0.0,7.9302542011355355,-1.7810040282407749,-0.22458347274489038,0.0,40.838186092689284,21.118160897958248,0.5171179946637922,0.0,4.2671990085000235,0.49913557179862156,0.1169703055339981,0.0,
2019-06-11,142.0,29.429837144976773,-0.9393522659426636,-0.031918364390371656,0.0,4.754628645336192,0.8741206236990458,0.1838462451860398,0.0,27.376553315698395,-3.9509323270525036,-0.1443181061359883,0.0,17.645069185680764,-6.731867968861392,-0.38151553264094895,0.0,37.56204986051307,9.464192576529424,0.2519615572545899,0.0,1.7048823466029657,0.9146469646153957,0.5364868528540165,0.0,
2019-06-12,143.0,20.90477170369558,-14.826129612561614,-0.7092222686144248,0.0,1.6312209600146106,0.1631457524477089,0.10001450229418805,0.0,62.17575742653571,-35.161163134281495,-0.5655124213939245,0.0,45.49279962286528,-31.048475228799695,-0.6824920753655778,0.0,6.219960679729406,-2.299137866678368,-0.3696386496736488,0.0,3.601083657573321,-0.0352225463607827,-0.009781096389334727,0.0,
2019-06-13,135.0,76.21434388148919,30.054504432833077,0.39434183779849696,0.0,50.02251307079132,38.93822162121716,0.778413942660422,0.0,23.950102431655974,-10.017456835089686,-0.41826363221934043,0.0,29.23212324619817,-11.395086541744053,-0.38981385121335854,0.0,6.631663089057833,-0.6111746127383212,-0.09216008179709133,0.0,2.491744176149946,2.1968514949868325,0.8816521037810715,0.0,
2019-06-14,123.0,48.55012694749894,20.094195401781437,0.41388553779706627,0.0,43.021971257257974,21.13367308130557,0.4912297708287887,0.0,39.41375800649257,-5.871117207583705,-0.14896111166604728,0.0,2.527235145651497,-1.6755239760433451,,1.0,4.688991680646717,-1.4826593560868415,-0.3162000398094862,0.0,2.1504471845983018,0.22713725257335515,0.10562326487259618,0.0,
2019-06-15,185.0,39.9414123004899,-14.39330790199,-0.36036051488879023,0.0,22.378356052344312,6.837305708551353,0.3055320816488256,0.0,60.678492199789616,-25.211916487875712,-0.41550004909257,0.0,31.81210262594686,-30.446314049217342,-0.9570670133694482,0.0,1.8164214046628246,-0.5881129295418819,-0.32377559966656033,0.0,40.794081554449804,-39.321089946587776,-0.9638920266927458,0.0,
2019-06-16,183.0,26.545964351273142,6.228238620932897,0.23462092160287978,0.0,38.20781523390906,22.89917365779743,0.5993321920556881,0.0,30.27939369654632,-10.401160716069757,-0.3435062412513272,0.0,6.866255195855041,-2.2578643808464958,-0.3288349058464216,0.0,4.685257997938599,1.1191589286072916,0.23886815392016716,0.0,4.2080106452849515,1.1501606133200424,0.27332645049479376,0.0,
2019-06-17,144.0,32.86128722284775,11.976063976141347,0.36444293538856404,0.0,26.447446521626258,13.30470251899883,0.5030618932576151,0.0,27.01310109392216,-16.7988022250099,-0.6218761099142951,0.0,8.090870395215454,-4.051414019830725,-0.5007389590898074,0.0,13.147714213373542,-0.5701377030860441,-0.043364017032414166,0.0,2.9335066398925784,2.0502268174862914,0.6988996682691566,0.0,
2019-06-18,155.0,18.582205322876685,-2.2784985342966766,-0.12261722947876379,0.0,7.378434642632777,2.9086283701103133,0.39420669979295975,0.0,42.18137348648452,-14.665025049995522,-0.3476658970029602,0.0,6.9196939012181184,-3.914510187086705,-0.5657056862584064,0.0,25.715343400275742,-6.971528696593386,-0.27110385376065527,0.0,5.339462123287371,3.263782455933879,0.6112567859034557,0.0,
2019-06-19,143.0,25.87281363458896,3.9052889868625376,0.15094179713185957,0.0,4.85965552117704,0.178379744074524,0.03670625279861797,0.0,28.11152661604865,7.270848941991185,0.2586429773557838,0.0,30.232755114106112,-9.208051850935261,-0.3045720383796227,0.0,20.216129992259084,-0.40442074476873935,-0.020004854782967624,0.0,10.624199769634284,8.982934872983355,0.8455163746692776,0.0,
2019-06-20,127.0,53.83869838211831,44.98385800794328,0.8355301922173508,0.0,3.0051390510779985,0.6235004941419606,0.2074780845559541,0.0,13.706764921735155,4.7718200014914,0.34813612320180726,0.0,18.445773482693767,1.258950374895339,0.06825142768214704,0.0,16.81680528423749,6.63980504858316,0.3948315352623305,0.0,1.8535348284785829,0.8737241357022849,0.47138263726042556,0.0,
2019-06-21,158.0,40.81289015188668,33.04956421630397,0.8097824999236466,0.0,4.2630740778258716,2.4454790808000517,0.5736421737356305,0.0,13.721112458268177,3.245688714464141,0.2365470528964529,0.0,5.266717376973241,1.1905245921435248,0.22604679669136032,0.0,8.773299394626514,1.0448926874425055,0.11909917129722977,0.0,4.305176045607363,2.9959974213501432,0.6959059024791809,0.0,
2019-06-22,175.0,31.1637890039201,13.563013406494562,0.4352170849567897,0.0,10.295580903359218,0.1351571912207019,0.013127689684474544,0.0,17.41165154112968,-2.130871017185296,-0.12238190111671873,0.0,10.842709602584357,0.3843325014828618,0.035446167569705665,0.0,6.443650408000389,-1.7845161321041545,-0.2769417983769747,0.0,5.999667595431669,0.6802928938290138,0.11338843077689999,0.0,
2019-06-23,175.0,24.975170137651727,12.724668304225698,0.5094927575705447,0.0,15.197554783808297,6.343677331294258,0.4174143420790894,0.0,22.74439440848073,2.142851763926401,0.0942145007442974,0.0,5.096499079678319,0.31433310137268755,0.06167627943386731,0.0,6.475701057221153,3.3877172092138164,0.5231429275809638,0.0,2.4736802963088786,1.2872293112588427,0.5203701194449387,0.0,
2019-06-24,152.0,43.03886803993373,23.543998485848384,0.5470403743890991,0.0,3.6102552332304114,1.4183329756742005,0.39286224492363486,0.0,18.230553790883274,-4.353394541736368,-0.23879661537837713,0.0,4.7434115704672815,-1.0266720078677656,-0.21644168814274456,0.0,4.530473665385211,-1.3483584207011612,-0.29761974581227696,0.0,9.822739663082752,-3.6339730831608508,-0.36995514569306737,0.0,
2019-06-25,158.0,30.92608867666422,-0.5275037118400795,-0.017056916487409413,0.0,11.00297192751895,0.44924955649690235,0.040829837561732585,0.0,29.59415555668238,-15.002553467879938,-0.5069431171686989,0.0,19.33325738256826,-0.39003843090858425,-0.020174480853922764,0.0,4.210031720889667,-0.26455076808192934,-0.06283818878828407,0.0,4.171631832716223,-1.299890131954676,-0.3116023139338964,0.0,
2019-06-26,160.0,65.76344391893508,22.484479355872587,0.34189935952242145,0.0,9.454872041947958,3.6770979051718298,0.38891038280135715,0.0,10.148211262014222,3.167126889021445,0.3120872050502457,0.0,65.6431784084416,22.876458375128863,0.34849711622414353,0.0,7.946797114745998,1.773113789503698,0.22312307259153824,0.0,1.8092836104842644,0.8365590441309703,0.46237032120523147,0.0,
2019-06-27,175.0,29.43565679830499,-3.720171623323242,-0.1263831702079589,0.0,6.29046368502167,-1.7668222000889262,-0.2808731261410723,0.0,24.765531999306404,-5.388918900190628,-0.2175975424368656,0.0,23.49039638075919,-0.8902408712833987,-0.037898077872052786,0.0,20.111322854048918,-4.402316757400003,-0.218897423573194,0.0,6.461342588874681,-2.509405608441383,-0.38837216475135483,0.0,
2019-06-28,140.0,18.482944827788735,-1.8625511793562946,-0.10077134334978842,0.0,3.9346406442346002,-0.18594395260119084,-0.04725817918687267,0.0,17.372291403429692,1.9565535245621453,0.11262495425191155,0.0,10.849841777293474,-3.573765408630338,-0.3293841036566549,0.0,24.870729364476574,-0.5619724163712824,-0.022595735257123592,0.0,4.000099412420235,-1.0454533209652181,-0.2613568347124336,0.0,
2019-06-29,177.0,22.8186868610137,5.970871301469434,0.2616658591196507,0.0,2.198534845490933,-0.36531844051962004,-0.16616449872007574,0.0,14.668846301618029,1.4523988949768134,0.09901248299374493,0.0,5.433798147118061,0.3063826945524679,0.05638462936187001,0.0,56.829202378918126,27.352922109458202,0.4813180717736994,0.0,11.871851421645253,3.3134030864941835,0.2790974186598266,0.0,
2019-06-30,157.0,37.7092765405323,-1.217031625127731,-0.032274064548005556,0.0,4.270372302329626,0.8694099002410799,0.203591124775418,0.0,25.4842293954498,-4.754162969551647,-0.1865531382479433,0.0,6.082552612424473,-0.6689987602622883,-0.10998651436171121,0.0,57.766787383669,-4.019028990083199,-0.0695733512648031,0.0,14.984847411513321,6.438780923374487,0.4296861186872929,0.0,
2019-07-01,95.0,42.70776759101136,13.132545647126891,0.3074978250535127,0.0,1.7661980175835161,0.7139109085997993,0.40420773972816526,0.0,9.81848461809568,2.8040502897974635,0.285588906930662,0.0,3.1666733255988184,0.11763586058699571,,1.0,65.57915033625613,20.279502210836576,0.3092370380960065,0.0,5.107973637568644,3.691468188431802,0.722687400201406,0.0,
2019-07-02,148.0,49.68058090429986,-18.399695435458455,-0.37035990925512624,0.0,0.9500172355619658,-0.21233761179230648,,1.0,41.597753965092124,-19.874149036460185,-0.4777697625967525,0.0,3.8177873284148456,-1.5020155373342068,-0.3934256699306106,0.0,102.54396282233938,-33.15767169801563,-0.32335079301998826,0.0,6.578819677932182,2.792980101984643,0.4245412154027175,0.0,
2019-07-03,154.0,42.357471345989325,5.177669062835609,0.12223744473655562,0.0,2.668921376622158,-0.10702496266955588,-0.040100455415066925,0.0,20.806440629879937,-4.648984295425516,-0.22343967323027622,0.0,32.31247640829679,8.272921968889218,0.2560287198156376,0.0,42.075837084135856,-2.4435380652999346,-0.05807461561403465,0.0,4.339879939914675,2.472852723064557,0.5697974960830772,0.0,
2019-07-04,143.0,56.428060282516526,26.35991296502795,0.46714192961892775,0.0,56.29036495748733,43.44119589657839,0.7717341312209802,0.0,32.4688144818283,-22.864299777416168,-0.7041926273659466,0.0,17.37664985324954,-6.790083827606109,-0.3907590867601169,0.0,9.884015673967946,0.9577888488071453,0.09690280553982976,0.0,0.5255033795765429,0.10598653131106908,,1.0,
2019-07-05,132.0,41.448746947484324,15.271083452692924,0.36843293410151645,0.0,43.50520874389622,28.613663897576398,0.6577066223499248,0.0,36.795078360788466,-26.107183382560137,-0.7095292236252407,0.0,6.96950981736881,-1.7118164412754786,-0.24561504124858788,0.0,13.665943281172074,-0.8155450252213993,-0.059677184987661766,0.0,1.3168402195660687,-0.022468503511530125,-0.017062437171712488,0.0,
2019-07-06,183.0,26.492657353606774,9.805048211339646,0.3701043681827849,0.0,36.272872269386426,26.169281135855,0.7214559944827239,0.0,27.59672330066678,-9.03416180335909,-0.32736356794724286,0.0,4.090824814324144,-1.6593681951096384,-0.4056316929777368,0.0,9.175082982954331,3.7161265273357347,0.40502375120090306,0.0,7.962116583861637,3.2501806635709394,0.4082056108244772,0.0,
2019-07-07,176.0,28.458564667052997,3.2263552658808,0.11337027371643978,0.0,33.31927890361112,18.455522778430833,0.553899225485058,0.0,13.915224695243518,0.09409368272038621,0.006761923345193928,0.0,3.616845665739668,0.29570561574673715,0.08175787497591869,0.0,6.3203707003631235,1.1521848470403937,0.18229703630741112,0.0,10.244440206515712,-0.683288415459234,-0.06669846294038068,0.0,
2019-07-08,115.0,25.700570688371954,10.548691546053682,0.4104458097043878,0.0,12.43081613232789,6.5448626526590274,0.5265030536199707,0.0,18.108199393434916,-1.1743851776012462,-0.06485377988642077,0.0,6.63201833555649,1.69183853100539,0.255101606389547,0.0,6.529786743572909,4.279776415521989,0.6554236123766916,0.0,2.773251999016788,-0.8192591333282423,-0.295414601204181,0.0,
2019-07-09,154.0,46.919611734265345,22.379903243781364,0.47698398210395554,0.0,13.446553236019092,5.97672560379636,0.44448012058484915,0.0,21.300937685897217,-9.162463070541815,-0.4301436493384062,0.0,28.059979238481898,15.516130783775537,0.5529630172532869,0.0,14.192809420950645,3.3199317577645315,0.23391646144869885,0.0,5.129687343600374,0.31118192539263156,0.06066294192000839,0.0,
2019-07-10,162.0,62.839593537435576,18.776982825543246,0.29880815213034745,0.0,12.373943073966068,10.292272023713677,0.8317697893218787,0.0,23.835524323178106,-7.049804120723943,-0.29576878717404936,0.0,57.567139539372874,10.632491009846518,0.18469722648933176,0.0,12.723930202395415,-4.046760888577406,-0.3180433108486842,0.0,4.2102528241011825,-1.8639032944970189,-0.44270578807697386,0.0,
2019-07-11,133.0,45.6514294619119,11.757319212410696,0.25754547778662906,0.0,8.716341813997127,1.5794881469794366,0.1812099824312784,0.0,30.20942111674958,-5.890531248939903,-0.19498987505172363,0.0,17.753735465208592,2.0063246653926514,0.11300859299860469,0.0,9.689819087863722,-1.380558073091385,-0.1424751133713634,0.0,2.5019080084602994,0.34100992803511837,0.1362999466335213,0.0,
2019-07-12,139.0,39.891306200843246,14.523819869654282,0.36408484085555637,0.0,9.789571279994556,2.0798576474563153,0.21245645881414654,0.0,14.750329938731735,4.220561038373772,0.2861333309766402,0.0,20.06646193195774,2.021173891338866,0.10072397905482058,0.0,6.190809275023634,0.40529603650920143,0.06546737566998527,0.0,1.5933436035265856,-0.5352558119905355,-0.33593244470674183,0.0,
2019-07-13,203.0,28.093381111255436,8.098618340352623,0.2882749608628618,0.0,37.006676342694846,24.77421828909337,0.6694526700986435,0.0,19.351548723796437,1.2963232161112026,0.06698808630841649,0.0,11.062080372088523,-1.0610510036736776,-0.09591785342211818,0.0,4.737985474079316,-0.8708964380464943,-0.18381154666070953,0.0,10.37651678159454,6.218879797788993,0.5993224825521218,0.0,
2019-07-14,183.0,10.466473489723281,1.7379652115596873,0.16605069637506306,0.0,14.918329905878633,4.562316990822099,0.3058195535027214,0.0,33.81884852270014,2.6738557052030827,0.0790640669923554,0.0,8.260358486440959,-3.4083627431067356,-0.4126168069704752,0.0,2.5995939027634387,0.04956062248642284,0.019064755627307233,0.0,4.1691691102459965,2.043380991497463,0.4901170802776326,0.0,
2019-07-15,153.0,23.189488896023246,-1.3238162415732826,-0.05708690896591098,0.0,8.260123913183627,0.7363648741709976,0.08914695250463707,0.0,46.259093520951865,0.057836188357291984,0.0012502663574913454,0.0,15.857774646850881,-2.605647065074318,-0.16431353850723066,0.0,2.2327783632281286,0.1581533859268592,0.07083255039170239,0.0,3.239112627335993,1.11503315521792,0.34424031625444856,0.0,
2019-07-16,155.0,27.27941685812402,-17.526770917988546,-0.6424906737978506,0.0,10.801404609235757,0.7356115453860003,0.06810332285460491,0.0,10.958343038240852,-1.408330400398715,-0.12851672880508722,0.0,19.612113521194253,-12.563876794612291,-0.6406181965566774,0.0,2.0657105608261137,-0.8666712275882738,-0.4195511433323344,0.0,14.137702118641752,-12.800034560465651,-0.9053829577854613,0.0,
2019-07-17,151.0,30.529336148450966,4.320027824428112,0.14150415205301825,0.0,4.418548973495484,1.8851262269657483,0.4266392062809791,0.0,13.692934056889495,0.7798456513505536,0.056952414151018295,0.0,47.66863685438875,3.692672950230415,0.07746546144187545,0.0,1.2928416754002616,0.5623172244982342,0.4349467032180423,0.0,11.001919439644547,-3.0769090767080134,-0.2796702060570099,0.0,
2019-07-18,157.0,40.07267281880195,9.867002204723255,0.2462277035859134,0.0,24.269473324340648,14.95694713807374,0.6162864326797289,0.0,22.38584385762806,-7.841102937616711,-0.3502705990216592,0.0,29.08355749853945,-9.652006624001686,-0.3318715952986976,0.0,2.084217775496647,0.1952502873225323,0.09368036757867408,0.0,5.48189371402986,-1.215016865717678,-0.22164181377834352,0.0,
2019-07-19,138.0,43.9914631586289,23.683053310600215,0.5383556628976274,0.0,14.407774538871307,5.592123247234108,0.38813234008811676,0.0,19.739252114392,-5.12315204219471,-0.2595413449559921,0.0,9.094296181290698,3.9074476811650296,0.42965916254230346,0.0,1.2485467073638519,0.8041319674929746,0.6440543735770985,0.0,3.664958519468196,-1.1196129901374527,-0.3054913129821492,0.0,
2019-07-20,109.0,23.74015726979269,13.347794211217911,0.5622453996209129,0.0,25.62816181742528,15.067022177593975,0.5879088123811322,0.0,13.819782188627869,-6.22804326814783,-0.45066146362804554,0.0,4.664385251569908,-1.9961958930163544,-0.42796548427137054,0.0,0.7339145528967448,-0.4089712333928837,,1.0,4.1693968514227855,2.408288389796501,0.577610737383918,0.0,
2019-07-21,106.0,23.80822048850314,12.080839735666464,0.5074230449730687,0.0,33.05570605586399,14.421224531965954,0.43627035246484075,0.0,24.596829537360463,-12.997717617073313,-0.5284306092104635,0.0,2.439215626865912,-0.913783049551071,,1.0,0.5430747585487503,-0.02690770461345624,,1.0,10.462972635301409,4.52548003670486,0.43252335588035246,0.0,
2019-07-22,145.0,69.47357938121422,41.485894275753324,0.5971463489467362,0.0,38.796058113155595,27.651754060287182,0.7127464852134185,0.0,9.788634676835494,1.2166133580930347,0.12428836076313209,0.0,8.810288637432672,-1.8507477222288962,-0.21006663894818844,0.0,1.283408280178258,-0.024717276166228708,-0.01925909046090588,0.0,7.825605760001048,2.9272438185933156,0.3740597096719735,0.0,
2019-07-23,164.0,42.73694539278222,14.14993570728346,0.3310937545310204,0.0,15.993519958414248,5.604787853383743,0.35044117042133954,0.0,22.290493447988407,3.233475056928161,0.14506072126545788,0.0,16.43687353745917,0.5009142532885167,0.030475032380516114,0.0,2.1305628158734105,-0.583502358048832,-0.27387240296392246,0.0,25.914913260268804,-13.499246075333776,-0.5209064734177603,0.0,
2019-07-24,164.0,48.674233448313316,-1.1780661004334148,-0.024203074542188556,0.0,15.670126579985656,7.430769840330983,0.47419973300163254,0.0,18.542703339080614,0.29613582440863007,0.015970477389048984,0.0,46.810481116008305,-10.878791735310017,-0.23240076743389151,0.0,5.563446459083927,-3.166871909888882,-0.5692284329829493,0.0,5.247725791792611,-1.9425716696512751,-0.3701740042685609,0.0,
2019-07-25,144.0,29.457787601706514,5.259939987035866,0.17855855497889303,0.0,10.652318426975395,1.9848215377869431,0.18632765734459092,0.0,21.87781649916724,5.705552138689776,0.2607916625915092,0.0,26.558327299935627,2.387594711708677,0.08990004094551783,0.0,7.184110338544992,-3.518382836615059,-0.48974510006309874,0.0,3.8781541637872525,-2.5180401773690786,-0.6492883137245012,0.0,
2019-07-26,151.0,30.614464841026347,3.958547414546102,0.12930317204961445,0.0,17.35014211685484,-5.5445259986736755,-0.31956660420017147,0.0,24.74577444458555,-5.741992624336355,-0.2320393179528362,0.0,14.150498837989286,-0.5445065495580377,-0.03847967169158888,0.0,5.794547643708933,-1.1429335384720753,-0.19724292710112476,0.0,4.147409621364199,1.1424593204025926,0.2754633433161603,0.0,
2019-07-27,185.0,23.137402889900837,2.5943242413493834,0.11212685596972384,0.0,19.565282913994448,6.804479960967365,0.3477833666335757,0.0,30.646992101312208,-2.756061907591169,-0.08992927914361826,0.0,5.546829653823801,-1.4971907232193804,-0.2699182806501488,0.0,1.0394855930062417,-0.21114364727128482,,1.0,7.2198736456484705,3.6570952477080345,0.5065317521051387,0.0,
2019-07-28,186.0,14.1987334027799,0.8697364859785912,0.061254512026284666,0.0,24.327809367256123,9.38005577078634,0.3855692729741369,0.0,25.88453116441815,-3.554900798046284,-0.1373368818413441,0.0,4.419064005865942,-2.4372667059843343,-0.5515346016145193,0.0,0.662200841485167,-0.21668321577738786,,1.0,10.834692414486195,5.9454016867787445,0.5487374684333103,0.0,
2019-07-29,136.0,19.131336744598226,-7.045484533444783,-0.3682693283538637,0.0,8.023988498709508,3.981184696434447,0.4961603194065816,0.0,39.616782263779896,-3.117461202692695,-0.07869041917477661,0.0,9.176399760784983,-0.9123121833085782,-0.0994194027168816,0.0,4.38082990074326,-1.7931316121198688,-0.40931322437687956,0.0,19.045687162433747,-15.503569457745638,-0.8140199576692259,0.0,
2019-07-30,144.0,18.010371687953008,7.305036113665507,0.4056016300069913,0.0,8.811859963258023,0.8195082470979995,0.09300059811606465,0.0,41.38098083656223,18.096120272658926,0.4373052524813542,0.0,9.520039175557027,-0.3070387528925935,-0.032251837122784566,0.0,2.2184260551657577,-1.0973000345991497,-0.49462997968492617,0.0,4.706097802132712,-2.7690197677076673,-0.5883897624169224,0.0,
2019-07-31,140.0,32.898404326624586,14.581324332698356,0.4432228441212795,0.0,6.569716905592935,0.6485732641549481,0.0987216456165416,0.0,26.914619248826053,8.614369504587277,0.3200628411253863,0.0,32.71775657507533,4.604261867981118,0.14072669858692832,0.0,4.25334217365161,1.7196581612605815,0.4043075047931561,0.0,0.6911423272758781,0.0050671913153580855,0.007331617693464537,0.0,
2019-08-01,135.0,24.065262035692285,0.21436046114037993,0.008907464245452726,0.0,3.5019687285166525,0.7152514864070945,0.204242682289758,0.0,34.670018078235444,-10.821450378613513,-0.31212704747352926,0.0,13.563605231283868,0.9916606700302714,0.07311187940969036,0.0,2.4350955162371912,0.7922576325701973,0.3253497151497474,0.0,0.8852588767112995,-0.15950462659288658,-0.18017851138125804,0.0,
2019-08-02,137.0,17.55292048380215,-5.675308065707267,-0.3233255725703564,0.0,9.59808593682828,1.6244589874589412,0.16924822283845367,0.0,54.251358936860925,0.25375493630683876,0.004677393180181256,0.0,8.687516107485857,-0.06825592621915666,-0.00785678269538308,0.0,2.347155712872331,-1.1110170780112711,-0.4733461320517438,0.0,1.9787363754367058,-0.9185162417871948,-0.4641933373183575,0.0,
2019-08-03,165.0,11.682661667640783,-2.1643531487076126,-0.1852619899712191,0.0,14.729195373642137,3.982827445956309,0.27040359944464926,0.0,41.94373740174342,-6.037998591990787,-0.14395471090613432,0.0,5.935356248592138,-1.587962521784548,-0.26754291659598556,0.0,3.482963676047797,-1.0419463981934987,-0.29915511475440376,0.0,2.9818303076826793,1.2145195710445023,0.40730673637439907,0.0,
2019-08-04,182.0,31.78042789013125,9.33112350221874,0.29361226772897936,0.0,42.662691099903896,16.510823893381882,0.38700849542562205,0.0,33.43589117065858,-8.093741951798265,-0.24206748103370035,0.0,4.866288319492007,-0.13909884110399218,-0.02858417585880171,0.0,5.0226730433132545,-3.138801446215556,-0.6249264921582504,0.0,2.006060163679642,0.46744469695874147,0.23301629005050623,0.0,
2019-08-05,149.0,11.592416296414736,-5.427886160960229,-0.4682273326087287,0.0,5.063001685397461,-0.2882419934466489,-0.05693104829057963,0.0,47.84013579133898,-38.40135661266173,-0.8027016641456513,0.0,4.880160287255417,0.09432430921086862,0.01932811704099093,0.0,1.8275885078692178,-0.9911977106575919,-0.5423527814875722,0.0,0.41732578073424087,-0.015501592361898943,,1.0,
2019-08-06,150.0,17.471806686815395,-5.225052568176077,-0.2990562259436521,0.0,7.657930187335291,3.0288086277712707,0.39551269777574155,0.0,45.56675366326817,-12.399145578414853,-0.2721094785475124,0.0,9.842944222822545,-3.097658108435747,-0.3147084894835936,0.0,2.2228413245684284,-0.8030638596760129,-0.36127808620434493,0.0,4.685799756305636,-1.1224231295958051,-0.2395371522407399,0.0,
2019-08-07,149.0,26.752608816022985,-18.157591106105755,-0.6787222596112047,0.0,9.99291550151974,2.4210909940226197,0.24228074315793185,0.0,49.91684068494942,-35.25076930525112,-0.706189911491728,0.0,19.60871945873077,-14.055574310412377,-0.7168022542213556,0.0,2.565484640326752,-0.38249534162961607,-0.1490928207548729,0.0,1.2284455259941691,-0.031827218699446005,-0.02590853076182482,0.0,
2019-08-08,138.0,32.9397552917726,5.331705842989506,0.16186233916319387,0.0,12.394873950135658,6.943733081071371,0.5602100601430783,0.0,17.47292491709231,2.5077865196190046,0.14352413986314594,0.0,12.487875527440334,-4.670691905539048,-0.3740181342515679,0.0,19.5331188600976,4.922898146035789,0.25202826959151525,0.0,2.519037170015503,0.6096333561527056,0.24201046471614937,0.0,
2019-08-09,121.0,21.44039055739995,4.126520204189761,0.19246478711021106,0.0,7.341529253986659,0.5593530310431509,0.07619026114203745,0.0,40.81905029149493,6.018620341741471,0.1474463589613576,0.0,10.636306888394753,1.5419504611798072,0.1449704749363922,0.0,20.0938843895201,8.634130294606413,0.4296894581074387,0.0,2.518413011479419,-0.9613374006244019,-0.381723488658309,0.0,
2019-08-10,209.0,16.528912851172205,3.57221493174393,0.21611917032344893,0.0,10.13399079901864,1.2040586778788729,0.11881387123377614,0.0,44.09111717046471,-9.125539537225604,-0.20697002305349893,0.0,10.457193158123111,-4.582405900209508,-0.4382061066405674,0.0,4.453592216690589,0.7222235515077866,0.16216652005119192,0.0,3.3444497299133156,0.9674123410463189,0.28925904683022197,0.0,
2019-08-11,177.0,13.573697263804203,-2.473873972417554,-0.1822549836155856,0.0,8.221299416632968,1.0345123889335808,0.12583319698107592,0.0,40.52634447166929,-15.955867842554628,-0.3937159408421078,0.0,10.193601866776586,-1.6822330026246546,-0.16502832115775082,0.0,2.8496770257479453,-1.3390764158599342,-0.4699046255982189,0.0,3.987600916821969,0.49120225986889887,0.12318240217989927,0.0,
2019-08-12,135.0,14.55973109453043,-2.1572064477197905,-0.1481625198785557,0.0,5.59485552435944,-2.300965863462169,-0.4112645721491814,0.0,50.43430559168337,-31.147042923479265,-0.6175765197531623,0.0,10.397859368509666,-3.974740560560406,-0.38226527400419236,0.0,6.150130493122555,0.962178548898531,0.15644847698345538,0.0,1.543543030835276,-0.7490671926277158,-0.48529077431833184,0.0,
2019-08-13,153.0,23.588628576406336,1.3706778881325843,0.058107570081609355,0.0,3.0190054879349137,1.448332616787889,0.4797383186536007,0.0,59.58464851248573,-6.386507248994828,-0.10718376978688665,0.0,15.119916398172785,-6.421190288809372,-0.42468424558123624,0.0,10.667863653499802,-0.18891071696992823,-0.01770839252411633,0.0,11.97180651109374,7.706203903660507,0.6436959949627912,0.0,
2019-08-14,155.0,28.502819093824655,-4.386169255312376,-0.15388545395717268,0.0,9.696518330441899,3.6394535802662533,0.37533612130039595,0.0,54.94003134391096,-9.212695337057891,-0.1676863866237845,0.0,31.387484635110013,-15.945734702818946,-0.5080284351611298,0.0,7.172139380141736,2.3028414915822135,0.321081530841179,0.0,6.304473681040685,3.4781147086978033,0.551689940297073,0.0,
2019-08-15,157.0,19.637986334819285,-7.644020961617533,-0.38924667892574316,0.0,16.40622564996738,9.713327697342859,0.5920513288418761,0.0,49.43735430639936,-31.42290863318945,-0.6356106445025104,0.0,19.52598443596798,-10.875349552448094,-0.5569680539340736,0.0,5.902510435080325,0.9963271923136717,0.16879719286766717,0.0,6.948737773818717,1.745911291932156,0.25125588974019963,0.0,
2019-08-16,135.0,19.76287751068594,0.12850113897753213,0.006502147215558593,0.0,5.656421744075481,2.531242617010432,0.44749891919951823,0.0,43.12978358323744,13.774119493260065,0.3193644472311572,0.0,8.528672603424635,-6.403270352385349,-0.7507933121754675,0.0,12.912521968602952,5.42258504572772,0.4199477885817225,0.0,2.8436034437254376,1.3386039370979796,0.47074212828503936,0.0,
2019-08-17,109.0,11.811832149098336,-1.9691138073058,-0.16670689038331057,0.0,11.127556054525483,5.264632972193905,0.4731167334855009,0.0,15.396622412976283,-1.82132220227481,-0.11829362008253176,0.0,2.138514539568856,0.1523028555328895,,1.0,2.4264176827709854,1.959387783111521,0.8075228749874123,0.0,5.630833588096718,3.8221776816806536,0.6787942889593707,0.0,
2019-08-18,155.0,27.208736330496322,2.5244180452539484,0.09277968717806674,0.0,36.71147085115081,10.221042176474679,0.2784154908398141,0.0,19.480007290600042,-1.5363616315132338,-0.0788686373980258,0.0,5.120211331508466,-4.244787539650128,-0.8290258477279628,0.0,5.104491822763515,-0.2426498844151323,-0.04753654092127908,0.0,6.24990493497898,0.9887868066690336,0.158208295479035,0.0,
2019-08-19,137.0,51.66594900939526,33.92476669081178,0.6566175080736963,0.0,6.829224644476193,2.825758918959144,0.41377448628004265,0.0,18.883501330186846,7.25539074513884,0.38421851002496527,0.0,7.870814607049392,2.16908371816314,0.27558567015673685,0.0,5.54697711453627,0.03340982278603866,0.006023068438210375,0.0,6.888787678741206,3.8902665319890675,0.5647244062978494,0.0,
2019-08-20,162.0,41.74729184456373,23.65586104163412,0.5666442060412249,0.0,17.31172525763395,2.5126196627213018,0.14513976078804233,0.0,33.86046612395876,-1.2716559481259477,-0.03755577207562887,0.0,15.068185000083753,2.414590617933022,0.16024429073040988,0.0,4.149715149578691,1.5289626152504179,0.36845001648020326,0.0,14.184338735343767,-4.08235584694547,-0.28780727273336165,0.0,
2019-08-21,155.0,49.43760742602899,21.38456039639304,0.4325565396422083,0.0,23.15218558727065,12.223570633302161,0.5279661648886759,0.0,14.3010548579914,1.243392504777278,0.08694411126480456,0.0,55.39000051482435,7.881439642543107,0.14228993625724468,0.0,2.99291303072095,0.001690143577630629,0.0005647152323779677,0.0,3.4213919960675345,-0.7571371731986001,-0.22129506764171872,0.0,
2019-08-22,146.0,16.015539782390984,-1.179320954211887,-0.07363604163429728,0.0,4.51174895226722,-0.32419205190370204,-0.07185507335038906,0.0,29.379655974866182,-10.255112841871538,-0.34905489875867235,0.0,37.77526219928404,-9.69841269820028,-0.2567397850751144,0.0,11.247069122226087,-9.15418823130536,-0.8139176643997995,0.0,1.899240174156142,-0.7492193640834546,-0.3944837384331041,0.0,
2019-08-23,147.0,15.119802919529315,-5.303212147840243,-0.35074611594245136,0.0,3.4207223929624835,0.12135700743915989,0.03547701143151223,0.0,35.74149623330595,-5.600371657327365,-0.15669102437039614,0.0,13.165073091375227,-4.395729868321434,-0.3338933128446653,0.0,4.78857617832545,-3.9987326793465314,-0.8350567121488032,0.0,1.737009115611721,-0.5173471236332363,-0.2978378863895844,0.0,
2019-08-24,,,,,,,,,,,,,,,,,,,,,,,,,,
2019-08-25,139.0,17.00983633240684,-0.2042006298029324,-0.012004855650133033,0.0,12.655693710141344,3.732641592437446,0.29493773142173796,0.0,26.595774221408647,-6.702931996766276,-0.25202996314243997,0.0,5.8438142915838345,-2.7372975460594584,-0.46840940000466297,0.0,0.5117910743429039,-0.1364358223240951,,1.0,2.9624099039792737,-1.6520832206253557,-0.557682182471165,0.0,
2019-08-26,,,,,,,,,,,,,,,,,,,,,,,,,,
2019-08-27,168.0,25.89696819573146,3.9847411938202333,0.15386902295678878,0.0,12.488009391861844,-2.181767620537318,-0.17470899901461695,0.0,39.57820250507211,9.580582254790873,0.2420671391926675,0.0,15.999794294337327,3.89549803549521,0.243471757438401,0.0,4.8004016667764455,-0.03443402381086163,-0.007173154706861163,0.0,13.741438438388279,-0.25258885294270805,-0.01838154383001653,0.0,
2019-08-28,148.0,50.03129103413812,28.486130226668536,0.5693662833371907,0.0,14.346856751471929,6.710621019536634,0.46774155034677906,0.0,27.267476834647823,7.2955254657170885,0.2675541088732831,0.0,54.997292292886414,25.857371416149753,0.47015717207398333,0.0,1.7956706785916983,1.2668671676835772,0.7055119754348002,0.0,2.4110467344507858,-0.37762615297852226,-0.1566233236306562,0.0,
2019-08-29,158.0,31.77178374089999,4.708153232761879,0.14818661964833432,0.0,8.452920925519715,0.6316676311248803,0.07472773455360855,0.0,36.97991778499272,-19.673585634704907,-0.5320072843074002,0.0,33.64272793979035,8.226456038833994,0.24452404851225806,0.0,2.6069949123193448,0.2809100484687679,0.10775243447592801,0.0,2.732748629292467,1.7418029701129543,0.6373813352031293,0.0,
2019-08-30,133.0,24.669033361773472,-9.067646209554173,-0.3675720112975798,0.0,10.084983677334087,1.3696789630017867,0.13581370152141428,0.0,35.87530257873004,-13.14217992350922,-0.3663294517075664,0.0,8.375181933399286,0.1799867012154437,0.021490482552704547,0.0,4.181760665916949,-0.18640396325401842,-0.044575473860397265,0.0,13.541066447018235,-4.312619185417647,-0.31848445632340083,0.0,
2019-08-31,187.0,19.263869688104023,5.375554773945202,0.2790485432563301,0.0,35.05953104134824,25.85213579203046,0.737378254191169,0.0,21.961884387827013,1.0392139746857998,0.04731898029942336,0.0,3.620823547724279,-2.7040932458944233,-0.7468171840613362,0.0,1.3663017294675168,-1.2048193663633349,-0.8818106135552388,0.0,2.8881838428642315,-1.0191490068639184,-0.3528684676295472,0.0,
2019-09-01,188.0,20.69377470712788,4.322085609542237,0.20885921832586268,0.0,23.69034101124998,11.955482287907191,0.5046564033092565,0.0,29.131227144622244,4.0071178613923095,0.13755403579461092,0.0,5.839791369071457,-0.20233738198373974,-0.0346480497668724,0.0,3.0450440739586995,-1.3694543297385517,-0.4497321866209303,0.0,1.826277893131186,-0.2653412240453421,-0.14529071673227661,0.0,
2019-09-02,138.0,42.24949592629855,-34.54948216253621,-0.8177489791311473,0.0,7.922666411934182,1.4318902728355454,0.18073337919146013,0.0,58.80120101966895,-46.485989020929416,-0.7905618969479874,0.0,6.860399434124696,-3.0053402474189665,-0.43807073863220497,0.0,2.6842896610396503,-1.3249648894829122,-0.4935998184971368,0.0,0.6417158142430655,0.1532208174442356,0.23876740146254133,0.0,
2019-09-03,144.0,35.071990291362454,-22.75272347862663,-0.6487434357048788,0.0,9.908597660090884,6.2858184639102745,0.6343802301336574,0.0,49.72596064845857,-35.75963578925448,-0.7191341368356848,0.0,6.358526907235493,-2.3127660122573124,-0.36372670053901485,0.0,5.417760093710962,-3.9800719164438707,-0.7346342118515017,0.0,0.9962912921764602,0.22909389308500233,0.2299466982036273,0.0,
2019-09-04,161.0,21.168021408586352,-6.136080168154338,-0.2898749982209187,0.0,11.627505371820002,2.6637480080711398,0.22909024101824133,0.0,48.3259893192444,13.12422408567574,0.27157693552792733,0.0,14.44180104009865,-0.9985999916434751,-0.06914649972470842,0.0,10.68553800145309,-0.9352438010480757,-0.08752425951046125,0.0,3.474173851092922,1.7010158934773405,0.4896173785149603,0.0,
2019-09-05,176.0,23.46643242328718,3.762070190396049,0.16031709134715835,0.0,9.29522007684863,0.9635546366738756,0.10366130427334119,0.0,42.791862455778755,7.8133557757278655,0.18258975719512588,0.0,47.78115475356026,-13.298447931829596,-0.27831993597514937,0.0,9.460817738035978,-3.4271306390948824,-0.3622446530511367,0.0,7.460528242496359,3.061074325145295,0.4103026254506923,0.0,
2019-09-06,156.0,15.439497969127837,-3.49116926251715,-0.2261193511277338,0.0,5.781896838518144,1.009774888951196,0.17464422440473593,0.0,35.0036156570568,11.576200496507907,0.33071442133076107,0.0,18.152450758418123,0.0742875928743767,0.0040924277312762375,0.0,6.159228425967733,-1.6825770200692545,-0.27317983742499197,0.0,18.353706519934345,7.470051148273214,0.4070050450114714,0.0,
2019-09-07,90.0,8.643134842866855,2.7418200078557278,0.31722518018083923,0.0,14.434174764188352,8.48148295442891,0.5875973578670906,0.0,10.481669002190754,2.055943989794439,0.19614662410773798,0.0,1.7871512033525474,1.5539479745787252,,1.0,1.1833264580345677,-0.9080243476470784,-0.7673489775215969,0.0,0.5087921162994424,0.10550045054995301,,1.0,
2019-09-08,58.0,18.423048685115646,-0.17786843448942846,-0.009654668862332865,0.0,1.472452979651277,-0.31381589888816236,-0.213124563721202,0.0,12.992392814718187,-1.6105093967897093,-0.12395787440826712,0.0,6.927837622701189,-1.2483411433848086,-0.18019203269058087,0.0,18.61592480314721,1.6741982389036358,0.08993365930553156,0.0,1.0503464085049905,-0.4243571113471094,-0.40401633966751754,0.0,
2019-09-09,128.0,43.00340570831031,23.472651521431708,0.5458323854776849,0.0,2.785506685686409,-0.8231196689952145,-0.2955008771743013,0.0,16.417516334506217,-0.21610017520354396,-0.013162781190559632,0.0,7.173010550657632,-2.4588819012837693,-0.3427963592021115,0.0,49.6415236817993,31.300793826892402,0.6305365247757012,0.0,1.0950240931997484,0.2380037011589435,0.21735019588790744,0.0,
2019-09-10,161.0,41.90339668249362,15.47927815309516,0.36940389988867145,0.0,6.063151957197982,-1.850802757536325,-0.3052542259540619,0.0,23.515816387225634,-6.07593600585358,-0.258376571146991,0.0,14.12191046442603,-1.934811089953118,-0.13700774373460498,0.0,44.16542421407212,25.938754904451798,0.5873090854675209,0.0,5.8927895651941,-1.8371427189580687,-0.31176112749879875,0.0,
2019-09-11,145.0,59.49144630080991,0.6881110152865777,0.011566553816951158,0.0,3.564792271165054,-1.4129624979664102,-0.39636601251511977,0.0,25.75727313698735,-10.148766761083007,-0.39401557405195253,0.0,42.77806602806959,15.725339795442888,0.3676028688422807,0.0,34.55829654387344,-13.010152203861898,-0.3764697194303219,0.0,8.209296914137662,-7.247905841193202,-0.8828899620759485,0.0,
2019-09-12,111.0,39.88144508906407,-3.84296420224676,-0.09635970295621366,0.0,1.906528889463511,0.03024822800895319,0.01586560171006111,0.0,26.448924824770074,-12.75824903841389,-0.48237306895989485,0.0,10.297512262593951,-1.8442088145933688,-0.17909265534866295,0.0,43.741660275205504,-9.194481806288758,-0.21019965288104422,0.0,18.501876521149825,-6.95229354148542,-0.3757615360549039,0.0,
2019-09-13,147.0,21.172493393743935,-5.525150141487523,-0.26095887899155507,0.0,3.055019643143162,-0.2588083918397295,-0.08471578649931495,0.0,40.36387006069708,-30.27013623805665,-0.7499314657523671,0.0,8.568371792040118,-5.229539558629744,-0.6103306072091671,0.0,16.54214701363525,1.6438994250817227,0.09937642457939107,0.0,3.4056114979248315,-2.4177974380078124,-0.7099451712213998,0.0,
2019-09-14,100.0,67.13482083882263,26.65376274640062,0.3970184535144736,0.0,3.0785586361453126,0.5024346681503119,0.16320451468789118,0.0,7.731105417253273,-4.977935000361727,,1.0,15.230539281314122,-6.557916990977947,-0.43057680820426714,0.0,6.263028195055082,2.233588546857607,0.3566307666666928,0.0,0.3721052721084516,0.16438039207670815,,1.0,
2019-09-15,104.0,77.83709040554822,21.758469482678585,0.27953857690867184,0.0,3.440756998985303,-0.3638137711742078,-0.1057365490447301,0.0,5.088551012042439,1.563720235401559,,1.0,30.83476365340175,-7.781135736426496,-0.2523494528412922,0.0,3.555232484155563,0.5728974515558309,0.16114205023413686,0.0,0.9693709839630127,-0.05205819379869804,-0.053703065864290786,0.0,
2019-09-16,79.0,59.67659714742331,28.970500275691922,0.48545831465765465,0.0,3.319173938158198,0.6372203681733402,0.1919816135116234,0.0,3.0199505616183124,1.9331695574639909,,1.0,6.947229229670481,2.7715405854983954,0.3989418650044824,0.0,2.3340196821372925,1.281580602161083,0.5490873157451366,0.0,1.187690556136655,0.7131114897814992,0.6004185905974728,0.0,
2019-09-17,163.0,95.88548304150754,-0.34282833837127114,-0.003575393557989016,0.0,8.355308216727273,-0.3388853535876187,-0.04055928815518407,0.0,17.503548234642942,5.023011037505657,0.28697101697152677,0.0,21.63877794476866,-8.240670725423433,-0.38082884100281084,0.0,9.917740895842137,-5.750450790692751,-0.5798145818775666,0.0,2.5689717772038345,-0.13365414684991445,-0.05202631964894089,0.0,
2019-09-18,153.0,93.96811521688505,-28.93467823507094,-0.3079201723721675,0.0,4.834298692410805,-0.4731238808730762,-0.09786815233734249,0.0,12.623074253497172,2.164785596595458,0.17149432484687419,0.0,11.918193265621078,-5.632830441614099,-0.4726245258887034,0.0,16.696932146216565,-12.67134406821847,-0.7589025311508935,0.0,8.364499863535451,0.29518279751829013,0.035289951860137184,0.0,
2019-09-19,122.0,48.34655330057285,12.284041469011713,0.2540830861848876,0.0,6.884093756532817,2.54692034632504,0.36997176918284735,0.0,8.014221857738443,-0.03372614545770116,,1.0,9.634280995138393,-1.6045892932820052,-0.16654997857045126,0.0,5.91451151958608,-0.7310726564477638,-0.12360659946756296,0.0,1.3039661811271746,0.10427393364307058,0.07996674695423013,0.0,
2019-09-20,144.0,42.65590301564225,21.121071336837957,0.49515002247385775,0.0,6.062194709113094,-2.4677656597683946,-0.4070746286091216,0.0,23.035178948855894,5.398492352994275,0.23435860276928328,0.0,9.554313278109472,-5.080989376140085,-0.531800583489499,0.0,2.707875854022853,0.43704608015922586,0.16139812300107664,0.0,2.337646067804592,-0.22961987114449728,-0.09822696186003278,0.0,
2019-09-21,187.0,30.198219423211413,9.09814945235565,0.3012809902746283,0.0,5.226497540250415,1.2748785483627327,0.24392598265752746,0.0,20.49470484045014,-0.6019645868267993,-0.02937171291380149,0.0,7.611234162817703,0.8704748847260642,0.11436711394040354,0.0,3.3673141974431853,-1.9110220217717557,-0.5675211488202682,0.0,4.011608380860701,0.6436273667555883,0.1604412259746791,0.0,
2019-09-22,162.0,58.457818326372944,25.16328577912185,0.43045201650588394,0.0,12.458488669071809,-1.2311557618249003,-0.09882063503266202,0.0,25.235483361582737,3.5901551918477956,0.14226615517550464,0.0,11.77072461684292,4.309838782061215,0.36614897742949465,0.0,5.125957582815311,1.52061802627637,0.29665052855181967,0.0,5.73843505076365,0.5288827198749266,0.0921649744566761,0.0,
2019-09-23,115.0,54.41043845776585,2.0803877565238555,0.03823508531618766,0.0,6.6665542066257295,0.05469445793286919,0.008204307088437031,0.0,11.603388625371732,-3.18121342211603,-0.2741624472664868,0.0,10.909744632255748,-2.271417107993219,-0.20820075854732178,0.0,6.31339112460409,0.003248576473340857,0.0005145533373785033,0.0,2.8014203610873625,0.5069990522195355,0.18097928438799002,0.0,
2019-09-24,131.0,41.99892779070797,-13.23463688492222,-0.3151184466154469,0.0,11.737329105526438,3.912217078838126,0.333314082246879,0.0,32.756325500384264,-22.22377682734433,-0.6784575646949053,0.0,15.386031852758602,-7.359611795157088,-0.47833072656986364,0.0,1.6204432726008176,-0.6852616243557209,-0.4228852906747383,0.0,3.6057115343282877,-2.320642598819811,-0.6436018457733131,0.0,
2019-09-25,173.0,52.67902733428491,-27.001189438355382,-0.5125605161047134,0.0,9.543032640794983,2.587611171891779,0.27115187271079244,0.0,28.001085780910216,-8.724506901522288,-0.31157744988125546,0.0,30.708958686765982,-19.48107843172685,-0.6343776951356613,0.0,5.8340697204039245,-2.8451634468684768,-0.48768074144158335,0.0,2.332825507815862,0.12114657383168537,0.0519312625079749,0.0,
2019-09-26,165.0,29.599700018210566,-11.989858969139853,-0.4050669081701286,0.0,15.53265922669379,7.382380824994623,0.47528119411179554,0.0,27.33189703544485,-3.1049708024151403,-0.11360246229482418,0.0,15.584499712174868,-4.800695930740618,-0.308042992678824,0.0,2.9677941707850475,0.5729510592601696,0.19305619806801202,0.0,3.6848362967139043,0.8243947465496246,0.22372628799949962,0.0,
2019-09-27,135.0,23.754015388534754,-16.600329106749708,-0.6988430728542053,0.0,3.3623657982898236,0.438865052719934,0.13052269712687145,0.0,21.75027864114963,-12.597089677641355,-0.5791691171169072,0.0,10.402723287537807,-6.358664599055289,-0.6112499989952443,0.0,2.2129113741175335,1.1658736604885744,0.526850588832778,0.0,17.483906281042437,-5.00812802854246,-0.28644216847425596,0.0,
2019-09-28,157.0,21.107973217818653,6.679403976697522,0.31643985463554547,0.0,10.757091595107337,6.733898024873391,0.6259961594020618,0.0,23.065996739358525,-8.717780131584068,-0.3779494218304703,0.0,4.127877358958353,-0.5504064514994704,-0.1333388576346567,0.0,0.2465548391701251,-0.012700177615491318,,1.0,6.628409418874067,-1.9665548684816647,-0.2966857875257369,0.0,
2019-09-29,171.0,19.504218449314063,-2.8232596664052534,-0.14475123285468244,0.0,11.239984799292863,1.0716431436944545,0.0953420456370968,0.0,19.851505252867348,-2.933477823285939,-0.1477710524174094,0.0,10.561537114677769,-2.4634760970424505,-0.2332497694505911,0.0,2.1032192339916875,-1.2322073427226905,-0.5858672851636543,0.0,4.286191508537733,-1.185598523646934,-0.2766088545706185,0.0,
2019-09-30,141.0,27.984136940009193,7.192955383584839,0.25703688482530973,0.0,10.26436780569929,7.11231852016203,0.6929134511540901,0.0,49.54013689662679,-7.797548736929105,-0.15739861101312466,0.0,7.896180188035935,-2.7484768500088146,-0.3480767642781541,0.0,1.5743751160844055,0.324188379034266,0.20591558880868743,0.0,2.9366081877378685,-2.153143162315593,-0.7332075049392969,0.0,
2019-10-01,,,,,,,,,,,,,,,,,,,,,,,,,,
2019-10-02,144.0,37.90356074916053,-2.302923031548974,-0.060757432442543745,0.0,3.072602669191831,-1.017908969822307,-0.33128558405179076,0.0,21.81142388896842,-9.048108096266306,-0.4148334442687428,0.0,45.477601984122884,-15.367856631712902,-0.3379214373941291,0.0,9.942156414159394,-0.8667986170342035,-0.08718416618347792,0.0,1.877593738761783,-0.14891802527704412,-0.07931323065406637,0.0,
2019-10-03,162.0,21.06241199039505,-9.256911233347182,-0.439499105684978,0.0,7.690500060882179,-2.146396896735854,-0.2790971822045133,0.0,52.8832830106403,-31.80263715735319,-0.6013741081648503,0.0,27.197214947096654,-18.670272855318302,-0.686477379821252,0.0,7.169816801142581,-2.0067784356501717,-0.2798925678729158,0.0,3.9031129261129482,-0.9108008412283073,-0.23335241856180683,0.0,
2019-10-04,111.0,14.600196283150579,-3.424976716995134,-0.23458429260624006,0.0,6.706568430170587,-0.20528758585987578,-0.03060992935468402,0.0,38.334889794903575,-3.0782653365934136,-0.08029931357733167,0.0,10.200871503562663,-0.2646306932126296,-0.02594196908766149,0.0,6.2388491288729675,-2.479466656643529,-0.39742372438030704,0.0,1.9563642485591073,-1.122994695957273,-0.5740212727687986,0.0,
2019-10-05,187.0,11.756340490697761,-1.349855296002219,-0.11481934340624925,0.0,7.776692288876797,2.9384742942514412,0.3778565725757745,0.0,40.73205195754417,-9.400199610796466,-0.23078139104296738,0.0,4.223005930616631,-1.918579470912805,-0.4543160730614128,0.0,3.1851222676996187,1.319838196254506,0.4143759910377723,0.0,3.8791474393365135,-0.7725979487461987,-0.19916694604377896,0.0,
2019-10-06,159.0,30.522497649566503,-14.198694282522531,-0.46518782458565244,0.0,11.315662578213956,-0.5525843587797308,-0.04883358397798299,0.0,21.052644680254158,-7.077726566577092,-0.33619180269619436,0.0,7.2221705177362265,-2.3668453551164292,-0.327719395340213,0.0,4.186477216760972,-0.40375619778203886,-0.09644294639071756,0.0,2.9999298670809322,-1.01198156602233,-0.3373350747719425,0.0,
2019-10-07,139.0,17.94738646248879,1.743715961013459,0.09715709664234061,0.0,11.036402462617838,-1.513627527936655,-0.13714863453589768,0.0,38.25265629842761,-17.772613547102843,-0.46461122617080564,0.0,6.742811043710384,0.5792681254040936,0.08590899576585764,0.0,2.8875274348756585,-0.3329238461376788,-0.11529720622447177,0.0,2.6864074872428256,-1.1160175425013867,-0.4154312209897848,0.0,
2019-10-08,170.0,43.12086695653852,13.019975870118534,0.30194142161476845,0.0,14.795009494293476,4.34344517997277,0.2935750180929632,0.0,28.884082330070665,-15.671166714750898,-0.5425537337717649,0.0,18.779304055482495,5.499230672408235,0.2928346362655953,0.0,3.927542386816632,0.9424049988672181,0.23994776021527806,0.0,6.1960233509453175,0.5148710879481038,0.08309702187767751,0.0,
2019-10-09,169.0,37.20542006554024,-9.405691481247604,-0.25280433508555333,0.0,17.991552911553292,-1.3184056230714338,-0.07327914547191858,0.0,29.44812464521965,-18.265847110528817,-0.6202719979825246,0.0,21.269387885440658,-16.81173204617979,-0.7904191759880299,0.0,12.971671927101847,-5.055384353382088,-0.38972496234813203,0.0,11.548923055524932,2.1235051835085925,0.18387040707598454,0.0,
2019-10-10,151.0,36.26662115192448,-1.9107584327909437,-0.05268641996690529,0.0,19.229325229207454,-6.132141177794997,-0.31889528648050935,0.0,37.4398379153572,-20.191456315535834,-0.5393040525758696,0.0,12.18325984921102,-5.459931699093923,-0.4481503117121404,0.0,20.794136578857426,-1.2194672934881414,-0.05864476694493018,0.0,1.9273670243564922,-0.3378561111805928,-0.17529412245360787,0.0,
2019-10-11,136.0,88.1600170583697,73.47660277182379,0.8334458774341639,0.0,67.33067993588338,61.90696378340437,0.9194465857519363,0.0,9.379957025113978,0.2590610425620792,0.027618574570061134,0.0,4.986854837596178,0.8668035667416797,0.17381768568974557,0.0,15.768199408237702,7.860905374526612,0.49852904386913566,0.0,1.3392986380058507,-0.0004595882555981923,-0.0003431559194911871,0.0,
2019-10-12,156.0,57.78652408372727,43.43853285636696,0.7517069687982718,0.0,64.38499960719491,54.48763137485065,0.846278352213607,0.0,9.92698562817531,1.9116826616671418,0.19257433558091394,0.0,4.051399318384933,-0.9488649054756181,-0.23420671005441096,0.0,3.767822392263036,0.9566743529231996,0.25390643542213254,0.0,2.74610772844607,1.7624075289035832,0.6417838275779773,0.0,
2019-10-13,172.0,31.71891662829148,18.42936337315309,0.581021211699114,0.0,31.041745070833713,25.46406590711512,0.8203168297725864,0.0,17.201737385672455,-0.5824314264425849,-0.03385887212344606,0.0,4.959958783292672,-0.8855635510598643,-0.17854252217636016,0.0,1.8248554440797242,-0.17983049513978525,-0.09854506323950163,0.0,8.964308895112476,3.449155600118112,0.3847653667979538,0.0,
2019-10-14,143.0,25.556055417036987,-1.6126371442219731,-0.06310195833848857,0.0,16.748111499066,6.921747995627399,0.4132852827026742,0.0,44.29554123029084,-28.566515662184223,-0.6449072495506487,0.0,5.9584320427238655,0.2820386205444362,0.04733436892829002,0.0,3.175669657939573,1.2643038140314409,0.39812195543403656,0.0,12.007312312380229,0.5810478927822649,0.04839117011915906,0.0,
2019-10-15,155.0,19.13725342249381,0.030494411640004326,0.0015934581084745098,0.0,14.705051109354823,1.9072699655697325,0.12970168899014545,0.0,45.33477211524587,-30.748173925659312,-0.678247016384998,0.0,13.50201370613649,-4.780626896043452,-0.3540676968703356,0.0,17.91250521334586,3.722303497094111,0.2078047404737545,0.0,3.1616338466192198,0.3668806043227557,0.11604145898016191,0.0,
2019-10-16,140.0,26.913954146730248,1.220984624926308,0.04536622966174758,0.0,20.191564663175082,2.195134233672505,0.10871541013737984,0.0,32.48682530158112,-17.648046724014456,-0.5432370371738211,0.0,10.601004791140436,-5.9716604382999074,-0.5633107951512856,0.0,18.067290472077726,10.769635931037271,0.5960847282375469,0.0,2.400744324339025,-0.06100712886292822,-0.02541175594769958,0.0,
2019-10-17,163.0,25.26788182903692,-8.054036895418776,-0.3187460250887897,0.0,13.073422193607255,-0.31179337916790795,-0.023849407947704092,0.0,13.271227075951169,-2.988902932032868,-0.22521677271644824,0.0,44.012372145443805,-29.51321669285429,-0.670566371549449,0.0,5.907546934737178,-0.3121491018936148,-0.052839038833214454,0.0,3.149591200919525,-1.0874634011056044,-0.3452712849807679,0.0,
2019-10-18,140.0,23.375245367402385,-3.1023289414728437,-0.1327185615685195,0.0,15.127738099276026,-5.005218748490795,-0.33086365692240083,0.0,35.75831735475367,-13.095568708244429,-0.3662244109062788,0.0,23.93323594325193,-6.993709478022806,-0.29221746255314507,0.0,5.965453524411709,-0.8317358358359916,-0.1394254154243896,0.0,9.472721501006156,3.207184210382737,0.3385705164077802,0.0,
2019-10-19,180.0,17.855652512786037,-8.268831595229564,-0.46309321876131027,0.0,11.000587711940167,0.6270668146709262,0.0570030284827692,0.0,15.72641322611889,-8.791550173780555,-0.5590308513055787,0.0,7.315365321475833,-1.992953043349473,-0.2724338369676125,0.0,1.6522249960253195,-0.7221517190740978,-0.4370783160957766,0.0,6.314271360140989,0.3180023622389694,0.05036247954853002,0.0,
2019-10-20,175.0,15.200242544873616,-6.883118311762936,-0.4528295052820926,0.0,9.921321722664285,2.9769472709309754,0.30005551217338633,0.0,20.180030906223692,-0.25390079358228146,-0.012581784178733657,0.0,1.7098427349410432,0.48211670600589906,,1.0,3.2502943380022726,-1.1546496427115036,-0.35524464021962565,0.0,5.302910175894789,-2.5525226841345203,-0.48134375266950835,0.0,
2019-10-21,172.0,16.26527397752943,-5.647374066431678,-0.3472043615271134,0.0,14.914777925529048,3.6761980542818207,0.2464802407811527,0.0,48.2072725271064,-27.97099163470439,-0.5802234843088586,0.0,9.126576956252386,-2.4440677740060415,-0.2677967638602634,0.0,0.9887353538942913,-0.19282814359589584,,1.0,4.780321084428573,1.301293295980948,0.27221880559859946,0.0,
2019-10-22,139.0,20.88688034380175,-4.25945662077975,-0.20392976599034132,0.0,12.203100903003357,2.032992909674736,0.16659641888025262,0.0,28.951070588504077,-0.513462897255593,-0.017735540925366656,0.0,18.57967909655417,-3.5348470833558703,-0.19025339808002664,0.0,13.058932489082505,5.5638376724262075,0.4260560866730625,0.0,3.7143291717511557,-0.372715481248907,-0.10034530167211507,0.0,
2019-10-23,147.0,34.21522712566366,-4.861310340654982,-0.1420803177135329,0.0,5.188166907078989,0.7587481535714762,0.14624590287105127,0.0,18.218129772983954,6.026438821858222,0.3307934951037046,0.0,45.88835646026564,-16.911225889222756,-0.3685297795284094,0.0,24.74468481518124,-5.54285205680937,-0.2240017239342142,0.0,2.149617024326284,0.33431299997166464,0.15552212147019182,0.0,
2019-10-24,157.0,16.23161932532093,-3.9746940116861027,-0.24487353553725086,0.0,6.500614968965231,1.536252493840604,0.2363241787392224,0.0,44.776652964057575,-12.612773026516148,-0.28168190768167684,0.0,23.942377636114543,-3.8628312442855774,-0.16133866498116317,0.0,4.835965324149578,1.624830288491438,0.3359888211723624,0.0,6.477896623204281,-5.095285517670619,-0.7865648086168816,0.0,
2019-10-25,134.0,11.405752902610399,0.17197874836527818,0.015078246024943951,0.0,4.578828873134619,-0.14106956552466332,-0.030809093205548987,0.0,26.681735454156296,-10.998105136568833,-0.41219601908824205,0.0,9.254557054046014,-1.946651878099877,-0.21034522416702994,0.0,4.770365609430877,0.3734267987155334,0.0782805405894423,0.0,1.5202649742786836,-0.6722781768042316,-0.44221118566729184,0.0,
2019-10-26,182.0,5.663857947976787,-1.5667820735751559,,1.0,3.1092559604439813,-0.4567243859237088,-0.1468918582883384,0.0,15.263408850616539,-1.310420801379625,-0.08585374435060703,0.0,4.547378142000518,-2.3162761077677083,-0.509365184824659,0.0,0.6270280296375782,-0.41631022882139807,,1.0,4.5987272390557274,0.8054095928942838,0.17513750023140345,0.0,
2019-10-27,197.0,4.392625207328814,-2.1594692382426643,,1.0,5.370655876875383,-0.5030719755838945,-0.09367049148503234,0.0,25.378070222839597,-0.6377153390969532,-0.025128598569446235,0.0,6.375890198680277,-0.579781816988927,-0.09093346951127451,0.0,2.08614868485892,0.20774049354732002,0.0995808664334819,0.0,6.891815254297392,2.4183786156602554,0.3509058972746368,0.0,
2019-10-28,143.0,12.52052405123686,-7.089707930152412,-0.5662468999811588,0.0,5.3793544961663375,-1.0568731985864683,-0.19646840514780387,0.0,30.301736959198024,-14.830678815782383,-0.48943329010321185,0.0,11.977095176735014,-4.811965666350249,-0.40176399998033596,0.0,2.2378244214196403,-1.6212643190950238,-0.7244823604465445,0.0,1.1603163045947391,0.04551473286995476,0.039226142638624374,0.0,
2019-10-29,157.0,26.19769581530272,-10.106457527783727,-0.38577658123201414,0.0,6.271350101451383,-0.32146706663712493,-0.051259626944240855,0.0,15.8065071341407,-4.474770049071829,-0.2830967025856528,0.0,40.82507491344586,-34.24160737236074,-0.8387396090504947,0.0,15.27371489495999,-3.220893050825848,-0.21087817030607767,0.0,3.295304472965648,-0.5435642835635428,-0.16495115641752997,0.0,
2019-10-30,132.0,24.84176615659817,-17.332455751803003,-0.6977143107515874,0.0,2.2750525502342445,0.18114399068760872,0.07962189298394788,0.0,23.24387288480648,-14.517661429499563,-0.6245801421065736,0.0,37.465994348414824,-29.055805215039435,-0.775524731702971,0.0,8.465422082903384,-2.0370675402325356,-0.24063390109591357,0.0,2.3976376675345765,-1.118785774267656,-0.466620035803021,0.0,
2019-10-31,122.0,23.10523747347179,-3.3982765830268886,-0.14707819328533672,0.0,11.415211529289078,4.594033651002929,0.40244840309928437,0.0,24.41136124203331,-6.583580123253064,-0.26969328166415246,0.0,19.750485358337755,-10.405875102613301,-0.5268668042236447,0.0,1.6516777227225203,-0.08158577906619896,-0.04939570107642922,0.0,0.5715055335895116,0.1765500845553582,,1.0,
2019-11-01,142.0,22.476839799877776,-1.3851063466658275,-0.061623713965045894,0.0,7.636085981801438,0.556753679061809,0.07291087088184732,0.0,30.943849299597787,12.546312363770738,0.40545415802337875,0.0,11.287003932135114,-2.848033799422676,-0.2523285910545373,0.0,4.602202260371991,-0.9612050119618618,-0.20885762023943918,0.0,1.4744246209811482,-0.4242946864494053,-0.2877696698845551,0.0,
2019-11-02,198.0,22.63120199804689,7.251994558709929,0.32044230612831737,0.0,16.35699214878695,7.526037918455741,0.4601113609395404,0.0,26.193083842808846,-0.3450244210300326,-0.013172348208428195,0.0,6.5595751720829805,-1.6525235590299685,-0.25192539389791196,0.0,4.62604396290407,-0.0064695501213899165,-0.0013985059747094485,0.0,3.9225433386236475,-0.9017000699906431,-0.2298763817628167,0.0,
2019-11-03,113.0,6.3321128268653375,0.17080257718367464,,1.0,5.597875210863999,-0.8655573221502098,-0.15462247541181184,0.0,14.678868436429182,0.9155160047594557,0.062369658037630483,0.0,7.259883907347099,0.31314276615746184,0.04313330215109324,0.0,1.8923577260647966,1.0735924725017674,0.5673306149859566,0.0,5.0995476808238855,0.44745822183225403,0.08774468832105566,0.0,
2019-11-04,151.0,14.730875532186468,3.3274326731162764,0.2258815279408171,0.0,7.366320222761709,0.6021001826867286,0.08173690044403135,0.0,39.85715882724617,-6.354658780060683,-0.15943581948738073,0.0,13.136363073703247,-3.664992378597006,-0.2789959715664143,0.0,6.151617274423182,1.172937581148052,0.19067141677113433,0.0,7.098167506621388,5.22363447602263,0.7359131030860943,0.0,
2019-11-05,129.0,15.42652112638461,-2.5440201773901268,-0.16491211184607169,0.0,3.837437079964724,1.88047160767116,0.4900332092711332,0.0,29.651173224992817,9.341236072220855,0.31503765471064654,0.0,7.983732766544559,-1.435555662900844,-0.1798100844402595,0.0,15.535927673103286,-7.784214564419161,-0.5010460094955033,0.0,2.4694753992443967,0.7513258964572864,0.30424514319404644,0.0,
2019-11-06,150.0,34.693251944627264,-22.136440868384298,-0.6380618600907038,0.0,5.157353775255609,-0.8329053134949773,-0.16149858043308205,0.0,22.70521661778912,-1.4649179355002957,-0.06451900284239347,0.0,43.134870808411506,-34.7789109120742,-0.8062829506676568,0.0,9.727891501286642,-4.154868185576177,-0.4271088123286162,0.0,3.2560997420659934,-0.8331939049121199,-0.2558870952716758,0.0,
2019-11-07,131.0,19.74785022870492,1.3641148276158441,0.06907662412959792,0.0,7.5550998889375425,-2.6453000988081508,-0.3501343645610162,0.0,22.30574472810258,11.394831299327391,0.5108473820634762,0.0,14.768702433007999,-5.239959025379119,-0.35480158457711414,0.0,19.575084023788804,-2.2545912162241217,-0.11517657924145862,0.0,2.0569994901525153,-0.015192748772612813,-0.007385878725466458,0.0,
2019-11-08,130.0,25.001466327645176,-15.296929546362328,-0.6118412954622533,0.0,4.506935691155372,-0.03333609456683578,-0.007396620864206281,0.0,47.95189953192312,-23.180337915400024,-0.4834081265116125,0.0,22.758609971569967,-15.622045931788797,-0.6864235536047166,0.0,3.526963653654088,-2.2465695284967255,-0.6369698554078326,0.0,1.1231969157961372,-0.6535335436718215,-0.581851262660019,0.0,
2019-11-09,182.0,12.589485077813148,-2.341652989990503,-0.1860006962570116,0.0,3.4223589687098803,0.6647510075323271,0.19423766285478725,0.0,40.69936745916493,-22.063149333738252,-0.5421005463014865,0.0,6.997731175571966,-3.215231746747297,-0.4594677426265231,0.0,3.033399001978972,-2.06123905467011,-0.6795146478670856,0.0,3.8293741562301813,0.266926341986742,0.06970495206180558,0.0,
2019-11-10,131.0,7.774371364183021,-2.6899797514057506,-0.34600607887071655,0.0,1.2293320676253583,0.47565336523695295,,1.0,17.34174895531032,-2.0126895921688472,-0.11606035800400223,0.0,5.044123955492973,1.0654379403528456,0.21122358406608946,0.0,1.1000851925709818,-0.8871828554634306,-0.8064674094830943,0.0,2.0316401351083133,0.2268174044519517,0.11164251017312145,0.0,
2019-11-11,120.0,36.2093747422914,-22.99604583015217,-0.6350854162442501,0.0,8.085026150169139,1.2874239062631845,0.159235589638291,0.0,29.44391658240056,-20.44555137739131,-0.6943896651851058,0.0,12.262206958301247,-6.810024606293997,-0.5553669604054234,0.0,14.770114971746807,-6.569409407035978,-0.444777134071221,0.0,1.1225415134831511,-0.23625932026645563,-0.21046822538737386,0.0,
2019-11-12,129.0,21.340106159281273,-7.641109841079565,-0.3580633472039351,0.0,8.270655817454093,-0.06673524903618833,-0.008068918657617533,0.0,22.278515125217382,0.15115668525292858,0.0067848635514236805,0.0,9.79963513971597,-3.092498551828433,-0.31557282569584166,0.0,15.954466292016146,-7.517727027862715,-0.47119890382197854,0.0,1.8586095127247921,1.0140463909651658,0.5455941035610731,0.0,
2019-11-13,139.0,34.034845957030484,-4.586968647078048,-0.13477271655259337,0.0,8.556399849199801,4.269237429944903,0.4989525390569685,0.0,40.516914324543905,-5.8200882977818615,-0.1436458919640934,0.0,9.217060785682403,2.2238647131831413,0.24127699327291496,0.0,21.711434210636067,6.794486627292211,0.31294508512771146,0.0,4.508172619403918,1.7445619651210182,0.3869776320481022,0.0,
2019-11-14,150.0,42.034369039858575,-2.636018345398089,-0.0627110244690129,0.0,14.918106885605079,7.571313629026575,0.5075250959846895,0.0,23.434767458486018,3.676572126006731,0.15688536839632258,0.0,39.11739973349904,-2.535724873612916,-0.06482345173473768,0.0,22.77257269632537,-2.2365661302490265,-0.09821315141129942,0.0,2.3481144535689906,0.3377059604958982,0.14382005953015015,0.0,
2019-11-15,153.0,35.71394594666344,-3.4034565632295486,-0.09529769038437812,0.0,5.883263759118557,1.9514642789483285,0.3316975676848969,0.0,19.32273360679391,6.553082913883036,0.33913850116833155,0.0,17.560689675534373,-4.753262682823633,-0.2706763100224872,0.0,38.01572360191494,5.982429839065979,0.15736724892340678,0.0,0.5582909537915769,0.06761334015409343,,1.0,
2019-11-16,96.0,8.371786708943544,-3.4437107529980966,-0.41134716790135073,0.0,4.4050798492316945,0.5692882368518725,0.12923448753174452,0.0,11.065704144464688,5.777572046170896,0.5221151741221065,0.0,4.1572426801867515,-2.083851542016871,-0.501258093964161,0.0,2.588980017506398,-0.5112615257774217,-0.1974760416535962,0.0,0.7543191637596431,-0.14854959975065682,-0.1969320241186273,0.0,
2019-11-17,113.0,6.525828492100114,-0.5474664214658939,,1.0,6.506959726284546,3.6503089350407145,0.5609853278014723,0.0,15.376346090240984,2.0053443671149203,0.1304174837992016,0.0,4.543317237650623,-0.6875161829157249,-0.15132471428987065,0.0,3.673285248944008,1.2141258036181695,0.33052859261806716,0.0,0.7370488934320707,0.009252359520199439,0.012553250676648866,0.0,
2019-11-18,149.0,17.59585945178696,-6.76644980835195,-0.38454784359310046,0.0,2.783944480448548,-0.24160456958253795,-0.0867849812664406,0.0,33.126312631779,4.886520161064979,0.1475117443761973,0.0,6.361414889390285,-2.4008014741855437,-0.3774005493950184,0.0,14.329253115436583,-2.770548517981044,-0.1933491226417373,0.0,3.876195510500104,0.6222122585514956,0.16052138156241202,0.0,
2019-11-19,145.0,26.787706186209107,-17.165822829719936,-0.6408097322852254,0.0,3.7975944951831426,-0.6159433709018489,-0.1621930334276368,0.0,36.10350741434377,-26.003462977842393,-0.7202475559898462,0.0,13.816983738302946,-7.503901464872008,-0.5430925885850153,0.0,3.6322804172377747,-1.652852050542277,-0.4550452775337248,0.0,1.4385035041414032,-0.8186818256723211,-0.5691204945385003,0.0,
2019-11-20,137.0,27.92001379749854,-6.734150180800475,-0.24119437152297585,0.0,5.067333607978065,-0.12913348579371273,-0.025483517720326046,0.0,34.93115005106665,-1.2600725699231692,-0.03607303418527704,0.0,26.910044704207394,0.2513770413384957,0.009341383267906383,0.0,7.146984075094218,0.7969427959327228,0.11150756564715261,0.0,1.366435562107648,0.7181047368988837,0.5255313582378144,0.0,
2019-11-21,160.0,38.71387714015145,-9.696061505256429,-0.2504544163880791,0.0,4.369409853730752,0.1576400790450276,0.036078116798869096,0.0,41.94843841947295,-19.911403692319652,-0.4746637644341142,0.0,15.75549910312838,0.7058150989481704,0.044798015875487256,0.0,24.01724099862622,8.434161120373648,0.3511711074913259,0.0,4.818757746288604,1.4221423813392668,0.2951263491995624,0.0,
2019-11-22,158.0,24.675558936389276,-8.255450543188905,-0.334559819474424,0.0,2.0847646432666735,0.20290635857323255,0.09732818485222061,0.0,37.650211076645064,-10.071253914184979,-0.2674952842543907,0.0,12.053380770725191,-4.403804984191804,-0.36535848887206845,0.0,10.760344245136361,7.036407304478603,0.6539202784017839,0.0,2.615077594113239,1.1693815583466989,0.44716897157433333,0.0,
2019-11-23,198.0,13.189272331997925,-3.444973099375003,-0.2611950843578612,0.0,5.7659856490063195,-2.4658415456071117,-0.4276530840884181,0.0,24.212373013273464,-3.586064975051178,-0.148108777817245,0.0,9.493489973705433,-4.480801618800475,-0.4719867647420667,0.0,7.380055753565099,0.16083866682600637,0.02179369264904397,0.0,1.136269008158701,-0.2925137938979612,-0.25743357585011795,0.0,
2019-11-24,176.0,6.54174271828378,1.1693775555128112,,1.0,7.767304363122088,3.7828138739175348,0.48701759285727575,0.0,22.669949348492082,8.434697319991027,0.37206511537936326,0.0,8.659571910015067,-0.3028223891388875,-0.03496967197520051,0.0,3.355307200734381,2.464460250428688,0.734496158768797,0.0,3.3968021288383117,1.5494565643560518,0.4561515524267402,0.0,
2019-11-25,130.0,11.080832784558874,1.7889346818976413,0.16144406442000636,0.0,3.6112003699236026,1.8076365860862658,0.5005639125265452,0.0,40.12011252055527,21.368657628052425,0.532617091168534,0.0,10.795081177951937,-0.06099759363718871,-0.00565049883661563,0.0,7.969156123319402,-1.3899773934026285,-0.17441964643348706,0.0,3.307345320630697,0.7942400769378513,0.24014428489928383,0.0,
2019-11-26,132.0,13.908794520291845,0.29712212728682297,0.02136217677623643,0.0,3.4424301564140425,0.08409072635890441,0.024427721852896263,0.0,35.111037745082285,8.84201649736282,0.2518301099944347,0.0,17.94250559840293,-3.2010106405598338,-0.1784037699196681,0.0,7.50957665022724,2.18336801964345,0.2907444881832828,0.0,4.161254651160556,1.2101763013253315,0.2908200537517738,0.0,
2019-11-27,137.0,21.463042680705257,-10.458913443597575,-0.4872987301562737,0.0,2.194775494281197,-0.9365192464346169,-0.4267038924367675,0.0,19.557873736499456,-0.6069324186218692,-0.031032638148654923,0.0,43.0433314326001,-27.887712539354986,-0.6478985620112441,0.0,14.429450069364972,3.3176594677691513,0.22992279344123048,0.0,3.7968792218452965,0.7966024609553732,0.2098045300920111,0.0,
2019-11-28,154.0,38.99467973710853,-27.904018630910933,-0.7155852751973397,0.0,8.074223151910696,-1.5929826938488192,-0.19729237895435842,0.0,15.339692383946382,-10.616364247513607,-0.6920845595720073,0.0,29.761185093666423,-19.678487770558405,-0.6612131777892893,0.0,14.38477053734095,-5.798395142885791,-0.40309264077824036,0.0,4.278086068909028,0.27700492380296776,0.06474973138481244,0.0,
2019-11-29,117.0,23.522309820196824,-1.5087659658846668,-0.06414191367334189,0.0,2.7439273113122864,-1.169949278810427,-0.4263776500154071,0.0,19.808338257746072,-12.14596531585536,-0.613174369187969,0.0,10.761546559733686,-7.880562050694415,-0.7322889890362965,0.0,39.800817122384615,-5.135155353670501,-0.1290213549606349,0.0,0.8191971300402607,-0.4008866777657244,-0.48936533474674426,0.0,
2019-11-30,184.0,16.540087153465716,-1.6513026741057786,-0.09983639498294747,0.0,4.75335498711501,2.117322553613203,0.44543749822023826,0.0,46.01032044093881,-18.19659971574027,-0.3954895236841124,0.0,7.481027142886881,-3.2760335473088515,-0.4379122658876828,0.0,15.422702870033387,-1.6665388860265877,-0.10805751106472429,0.0,1.4486025717851518,0.40145057548610164,0.2771295476794462,0.0,
2019-12-01,148.0,28.201124901519506,4.019846355783965,0.14254205709245915,0.0,3.619901862475667,0.6827696445987069,0.18861551239175245,0.0,17.54329534390126,2.176929476801803,0.1240889715488139,0.0,8.024837729521092,-1.9931867270954933,-0.24837720017230094,0.0,34.37500005748734,3.655249950509387,0.10633454383698901,0.0,1.29225840564322,-0.1420561739649032,-0.10992861284132635,0.0,
2019-12-02,132.0,34.467679222725565,6.671759365535174,0.19356566835913586,0.0,1.1320314985423414,-0.2514722254889439,,1.0,19.757326957784244,10.692017602594628,0.5411672148484666,0.0,4.3996068449778205,-0.6615178242081147,-0.15035839508324284,0.0,51.1457893351253,16.834108369219614,0.329139672846118,0.0,0.6963317392146514,0.10326359989853767,0.1482965576364538,0.0,
2019-12-03,142.0,52.3971701607079,18.023949883952287,0.34398708610924683,0.0,1.9507783923618198,0.00928009756487741,0.004757125463975402,0.0,18.428240357636234,-1.340591416904307,-0.07274657758350743,0.0,9.247296766479844,1.3154539042416242,0.14225280505865892,0.0,72.24672069285589,23.39932039937794,0.323880726695624,0.0,1.209254263681935,-0.12242791726305981,-0.10124249377487538,0.0,
2019-12-04,89.0,44.08231730265106,14.648328287697387,0.33229487885421244,0.0,0.2208214236015875,0.1413955430522849,,1.0,6.410625136632003,2.7785710233364984,,1.0,22.04174875665194,11.421940515937905,0.518195749440747,0.0,52.67018166815251,17.92225634010282,0.3402732964359542,0.0,0.5121693654655206,0.3357205955837045,,1.0,
2019-12-05,104.0,59.21552741021151,27.05031619808029,0.45681120106709644,0.0,1.6791210881638061,0.8574121330925885,0.5106315078385484,0.0,4.101957559410943,0.9992859120720708,,1.0,7.603578734124307,1.7450314071118929,0.22950132669506257,0.0,83.35728170297807,24.646845088385927,0.29567716922690124,0.0,1.8202344039673286,1.473699778872508,0.8096208794100781,0.0,
2019-12-06,111.0,56.89251854138274,15.15646218827294,0.26640518959005766,0.0,0.9194014635941077,-0.016968415062890617,,1.0,6.758490700274702,0.5074563738460995,,1.0,3.3472053535806436,-1.2025863913080521,,1.0,86.10768597484275,14.048954385458392,0.1631556373441848,0.0,1.0604199154913607,0.29158238298275757,0.2749687918183324,0.0,
2019-12-07,172.0,55.91971692825609,25.705459492594372,0.459685078978028,0.0,2.312529169874317,-0.2588853044343601,-0.11194898979303694,0.0,13.369118456903372,-1.884979722007801,-0.14099506471456685,0.0,5.107145224508708,-0.6372769659746407,-0.12478144598599011,0.0,67.5311759156175,29.564554472807465,0.43779119898266516,0.0,5.339024604938452,1.2928038226231837,0.242142323417535,0.0,
2019-12-08,138.0,26.03984996138024,2.0320537552980085,0.07803630813202656,0.0,6.128995157341699,-0.9539847033695756,-0.1556510780118389,0.0,15.920978140944495,1.3249495421937043,0.08322036061253603,0.0,6.651928151681199,-3.1551286830628262,-0.4743179137112904,0.0,31.57040074461838,4.454472008634537,0.141096467056848,0.0,2.9647976892592793,0.4926002081771865,0.16614968702982802,0.0,
2019-12-09,130.0,28.70390569007577,-1.539818605073018,-0.0536449158417282,0.0,3.207274889595277,-0.4180814890209291,-0.13035411787658976,0.0,30.08238131995313,-18.48057008795584,-0.6143320201748123,0.0,5.569318923473469,0.2773527851291706,0.04980012618063384,0.0,38.468255639578274,8.758934299141496,0.22769252604554854,0.0,2.4002608274313335,1.378919672411399,0.5744874293045333,0.0,
2019-12-10,171.0,23.318545461712343,-2.557713159434811,-0.10968579337996973,0.0,9.171062843408428,-0.6731285920680705,-0.07339701009156994,0.0,49.05184406823537,-24.37468801760317,-0.4969168535987325,0.0,15.611325966900035,-6.2503586165684055,-0.4003733334260491,0.0,19.39094513380405,8.959879218121543,0.4620651111276609,0.0,1.6259570273323265,-0.28398301594251135,-0.17465591720368914,0.0,
2019-12-11,151.0,30.847905484668445,-13.176646537457376,-0.42714882357268086,0.0,5.364483317571279,-0.597626865410635,-0.11140436646584728,0.0,15.864572987527932,-1.812119484699867,-0.1142242836365328,0.0,43.024917156930314,-32.0301011996229,-0.7444546861716291,0.0,15.053848094532436,5.796561471975724,0.3850551324535444,0.0,0.7827905934100207,-0.1605457309805251,-0.20509409838607026,0.0,
2019-12-12,130.0,29.5048572552987,-10.546184354194878,-0.35743892142711237,0.0,5.661426637030667,-2.7008454663967725,-0.477060931732452,0.0,18.709075111983104,5.290925956942736,0.2827999740913924,0.0,29.291433752834564,-12.625824073555169,-0.4310415181480611,0.0,24.558631157786294,2.858972695109148,0.11641417132496462,0.0,1.723155680432677,0.755507596354885,0.4384441898860701,0.0,
2019-12-13,159.0,17.885464756393045,-0.7133980116937981,-0.03988702677903847,0.0,3.4711616602726223,-1.33538875977282,-0.38470946918327614,0.0,46.3295917235082,33.17133130735243,0.7159858326686028,0.0,9.205163818071007,-5.602399168107306,-0.6086148252037648,0.0,11.438208768937326,0.9609810683468841,0.08401499638270414,0.0,2.582834755346988,1.1667276819415089,0.4517237037817257,0.0,
2019-12-14,170.0,13.666503366905086,-2.2940904031861633,-0.16786227915046295,0.0,3.887046316762274,-0.934690882923762,-0.2404630165822967,0.0,35.663268258897006,10.900795613193328,0.3056589074803563,0.0,8.11926457054505,-2.795241299039915,-0.34427272011561866,0.0,5.493440285041283,-1.3252694030185597,-0.24124580121991812,0.0,4.9820752489104,3.0801800986533823,0.6182524238924393,0.0,
2019-12-15,181.0,7.893297135458848,0.9987627822282723,0.12653302733803812,0.0,6.062262454164733,-3.6861423691181883,-0.6080473085730285,0.0,26.487571335572284,2.751703282954752,0.10388658318625343,0.0,6.03132589673623,-3.205887016706172,-0.5315393450121796,0.0,8.032925258092284,1.756184362141466,0.21862326683200548,0.0,7.334015284759511,3.553779546480477,0.48456124080698704,0.0,
2019-12-16,141.0,5.775768387480634,0.6317763793397738,,1.0,4.604867883463151,-1.0396061240487329,-0.2257624214979396,0.0,34.372706320675206,2.171632073092517,0.06317896684749198,0.0,7.314646016428008,-2.065192187624418,-0.2823365864850042,0.0,11.041066567886439,1.224663216889615,0.11091892339926802,0.0,2.4335672282468237,-0.5106921290139081,-0.20985330632588195,0.0,
2019-12-17,152.0,19.67837218954082,6.76701759374682,0.3438809637589603,0.0,5.103334258958052,1.9384972677770496,0.3798491671154679,0.0,39.68649298817036,19.875003637954315,0.5008002003069055,0.0,16.494025065592716,-2.1704471348638745,-0.13158990156935832,0.0,15.7856498099718,7.428882836765278,0.47060988468605525,0.0,9.555848193544074,4.8702855174087425,0.5096654340636245,0.0,
2019-12-18,158.0,42.90510379366606,-23.649456524785045,-0.5512038063936892,0.0,5.658404806948959,-0.3677741393276972,-0.06499608138252005,0.0,39.66798689690768,-6.422254485513076,-0.16190018672245057,0.0,52.22732775774057,-38.90480280996574,-0.7449127588994765,0.0,10.006553185798104,-1.552551179667098,-0.15515344303276887,0.0,2.6380131370751703,1.4717001290622629,0.557882031889338,0.0,
2019-12-19,123.0,11.306636382541909,-7.423657496052476,-0.6565752399639407,0.0,8.472139854573467,3.5838549953550416,0.4230165054959981,0.0,17.024134057915944,-7.99456105915991,-0.4696016274285957,0.0,20.172239135819837,-13.264704877665181,-0.6575722599932424,0.0,2.957209666870763,0.972628409688551,0.3289007271228622,0.0,4.519080306330576,-1.041275917186823,-0.2304176616928331,0.0,
2019-12-20,177.0,12.36864103160769,-6.917378853571493,-0.5592674923537954,0.0,11.764800716184247,3.650732881180894,0.31030979353171395,0.0,40.40009928625659,14.795134498469174,0.3662153004535368,0.0,11.127363107618288,-5.575293918499725,-0.5010435863895402,0.0,3.288530508667456,-0.524892156306939,-0.15961298060744777,0.0,4.110931246519606,0.4254822500405697,0.10350021066413874,0.0,
2019-12-21,145.0,12.824644391417674,-1.8550739463726265,-0.14464915281503263,0.0,4.384072349959746,2.4839474709860925,0.5665845069844478,0.0,23.016656585838064,11.94927000472914,0.5191575049210847,0.0,4.9505312585752055,1.5915947124690328,0.3214997803947013,0.0,1.3970194572611894,0.4053301854249254,0.2901392556260897,0.0,5.493214694135528,-1.0332583428466557,-0.18809720726003057,0.0,
2019-12-22,182.0,4.989090997769376,-0.4008404937349384,,1.0,4.281421599225718,-0.2229446771235407,-0.05207258195825881,0.0,18.23477041166916,-0.41863057196155057,-0.022957819731782972,0.0,5.523912473203376,0.0004401152398270103,7.967454987058886e-05,0.0,3.059427351006883,0.28312314513955344,0.092541221822566,0.0,10.678831933226316,0.19244464017552898,0.01802113202819057,0.0,
2019-12-23,162.0,36.22142055724544,-19.49864724107398,-0.5383181261557017,0.0,5.817621593661891,-2.5199320319006855,-0.4331550258693465,0.0,21.75190991218551,1.6993347063440571,0.07812347114365727,0.0,8.53337634679337,-2.8440424941641074,-0.3332845498174738,0.0,28.45921120312414,-15.220024269226972,-0.5348013393834393,0.0,8.041952592517186,-2.420171038398057,-0.30094321131039237,0.0,
2019-12-24,137.0,26.13061734898656,-1.8601002964508435,-0.07118470534424572,0.0,1.1291666368997484,-0.524218241518477,,1.0,14.002646134642415,-1.1200208572942842,-0.07998637161324552,0.0,18.288151121523697,-0.22768718013517053,-0.01244998352333172,0.0,19.35670061776909,-0.8833894356309978,-0.045637397254574615,0.0,5.544375702942483,-0.08558465118152081,-0.015436300814914067,0.0,
2019-12-25,132.0,10.287667993594365,0.2491551268226032,0.024218814893495796,0.0,1.486902220836778,0.26794045412344225,0.18020045324342476,0.0,11.330176954594206,2.956358145168601,0.2609277998937029,0.0,8.381428854176189,0.18880704045036698,0.022526832087382175,0.0,5.041993322942285,1.8460643250497386,0.3661377964642874,0.0,9.048363739027987,-2.7114269097394654,-0.29965936250378217,0.0,
2019-12-26,133.0,21.288044437496865,9.163730612550115,0.430463711190356,0.0,5.241565956443078,1.2700433519141083,0.2423022742569777,0.0,23.57527463475708,14.1322273664284,0.5994512295349139,0.0,19.124110756907612,0.9453747887282766,0.04943365998791908,0.0,10.212751807492165,4.68897309586462,0.4591292517678485,0.0,4.868031012068963,-1.8086429443918823,-0.3715348032721736,0.0,
2019-12-27,129.0,23.624332428000343,6.17001637106786,0.26117209406327824,0.0,3.784356890893827,0.6547061110144992,0.17300326842584451,0.0,30.626882625423605,21.429469186276474,0.6996947566739199,0.0,24.960309093228716,7.4209301390993065,0.2973092244724033,0.0,8.110032638462139,-0.044492644481545884,-0.005486123973230123,0.0,2.4988066174337242,0.21933866336449193,0.08777736613718146,0.0,
2019-12-28,134.0,9.503330435945823,4.6666920436252255,0.4910585899416609,0.0,7.421322418224005,-0.5438096164847608,-0.07327664610681336,0.0,15.286601273866832,1.4238428268405448,0.09314319130405209,0.0,4.799402394055502,1.9956128464184117,0.4158044445054577,0.0,3.0904455580603063,0.3227167995197743,0.10442403642351329,0.0,1.8767403636302293,-0.44549674675588996,-0.2373779321792566,0.0,
2019-12-29,178.0,8.084932018799005,3.1087406661520527,0.3845104274128266,0.0,9.396932654839471,0.8266137035324681,0.08796633262097048,0.0,21.956460096334922,2.43981215401621,0.11112046947966239,0.0,6.849564789285065,2.997244776285612,0.43758178344035414,0.0,2.7240365282268564,0.8143803797621028,0.2989608881244347,0.0,2.7834972326600065,-0.8018928962495466,-0.2880882678238663,0.0,
2019-12-30,140.0,22.384080348390853,0.2592403656044002,0.011581461537374998,0.0,3.7923725846121603,-0.9248695196145912,-0.2438762276067809,0.0,21.21435436979663,7.51691486501095,0.3543315405211179,0.0,19.57421057808096,-3.008469282637667,-0.1536955613426641,0.0,7.283114447309339,-1.681510204811552,-0.23087790490959073,0.0,7.376996313330887,-1.215464882922662,-0.16476419823149555,0.0,
2019-12-31,102.0,13.58459371327626,0.6888076266634198,0.05070505906924888,0.0,2.1440023566392443,0.7433770184621955,0.3467239745143984,0.0,25.911824740775046,11.064929573282937,0.4270223993862956,0.0,5.494044264880355,-0.5581936148251062,-0.10159976656781854,0.0,4.06972164403123,0.6152202492261943,0.15117010524011978,0.0,3.1487917066478945,1.335838605498743,0.4242384793755809,0.0,
2020-01-01,134.0,11.195566584734474,-0.6329113437889242,-0.05653231919963031,0.0,3.4563706704138863,-0.04476126712044115,-0.012950366551710488,0.0,18.590223449122277,7.243013920270794,0.38961413993185584,0.0,5.6157790249853825,2.065021511956583,0.367717729413678,0.0,2.984495206648713,1.326691964518309,0.4445280935827169,0.0,1.898435094211887,0.12305621154158553,0.06481981497116754,0.0,
2020-01-02,147.0,24.388697844347917,0.1767233818188645,0.007246117974265697,0.0,6.029402011328778,2.2448662723802926,0.3723198864766959,0.0,38.7662017112234,18.397989659614606,0.4745884003974552,0.0,11.426426297577557,-0.9728580755255603,-0.0851410624975378,0.0,5.917523255950066,4.377857824038283,0.7398125253899678,0.0,5.195788541619544,0.6592321987249359,0.12687818094295483,0.0,
2020-01-03,139.0,53.80897391689359,35.43672020580357,0.6585652471376718,0.0,4.812325702157972,2.966225855671626,0.6163809432810197,0.0,9.232430762087454,0.8768396257155012,0.09497386423044755,0.0,13.551736974986845,5.04224066807094,0.37207338641368776,0.0,3.58503956747881,0.634134096163787,0.17688343021824549,0.0,1.9945662201425827,0.5784334058870257,0.29000461355736595,0.0,
2020-01-04,136.0,49.13977640654048,27.454711037225724,0.5587064704993553,0.0,8.309401047205023,1.1483568546621967,0.13819971477348078,0.0,8.933363840624217,3.1216725550368696,0.34943976431824625,0.0,12.574652591210903,-1.3431930508758982,-0.1068175077707298,0.0,3.5424871179784474,1.2962726457632616,0.36592162584997384,0.0,4.272300238902967,1.212975995449375,0.28391637469768294,0.0,
2020-01-05,171.0,30.818331747563203,16.486907272438316,0.5349707897067443,0.0,6.359808270310162,4.155267699866887,0.6533636743838881,0.0,23.15453969033842,-1.5148790310079465,-0.06542470942059161,0.0,7.931263339225545,0.9597636965179497,0.1210101916262519,0.0,0.628815835138077,0.07035410620438405,,1.0,2.960374221838713,0.3274695092921476,0.11061760600278216,0.0,
2020-01-06,133.0,50.25245888379868,27.142686884652043,0.5401265428108794,0.0,3.977682224503945,0.21183331836959074,0.053255465472988706,0.0,8.283972251461812,3.9485937871291013,,1.0,13.241213289205913,-1.8159678742022733,-0.13714512669942638,0.0,6.654952235199737,5.985798909776534,0.8994503188341638,0.0,2.1679249086882866,-1.0419210297765338,-0.48060752731834844,0.0,
2020-01-07,164.0,44.45950269822788,-10.431222990695787,-0.23462302449711311,0.0,5.366924885216569,-0.820293932068779,-0.15284244695287513,0.0,11.213602908326713,1.9107729235449735,0.17039776949174115,0.0,10.39549733437888,-1.5988686453187035,-0.15380395895356497,0.0,3.6512936178260063,1.5538651424327683,0.42556565017029374,0.0,11.525748013846163,-2.9386662225193882,-0.2549653366522586,0.0,
2020-01-08,153.0,49.14354251269833,5.8264778772536046,0.11856039632771864,0.0,13.69574279575317,5.8464445080386405,0.4268804251969108,0.0,10.796279304820922,2.839061335905577,0.2629666439472194,0.0,13.456823561355115,-5.754666502633951,-0.42763929216996066,0.0,5.324921593135508,-2.0775093249682275,-0.39014834089696226,0.0,29.037707127892645,-12.44362191283447,-0.42853321228250646,0.0,
2020-01-09,168.0,33.199729303625645,-6.686321964957832,-0.2013968819989035,0.0,7.037975754086794,-0.45173039881377564,-0.0641847051762669,0.0,10.231794583407456,3.0116646402739873,0.2943437356686088,0.0,19.304425401947807,-11.272562249339899,-0.5839366888486877,0.0,4.052214131857902,-0.25408447260311107,-0.06270262733786375,0.0,40.713226716194185,-11.805113148573794,-0.2899576894473502,0.0,
2020-01-10,162.0,24.78579399472073,-6.014351851820345,-0.24265318484860227,0.0,7.837615151336642,0.9281503995306326,0.11842255349477628,0.0,24.74597527582955,8.6100175518128,0.34793607670911125,0.0,12.421324063463539,-3.6750301928492353,-0.29586460944683673,0.0,7.231125663216511,3.1490664318800023,0.4354877205216831,0.0,36.50084493907343,-28.50749948675481,-0.7810093036021228,0.0,
2020-01-11,197.0,10.605561520205807,0.6343107719030133,0.059809258632324086,0.0,9.969389177218538,2.021252579042318,0.20274587972362096,0.0,19.449971892725436,-3.0047093073425803,-0.15448399226049186,0.0,6.436936776655778,-3.4641088207735207,-0.5381610758298065,0.0,3.2271120463847125,1.1566871135750667,0.3584279370996389,0.0,7.502612584168668,-3.5071212940421885,-0.4674533377136649,0.0,
2020-01-12,171.0,18.438196454488207,-5.318688672468337,-0.28846035378767576,0.0,8.55975735882384,1.1760082508623815,0.1373880358477792,0.0,23.97754238955531,-3.186769756519854,-0.13290643823063453,0.0,8.257173120626245,-2.9158031333629877,-0.3531236527037774,0.0,3.850556200610294,-1.2859887716505465,-0.3339748090020667,0.0,6.240942644239107,-2.6384027473826963,-0.42275708939869117,0.0,
2020-01-13,142.0,28.341109416920514,-7.585598166452737,-0.26765353659458024,0.0,9.842312885986752,-0.038080575645203396,-0.003869067777699041,0.0,12.551426036647165,-0.5374197632711648,-0.04281742661766301,0.0,11.172594561212458,-2.775640877308415,-0.2484329724936515,0.0,12.177165687266093,-1.2890281234752132,-0.10585617019428223,0.0,41.53600489164819,-7.879951850109431,-0.18971376449577326,0.0,
2020-01-14,160.0,22.60583810869866,-5.747255812873949,-0.25423767901188415,0.0,18.28031803798512,-0.5462321903864584,-0.02988089098074931,0.0,28.15418385330122,5.407496905749584,0.19206725841976513,0.0,18.382748148869723,-6.879809587495591,-0.37425359536999375,0.0,3.0045814251789054,1.2456988277896341,0.4145997899575845,0.0,7.760706222114089,-3.5429956048902778,-0.45653005067947705,0.0,
2020-01-15,146.0,24.970856885316604,-10.79231373868183,-0.43219637148406953,0.0,6.866732466412934,1.0811562596389206,0.1574484319765116,0.0,44.9507522827771,-14.945535112451214,-0.33248687404454413,0.0,18.227421825955386,-12.780355933997294,-0.701160924239894,0.0,14.135142248502227,-5.441849901732706,-0.38498727540639566,0.0,5.390587034533377,-3.0185516553796496,-0.5599671494110183,0.0,
2020-01-16,80.0,14.894455778674455,-0.7337346001852074,-0.04926226315940674,0.0,2.793033274894694,-0.0031916207503094596,-0.0011427077432257923,0.0,16.550473948016588,9.161473275396512,0.5535474877741748,0.0,13.123299786704592,-1.1176787660682574,-0.08516751001913361,0.0,1.5499949074801374,-1.2538177133941433,-0.8089173114978189,0.0,3.419323329304459,-0.28816941803270324,-0.08427673848887555,0.0,
2020-01-17,166.0,13.969054486311503,-1.802775257534028,-0.12905492345960823,0.0,10.576307785711826,-3.182045075015863,-0.30086540024059055,0.0,36.888751910912106,2.99257383078582,0.08112429062422638,0.0,19.63685840513062,-8.557456243323074,-0.43578540246983827,0.0,1.1241329445256203,-0.5158053209446919,-0.4588472595315314,0.0,6.310904867357745,1.67405289037454,0.26526352806129905,0.0,
2020-01-18,159.0,18.75172218836815,8.549710899362035,0.4559427029409327,0.0,23.207466469793868,14.897110997268717,0.6419102669676737,0.0,20.9030179884794,0.9415566094594783,0.045044051054178524,0.0,7.372410557021789,-1.4432318589454058,-0.19576118934000658,0.0,1.5180808458971964,-0.08384646376171076,-0.05523188306361702,0.0,9.10306964741903,4.4243480450435175,0.48602814395668625,0.0,
2020-01-19,151.0,31.38667359668761,22.818436566880887,0.7270103503191567,0.0,15.458546904890676,10.817441753053593,0.6997709305802372,0.0,10.04359826892323,0.5702861042222684,0.05678105485230729,0.0,2.864726280982717,-0.26988257194390425,,1.0,7.769135949463812,3.8271700679104708,0.49261206044085293,0.0,32.91817056995933,23.735637071701323,0.7210497017523245,0.0,
2020-01-20,167.0,72.42710516207444,41.896626130662426,0.578466114818587,0.0,14.274147277028527,6.118558923803755,0.4286461954648871,0.0,12.184889245239898,-1.5802840840956263,-0.1296921172027045,0.0,11.748531399280175,-2.626055388248931,-0.22352201300750046,0.0,8.992223286433722,4.654120129427681,0.5175716817941123,0.0,11.212738591762893,3.3522275237908965,0.298965992683849,0.0,
2020-01-21,167.0,54.396236943845,-7.395510342206061,-0.135956285907069,0.0,6.366228669459808,-2.11458747396744,-0.33215700908005064,0.0,19.788457764632767,1.877122310903696,0.09485945459876173,0.0,25.181040981442493,-15.970275354898757,-0.6342182345308228,0.0,4.297528852352109,0.41343983030278864,0.0962040848373842,0.0,6.944701550295569,-3.845727278802607,-0.553764226000314,0.0,
2020-01-22,,,,,,,,,,,,,,,,,,,,,,,,,,
2020-01-23,179.0,27.183448597352253,-10.780971803956579,-0.39660059191337027,0.0,9.452837264252588,3.2040179911858795,0.33894775733656013,0.0,36.732452199357795,-20.523435730704453,-0.5587276237186057,0.0,19.834537865252056,-5.798789712624914,-0.29235819619391085,0.0,5.343032148382911,-1.0008529851834467,-0.18731928938259498,0.0,5.689456771258841,0.09273034713167672,0.016298629352474954,0.0,
2020-01-24,183.0,25.783908028046426,-8.56432431435938,-0.3321577281862603,0.0,5.346050615247799,2.893593897974119,0.5412582308370074,0.0,39.877028981398325,-15.294766284011576,-0.38354829019850545,0.0,12.556947923076216,1.260154646120427,0.10035517020856712,0.0,7.1998173622996475,-2.1909091363648403,-0.3043006546023073,0.0,5.158938269116328,2.7262885218104858,0.5284592254439731,0.0,
2020-01-25,206.0,21.730388203715844,3.5653766313893422,0.1640733059145106,0.0,5.359804891042579,1.967308491301878,0.36704852719353387,0.0,19.968486765821577,-4.145991963862668,-0.20762674770924672,0.0,4.806636647619593,-2.125183119392497,-0.4421351716787161,0.0,6.956261015162448,0.5936199808735768,0.08533607056717295,0.0,4.978464186155173,2.2548630926879074,0.4529234334874908,0.0,
2020-01-26,136.0,13.398186462443842,-2.011322657974865,-0.15011902272093008,0.0,3.953516195513653,0.19443977417770278,0.04918147910924153,0.0,13.888919480275941,-4.043934330539771,-0.2911626304899153,0.0,4.406541087402724,-1.6850995915690075,-0.38240868702808994,0.0,5.2064309505003585,-1.8042650405713876,-0.34654546612166065,0.0,5.850279761070848,-3.3619387958835705,-0.5746629106961193,0.0,
2020-01-27,146.0,31.442501621735573,-15.884254671067527,-0.5051841886552392,0.0,3.1189539043043553,0.6439041092219632,0.20644874178272865,0.0,46.345328186274855,-39.2667208683598,-0.8472638430897683,0.0,6.632619701340438,-2.09642232227863,-0.31607757065506825,0.0,6.53495117097918,-0.18473915296645535,-0.02826940066313832,0.0,1.3529438416953736,0.5566623943928335,0.41144530706853283,0.0,
2020-01-28,144.0,33.94899650152365,3.5434929240908,0.10437695629476901,0.0,4.78485219940921,1.8633989868892311,0.3894371046861817,0.0,31.409209208970424,-15.503046332439858,-0.49358282882245286,0.0,10.34237063129694,2.562599629848081,0.24777681260942483,0.0,20.569266581602278,1.6426963682978393,0.07986168888331256,0.0,0.5809109427282185,-0.14225485520839246,,1.0,
2020-01-29,152.0,31.10026762355119,-4.104485152081407,-0.13197587884977616,0.0,3.9330761843957522,1.2480308099066535,0.3173167137870713,0.0,18.107212123548372,3.3649937520993998,0.18583720835319734,0.0,25.934408307584818,-12.904210122177258,-0.4975710249153158,0.0,18.82738388246798,3.9471289096660325,0.20964829390564402,0.0,0.9334177566561199,0.014360085877268114,0.015384414721990883,0.0,
2020-01-30,139.0,33.14389188148925,-17.03950508430176,-0.5141069475253225,0.0,3.134450088808075,-0.4449743889178328,-0.1419625058017885,0.0,23.4294794628222,-9.153251353577478,-0.3906724162652362,0.0,22.344566491949074,-8.747228232558871,-0.39147003526385565,0.0,15.179656169551887,-4.025184621660983,-0.2651696834698337,0.0,0.9438237457143208,0.09888444705152825,0.10477003518987418,0.0,
2020-01-31,164.0,39.98825650921208,12.413416091759553,0.3104265395741842,0.0,10.480842731500154,3.9050290766060805,0.37258731732225336,0.0,30.043879276679945,-6.813659004848831,-0.22679025375187126,0.0,10.333908667598728,0.9180726315099049,0.08884079209916569,0.0,13.044680824037638,-5.55614708701485,-0.4259320072267656,0.0,10.606639415163947,6.071761790458687,0.5724491568722605,0.0,
2020-02-01,177.0,13.876928691264764,-3.835741052402625,-0.27641138307622376,0.0,5.167169702690439,0.5021621248498375,0.09718320739269934,0.0,39.228321465459885,-3.7259097651292095,-0.0949800966735177,0.0,5.522407856144121,-1.4945825861067277,-0.270639660278602,0.0,6.462102748097089,-2.1567598789625855,-0.33375512012675623,0.0,6.136685077406577,0.21115677673699518,0.034408931544232364,0.0,
2020-02-02,146.0,17.823546746243665,-9.594179757156706,-0.5382867895907806,0.0,8.634780436790601,3.610536814305237,0.418138809751509,0.0,16.875073733106547,-2.296047870581731,-0.13606150153152838,0.0,3.1450744451139996,-1.205511887861212,,1.0,16.000985085265707,3.9390287449908192,0.24617414015453468,0.0,3.9642246970543,0.24579950744529683,0.062004433711324004,0.0,
2020-02-03,141.0,24.703538674468287,-8.189794862626517,-0.3315231461592533,0.0,3.5806961132548105,-0.5423461142172473,-0.1514638765936105,0.0,55.67817537407245,-34.31049036901778,-0.6162287132885299,0.0,5.45920376857975,0.166164040829877,0.03043741319681602,0.0,20.462589897455473,-4.119185726204403,-0.20130324396114807,0.0,0.5310159465006963,0.006709736932963319,,1.0,
2020-02-04,155.0,33.64453602525464,-3.6511389625029276,-0.1085210079806798,0.0,2.461230409629926,-0.7403656984438974,-0.30081121033898645,0.0,39.59573517316312,-9.958026224354272,-0.25149239383496896,0.0,8.304180700521094,1.9106750697065042,0.23008592161134064,0.0,40.852015287928225,5.556237726021713,0.13600890156485332,0.0,1.1621258832383248,0.2330204588807096,0.20051223558620504,0.0,
2020-02-05,152.0,34.65466494149587,13.44291445239611,0.3879106745106463,0.0,4.77496907388558,-1.4135041165120865,-0.29602372175404745,0.0,28.116187980311224,-1.429603489755938,-0.050846277267638094,0.0,13.580508025523152,-7.190965630340488,-0.5295063790563517,0.0,35.95493168657413,15.197297738366686,0.422676306851154,0.0,1.0498849649011326,-0.30654639826747465,-0.2919809393559056,0.0,
2020-02-06,152.0,44.23063687695685,6.8499304492797215,0.15486845618649409,0.0,4.1353597758643375,1.3483752549435475,0.32605996286301875,0.0,20.51494516075763,3.3441824205237904,0.16301200877303673,0.0,12.500509162106022,-0.6413967341371516,-0.051309648736667324,0.0,47.12003564782208,3.4963821637082937,0.07420160268639141,0.0,3.2369816220525474,0.40600767708930924,0.12542785980720603,0.0,
2020-02-07,140.0,56.154540011026256,16.441183783397822,0.2927845866099073,0.0,4.903587349115691,1.6981017674576686,0.3462978522782719,0.0,15.352445255120982,-4.657837967779338,-0.3033938822368159,0.0,7.553532955440453,1.2534686049688537,0.16594467944513824,0.0,50.31522508796479,10.774707340764902,0.21414407511698025,0.0,1.3641986592483537,0.31859397079074087,0.2335392786313687,0.0,
2020-02-08,168.0,26.04724722569517,7.234674367524436,0.2777519752792745,0.0,3.9850978377507946,2.2420225543332357,0.5626016337904122,0.0,27.91837769313861,-3.1580297329222677,-0.11311652015147014,0.0,4.499287567268761,-0.4356083216116366,-0.0968171771861356,0.0,23.330320273285906,5.472975979734765,0.2345864058283644,0.0,4.403581606602524,2.1965400971635014,0.4988076282883261,0.0,
2020-02-09,168.0,38.629145293736656,8.067949291694768,0.2088565312627538,0.0,2.2545687083911545,0.5112158604511483,0.22674663164998354,0.0,26.0371617841738,4.928843556182326,0.1893003391474961,0.0,10.906847323087272,-0.16506468884308267,-0.01513404230878697,0.0,30.515184271389444,4.378809031503932,0.14349607043367701,0.0,4.291760121421242,1.4797737863922875,0.34479415077426356,0.0,
2020-02-10,146.0,23.368000359681897,-6.808163630642634,-0.29134558053110676,0.0,9.362322782377298,3.492850205410024,0.37307517446254007,0.0,49.53732648568257,-19.78513606448366,-0.3993985438475776,0.0,6.727058828168078,-3.319757462450656,-0.49349315165045127,0.0,25.477515833139478,-5.800445658708153,-0.22766920043135894,0.0,0.41569079155305483,0.08399392245931145,,1.0,
2020-02-11,163.0,42.8686232263135,6.8610640406738685,0.16004862121306543,0.0,5.3314754809325615,0.10877447885854297,0.020402321880230525,0.0,25.105513846843674,0.5998471953031571,0.023893045924593626,0.0,24.330112516690857,-4.751296117070815,-0.195284592860446,0.0,27.659564340414363,7.996604603165377,0.28910811843414524,0.0,2.1164019690913776,-0.6401782129140867,-0.30248422665611613,0.0,
2020-02-12,158.0,34.31512449263391,2.9298433013914114,0.08538052374020476,0.0,3.7547179782195537,-0.8322127836888611,-0.2216445518721721,0.0,57.677471618226264,1.8164536025184024,0.031493294549069614,0.0,20.293136628781205,-5.88127292851366,-0.2898158641563774,0.0,27.82648393052659,-6.439482434898499,-0.23141559857061822,0.0,1.217572741930774,0.5882719278892361,0.483151361417947,0.0,
2020-02-13,143.0,27.998397853356437,7.193243316835631,0.2569162476549817,0.0,7.310248582754861,1.604433937735207,0.21947734329036694,0.0,50.05333466394222,-19.657074712562043,-0.3927225797150084,0.0,17.373280126128517,-0.6115157353307801,-0.0351986343909284,0.0,18.092523296923897,2.2369106370375933,0.12363729482763271,0.0,1.055280178778042,0.550381537832236,0.5215501521781148,0.0,
2020-02-14,148.0,27.231110489701678,7.629270352578677,0.2801674340627398,0.0,15.628377108369019,1.7159876654041315,0.1097994790825221,0.0,31.63271632383112,3.857874046201918,0.12195835497362945,0.0,16.56317907762422,0.9249684447255044,0.055844861689328514,0.0,9.044670865332584,-0.6940410694156051,-0.07673480657829158,0.0,2.0191020404672537,0.6552212831063795,0.32451122824617146,0.0,
2020-02-15,191.0,15.886379321971614,3.1754135150588403,0.19988277068690494,0.0,10.118731788301371,-2.1421216275716786,-0.21169862709952073,0.0,32.21402864119591,13.38077328048962,0.41537099968235686,0.0,6.9454510562209135,-0.8425485910005065,-0.12130941305040961,0.0,2.534196983142459,-0.8460000220913605,-0.3338335684711857,0.0,5.261314281502559,0.4101281822965281,0.07795166005164039,0.0,
2020-02-16,172.0,15.379391069349365,2.3535847367634304,0.15303497558196888,0.0,8.94521038909442,0.7269550016596895,0.08126751300852117,0.0,18.43603787325264,1.1971759565538087,0.06493672690327322,0.0,9.582728079112709,-0.634416872341999,-0.06620420271809918,0.0,2.356222393456841,-0.8992362394301273,-0.3816431937525419,0.0,8.867803719316722,3.604063402979572,0.4064211970692187,0.0,
2020-02-17,140.0,18.452146928415456,4.374916059237728,0.23709523212719272,0.0,8.412236774471236,1.6753170531952641,0.19915238932401172,0.0,32.78362550868769,-5.4890207177891135,-0.16743177829232211,0.0,11.742096034664423,-0.7481263405824283,-0.06371318530983289,0.0,10.421711526316354,-2.41866456621733,-0.23207940078842582,0.0,2.2742074553971126,-0.35944608688059754,-0.15805334118818662,0.0,
2020-02-18,144.0,31.4607001888362,-6.04994551827501,-0.1923016805716812,0.0,7.140070580186142,2.204621415304608,0.30876745412328027,0.0,31.924442688556155,-21.380602942319022,-0.6697251742466049,0.0,10.65653580427897,2.5722891802245655,0.24138136702845794,0.0,6.3264886595279615,0.6177080037913637,0.09763836419133845,0.0,3.977920353223447,-0.17960798649220966,-0.045151227411244436,0.0,
2020-02-19,161.0,40.29275400043116,14.133502386927248,0.3507703242815324,0.0,5.495283616197405,1.6001940338513163,0.2911940757952379,0.0,35.097052056647954,22.392489623011624,0.6380162523869329,0.0,11.646347062385752,3.142164513244519,0.26979828923292,0.0,7.051691289801958,1.8877350355670017,0.2676996138922039,0.0,6.999331970422639,1.9316746092933526,0.2759798531425725,0.0,
2020-02-20,159.0,36.69212924652675,3.84781823536613,0.10486767365048355,0.0,10.156993855234754,2.227430450698047,0.21930016719957593,0.0,22.966492876628763,10.240899785830928,0.4459061224908356,0.0,38.983129991494934,-4.14664958446224,-0.10637036034220257,0.0,7.563961611871486,-0.8169030871980065,-0.10799936979001765,0.0,1.516743903135641,0.12408284587788604,0.08180869929416781,0.0,
2020-02-21,167.0,39.66800425875408,-10.445649882430798,-0.2633268317280069,0.0,11.097331283512169,1.2868216120760894,0.1159577540942642,0.0,29.486130693752777,-18.64423874983175,-0.6323053690385325,0.0,18.402839132089863,-2.405307175954018,-0.1307030485181917,0.0,8.440643308036663,-0.19859617736004687,-0.023528559389656447,0.0,2.1913287554998475,-0.8335033509417379,-0.3803643560327459,0.0,
2020-02-22,186.0,12.447261256638738,-1.9890163471962592,-0.15979550088863273,0.0,8.150224840865118,0.989079888933431,0.12135614762113037,0.0,28.476013751300343,-2.787949918842306,-0.09790520341756036,0.0,6.707233402434208,0.7248929562489614,0.10807629804352435,0.0,3.4051147646605333,0.15362829454325963,0.04511692120855002,0.0,3.5109324989461994,0.5649598120879196,0.16091446140234578,0.0,
2020-02-23,176.0,5.8324250131408855,0.004270513711154111,,1.0,8.101154552685324,2.571288158990441,0.31739774155254513,0.0,31.88791610811313,-7.8046498162388716,-0.24475258244464465,0.0,5.981199591129547,1.099338770104668,0.183799044548697,0.0,2.4424271897951195,-1.7761303309951022,-0.727198885770712,0.0,2.2378790977600103,-0.48874677883061984,-0.21839731168668924,0.0,
2020-02-24,145.0,20.408962909801623,-13.821051851251163,-0.6772050060717909,0.0,7.552951710997144,-0.6791755842165896,-0.08992187560628857,0.0,38.69876981274865,-17.071221787909092,-0.4411308646375955,0.0,9.331361897071467,-4.56004489511204,-0.4886794602343259,0.0,4.10087718695285,-0.029643406069912892,-0.007228552506820955,0.0,4.070608925394476,-3.6000508945805825,-0.8844010713290783,0.0,
2020-02-25,169.0,36.26884603140206,-13.73821829347629,-0.3787884037330979,0.0,6.426400516676942,-0.44767406053231656,-0.06966171177326595,0.0,34.663138084011734,-7.701784021117392,-0.22218946254810715,0.0,17.96275229578168,-6.146716488785515,-0.3421923537980865,0.0,13.396020723856047,6.4769290974967895,0.4834964972816498,0.0,4.8735865412527275,-0.024479571953192614,-0.005022907000005848,0.0,
2020-02-26,148.0,33.414827385757235,-12.325279165997545,-0.3688565864401587,0.0,4.8219120421272175,1.6302381557044074,0.33808956726328365,0.0,21.08648146688938,-7.900736710775306,-0.37468255304619114,0.0,15.340124167443717,-4.152940695782217,-0.2707240600174532,0.0,7.850786375842283,5.976770633721711,0.7612957922422752,0.0,1.2493844652853967,0.5186003287141866,0.41508466218660944,0.0,
2020-02-27,144.0,25.20513232509984,-14.136293461870375,-0.5608498015220946,0.0,3.927284493183828,-1.3850842054450623,-0.35268242161957103,0.0,29.353015283035347,-13.388316801537018,-0.4561138497166535,0.0,10.557211097264366,-2.5536054601600258,-0.24188258022251047,0.0,5.248677532872529,-0.189337272076745,-0.03607332911784415,0.0,2.4601626117582733,0.9577549277517311,0.38930553743649715,0.0,
2020-02-28,155.0,28.059823205352586,-16.8711438171581,-0.6012562407713183,0.0,3.471002892540121,0.8957348214278289,0.2580622515045845,0.0,35.41428860827,-24.89317727944442,-0.7029133792519928,0.0,4.616584051473176,-2.6416674983977613,-0.5722125859605635,0.0,19.33471483922039,-7.0203391131121275,-0.36309504285376887,0.0,0.7644862564702584,-0.2327192383080515,-0.304412586018942,0.0,
2020-02-29,115.0,14.985296286700759,-6.047507825485715,-0.4035627797932026,0.0,0.9661866253227305,-0.028978484313176477,,1.0,17.369720431423048,-8.835505308256566,-0.5086728564883817,0.0,6.17285953783721,-0.8293055049735824,-0.134347055832109,0.0,4.64526917072362,-0.38387646231736233,-0.08263815253951445,0.0,0.8783318221394407,0.14445065538092713,0.16446023215813155,0.0,
2020-03-01,102.0,17.01505139828805,-7.449059908064025,-0.43779238356068106,0.0,0.6203157332347429,0.09376132881457921,,1.0,19.37215492100222,-6.975526517301698,-0.36008005024465384,0.0,5.977967746519422,-3.0095765088316924,-0.503444755215344,0.0,15.27021373014577,-1.5075674008274031,-0.0987260183432293,0.0,1.0471091985382328,0.07177010347902887,0.06854118326839276,0.0,
2020-03-02,145.0,32.87114490224485,6.812051623840285,0.2072349972627535,0.0,3.3825297288640224,1.3186176323041634,0.3898317939535164,0.0,30.463888746875455,0.0925802416951711,0.0030390158808818075,0.0,8.957683985972832,-3.114469388883717,-0.347686901408978,0.0,43.57409187518351,14.505051611583426,0.3328824764296327,0.0,3.780665708283772,0.7215508166090472,0.1908528476950675,0.0,
2020-03-03,144.0,36.39343504848512,6.446300175921012,0.1771281047621071,0.0,2.3952129193712555,1.0281918255677391,0.4292694888426203,0.0,29.57271566122654,11.203171456722782,0.37883471998520296,0.0,10.60443545771704,-0.47701257624111837,-0.04498236404409323,0.0,43.869210615506745,8.868263993353377,0.20215234942519464,0.0,2.498548736410151,1.4059505770394947,0.5627068852215096,0.0,
2020-03-04,144.0,54.25538004532427,14.177131814507277,0.26130370486141424,0.0,2.224863730938517,0.008353716333074551,0.003754709206190661,0.0,19.414137044572264,-0.6020039214917721,-0.03100853363245822,0.0,10.011469758966992,-4.874130725678462,-0.48685466200533045,0.0,72.85159558431042,24.441705922040065,0.3354999396513413,0.0,1.9230169321162909,-0.09554420243569098,-0.04968453519051652,0.0,
2020-03-05,114.0,51.99455747124739,8.273806202225403,0.15912831274313197,0.0,4.1302742604311735,-0.7260072033647974,-0.1757769962929791,0.0,19.738594875234412,0.01867585484056284,0.0009461592863428709,0.0,9.725292371003885,-2.185605473955749,-0.22473416639608357,0.0,69.34555596985592,11.898164538184034,0.17157789524906386,0.0,1.1998199825466096,0.5096459043411103,0.42476864175856655,0.0,
2020-03-06,151.0,80.6453559242218,-44.31791006079703,-0.5495407584590517,0.0,2.038202488911331,-0.16959105430150015,-0.08320618546201665,0.0,26.029674869030714,-12.715415452257211,-0.48849689887542974,0.0,2.9172708732003167,0.4818030899865399,,1.0,87.51640632415365,-49.22212782309093,-0.5624331470007597,0.0,0.5988468304421922,0.27259858930089015,0.45520586474441493,0.0,
2020-03-07,155.0,39.2231891019037,-22.111806893678985,-0.5637432192530665,0.0,0.7981930522218974,-0.5078908986976207,,1.0,23.04978556766582,-4.8639400920309965,-0.2110188868244449,0.0,11.508903462199665,0.9700272177962792,0.08428493826386485,0.0,42.96601169209316,-21.367794741001028,-0.49731855249048507,0.0,0.8644740387171558,-0.008510967186192459,-0.009845254808140204,0.0,
2020-03-08,124.0,41.31583985759062,-22.080966560284683,-0.5344431248740047,0.0,1.3828570461482685,0.08684715123203932,,1.0,15.318796572581046,-2.357034650268427,-0.15386552325443492,0.0,3.9571941212634507,0.028956231179652462,0.00731736434764725,0.0,46.150861540445476,-30.80449995718083,-0.6674739956952814,0.0,1.352175905834878,0.8432297963312697,0.623609541253164,0.0,
2020-03-09,171.0,47.311468447820516,-33.678430173370955,-0.7118449559542769,0.0,1.9949603430286436,-1.2429206531664052,-0.6230302559696342,0.0,16.12184319488005,-9.845252132258477,-0.610677824690983,0.0,9.548960581785643,-5.127782353013037,-0.5369990072840105,0.0,24.99179989765252,-19.171262062217863,-0.7671020951163514,0.0,0.306081832095507,-0.03259423238939041,,1.0,
2020-03-10,149.0,31.81599969054514,-1.1976697013359363,-0.0376436293998284,0.0,3.2784075943345603,0.8937554195263692,0.27261876194737783,0.0,43.993236281879945,22.717118736371184,0.5163775311007973,0.0,10.921707769266497,-2.538807733965602,-0.23245519726409128,0.0,10.61554354609688,-3.1209468850122164,-0.2939978411336012,0.0,2.8900053567558572,2.197047983772963,0.7602228067283704,0.0,
2020-03-11,143.0,57.170388986072794,-24.68667612998775,-0.4318087836694908,0.0,3.9017831238161236,0.26369174696213454,0.06758236903342589,0.0,20.851110565294217,2.9166351633170917,0.13987912798139907,0.0,8.101829291437749,-5.426168309827583,-0.669746067787693,0.0,18.258448118984226,-8.414449986486986,-0.4608524192008443,0.0,1.779262072457635,0.718419652567573,0.40377393734653383,0.0,
2020-03-12,161.0,50.71818806354713,-39.10706647093751,-0.7710659225826144,0.0,9.976122910054976,4.062104703363962,0.40718270414148067,0.0,31.560076338544604,-13.116551002394907,-0.4156058072133224,0.0,10.513173230196113,-4.666947536216401,-0.44391426204334916,0.0,11.417480959098604,-4.6883414471971445,-0.4106283569898139,0.0,0.9558032575659959,0.2896521759959986,0.30304581377302825,0.0,
2020-03-13,141.0,34.87155454873573,-3.583495874988086,-0.10276272226349616,0.0,3.3516841253440295,0.6336709209380532,0.18906045356318021,0.0,26.30299972210196,-4.795930884695265,-0.18233398986296329,0.0,14.17220522643765,-3.1764042537238573,-0.22412914595665107,0.0,9.498691206739743,-4.550717884837396,-0.47908893823271775,0.0,1.143569458297855,-0.3718528029122698,-0.3251685328023308,0.0,
2020-03-14,152.0,38.00461781150079,1.1967065605308447,0.031488451389417804,0.0,6.419095953417121,3.356964748366921,0.5229653478820309,0.0,28.456490953642056,-1.792360636800806,-0.06298600342961146,0.0,21.02987137229502,-7.9457234744168845,-0.37783034112537023,0.0,4.789822139216988,-1.281214855661116,-0.26748693759859765,0.0,1.304079333014664,0.2924471279617803,0.22425562660035792,0.0,
2020-03-15,105.0,20.44819437807746,7.63664602851222,0.3734630983701661,0.0,2.4905718280933757,0.792541294151767,0.3182165979764119,0.0,20.108655084943166,2.1410544672177143,0.10647427479229478,0.0,9.029260480216177,-0.8948091812625061,-0.09910104855465225,0.0,2.06996104453719,0.5085086755820559,0.24566098812538295,0.0,0.7535394536462222,0.2012037990101334,0.2670116316226704,0.0,
2020-03-16,147.0,25.88131165978848,-8.320959050431671,-0.32150453422961006,0.0,9.383765511258382,0.6971048840920835,0.07428839555461146,0.0,31.31834038364468,-20.379946689701114,-0.6507352062737046,0.0,24.124734496843303,-4.641809142164224,-0.19240871408436017,0.0,7.4660185546672375,-4.05355495865551,-0.5429339518747255,0.0,0.8225523713335802,-0.12522649894202445,-0.15224136882493983,0.0,
2020-03-17,145.0,28.663957012860916,-13.873011700643328,-0.48398801653305573,0.0,6.295805112662486,0.0688734330842391,0.010939575138010051,0.0,45.185171799501404,-31.072445347188328,-0.6876690761532348,0.0,20.002016123617064,-5.583265488207597,-0.2791351358633915,0.0,4.760739364006433,-2.852937650072041,-0.5992635664203073,0.0,1.2690288217854626,-0.7397400211967089,-0.5829182194269868,0.0,
2020-03-18,161.0,58.31939300069644,-37.871593861389194,-0.6493825109074256,0.0,5.387942467008536,-3.449755228420412,-0.6402732118139648,0.0,50.59501274759532,-38.453525915039926,-0.760026014952779,0.0,31.056798493940732,-16.060942110233803,-0.5171473844403935,0.0,7.22789603340788,-0.5051366455359182,-0.06988709345031231,0.0,0.7094034920082701,-0.060665178519676316,-0.0855157596531384,0.0,
2020-03-19,175.0,39.796860443901096,-0.9375453764802608,-0.023558274849390548,0.0,9.96083821494539,-3.168283708498933,-0.31807400543311637,0.0,23.228744725282006,-3.497509908797625,-0.1505681839531759,0.0,35.884430997874006,-13.0572558395067,-0.3638696637068116,0.0,9.2525760915887,-1.028455061783069,-0.11115337519007418,0.0,5.62266169402573,0.09408390488908747,0.01673298341763205,0.0,
2020-03-20,154.0,34.23389051631966,-2.1726419352311437,-0.06346465162045845,0.0,3.7566779423577765,-0.5419452163205412,-0.14426182511147176,0.0,21.068070420020376,-1.3727012338117937,-0.06515552712921234,0.0,20.118294238898667,-8.134701208460264,-0.40434348518135504,0.0,20.050380466804196,-3.6479969204638576,-0.1819415310598995,0.0,11.100319913777634,-0.4128085274821228,-0.03718888560767947,0.0,
2020-03-21,194.0,21.80342996404942,4.013311734328329,0.1840679077074422,0.0,8.4374452152042,4.4830226686151535,0.5313246550670087,0.0,26.794838392859674,-8.8917228222566,-0.3318446146936299,0.0,4.929950756646569,1.0035772821993523,0.20356740497789505,0.0,12.743499763855645,2.262573033825211,0.17754722609581244,0.0,5.236788117828829,1.0890815545476253,0.20796746594344898,0.0,
2020-03-22,181.0,30.079114944099274,4.060139128472366,0.13498200116652226,0.0,3.787069800535384,-0.33506959655605933,-0.08847726981654525,0.0,28.9024562798877,-7.007534018279968,-0.24245461875004334,0.0,20.734558551244838,-0.24042087118922562,-0.011595176747796808,0.0,8.523299096632392,1.7309469269896502,0.20308414703803576,0.0,5.5559813343861535,1.6415999472400646,0.29546534598310253,0.0,
2020-03-23,146.0,30.08288324892055,-11.552081173054217,-0.384008443521408,0.0,10.50546714573283,0.7567488695396585,0.07203381430277844,0.0,29.025248014731915,-13.333737560639468,-0.4593841042761068,0.0,15.137333128310267,-8.751708121141549,-0.5781538958651744,0.0,17.915615855497887,-10.286824621734581,-0.5741820267137394,0.0,6.28486642949428,0.3609708015177099,0.05743492014781862,0.0,
2020-03-24,129.0,17.777760762022808,-1.1573503851758566,-0.06510102147668735,0.0,7.049541720574775,-0.9168266393714883,-0.13005478592964992,0.0,42.1585886360117,6.192708803362388,0.14689079980425626,0.0,11.32500121601333,1.4000196481697147,0.12362203071467351,0.0,7.7478714235476165,-2.1422886408853326,-0.27650028295183243,0.0,1.22240741579298,0.12724370014034203,0.10409270959616895,0.0,
2020-03-25,158.0,30.489904130059585,-8.69479080275508,-0.28516950285137177,0.0,8.497511236710118,-2.3402900082711566,-0.2754088747962891,0.0,45.72276282582607,-6.128429765354873,-0.13403454617780203,0.0,23.245540122617964,-16.9335745603735,-0.7284655237542574,0.0,8.617816974561713,-0.49580106489186315,-0.0575320950021776,0.0,5.66430852388293,0.6201898106198648,0.10949082452075184,0.0,
2020-03-26,106.0,22.8569969058517,-9.995611077536283,-0.4373107770328862,0.0,6.712281121668634,-2.874154241278111,-0.4281933651437431,0.0,42.59204478361062,-29.31607493163392,-0.6882993075485008,0.0,22.850921208621003,-13.43001606874808,-0.5877231795662275,0.0,5.330722935010268,-2.3156498642350876,-0.4343969650020138,0.0,4.9854419996045145,1.0096256387034945,0.2025147697603515,0.0,
2020-03-27,132.0,32.24040400394733,-10.049882306162985,-0.31171700903414656,0.0,5.9714530042328935,-0.8806940018564496,-0.14748403801087698,0.0,36.35497398528969,-11.40983514872592,-0.3138452293582353,0.0,22.111455632199068,-2.4062787508099994,-0.10882498153156124,0.0,21.64261897607502,-3.2142918296315073,-0.14851676838116348,0.0,2.351127501846344,-1.1108270249838967,-0.4724656676898903,0.0,
2020-03-28,126.0,13.717118796485007,-4.591561002197601,-0.3347321744690424,0.0,16.20933271665126,14.750521173144623,0.9100017521382572,0.0,13.973122677547506,-7.83543486859675,-0.5607504528094495,0.0,5.549529728668856,-1.3647606008115336,-0.2459236489465376,0.0,13.503323395598272,-2.4781323618209514,-0.18352018160423805,0.0,2.3948658794397453,-0.06774587497025503,-0.02828796199063285,0.0,
2020-03-29,140.0,14.689447630669743,-1.3246054221052908,-0.09017394359606001,0.0,42.44649569965259,35.047875156453856,0.8256953743472565,0.0,16.98385809618048,-4.589377827352376,-0.27021998190060753,0.0,9.84374950539495,0.4437038794121695,0.04507468207810386,0.0,5.345662276551588,0.12315524906841371,0.023038351975325208,0.0,2.0757990343772645,0.37158505782990253,0.1790082043955557,0.0,
2020-03-30,132.0,26.091903784312304,-5.043087759804101,-0.19328170920345972,0.0,6.776854364819876,0.86779370377822,0.12805258266772349,0.0,50.78187238809187,-33.30363058731652,-0.6558173029304465,0.0,11.248735286804727,-3.901384575564133,-0.34682873017206056,0.0,4.520652327788406,-0.58400681188151,-0.12918640265512696,0.0,3.5874303097370963,2.062262474714862,0.5748578499538837,0.0,
2020-03-31,146.0,41.720457824194455,3.2394626616767344,0.07764686272925105,0.0,8.400177351999439,2.6514348013195095,0.3156403359374795,0.0,26.17864179448224,-13.282283975837064,-0.5073710118389952,0.0,18.934861192101376,-1.5872070697333622,-0.08382459494318666,0.0,8.402900071188919,-0.29439412221075,-0.035034823658101226,0.0,19.940055640901843,15.777204831165633,0.7912317355224826,0.0,
2020-04-01,160.0,38.11972709037218,-13.449305025213592,-0.3528174531084315,0.0,15.41458348256128,2.1332039043549216,0.13838868281898392,0.0,26.943511595862216,-10.457900524038996,-0.3881417047971224,0.0,43.51731017952261,-30.88022998714677,-0.7096079665713735,0.0,12.711988620627373,-2.4414186814405876,-0.1920563929296608,0.0,6.5738493864264385,-0.6577365377024816,-0.10005348450187554,0.0,
2020-04-02,106.0,43.74379476933973,12.190565142916654,0.27868101538051954,0.0,4.42216942170489,-1.1358723425139752,-0.2568586216843903,0.0,12.287458222126585,-1.7862015622428487,-0.1453678645292445,0.0,14.765800244975253,-11.754220720604673,-0.796043595713994,0.0,24.95055638717895,11.21150311746321,0.44934882186532454,0.0,20.025904703419656,13.806005284216235,0.6894073196033286,0.0,
2020-04-03,139.0,44.350413900916465,21.15483306483258,0.4769929117706708,0.0,6.31012604865827,0.8029962623156816,0.1272551857322127,0.0,11.795314854243763,4.520740406809363,0.38326576803355733,0.0,11.042247719553409,-1.0708852040955723,-0.09698072632433961,0.0,65.74644504275057,36.261959956581265,0.5515425196450167,0.0,14.890995865243891,8.40886703237727,0.5646947395911822,0.0,
2020-04-04,141.0,40.561565635114675,5.5936528807572214,0.13790525077549579,0.0,5.871331484355317,0.19784285725061146,0.03369642095285904,0.0,19.432861536100965,-4.407060068586288,-0.22678389697776474,0.0,6.955821694151376,0.1319518486349171,0.018969987218888235,0.0,62.630659225338604,-13.557775148613516,-0.21647185765415702,0.0,8.805631748393346,3.1978646387059237,0.3631612960977386,0.0,
2020-04-05,140.0,27.527834601052746,-0.3581175748855425,-0.013009289690800709,0.0,4.962603743566427,1.2836096092961933,0.2586564786600741,0.0,22.200394640007282,-8.32688579645924,-0.375078278178595,0.0,8.867934752983267,-1.404488969313952,-0.15837836073855494,0.0,58.98395693790371,-21.80260886118627,-0.36963625353482654,0.0,6.001098600376276,0.2132514813351336,0.03553540702060161,0.0,
2020-04-06,135.0,45.752344665059354,-25.680670994330285,-0.5612973757373877,0.0,4.12417908541101,1.7375892145098668,0.4213175952170615,0.0,13.818020727951076,-6.679655118095502,-0.4834017294954482,0.0,17.219347124206248,-7.339433478323236,-0.42623180921916387,0.0,63.669892774443724,-35.36821373586109,-0.5554935338301282,0.0,10.367305725259936,-2.0882191666525936,-0.20142351561646807,0.0,
2020-04-07,137.0,51.25174043535662,15.124968906259337,0.2951113226161818,0.0,5.575805687651148,0.8854516744823603,0.15880246265456996,0.0,15.886872236849735,-4.367162578174902,-0.2748912758324594,0.0,14.535881507428709,-4.631696614922638,-0.3186388532787339,0.0,55.63018357023975,16.852138945565773,0.30293157174805896,0.0,6.669290143174289,2.2863335900475823,0.3428151333898015,0.0,
2020-04-08,131.0,48.72650159585464,8.03634540656604,0.16492760907033235,0.0,1.967940980808629,0.09999626093428583,0.0508126320400103,0.0,15.15845489647472,-8.485762543694554,-0.559803924717157,0.0,22.848191903845873,-9.91438180543036,-0.43392413050249035,0.0,66.7330712495459,27.378572658479438,0.4102699328208387,0.0,4.605512026115315,-1.4693673626559705,-0.31904538612080474,0.0,
2020-04-09,133.0,59.38042236678302,16.547451840124857,0.2786684765883609,0.0,3.2083933809481033,-0.7688837550935068,-0.23964759423181958,0.0,15.242514808167467,-4.264025634605688,-0.2797455464711686,0.0,11.011447942611987,-5.151117393624332,-0.4677965532298974,0.0,95.3367110563413,25.943233428749505,0.272122177714079,0.0,8.90111001247714,3.561218653120968,0.40008702826153436,0.0,
2020-04-10,95.0,52.026417181419674,13.793668026958414,0.26512815554565194,0.0,2.1688509061350447,1.4473267854594178,0.6673242413138468,0.0,12.091743972152468,-4.141890014721552,-0.3425386796363212,0.0,3.06767700691125,-0.034663586167104604,,1.0,74.72082744134241,10.60444922511445,0.14192092871882594,0.0,8.43517727832659,-4.485601632153278,-0.5317732495887927,0.0,
2020-04-11,134.0,59.362861964298645,38.998822506595246,0.6569565754772654,0.0,0.8493420514860124,-0.1835483214964948,,1.0,11.97427536096074,-0.07275543653178279,-0.0060759782399012205,0.0,4.787746335918195,-2.254139374892885,-0.4708142864591814,0.0,67.53452002702397,24.130902974441955,0.3573121266692347,0.0,11.801622259576101,2.6899297079755358,0.22792880917645592,0.0,
2020-04-12,107.0,52.99904017736844,11.55524215166348,0.21802738526947474,0.0,0.6773012707999396,-0.441959508219625,,1.0,6.755536322423719,0.1673598951630438,,1.0,6.537837979733009,-4.933999830532734,-0.7546837113167842,0.0,76.18321814747469,17.702510955030384,0.23236759204319835,0.0,16.15744293255557,-2.905059782017757,-0.17979700093288667,0.0,
2020-04-13,117.0,70.23942425093264,18.477540319421657,0.26306508796840417,0.0,1.242670822641225,0.9905432116065976,,1.0,16.47802054742351,-3.5401659791282034,-0.2148417019471274,0.0,3.088617227826029,0.4073005473333844,,1.0,88.08717997094209,19.126518326413557,0.21713169081724434,0.0,12.282689549530913,-3.500877126603061,-0.2850252880271457,0.0,
2020-04-14,147.0,74.2522317054827,25.919013996071143,0.34906713779159465,0.0,0.46175820131610834,0.1345144547996571,,1.0,19.49082516499038,-8.04873097485379,-0.41294972925574247,0.0,15.584261615338615,-7.998326632845575,-0.5132310295005136,0.0,69.07201880215871,10.249014447159867,0.1483815678895367,0.0,8.41555529464676,-1.8428210729524648,-0.2189779531393141,0.0,
2020-04-15,158.0,58.10301730688661,-20.571047261513847,-0.35404438900070134,0.0,4.3039820772464665,0.6036266106747828,0.1402484024889252,0.0,37.269371042973944,-18.054874816674733,-0.4844427021818082,0.0,51.012272618114366,-25.639824739550477,-0.5026207111275772,0.0,30.38580009638099,6.441425001242911,0.21198800034263696,0.0,2.990820401122612,0.537956315438816,0.1798691473539811,0.0,
2020-04-16,160.0,45.43740870734473,-9.718128158574643,-0.21387945384754647,0.0,8.332537796879471,-2.7433738391371336,-0.32923629103303015,0.0,55.205715448828414,-26.593219375618418,-0.4817113438239624,0.0,32.7337869269104,-5.46407552101947,-0.16692463762961263,0.0,31.253211589071725,-5.096458675516814,-0.16306991878232724,0.0,3.8918175660219205,0.4971371887115705,0.12773907827846276,0.0,
2020-04-17,145.0,41.31907780576148,-0.12696629316253194,-0.0030728249492738657,0.0,3.443168415535178,-0.6180005447355481,-0.1794860053743526,0.0,47.39319958043052,-25.83644582763415,-0.5451509089144189,0.0,18.828840352085532,-4.522320750812894,-0.24018052446400343,0.0,14.198464665489148,1.7567996231357181,0.12373166145250925,0.0,7.9450365435695804,4.1385015279565245,0.5208914402421566,0.0,
2020-04-18,175.0,22.005837884513312,-1.7937542320500994,-0.08151265320883148,0.0,5.303251627781713,-2.8170140285606036,-0.5311861903371398,0.0,25.522853445494547,-13.610927338825901,-0.5332839201499465,0.0,18.23578767871367,-7.858260146117017,-0.4309251831929274,0.0,12.450812320828838,0.5869318204120744,0.047140042375404055,0.0,6.6094802193038,0.8720233060486853,0.1319352319872044,0.0,
2020-04-19,124.0,15.750749536913643,2.7088485900566894,0.1719822020982684,0.0,4.5741887352341974,1.2273395973497285,0.2683185299932511,0.0,18.4294125346496,-4.036906770850111,-0.21904695894457957,0.0,16.02916138204455,-3.6953569716738026,-0.23053963233617733,0.0,11.187590688750785,5.398904360874898,0.48257971810709355,0.0,3.7119034821880597,0.6001402815462688,0.16167992633054765,0.0,
2020-04-20,155.0,45.10265322151827,-34.339155708550415,-0.7613555579512419,0.0,4.391112401579442,-1.3283434795109907,-0.30250728244469394,0.0,44.759226600581314,-39.019274288240666,-0.8717593500092761,0.0,37.24102243213565,-28.132054703853935,-0.7554050041219734,0.0,2.8120428903275676,-0.5501572208946113,-0.19564325380205166,0.0,0.8659563744440614,-0.09987175351793198,-0.11533116039713782,0.0,
2020-04-21,133.0,17.391316680877928,-8.849949955224194,-0.5088717615587367,0.0,1.3921728354325693,0.27469577445270016,,1.0,32.76819565729238,-19.185545268352257,-0.5854928806274574,0.0,20.445691987319147,-13.065649173932892,-0.6390416710785082,0.0,3.810073686137905,-2.544430646126717,-0.6678166502091691,0.0,1.1185706940013855,-0.17905420027381933,-0.1600741028117777,0.0,
2020-04-22,152.0,30.584747657878324,-9.969201384612115,-0.32595336394884883,0.0,3.131990448593563,0.14859921920682923,0.04744561697931055,0.0,33.372729666822124,-18.445595165931458,-0.5527146071083707,0.0,16.062522596330375,-6.70258861925203,-0.4172811947223841,0.0,6.778047521060209,-1.9185645227426327,-0.28305563169650577,0.0,1.1257756454651757,0.11181884355887385,0.0993260460104107,0.0,
2020-04-23,167.0,60.66740371106425,21.48579399722422,0.3541571368300657,0.0,10.863941396091825,-0.742442806140003,-0.06834009675411984,0.0,25.420195084065195,-4.547407382165102,-0.17888955482547308,0.0,29.132182768851635,1.4151876018523808,0.04857815197306502,0.0,21.806728909614318,9.267145612441272,0.424967249826979,0.0,3.2142113070294656,1.1375928838001328,0.35392597907680257,0.0,
2020-04-24,151.0,46.54714665682695,9.023907927654392,0.1938659740882501,0.0,14.51141054280742,2.037720019097289,0.14042191233486154,0.0,21.214925020874936,0.9942941395256024,0.04686767162963069,0.0,29.460360107157612,-4.919427407539996,-0.16698463255867618,0.0,19.779618956345068,10.326361561553039,0.5220708035045571,0.0,1.7774894356843947,-0.2659512045499811,-0.1496218200855752,0.0,
2020-04-25,172.0,36.738510712420975,2.6666885997891456,0.07258564781417667,0.0,6.416877154348178,-0.6940466145550278,-0.10815956077400216,0.0,32.64471657363174,-1.9855067959622787,-0.06082168890895015,0.0,19.60993017983855,-6.076537352709016,-0.3098704226370195,0.0,12.720421393794819,0.8890033939699793,0.06988788865152268,0.0,4.17053918335295,1.4109172838910027,0.3383057254378031,0.0,
2020-04-26,168.0,46.886036969655834,-1.420284497610977,-0.030292270138552565,0.0,11.680869243878982,0.056759036275733976,0.004859144905288353,0.0,34.18055153635214,-8.085000716705002,-0.23653804146800667,0.0,29.006631757016294,-0.623564033789491,-0.0214972920335247,0.0,5.265291738753142,2.1031234392771294,0.39943151179979325,0.0,3.445995105888862,1.5135749010351904,0.43922723466688673,0.0,
2020-04-27,146.0,57.46494076482486,-24.30027956241833,-0.4228713932181218,0.0,7.653476325365768,2.268815843865428,0.29644252460100196,0.0,13.13876227830769,-5.68401062838967,-0.4326138572256585,0.0,54.75510891614249,-40.92905545112352,-0.7474929054347497,0.0,16.698824343082375,-6.697398728825433,-0.4010700748283447,0.0,0.4962247823277666,0.0019686436265872187,,1.0,
2020-04-28,114.0,34.67011412145803,-14.537163600255841,-0.4192995601147589,0.0,7.207609328892427,-2.0355214342702634,-0.2824128419544982,0.0,19.17392858841049,-15.411793947906144,-0.8037890553749983,0.0,57.17221457850246,-45.99524142240565,-0.8045034071445694,0.0,2.2216003140638296,-0.5441939020927811,-0.24495580894896543,0.0,6.942683143752216,-6.17091599933951,-0.888837337318609,0.0,
2020-04-29,104.0,32.63390826032264,4.907728586202355,0.15038739911423143,0.0,3.377538781642211,1.0788196515804995,0.319409996842719,0.0,16.16771228714788,1.5141498346835123,0.09365269543342555,0.0,51.539013641217025,9.359525152112624,0.181600781444284,0.0,7.49060252642084,1.9691766090333827,0.26288627678317017,0.0,3.724343112640777,-0.7964261573428832,-0.2138433901644928,0.0,
2020-04-30,154.0,52.348841723331134,19.823613047855396,0.3786829353861385,0.0,10.7883353681027,2.6731106320511464,0.24777785829263252,0.0,32.31421588611556,15.860258497997844,0.49081365779983277,0.0,20.164017401082674,3.145665238846263,0.15600389427740532,0.0,25.373349166678956,8.303318955592115,0.3272456821150076,0.0,1.1133262921648492,0.1278876054812778,0.1148698332028088,0.0,
2020-05-01,143.0,49.152192524881684,20.637029933802527,0.41985980428758507,0.0,6.145197046891546,-3.7065358462845834,-0.6031598039902525,0.0,25.993935686885376,-4.518549206437784,-0.17383089890145073,0.0,22.018266457715068,5.3138593662555875,0.2413386801572493,0.0,42.28165322411951,15.321263387375726,0.3623619754450787,0.0,0.9576114657684164,0.45518256150377984,0.4753311523254659,0.0,
2020-05-02,145.0,24.744720078087987,-4.139580229107763,-0.16729145514858562,0.0,5.3790694884009955,-0.8438680361761053,-0.1568799283957488,0.0,18.85150148100365,-1.6833432218168742,-0.08929491497073333,0.0,8.81833641203411,-5.8211301209738,-0.6601165853720306,0.0,15.794324142698313,3.9903419792973267,0.2526440475227333,0.0,2.9261580576567154,1.4670330636298146,0.5013512717780608,0.0,
2020-05-03,188.0,29.37649466339644,-1.839527395741762,-0.06261902302570638,0.0,14.794008688528258,-1.6356045476140444,-0.11055857692461299,0.0,29.341663236613382,-5.434429628061462,-0.18521205100875884,0.0,23.761046997111404,-7.321814594434009,-0.30814360138777186,0.0,7.32269829685537,4.245267328213391,0.5797408490851604,0.0,3.0864215456240274,0.8317513710589864,0.2694872877096959,0.0,
2020-05-04,157.0,38.013903027327615,-12.811531622626884,-0.33702226297091536,0.0,11.947423870675259,-2.5974581575912192,-0.21740738302309962,0.0,40.36261790399294,-23.860438036888606,-0.5911518943999956,0.0,28.73719314987829,-9.019957866801683,-0.3138774834326464,0.0,7.8607392078629275,-1.2850325229127841,-0.16347476858504528,0.0,5.451410172834578,-0.6853387926973253,-0.12571770807349994,0.0,
2020-05-05,146.0,35.02217891495093,20.110434211866266,0.5742199610339248,0.0,7.9428941115329454,-0.22756139414756338,-0.0286496824648774,0.0,33.459281574818306,25.276223938278196,0.755432356841196,0.0,18.243325728173655,6.836686619310579,0.3747500165911362,0.0,9.19674347407999,6.674203728330278,0.7257138080605149,0.0,20.728553990651562,16.98257428183986,0.8192840798011711,0.0,
2020-05-06,146.0,41.760742047059466,-1.5181792052209726,-0.03635422003541418,0.0,10.790611571494077,2.9661954095549175,0.27488668180687886,0.0,22.681214745498437,3.6638464523027845,0.16153660610395446,0.0,46.35184276783548,-14.38858256026585,-0.31042093908400964,0.0,12.037758216327342,5.326823744091679,0.4425096141959948,0.0,6.158517527073849,2.330668315876887,0.37844632342619605,0.0,
2020-05-07,161.0,42.728332074242644,4.968752831233712,0.11628707674805214,0.0,9.643664584393257,-5.355314265535421,-0.5553194243402191,0.0,26.741798773669867,11.231847450103004,0.4200109179327887,0.0,33.76284216657223,-1.8297889946419237,-0.05419534841333806,0.0,18.93171507286024,9.044839451631638,0.4777612285427834,0.0,1.1344852255569922,0.20249439354701793,0.17849011074392823,0.0,
2020-05-08,144.0,28.08193182044488,9.067648766007046,0.3228997500594101,0.0,9.212853051554696,1.08735320456536,0.11802567548625624,0.0,38.61574646171357,24.02490558462854,0.6221530796626853,0.0,15.704850704496486,-3.0788199674868113,-0.19604261291101024,0.0,9.802894427011774,1.7585286524607515,0.17938871682787322,0.0,6.901996747168591,1.0542865074459131,0.15275094238176998,0.0,
2020-05-09,206.0,22.639483045248195,-2.3954317943703254,-0.10580770725120876,0.0,14.247308091413283,-3.9569864950740294,-0.27773572872049196,0.0,29.876652856823057,-2.4434347250404977,-0.0817840852772261,0.0,11.010494673653731,-4.222177934463485,-0.3834685052404093,0.0,5.505833820629044,-0.6419451451038118,-0.11659362887027153,0.0,5.408565261852338,-0.5474923079630649,-0.10122690241433056,0.0,
2020-05-10,185.0,11.869666036451232,5.042555175705897,0.42482704738452015,0.0,11.832917669773444,1.7638755797592724,0.14906514428516632,0.0,31.445550918244408,9.843574844415137,0.31303553466140704,0.0,14.1618094965961,-1.888996535831463,-0.13338666476805086,0.0,4.51574067166802,2.348631024239501,0.5200987379489987,0.0,6.907114867542981,1.5850351006846748,0.2294786073607761,0.0,
2020-05-11,139.0,75.29535971625592,25.592062631192377,0.33988897493330084,0.0,6.848914842208609,0.5353129242789799,0.07816025408579244,0.0,14.804288912389886,-2.9238412685039648,-0.19749960878276074,0.0,19.092994053869912,-10.317951357377803,-0.540405099811283,0.0,53.456880506935704,34.13389345550724,0.6385313383761437,0.0,1.8577295283248472,-1.068727181321033,-0.5752867492420849,0.0,
2020-05-12,122.0,58.818482854097965,36.631280930864435,0.6227852054894049,0.0,1.3053688263898895,-0.39458086012683097,,1.0,8.668727479933292,1.6331909832846596,0.1884003144712109,0.0,7.717408730342864,-1.731999009725773,-0.22442753393584025,0.0,58.469245715488796,43.281066919272085,0.7402364506270125,0.0,0.36194459289253567,0.21423402575084435,,1.0,
2020-05-13,130.0,53.44993830157182,-1.9882816789051216,-0.03719895180583682,0.0,6.021124654798763,0.592554203744021,0.09841254544892415,0.0,22.858988027233863,-14.201443860005345,-0.6212630166779891,0.0,37.58273753002868,-18.26753368330064,-0.4860618167770468,0.0,28.257259289457576,10.69567639263105,0.3785107495057552,0.0,4.007699949237571,0.618883537947832,0.15442362097630813,0.0,
2020-05-14,138.0,55.38238266890403,16.528590131729707,0.29844490856494227,0.0,8.957434761468898,-1.8892857744587033,-0.21091817297800627,0.0,21.939783709356558,-5.157336080038362,-0.23506777224239164,0.0,52.838462027939386,2.604678910203266,0.049295131051051225,0.0,19.39083702126663,6.507077982768768,0.3355748890897397,0.0,2.1691882232626023,-0.5396466868376552,-0.24877817473395228,0.0,
2020-05-15,168.0,45.303597736863594,15.590567324697798,0.34413530279101284,0.0,11.693626151558412,4.0800808443631595,0.3489149380596032,0.0,47.26007347510313,21.98471678163839,0.4651858358455592,0.0,32.27308608047315,5.08630701527167,0.1576021271281256,0.0,15.27905335529794,1.0704647054951613,0.07006093117175893,0.0,2.2756587818730547,0.0712991648178648,0.03133121950698589,0.0,
2020-05-16,169.0,29.022953299237994,2.1431620506888183,0.07384369290719589,0.0,8.40274530961323,-0.7759225886236341,-0.09234155743551258,0.0,25.155001539969817,2.0532850250879573,0.08162531899771137,0.0,8.17391314851556,-3.536495415355353,-0.43265634844647277,0.0,14.096322861478253,-1.3094210706802292,-0.09289096763373315,0.0,2.7881108654837528,0.9679101522952833,0.34715626422098733,0.0,
2020-05-17,85.0,17.013365514430916,6.647069056824774,0.3906968936385138,0.0,17.195969924738165,7.425247382486726,0.43180160322359873,0.0,14.558981910508008,7.823819638716831,0.5373878260725055,0.0,3.812771303186307,-1.1148406611413482,-0.2923964152294378,0.0,4.582993199728659,2.6571267612491476,0.5797797739273246,0.0,2.930001018561594,0.9497146955216572,0.3241345956896269,0.0,
2020-05-18,133.0,33.26027374564728,24.560405742050413,0.7384306554381439,0.0,15.872142981534122,10.804155864227058,0.6806992525707944,0.0,26.243572413237416,18.26182669061431,0.6958590241854015,0.0,6.324486707104365,-0.7794583060830972,-0.12324451646131586,0.0,11.182430335211386,7.917927175153251,0.7080685448333334,0.0,18.07764578328351,12.051809118498177,0.6666691704758672,0.0,
2020-05-19,146.0,38.67365149400575,22.11277826612697,0.5717789092026739,0.0,9.487880331369519,1.1531352873325562,0.12153771412145414,0.0,29.88154159905389,16.17574504278208,0.5413290003516498,0.0,16.002728569466846,-2.1796590507473828,-0.13620546279252432,0.0,17.40856917191558,5.330094530864855,0.3061764857426447,0.0,4.047837430858628,2.3797833751929436,0.5879147608672969,0.0,
2020-05-20,113.0,19.668448335505673,4.587754996256733,0.2332545464694779,0.0,13.36816716409521,5.0489339855587065,0.37768333710842183,0.0,37.28739051948651,4.7821466726639414,0.12825104159983458,0.0,18.793123494804604,-1.3402891235949623,-0.07131806077715011,0.0,7.860214940686998,5.973837017849295,0.760009371617409,0.0,0.7942812406326941,0.05858415899585308,0.073757450130872,0.0,
2020-05-21,159.0,34.484898521754076,14.609728595975703,0.42365583841748766,0.0,18.52703654063952,9.73409451540758,0.525399434175865,0.0,21.166929515566153,6.234391268723714,0.29453451262919095,0.0,37.391212400005315,5.243649309473474,0.14023747754894217,0.0,10.265586268447798,3.7424496900560142,0.36456268470109393,0.0,4.00666478931816,2.8527866287121597,0.71201030750507,0.0,
2020-05-22,156.0,33.06650659556908,-8.668476369501532,-0.26215277215474314,0.0,15.486189222086974,6.223048868050012,0.4018450749119396,0.0,52.77358076712699,-20.701858499826614,-0.3922769347635766,0.0,16.4503407831653,-2.744818973125416,-0.1668548396234057,0.0,6.4546367997245335,2.473303599407737,0.3831824587734031,0.0,4.8654356078186485,1.7202451898785847,0.35356447573043376,0.0,
2020-05-23,138.0,16.688276483866503,1.4664178875301084,0.08787114049481247,0.0,19.613476913160408,11.785390239622949,0.6008822551862334,0.0,16.31081255205936,-5.317898395928975,-0.32603516096796487,0.0,4.521296735882057,0.018700773619594824,0.004136152681858096,0.0,2.417629246032443,1.2096497006513571,0.5003454117857425,0.0,4.9395158520419455,2.204396371669713,0.44627782108613695,0.0,
2020-05-24,127.0,29.82318157493137,15.536011698748425,0.520937434515961,0.0,44.812495417689206,18.830090447136957,0.42019731933303583,0.0,12.505429617012847,0.8197472812984319,0.06555130902365941,0.0,4.904215274305893,2.5991980084108173,0.5299926416420798,0.0,1.4129227195080563,0.16396380311336162,0.11604583948543884,0.0,9.191567369576656,5.505540801544409,0.5989773648145477,0.0,
2020-05-25,170.0,30.08502209411381,8.885665533167879,0.29535180347786333,0.0,40.564319394870836,11.932549462019253,0.2941636798059545,0.0,28.56044039101107,4.256668893316483,0.1490407302912668,0.0,13.9852120139767,-3.0967214296280052,-0.22142827913750388,0.0,3.625760326358423,0.921335510256966,0.2541082220904327,0.0,8.302663811205996,2.299877127607626,0.2770047276277178,0.0,
2020-05-26,141.0,41.1173231988796,19.73578865747726,0.47998719571353415,0.0,9.866453528607957,-4.726068695616699,-0.4790037962387781,0.0,14.936330209806323,7.252933006069723,0.4855900280852033,0.0,10.107556924296656,2.9686467269223584,0.29370566489576655,0.0,25.740335252936344,13.221569361589582,0.5136517932524334,0.0,4.744328788256093,-1.0352027013699974,-0.21819792589680834,0.0,
2020-05-27,147.0,49.51432456690236,-13.070442340713427,-0.2639729503540539,0.0,16.329133506791543,0.4377793253681256,0.02680970947944337,0.0,30.07150045907474,-8.69633328767555,-0.2891885391455829,0.0,16.869074518661357,-6.574242884924017,-0.38972161025498364,0.0,17.715251458859704,1.9280884498144606,0.10883776921214348,0.0,9.784979034375278,-2.012265821069326,-0.20564845504523854,0.0,
2020-05-28,158.0,46.60534277017723,-12.81968814637249,-0.2750690668576267,0.0,11.600974914967075,0.819927613580012,0.07067747491826544,0.0,28.114696624179487,-4.938048967617956,-0.17563941854421736,0.0,57.589105906008626,-26.513928581104786,-0.460398336872572,0.0,10.786742936645163,0.48518968209436575,0.044980184004020304,0.0,3.025496596033911,-1.395425013911212,-0.4612218092528872,0.0,
2020-05-29,148.0,40.131560942711076,-14.618550365213295,-0.36426568072150706,0.0,7.8271560894499945,-1.927749752251649,-0.24628993343444486,0.0,33.01593011406658,-9.785652251845686,-0.2963918392738682,0.0,25.44621362691396,-3.15506336109479,-0.12398950222432077,0.0,16.64699608011869,-7.52176106486244,-0.4518389401103776,0.0,2.624305432385875,-0.29995380219820655,-0.11429835814709453,0.0,
2020-05-30,168.0,15.238204105531615,3.057410430018208,0.20064112600436548,0.0,15.5374136909013,4.180343551785578,0.2690501543531395,0.0,20.29159647449705,5.742050170917782,0.28297675730613525,0.0,5.9669342766574065,-1.1631825688539998,-0.19493805611440362,0.0,9.771044446155425,-1.8116107456346608,-0.18540604902759072,0.0,3.406545230005571,0.040349235081763524,0.01184462038735283,0.0,
2020-05-31,122.0,17.529714186428464,6.967640642616999,0.39747599809763917,0.0,12.639730207993122,3.580355979064185,0.28326205703346713,0.0,16.158494482704555,2.220117482172011,0.13739630783971496,0.0,5.988655201872457,-1.809442182434558,-0.3021449927303887,0.0,29.44866222755809,6.45112798996279,0.2190635330091775,0.0,3.62446676636318,0.6319207441114797,0.17434861038760585,0.0,
2020-06-01,161.0,24.838950811652463,-9.544946025193294,-0.38427331724154645,0.0,15.005178469597006,-2.728878267858298,-0.18186243325179108,0.0,17.609050061408194,4.624483177401664,0.26261968483675513,0.0,12.377886515329003,-5.416547976522274,-0.4375987750262794,0.0,55.53278002506704,-14.921227730352935,-0.26869225210078834,0.0,3.0802845009165973,0.5251510180990377,0.17048782927121475,0.0,
2020-06-02,139.0,30.818120169860773,17.78043685442747,0.5769474827285612,0.0,7.541962043193048,1.644680163237877,0.21807059672519474,0.0,11.40741415644879,7.444368424042731,0.6525903523748467,0.0,8.479257447950653,1.0247840336622105,0.12085775670249167,0.0,72.6414335831796,38.407967421229785,0.5287336100993922,0.0,7.575852075053256,4.466843727554988,0.5896160172218763,0.0,
2020-06-03,147.0,35.814209356030915,0.2521050112450869,0.007039245477651003,0.0,3.348811266325349,1.11615447409811,0.3332987097009102,0.0,19.33286812831647,9.126310585389465,0.47206190642879,0.0,14.17432591885153,-0.18731542351682273,-0.013215120393675828,0.0,73.3882495721773,1.0192368136516312,0.013888283473081237,0.0,5.371318603050888,2.8838249021895903,0.5368932873487693,0.0,
2020-06-04,145.0,39.01769931335002,-8.897335127020359,-0.22803331010283603,0.0,3.257784839654044,-1.4680727539081104,-0.4506352709480993,0.0,14.921891418984156,2.476873277909,0.16598923074576422,0.0,22.4198979434077,-13.24563119302865,-0.5907980146235843,0.0,59.586823770805495,-8.293999547437105,-0.13919183843963742,0.0,1.9029361585853555,0.4039385223522099,0.21227118972425127,0.0,
2020-06-05,134.0,40.923212362395134,9.108063562736453,0.2225647263973336,0.0,8.968037966224067,2.9565556702215705,0.3296769796645284,0.0,15.208701864496101,5.18252698063657,0.3407606399817003,0.0,13.101456824406334,-3.519845088461288,-0.2686605875694883,0.0,67.58901956618502,26.319051737967847,0.3893983358080156,0.0,0.8290690174180717,0.0825689864520022,0.09959241597176394,0.0,
2020-06-06,58.0,42.46172867290443,11.306827903132016,0.2662827976277636,0.0,0.0405966049875103,0.014816768753849383,,1.0,3.7037228816188845,1.9319861416316602,,1.0,0.7485706495790486,0.6034704979924279,,1.0,52.84669017966371,13.362942821938283,0.2528624361621907,0.0,1.0957680656865683,-0.31051332530909537,-0.28337504535190033,0.0,
2020-06-07,134.0,70.1205305334297,39.52242092039219,0.5636355090261336,0.0,5.341211396691499,-0.7800908985074059,-0.14605130570016697,0.0,9.356888340131258,6.085839981866738,0.650412803983655,0.0,8.761096238216846,0.044951652160504146,0.005130825063240397,0.0,99.52635834988905,53.621422070702145,0.5387660410742028,0.0,3.6184824005904317,1.4293210666988887,0.3950056704616457,0.0,
2020-06-08,120.0,44.007025308936136,2.28514258357464,0.0519267677724769,0.0,1.4712461884482697,0.782597394609795,0.5319282393079326,0.0,10.172396281428513,4.875646425743817,0.4793016601845488,0.0,14.74140596190409,6.060268567924719,0.41110519468673107,0.0,81.58407915561838,14.587277228292196,0.17880053779203103,0.0,1.107103023612575,-0.26070953727952206,-0.23548805460652056,0.0,
2020-06-09,141.0,30.085457161680093,-0.19366404790356118,-0.006437131630169525,0.0,3.3789146710550932,0.1486660554146596,0.0439981680177314,0.0,27.022660080809143,10.53802067313807,0.3899697750563766,0.0,12.492640451571782,-6.081281803930114,-0.48678914817923763,0.0,38.600062684905424,1.28864146771123,0.03338443976711866,0.0,9.744164098265166,7.113998849072335,0.7300778986613021,0.0,
2020-06-10,159.0,56.75906438781385,-27.79356804172411,-0.4896762894437594,0.0,5.751678037573576,1.1915212476100205,0.20716063031105963,0.0,12.698669138655527,3.1179126296846302,0.24553066117720268,0.0,73.42776997839974,-42.81373748481816,-0.5830728278608037,0.0,15.205355812424383,0.7594305624422264,0.04994493859996958,0.0,2.2377171003536134,0.8345609161559346,0.37295193213836275,0.0,
2020-06-11,151.0,33.48043766468618,-6.444913173966506,-0.19249787707417998,0.0,2.943996611662435,0.979362083602754,0.33266413409685325,0.0,36.15823560685385,-21.40999749858591,-0.5921195307031965,0.0,38.415013695273956,-10.340505922826472,-0.2691787644500729,0.0,9.978964413654463,-0.8162997600484339,-0.0818020514164246,0.0,1.44968244714982,-0.2982522283872062,-0.20573624863403125,0.0,
2020-06-12,137.0,27.485226972239612,-4.39669860441653,-0.1599658830853842,0.0,13.129804141040943,5.040015612299975,0.38386068506124704,0.0,25.524882005891413,-2.131962898500375,-0.08352488751988336,0.0,9.442479485820508,-3.5822101748357684,-0.37937177202397604,0.0,9.46929268843814,2.675360162273609,0.2825300949394227,0.0,2.6559847781463706,0.1380200303690283,0.051965670701378565,0.0,
2020-06-13,204.0,6.317721768675254,4.504473446389839,,1.0,5.998479993824728,4.3940684004955886,0.7325303085146841,0.0,4.414506874745709,0.22284152481820946,,1.0,0.37555625643289886,0.3241931598002469,,1.0,0.1130112454557066,0.0936314236566066,,1.0,2.3628724696900436,1.886820309873727,0.7985282041570513,0.0,
2020-06-14,124.0,22.20700173512887,2.21892354986154,0.09991999713997696,0.0,6.20399040234042,-1.2995242296416791,-0.2094658671862937,0.0,18.53426636639051,7.201945163432351,0.38857460128511717,0.0,5.006502711374192,-1.8069511152287316,-0.36092083024813887,0.0,13.232593476357579,4.139566163117566,0.31283105390592175,0.0,0.9891543672274523,0.20367605722642182,0.20590927359226557,0.0,
2020-06-15,127.0,54.82064423720294,0.3214051400234897,0.005862848649366555,0.0,5.196233373280843,-2.700124826109936,-0.5196311697611664,0.0,25.43670868713525,-10.420449264679121,-0.4096618549533225,0.0,13.356168383848852,-3.3082163212773725,-0.24769201961229262,0.0,34.753744071000256,21.40204598802229,0.6158198651719056,0.0,1.6443285255299958,0.9300097067532914,0.5655863121717317,0.0,
2020-06-16,153.0,56.67184445125167,14.113968763658622,0.24904728089094155,0.0,4.723462688445571,1.0676432745446873,0.2260297889419837,0.0,35.939672932436224,7.698118013790142,0.21419555008922878,0.0,13.986167357776134,-1.0572404317867736,-0.07559186192627397,0.0,39.95102516219049,23.832861561739826,0.5965519399060418,0.0,3.595008942291309,-0.07315645567737325,-0.02034945026610876,0.0,
2020-06-17,139.0,50.774352535991056,-9.54209699182298,-0.18793143615291064,0.0,3.738678172536305,-1.3303820675675275,-0.35584289585027357,0.0,34.02275514462963,-1.4881808996574486,-0.04374075213283698,0.0,32.39374542071164,-23.725736620354812,-0.7324172093167483,0.0,24.732577464725182,6.610813100388879,0.26729171716201217,0.0,1.2730178892088537,0.39560004517190206,0.31075764804668754,0.0,
2020-06-18,119.0,30.72433414405532,0.966274597306277,0.03144981410421342,0.0,7.343329880779487,-2.013800378391001,-0.2742353143717463,0.0,26.253012481945916,-8.243291383435801,-0.31399411359380863,0.0,19.454224057437386,-5.2669624991248645,-0.27073618991816306,0.0,29.820323748215742,9.539555960255331,0.31990115334767677,0.0,1.6936432713482596,0.9861225236473727,0.582249249490626,0.0,
2020-06-19,132.0,19.705427796827276,8.261135496592125,0.4192314717431423,0.0,1.4251833253292656,0.014915211211630943,,1.0,26.646546800257056,18.545523079644344,0.6959822305930252,0.0,9.720993057344453,-0.5251679369812181,-0.05402410369838096,0.0,41.69339955650503,31.128672083784473,0.7466091135503907,0.0,0.8359407707321166,-0.04059608091685504,-0.04856334603862067,0.0,
2020-06-20,172.0,18.52398428005108,7.094638501356711,0.3829974369497331,0.0,9.341440375239465,5.322865577083936,0.5698120807143178,0.0,18.988276446529195,11.372394429916163,0.5989166242623819,0.0,6.963548688567239,1.7385984189705948,0.24967132373541487,0.0,11.552020307150086,5.27052766099003,0.45624293594150406,0.0,2.202280110730493,0.6432147949112927,0.29206765832250986,0.0,
2020-06-21,155.0,13.563602376736524,1.904931378049453,0.14044435431966634,0.0,6.630730611315807,0.10959332182209724,0.01652809143461032,0.0,26.695052790470072,2.607647626660582,0.0976828046427948,0.0,6.628167173097604,-1.4787620790819727,-0.22310271308242952,0.0,3.966561351218838,-1.108171530379821,-0.2793783915731705,0.0,1.0178807108240968,-0.24212430428107184,-0.23787100168647768,0.0,
2020-06-22,143.0,26.40451740041317,2.9429831829702513,0.11145756380778239,0.0,5.069319351998269,-1.594362616430809,-0.31451216735878534,0.0,35.14861515334633,-4.687160609785798,-0.1333526396228318,0.0,29.08298133057542,-3.0953649999092696,-0.10643217642391638,0.0,8.108316855992593,1.0616632127171597,0.13093509190289215,0.0,4.14709104187204,-0.009018436161600352,-0.002174641470501534,0.0,
2020-06-23,155.0,21.24796000633796,-0.2170086505365384,-0.010213152249524559,0.0,7.175084965900162,-0.5144961990951504,-0.0717059381931101,0.0,33.52547412000422,8.758475201509896,0.26124836207115193,0.0,21.96834341530484,-10.236694033808718,-0.46597478199822057,0.0,5.998660591510992,-1.4770324218870208,-0.24622703674504337,0.0,4.47034411121421,0.4437310049162663,0.09926103983877486,0.0,
2020-06-24,151.0,48.34315946400602,-19.194901252836654,-0.39705516696996707,0.0,17.363439248190836,9.316345644618561,0.5365495574610466,0.0,20.742157231958114,-9.967355617700175,-0.4805361132998812,0.0,57.0126290177941,-37.4970119220075,-0.6576965940354089,0.0,3.5129268729142433,-0.1516046971073226,-0.0431562348411639,0.0,1.4669311234319986,0.3716252011006632,0.2533351397107298,0.0,
2020-06-25,154.0,43.891328856523614,-12.517998634199284,-0.28520436633667157,0.0,15.64656308095436,4.864518948746379,0.3109001589408265,0.0,23.823817843222052,-0.7340129165100264,-0.030810045700498643,0.0,46.21044972098025,-25.202006917002457,-0.5453746299629791,0.0,2.997477185352174,-0.28913505522212657,-0.09645946819380247,0.0,0.8436912458564552,-0.08359974917275328,-0.09908808415795375,0.0,
2020-06-26,138.0,25.884452176469495,-3.715333856675401,-0.1435353482216193,0.0,7.859397208776494,2.845766592846627,0.3620845870557088,0.0,45.41566573193995,21.77052691929097,0.4793616160509166,0.0,16.525956877885616,-4.232468153298731,-0.25611032296486586,0.0,5.134094746266777,1.1983147604370536,0.23340332028511943,0.0,1.1434297721862037,-0.621628510151361,-0.5436525489124057,0.0,
2020-06-27,190.0,15.244144390315338,-4.338366458517827,-0.28459232262809103,0.0,6.702741035609501,5.737728312251578,0.8560271509474823,0.0,25.19973273994401,0.6084047028267277,0.024143299816126517,0.0,4.488695625288523,-1.4429588555999986,-0.3214650704918867,0.0,1.2296079718362245,-0.9838299090032917,-0.800116729508591,0.0,0.8557595024467384,0.14595779855868357,0.17055936643574443,0.0,
2020-06-28,176.0,16.05529922181449,-1.5488908495622409,-0.0964722505736765,0.0,11.285090873410804,3.1677172423908373,0.280699311855291,0.0,25.877994974034664,3.5258383157251805,0.13624851226932067,0.0,4.829864768027614,-0.17344115691595194,-0.035910147643073785,0.0,3.030144493670372,-0.47747610940114704,-0.15757535998647604,0.0,0.8984266194311148,-0.14646452661669662,-0.16302336044922422,0.0,
2020-06-29,135.0,28.34200567092921,0.3074786966244387,0.010848868643753885,0.0,10.060023714991978,2.8453917725072846,0.28284145774596253,0.0,48.92512859907583,-8.426941154980693,-0.1722415739371173,0.0,12.385431733287984,-4.1341617434221725,-0.3337922998930187,0.0,13.973959583483513,4.3153314869808925,0.308812363539493,0.0,2.1551506529722193,0.6692515841244444,0.310535870520914,0.0,
2020-06-30,110.0,33.84691573322925,3.9638022650433546,0.11710970347445533,0.0,6.088441536667228,0.3251865889344312,0.05341048065847671,0.0,33.24394901994674,-9.479028966063899,-0.28513546812312746,0.0,9.866702947823793,1.6409714417292496,0.16631406158743062,0.0,15.164675426662141,11.68173650200501,0.7703255212087483,0.0,1.5614848548648252,0.7698770221408654,0.4930416198032943,0.0,
2020-07-01,153.0,58.646226199911325,19.41978163488863,0.3311343780022796,0.0,12.473352176406472,1.9668501710466677,0.15768416887699152,0.0,26.598044162747097,12.275775879332276,0.4615292690026277,0.0,40.86021331397933,4.016216645029237,0.09829162207665681,0.0,15.063740240890178,6.079420764616326,0.40357976620666075,0.0,0.5933580092823758,-0.011864270037902688,,1.0,
2020-07-02,150.0,48.621261897016666,14.35342256674872,0.29520876272504615,0.0,14.796810576335698,-1.2817013327828521,-0.086620108176059,0.0,40.102774968101585,2.043347032834049,0.05095275911603028,0.0,32.337915116455406,8.809324736276274,0.27241473992841236,0.0,16.90043283934937,6.261366674249301,0.3704855806811602,0.0,1.8728728274072572,0.13100706789471944,0.06994979369532595,0.0,
2020-07-03,133.0,28.56205024092924,-0.459449605947686,-0.0160860163073762,0.0,19.26501068757352,1.8050009189989649,0.09369322178280659,0.0,35.80838597643742,-12.252026648293542,-0.3421552330327204,0.0,6.59027789125684,0.43422084316613085,0.06588809308666649,0.0,10.814415163302323,5.496452006814996,0.5082523579700062,0.0,2.629734096743045,1.7067669021769951,0.6490264184089353,0.0,
2020-07-04,196.0,13.33567584839329,0.39884248620023954,0.029907931981437066,0.0,17.584584540338252,4.987420833027088,0.2836246043565128,0.0,15.024031124979954,-3.381924456811724,-0.2251010017670099,0.0,6.469034676949372,-1.297160674908584,-0.20051842967091515,0.0,0.882190012402129,0.09910326554943692,,1.0,5.117543568434481,2.477366130384506,0.4840928264226507,0.0,
2020-07-05,185.0,12.257276790602187,4.007442027757333,0.3269439122750243,0.0,10.865603937141708,-0.7425078705248358,-0.06833562817311367,0.0,31.452564823332068,6.27660836250467,0.19955791833703085,0.0,9.520300034404496,-4.089242167031408,-0.42952870731528303,0.0,3.5317265833145894,1.8223403268144476,0.515991338464301,0.0,3.1306033161890756,1.8226006544166933,0.5821883101546602,0.0,
2020-07-06,150.0,19.955353157041824,2.0009085327187988,0.10026926193549826,0.0,5.560255565767869,0.8834551648809019,0.15888751055256525,0.0,38.49246884911554,-2.361531820773238,-0.0613504898849194,0.0,21.570352698370694,-3.4055992624434626,-0.15788333691459308,0.0,7.199512116887484,-0.728144344346221,-0.10113801220477904,0.0,0.9806423312256748,0.22883385321300503,0.2333509842747586,0.0,
2020-07-07,127.0,33.01832716743229,-5.196962930998052,-0.1573963121948858,0.0,7.570074163224485,1.1785129320404129,0.15568050016810187,0.0,43.198357433313504,-11.930155706628236,-0.27617151242486815,0.0,22.363277882846887,-9.554402310849188,-0.4272362200613542,0.0,12.62112958795478,5.599615159710041,0.4436698887121912,0.0,1.2481680319178798,0.04005776491063463,0.03209324697179084,0.0,
2020-07-08,166.0,50.58953141749225,-26.699282350519578,-0.5277629897415459,0.0,18.334455057731244,4.621248151670043,0.2520526591665108,0.0,24.707469851913622,-6.227648183471972,-0.25205527805145267,0.0,61.59915195195936,-36.08654709096448,-0.5858286347693239,0.0,8.019279704691137,1.016372747031133,0.1267411518813308,0.0,7.698408418160391,-3.3216275316215866,-0.4314693831761295,0.0,
2020-07-09,141.0,28.471403880044814,-13.058333033060478,-0.45864731813287474,0.0,7.709166550186633,-2.171027304987928,-0.2816163447571864,0.0,36.4257237809652,-14.942753506046035,-0.41022530110587924,0.0,34.79616206543869,-12.62515267233804,-0.36283175853115074,0.0,11.891457188772613,3.313450823844861,0.2786412776201452,0.0,3.0838072600599786,0.097019228421828,0.03146085998252077,0.0,
2020-07-10,147.0,36.524891164153814,-10.731085935140829,-0.293801996203414,0.0,14.337002618092804,5.719071652221141,0.3989028812064154,0.0,34.24944326405239,8.511504886149462,0.24851513119581092,0.0,15.164727884184682,0.7762801710709539,0.05118985167419573,0.0,4.552763891450007,0.3543111504002492,0.0778233088400736,0.0,4.667878780041059,-3.562581506043623,-0.7632120870997181,0.0,
2020-07-11,190.0,24.897212641320944,-10.909486763654268,-0.4381810494540346,0.0,8.375429544801587,3.586510568013303,0.42821810497341684,0.0,20.990361227304675,5.754865853987237,0.27416707086018105,0.0,10.06291621086711,-4.81810029598881,-0.47879761641915125,0.0,3.959498190808511,-0.6757707623158306,-0.17067080972143123,0.0,8.98806303840683,-4.254130800947442,-0.4733089635407701,0.0,
2020-07-12,178.0,23.053876065838267,5.153836742317063,0.22355619192184908,0.0,40.571881724128616,24.58336204820489,0.6059211701187833,0.0,18.516244363650905,4.728650248986444,0.25537847503618066,0.0,8.056359353053264,-1.2149558133785958,-0.15080705317820042,0.0,14.596731481833555,-0.8488976263251461,-0.058156692639146405,0.0,15.418621575452558,4.325536341919148,0.2805397564725034,0.0,
2020-07-13,133.0,39.90894674924493,-23.298002756355515,-0.5837789431713406,0.0,3.354197550434032,0.0165704186559279,0.004940203552943294,0.0,10.775710196845463,0.2883953683333036,0.02676346737848703,0.0,11.91161087545333,-3.0943252220345174,-0.2597738672282437,0.0,53.404006507931626,-27.244527032017935,-0.510158859110534,0.0,1.7175973452540294,-0.3265868949338976,-0.1901417091941278,0.0,
2020-07-14,127.0,34.085808156953135,-6.301421745884689,-0.1848693660678034,0.0,6.301317863239087,1.5123827501028257,0.24001054746433798,0.0,38.356970685505075,-3.861222600810951,-0.10066547310187061,0.0,10.238021380420829,1.4145494565261818,0.1381662924861012,0.0,43.462164631106134,-8.711901719726649,-0.2004479480870469,0.0,3.956992028142845,-1.942981703477654,-0.4910249223801351,0.0,
2020-07-15,140.0,62.159303180873394,11.729190472630526,0.1886956557170614,0.0,5.772616751652089,1.2448051866373546,0.21563967264604889,0.0,21.170263532607347,-0.14964071975930437,-0.007068439158956209,0.0,45.66018125370465,15.90465718414416,0.34832663269057285,0.0,70.51892535413208,7.372605018709498,0.10454789238046007,0.0,5.025125412954361,-0.5654959677397813,-0.11253370239914391,0.0,
2020-07-16,144.0,39.180356522680086,-12.267420384955004,-0.3131012954885656,0.0,5.740602512116306,1.197010738047702,0.20851656869139631,0.0,17.884546422894342,-2.2327104356989413,-0.12484020466075713,0.0,13.160264907062807,-0.7434728921975313,-0.05649376341949825,0.0,65.42886157221074,-34.9360823918321,-0.5339552233118836,0.0,3.7982802526967077,-1.5529261909327738,-0.4088498182381949,0.0,
2020-07-17,141.0,29.358935463096714,-6.330182365372044,-0.21561348412407155,0.0,6.1994980533563595,-1.3529194059294554,-0.21823047515870989,0.0,38.5421977067308,-14.934302942313785,-0.3874792780616591,0.0,18.84605155527242,-7.962932273298949,-0.4225252302820544,0.0,16.835285850356737,-3.7531501422329745,-0.22293355607938464,0.0,1.9199109013934437,0.5967649564200731,0.3108295056749507,0.0,
2020-07-18,148.0,12.118628478645402,2.087395855617869,0.17224687259751642,0.0,8.55919538095622,7.243917277501826,0.8463315714955144,0.0,16.134100666844457,-6.020887720222524,-0.37317777076942604,0.0,8.281277046786267,-2.4911305174334304,-0.30081477812654134,0.0,8.064855593205717,-3.14186396820432,-0.38957473347088833,0.0,3.2852789883981997,0.2984002558674932,0.09082950243229843,0.0,
2020-07-19,181.0,13.293306122715872,2.299312933025623,0.1729677261472607,0.0,8.891723707791238,5.6325752765558725,0.6334626965096108,0.0,16.703287796466604,-0.3309568213334577,-0.019813872895339084,0.0,15.359055477325452,-0.7416756349570179,-0.048289143564326106,0.0,9.66996261394524,0.1566267323916272,0.01619724280689077,0.0,3.2224375233345146,0.7187553487367562,0.22304710131137076,0.0,
2020-07-20,151.0,27.67060495246551,-8.188161805180554,-0.2959155327195321,0.0,11.082267591373231,-1.3854581233448573,-0.12501576161392633,0.0,32.5359702136484,-10.559897288357984,-0.324560700634286,0.0,24.620272605257924,-8.664634231758182,-0.35193088113523796,0.0,8.597614191450697,-0.1603369910388197,-0.018649009768111686,0.0,2.650937106009218,-0.8137331902477325,-0.30696057948833994,0.0,
2020-07-21,154.0,23.48314168427896,-12.170104256636346,-0.518248555506683,0.0,10.65436988455621,0.2394845472357251,0.02247758899218097,0.0,40.08396247176279,20.868873395552313,0.5206290024408995,0.0,16.760595517895123,-7.008165618158359,-0.4181334494156732,0.0,7.480017250520171,-4.244090573617034,-0.5673904793898562,0.0,2.5791008839732896,0.27164700290959065,0.10532624163623215,0.0,
2020-07-22,163.0,32.494734198073274,-20.86323963991513,-0.6420498629944843,0.0,4.780470663616136,-1.9713639532737943,-0.41237863214551707,0.0,23.234785968961656,7.691051827891091,0.33101453304391243,0.0,52.109700071654515,-43.007322405700066,-0.8253227776510316,0.0,0.5984517558754239,-0.08803999659586932,,1.0,1.4436652581352907,0.2407622613964836,0.16677152826096545,0.0,
2020-07-23,140.0,22.245478492717666,-8.668855008136504,-0.3896906515620404,0.0,6.666939294482285,-3.7277943390371293,-0.5591462850310245,0.0,32.874233878043015,-6.511362802358642,-0.19806888356743235,0.0,18.637832998108934,-7.048180883255227,-0.37816525579826593,0.0,2.180505902448198,-0.9720155563081844,-0.4457752465686235,0.0,2.1294737586940693,-0.3677217894678797,-0.1726820008777147,0.0,
2020-07-24,159.0,11.078688195251736,-1.1297697218186373,-0.10197684977747187,0.0,7.408763414365234,0.3443592536287483,0.04647999056914847,0.0,37.15688172003138,-3.5610012112603835,-0.09583692297140849,0.0,8.866345914400874,-1.3583511203211618,-0.15320303690327536,0.0,2.1501090614474316,0.17727202612437443,0.08244792289979778,0.0,2.22468184508761,-1.075429959777515,-0.4834084308065019,0.0,
2020-07-25,146.0,6.257419652123641,-3.5911776020989796,,1.0,4.613650491221046,1.204337994536541,0.2610379778069841,0.0,19.20966507695266,-0.014782787928964036,-0.0007695494882261172,0.0,6.768850733322321,-3.7720039792260343,-0.557259146025612,0.0,3.1509068371815325,-0.4825470997580267,-0.1531454672235445,0.0,1.6942113538098003,-0.47397831930039136,-0.2797633944752812,0.0,
2020-07-26,121.0,4.3109375226340445,-1.795103035550238,,1.0,4.065790915534303,0.3928823224744894,0.09663121656684086,0.0,24.341413298709085,8.287166747791492,0.34045544710548875,0.0,1.616859256289895,0.025601608750817906,,1.0,1.1978259922398098,-0.7876855031601953,-0.6575959348546991,0.0,1.4881776277834393,0.5999047254840802,0.4031136567867951,0.0,
2020-07-27,139.0,25.324503740128417,-15.310025299928375,-0.6045538130592698,0.0,18.72204445338866,3.993262482999647,0.2132920094779966,0.0,31.39505743268819,-9.980154819754627,-0.31788936335448137,0.0,6.381910335432615,-2.8185649701482216,-0.4416491022287541,0.0,2.414394902953057,-0.05532463672107485,-0.022914493670197468,0.0,1.6155265473425908,-0.1834727404888569,-0.11356838474159063,0.0,
2020-07-28,158.0,23.57838485193497,-1.139875651777925,-0.048344093920596964,0.0,9.81558010490698,3.243645128288688,0.33045883112574603,0.0,50.64071139291627,-5.059199418049051,-0.09990379832532807,0.0,15.337125537334938,1.3145317607074203,0.08570913483804218,0.0,7.120463803541492,-4.425662587898142,-0.621541336351848,0.0,2.124081919158919,0.11780604343807684,0.05546209982556838,0.0,
2020-07-29,147.0,33.116112304414855,1.4493485764608063,0.04376566195747522,0.0,4.444994078752637,-2.4674352588514816,-0.5551042847606893,0.0,23.832485521750638,-4.441206864125594,-0.18635097292191122,0.0,34.1290616749975,-0.9952634228685997,-0.029161757576174927,0.0,6.557970740483137,-4.295897333096968,-0.6550650350691382,0.0,1.6435549188245142,0.11895345205290742,0.07237570870949907,0.0,
2020-07-30,138.0,20.053162660333324,-8.424146110670831,-0.42009064871021223,0.0,4.704787430368008,-1.701552274042705,-0.3616640069771674,0.0,41.469235155163915,-23.745656095058834,-0.5726089715957042,0.0,17.58740402771218,-3.0094625619130473,-0.17111465439533244,0.0,6.86371380477794,-4.53849737383818,-0.6612305674340414,0.0,0.7003152193719828,-0.2213543585622563,-0.3160781779964154,0.0,
2020-07-31,123.0,17.724970319206477,-7.024832764534457,-0.3963240918334553,0.0,2.8678368744003766,-0.3222263515847283,-0.1123586750909956,0.0,25.37176633918716,1.9022854879098243,0.07497647039937103,0.0,7.599739517063422,-0.8618251780665187,-0.11340193649157232,0.0,12.219330150306632,-0.3180154305531218,-0.026025602601885793,0.0,2.4417530701466554,-0.34744807543195827,-0.14229451768892012,0.0,
2020-08-01,198.0,14.4888798254251,-1.6403899205825119,-0.1132171665682501,0.0,4.273814964020851,0.31164662920932085,0.07292000983498835,0.0,20.46757103398704,-1.5338399652690815,-0.07494000937981808,0.0,11.847643188666547,0.7987732954270139,0.06742043820083309,0.0,6.841985464634486,-2.8966321043538223,-0.4233613355839783,0.0,3.1734031750602236,-0.1394508681726081,-0.04394363416175811,0.0,
2020-08-02,145.0,19.70962920938473,-9.847714266495517,-0.4996397528273405,0.0,3.2529216594848487,0.5949142592641,0.18288613177309473,0.0,21.85398020473076,0.16387114805438996,0.007498457787516278,0.0,7.918035559334379,-3.3691886136882143,-0.4255081438370607,0.0,9.972921974127527,-4.172028913410304,-0.4183356617281958,0.0,5.112708546956123,0.285896992329934,0.05591889107391897,0.0,
2020-08-03,127.0,32.35102716269466,-23.341774428898887,-0.7215157129791314,0.0,2.907680490628985,-0.6477164962114723,-0.22276054686853136,0.0,23.61176979902666,8.489862140159309,0.35956060102319326,0.0,13.086461456608955,-6.052651976705167,-0.4625124978798943,0.0,34.55204106594465,-24.71996885174056,-0.7154416378633324,0.0,1.261645874183154,-0.627332351281888,-0.4972333077917376,0.0,
2020-08-04,139.0,14.285192717070455,-2.084765591033877,-0.1459389195738769,0.0,5.030083294965147,2.1606473097306447,0.4295450359427131,0.0,32.843978687844356,-3.982415039748415,-0.12125251564672088,0.0,9.47633657408732,2.2711563747044146,0.23966607316532054,0.0,7.557909764000208,-4.478316004286612,-0.5925336692451266,0.0,1.1446531565088611,0.10522582918781563,0.09192813437805869,0.0,
2020-08-05,162.0,31.75659861147869,8.890794732083204,0.27996684534311406,0.0,6.023334657947992,1.744781397594653,0.28967033988263546,0.0,16.48599132288654,0.838530008582819,0.05086318390928283,0.0,41.113742139983515,6.68082573384986,0.16249617247447518,0.0,8.527276111708483,0.8742465744239886,0.10252354479569313,0.0,1.219779626342636,0.02164100773057428,0.01774173568996415,0.0,
2020-08-06,150.0,18.258029910961337,-5.2446505899198055,-0.28725172515853653,0.0,5.516744897147866,-0.8442038358041726,-0.1530257156245565,0.0,33.23269954731222,-7.099586108447399,-0.21363254280140465,0.0,22.797205676484737,-8.372633236616764,-0.3672657673678452,0.0,6.631454061141989,-1.49044182655836,-0.22475339688950424,0.0,1.2948566377599426,-0.07738531947099955,-0.059763619550094356,0.0,
2020-08-07,159.0,34.94184070047049,1.4010807057064725,0.04009750710378594,0.0,18.03161838006053,-4.180137116129116,-0.23182262556929092,0.0,36.15156028344063,-22.71216762164467,-0.628248613436695,0.0,8.342382640417776,-1.354707681256496,-0.16238858125412645,0.0,24.400632682198186,12.011400387072833,0.4922577436213739,0.0,2.9394192827094168,-0.43571056727594937,-0.14823015207083085,0.0,
2020-08-08,181.0,12.831381381067327,1.556511006430061,0.12130502244494806,0.0,16.182079477381187,8.601951080581847,0.5315726629946039,0.0,26.46276839483471,-8.781822899818625,-0.33185578956783507,0.0,7.185396741784637,-2.034702611362782,-0.2831719227875819,0.0,9.460454291074706,2.9452857463741893,0.31132603739260867,0.0,4.276133762425155,1.2961624933590876,0.30311551634530387,0.0,
2020-08-09,157.0,16.970072222276936,0.7117570903779462,0.04194190107474081,0.0,9.198011855507499,0.05145421901981795,0.005594058784454455,0.0,24.079212124255715,-3.7908834390547526,-0.15743386533964213,0.0,2.3809720462813804,-0.6316435053936347,,1.0,11.656977916733009,0.34658568931213973,0.029732036192213533,0.0,2.368146883192816,1.072573243340508,0.4529166881297617,0.0,
2020-08-10,142.0,27.280388684295758,6.155493962410588,0.22563805940030698,0.0,9.945785762531152,-0.9721880152879008,-0.09774873886288939,0.0,43.78093810064456,22.2769234473339,0.5088270012881686,0.0,13.117835864075452,3.640953349358153,0.27755747114730106,0.0,12.2110368076901,1.4195953904520213,0.11625510698305389,0.0,1.8814779759777531,-0.03324331642797296,-0.01766872472195552,0.0,
2020-08-11,161.0,33.516293822693115,12.433006447009788,0.3709540951270598,0.0,12.321154704171926,4.9899133199514605,0.4049874739631248,0.0,40.073399265442276,21.081931159024418,0.5260829264665013,0.0,18.750931836621017,4.361498690175925,0.23260170364748564,0.0,10.86068472694023,4.091785690556503,0.3767520919198322,0.0,4.884592221853376,0.4047093958201913,0.0828542849512689,0.0,
2020-08-12,141.0,37.547177350643324,7.775328441001662,0.20708157016411358,0.0,4.359505146021542,1.4957699570736929,0.34310544591023673,0.0,29.0551128118459,-8.001852048308788,-0.2754025461930541,0.0,38.15778921949095,6.260794139145551,0.16407643805389924,0.0,7.672115916939214,-4.187431837822254,-0.5457988230569941,0.0,1.7268193071286018,1.0912884450424065,0.6319644681625828,0.0,
2020-08-13,157.0,19.801069359287794,1.1852043169867312,0.059855571205845254,0.0,9.70600268226553,3.583675105205661,0.3692225545902257,0.0,45.46512444529071,-22.78570902319493,-0.501168957551486,0.0,21.40395939735754,-7.280363896211855,-0.3401409879851793,0.0,13.694914048122877,-7.978842054658472,-0.5826135181733476,0.0,3.658662313937377,0.4636816776299437,0.12673530319089193,0.0,
2020-08-14,139.0,26.396952864488412,-7.8653149075603235,-0.29796298640747515,0.0,18.34439255235338,-7.326543617673261,-0.39938872855909024,0.0,45.86715531081427,-13.449284467273458,-0.29322255492270455,0.0,10.067386498696575,-5.095404974108529,-0.5061298654589482,0.0,5.6645298200310155,0.08438791744993968,0.014897603178206523,0.0,0.8531271587780738,-0.24175597005943622,-0.28337624417642626,0.0,
2020-08-15,174.0,20.654433906514893,0.2746003367978548,0.013294982474016845,0.0,29.14784943177801,9.928102286015339,0.3406118283015203,0.0,18.714262599532958,-7.101105387199571,-0.37944884814092483,0.0,4.952108210607541,-2.969513001910313,-0.5996462265403533,0.0,1.5780477206353618,-1.1070333260852274,-0.7015208168986854,0.0,2.9713596556248314,-0.010565326886821658,-0.0035557213233414287,0.0,
2020-08-16,181.0,12.491581637790656,3.4373884504030316,0.2751763987999674,0.0,13.74419098628277,5.487858308971633,0.3992856556234358,0.0,26.419588287557417,0.7270380169701467,0.027518900334739617,0.0,6.375539423359436,-1.2166004657833498,-0.19082314216830482,0.0,1.285968093077821,0.7961379401600798,0.6190961847697267,0.0,2.235132129164407,0.04440540381150135,0.01986701512277133,0.0,
2020-08-17,145.0,26.333370860418654,12.839330883897118,0.48756883241240295,0.0,12.987743887795652,2.587815206442608,0.19925055720218898,0.0,22.11964349777554,7.9782889693190775,0.360687954583057,0.0,7.01114946478628,-0.7591789675865367,-0.10828166927542153,0.0,34.20402087390539,15.403616874577406,0.4503452074059804,0.0,3.1451327084214364,-0.31752706236541967,-0.10095823985907058,0.0,
2020-08-18,128.0,22.065459962395835,0.5519471553012159,0.0250140788472957,0.0,6.159430550185784,3.5269288800184495,0.5726063231465559,0.0,21.797901151905535,4.956775008625905,0.22739689358544468,0.0,18.35457562472584,2.2353600992329508,0.12178762096910863,0.0,29.694044174044393,-5.158159098569856,-0.17371022513257423,0.0,3.9301726461417226,-3.1084383425637503,-0.790916486993345,0.0,
2020-08-19,162.0,36.34595676809113,10.111872360925304,0.27821175338553,0.0,9.058360416500356,0.9547677683893964,0.10540183040743539,0.0,28.795734801547948,-7.143250547882628,-0.24806627082489435,0.0,26.187291000205732,-6.700961315521193,-0.2558860065162352,0.0,46.19641533797403,-1.5381294769709224,-0.03329542921713583,0.0,4.064663456891133,0.6720944301869187,0.16535057264026765,0.0,
2020-08-20,159.0,52.661437170587305,-4.17462152020535,-0.07927283690876895,0.0,4.000026550333126,1.520498882684507,0.38012219757838317,0.0,44.72759004893305,-26.0852935045229,-0.5832036440144656,0.0,24.790190156316385,-14.96240384127586,-0.6035614792355085,0.0,39.17303136341798,1.266210893906495,0.032323536112371314,0.0,0.9906034601226503,0.11775507635709133,0.11887206243203677,0.0,
2020-08-21,139.0,22.881947509376914,3.0125557623522106,0.13165644056816753,0.0,3.1514577145644527,-0.0720361825538338,-0.022858051441058146,0.0,31.787764281943964,-17.131878657478875,-0.5389456932399017,0.0,11.40055115952418,-6.228838720339528,-0.5463629462454426,0.0,21.257777659055133,4.599128961009997,0.21635041229490495,0.0,3.513317529439514,1.3823534027046585,0.3934609926718431,0.0,
2020-08-22,185.0,16.136862915322123,-0.7435693361559363,-0.04607892748781483,0.0,5.579564698498866,1.166381288163323,0.2090452125193795,0.0,19.11514107012772,-6.441807654467598,-0.3370002675279527,0.0,9.505933619366257,-6.43919590480643,-0.677387005068916,0.0,8.851362697860164,-1.3899839582458782,-0.15703615428412054,0.0,12.17148121980426,6.226026600550701,0.5115257944464731,0.0,
2020-08-23,149.0,16.490433245708118,4.875111160658978,0.29563269127133446,0.0,3.4266443426022253,1.0423461079853766,0.3041885891180085,0.0,23.217920818329727,-4.453587832353312,-0.19181682404728342,0.0,7.3928342078434035,-2.9422465720810385,-0.3979862782475862,0.0,5.00617773039266,0.4448419988459188,0.08885861086099066,0.0,11.254445386010044,5.780523811550243,0.5136213836654966,0.0,
2020-08-24,134.0,50.8889786795844,33.379612711644555,0.6559300968057306,0.0,5.196945147887158,-2.7678718188258467,-0.5325959270420889,0.0,17.609565889826623,1.7966147326690451,0.10202493030830381,0.0,16.953738255790086,0.28046210399878535,0.016542788367220496,0.0,5.203528540187102,1.647385762177382,0.3165901271520935,0.0,1.693572823016433,-0.14525828024028606,-0.0857703183861711,0.0,
2020-08-25,155.0,45.31210435470712,10.524003990441742,0.23225590910673488,0.0,3.4893210003065116,0.3472318422557369,0.09951272531969259,0.0,16.97336790969711,6.552101667834268,0.3860224855015937,0.0,12.722184039070266,2.916907706092829,0.22927727638076173,0.0,3.527076328049583,0.6958847826834983,0.1972979085111865,0.0,1.6614004570001217,-0.9784763111968192,-0.588946696790723,0.0,
2020-08-26,99.0,33.4674540367414,15.47638869829077,0.46243101376341345,0.0,4.463532433379438,0.8881837362689213,0.19898673293529942,0.0,9.567750609043284,3.281493066454601,0.34297435212755095,0.0,9.614798800204877,2.753934576278171,0.2864266464129742,0.0,2.4508801080155496,1.5494933276007519,0.6322191454951909,0.0,1.0450598031165974,0.5331964666302741,0.5102066551982627,0.0,
2020-08-27,111.0,37.27534468246449,19.032586757820987,0.5105945208542771,0.0,6.328465067839712,2.3341919536742752,0.36884014190680775,0.0,10.113750912700194,3.258568171060099,0.3221918553450036,0.0,16.1487623650537,3.0230022418865414,0.1871971469732188,0.0,3.358369222034521,2.959273794295254,0.8811639217270183,0.0,0.48661395449743816,-0.14320955416922584,,1.0,
2020-08-28,109.0,34.223012177339115,-13.580815238373381,-0.3968328435848778,0.0,5.083563312509792,0.6040076061742327,0.11881579298675632,0.0,8.547892908463833,1.0247233259167396,0.11988022509057097,0.0,22.46483359712147,-5.588417911457356,-0.2487629337336123,0.0,5.628566224317179,2.312758376387644,0.41089653816202765,0.0,0.5426105474762105,0.08953638096232082,,1.0,
2020-08-29,207.0,14.356542550543958,-0.7503263034026775,-0.05226371884184944,0.0,8.834216679024387,1.3653036028670618,0.15454721708476818,0.0,21.11305032741074,0.8081243982264186,0.03827606081046676,0.0,13.243153905998037,-0.1738556862549822,-0.013127966909471631,0.0,2.1443692282482454,-1.0197828523904484,-0.4755630881830543,0.0,4.286543765221715,1.057960975401126,0.24680979207181958,0.0,
2020-08-30,208.0,10.697796069733155,-0.6183098541587655,-0.05779787258313184,0.0,8.892926764092403,-0.04201994571843626,-0.004725097466011207,0.0,25.757845036889194,-1.2158848931363648,-0.04720444941706229,0.0,7.102855410274055,1.5940317623942688,0.22442126022846426,0.0,1.5032749999663726,0.3273652652423125,0.2177680499240894,0.0,3.346442609552462,0.8764287141697839,0.2618986238305738,0.0,
2020-08-31,111.0,16.369042133708717,0.2325265672049537,0.014205264138584656,0.0,0.6667362284570078,0.02826350393077869,,1.0,21.89400417158322,12.909357832129324,0.5896298242641566,0.0,7.366766132865447,0.5341218413084703,0.07250424836015708,0.0,5.630410366102294,0.038077574133328636,0.006762841721550787,0.0,0.729996550064239,-0.11831956568192765,-0.16208236281598268,0.0,
2020-09-01,145.0,28.348836358301924,-8.974797514699585,-0.31658433528864494,0.0,4.731753773179657,-0.41881359632091464,-0.08851128279218957,0.0,23.447342875610047,12.795172842860516,0.5456982017425126,0.0,18.01165034618316,-2.9889589844298987,-0.16594586986657153,0.0,9.636308233479209,-1.8362933881260644,-0.19055984342076893,0.0,0.6940587317731051,-0.21256465231589744,-0.3062632059578886,0.0,
2020-09-02,144.0,49.7313561694682,8.729044453114822,0.17552395762884673,0.0,11.356385141261846,5.135499515136856,0.45221251756227715,0.0,35.99778219375003,12.017711704187105,0.33384589193591024,0.0,36.30610364973836,12.88103191210258,0.3547897079888221,0.0,18.60604289570619,4.569832241718663,0.24561010996987792,0.0,1.0837578329519542,-0.4827075892424913,-0.44540170743466356,0.0,
2020-09-03,150.0,24.908712044772983,2.7921425553773607,0.11209501921891955,0.0,13.113460797409058,6.706445115604793,0.5114168730294175,0.0,46.77229745929799,-24.185767356590098,-0.5170959878042541,0.0,14.307944846397726,-3.1893626380889684,-0.2229085079882696,0.0,11.517740626812152,2.951158149233785,0.25622717552466695,0.0,2.0373381455356085,0.7125944799312574,0.34976740679634155,0.0,
2020-09-04,128.0,14.00877906913956,1.6059437543418587,0.11463838114769398,0.0,7.335085413433257,4.579013760122704,0.6242618186472423,0.0,46.35375735497655,-33.08651521725547,-0.713782810827595,0.0,11.04641243296646,-2.2283728059861088,-0.20172819180061072,0.0,1.7527035134917184,0.8583065978517451,0.48970438596419275,0.0,0.9751049924307108,-0.22400621991289643,-0.22972523128458283,0.0,
2020-09-05,149.0,13.754734513400761,6.116316744243837,0.44466992352959783,0.0,24.477272744363287,22.60628667545195,0.9235623147867977,0.0,21.613278137374436,-5.001045847003674,-0.23138765971625982,0.0,6.243494215144889,-0.2605556818143653,-0.041732349360128096,0.0,4.129877463288716,-0.9356053916839291,-0.2265455573441845,0.0,2.358983691468888,0.5455922771245205,0.23128276770103146,0.0,
2020-09-06,162.0,9.70917862650094,2.3849362237909526,0.2456372794791656,0.0,21.259150201120065,16.219914790268653,0.7629615782767313,0.0,22.77607085183263,-4.15737047369358,-0.18253238237354122,0.0,3.368887397766225,0.2581497624189957,,1.0,2.9660556761300496,-2.569231517063337,-0.8662114935130052,0.0,3.3285029794569665,1.7008787143826263,0.5110041135249693,0.0,
2020-09-07,124.0,18.574322071450297,-10.700621989506322,-0.5760975796771467,0.0,3.5331606027684708,-0.6454978410108064,-0.18269699953775526,0.0,38.11486174876336,-28.53862903448661,-0.7487533136706851,0.0,7.6040501527313555,-1.1050377599286525,-0.1453222608653792,0.0,24.83118460892001,-16.790486856919717,-0.6761854950282209,0.0,2.2340795075360758,0.023542595379913246,0.010537939809437638,0.0,
2020-09-08,101.0,11.831481575325595,-5.466748952943771,-0.4620510895562401,0.0,2.6926052493872663,-0.9018307424359074,-0.3349286876125379,0.0,51.081932207685895,-42.72251133268572,-0.836352688441523,0.0,9.703474004039887,-2.507050665508362,-0.25836629896309216,0.0,7.944034090280181,-3.9944927897411695,-0.5028292608447613,0.0,0.2507197288505238,-0.06642449690502143,,1.0,
2020-09-09,125.0,22.345580131695897,-6.28391877514459,-0.28121528902403475,0.0,6.1840932008417395,3.7870980687066442,0.6123934335580791,0.0,33.635850875747565,-12.288887821700243,-0.3653508831126639,0.0,13.737317759383584,-5.621252610137425,-0.40919579124517974,0.0,3.503862874465991,-1.1749683630068821,-0.33533514441142453,0.0,0.32320492366852227,-0.035378675607080995,,1.0,
2020-09-10,128.0,38.07910602999618,-20.61459004338488,-0.5413622375259041,0.0,12.616804966877677,3.422502609723102,0.27126539711979714,0.0,26.519828323842376,-6.916473304894151,-0.26080384912129945,0.0,45.35673529709311,-28.88170298838424,-0.636767677373712,0.0,4.232125239126611,-1.89565031658174,-0.4479192390282259,0.0,0.8817722428502691,-0.1729713905090683,-0.19616334253157025,0.0,
2020-09-11,135.0,34.021597119863145,-3.383539421115251,-0.09945269204130948,0.0,18.42021838352957,9.68302203890945,0.5256735744005901,0.0,30.617250047835114,-13.646479517159007,-0.4457121229319523,0.0,34.39541628792358,-16.418498236306935,-0.477345530545928,0.0,17.522367995305096,-0.028083212150569192,-0.0016027064468737186,0.0,2.3642483895091524,-0.4137574698226527,-0.175005922245147,0.0,
2020-09-12,167.0,19.568648529872007,0.2998312528747997,0.0153220214680181,0.0,26.840715464451932,18.043933029026764,0.6722597634524422,0.0,24.23932508204598,-5.060460905683916,-0.20877070168229186,0.0,13.643878644499633,-9.963853452400619,-0.7302801286947409,0.0,3.3480824072248607,-1.7865924908405881,-0.5336166418679786,0.0,3.9899776894453636,-0.09964768297686016,-0.024974496283640103,0.0,
2020-09-13,143.0,19.24867434288899,-0.6550167706096356,-0.034029188656912235,0.0,8.26226792852685,4.839793379808123,0.5857705682840342,0.0,19.28573286216124,4.142310365297781,0.21478625649871083,0.0,10.197720445423325,-1.4708247195281483,-0.1442307354275676,0.0,9.152102717205704,-3.199091902769194,-0.3495472026067833,0.0,9.229474519663196,-2.47298635306551,-0.2679444369012413,0.0,
2020-09-14,132.0,32.09936171208392,7.013010414649962,0.2184781889918356,0.0,4.632363089869608,2.0531375839370565,0.44321603123619746,0.0,29.1576799592367,-15.875343552644374,-0.5444652515165327,0.0,9.801054355950324,-1.8534225968612121,-0.18910440954099797,0.0,22.209668631832756,-3.530827754213696,-0.15897705691804057,0.0,3.9677799287237527,1.4154354109810794,0.35673233808518157,0.0,
2020-09-15,149.0,32.57439210158191,6.789392725763532,0.20842730401817136,0.0,8.547546324596619,-0.8860998690766039,-0.10366716194643394,0.0,48.70137963585876,-9.220417220811175,-0.18932558563540558,0.0,15.457941084066984,0.5811950918336992,0.03759848020334069,0.0,10.660610622144297,-3.3984908691419267,-0.3187895130587133,0.0,1.1607672544268937,-0.0762691790012475,-0.06570583268125006,0.0,
2020-09-16,152.0,60.03958091871755,12.407977310976129,0.20666328980167648,0.0,11.11594524205429,-0.3273086650327318,-0.02944496917764983,0.0,15.948376602871571,4.29850394143864,0.2695261121852789,0.0,46.65989514912508,5.281173241325041,0.11318442153473353,0.0,14.785878627058988,5.2565622012325735,0.35551233266670873,0.0,3.03318356444651,-0.2654349960484823,-0.08751036342138377,0.0,
2020-09-17,119.0,36.44293103041855,-4.087778494005916,-0.11216931180957669,0.0,3.149668057099911,-1.7321889359183045,-0.549959203482933,0.0,16.858585837704595,-5.315835615649644,-0.31531918909595974,0.0,11.805324924585872,-1.938631783253626,-0.16421672386299294,0.0,39.87803458954295,0.8647688521190444,0.021685342846505508,0.0,0.6342838419659474,-0.053796559768757704,-0.08481464639240464,0.0,
2020-09-18,124.0,31.353735884462367,2.041211804997011,0.0651026663144328,0.0,5.336841801385158,3.0524679109830317,0.5719614754536615,0.0,10.51619423559168,4.201418914364253,0.39951895336287174,0.0,7.740236077901496,0.8106458515091083,0.10473141172315348,0.0,34.053620676546416,7.002861730497198,0.20564220753537216,0.0,2.5860906694360843,0.26900032833857196,0.10401813498566523,0.0,
2020-09-19,172.0,11.913839561726487,-1.616056650407912,-0.135645325928304,0.0,3.6090353135659763,-1.7104537831548954,-0.4739365604779436,0.0,19.24998997285729,-3.4673809864090464,-0.1801237814304368,0.0,6.486480178478809,1.6467623049331874,0.25387610223444507,0.0,5.1457252103791635,-0.4816316469673586,-0.09359840008477047,0.0,11.267873857941591,2.743753767046633,0.24350235027816158,0.0,
2020-09-20,177.0,15.894162507334837,-1.4797869967458444,-0.09310254604877434,0.0,6.421140586498945,0.7188238517317888,0.11194644347815462,0.0,15.826582917638003,-0.28626203844594833,-0.01808741911855922,0.0,11.30315759262157,-7.490660019832917,-0.6627050855879989,0.0,4.674275423021748,2.5859091528512703,0.553221391301665,0.0,6.616379866783967,0.4834993035107543,0.07307611008522241,0.0,
2020-09-21,154.0,35.93153927150706,-7.870578910551159,-0.21904374457991446,0.0,10.267354098919888,0.3498495261339989,0.03407397103123214,0.0,28.718116120508057,-1.8357624301365787,-0.06392349771249904,0.0,12.12360472415457,-0.9711576497983798,-0.08010469426337247,0.0,5.821204844629386,2.1183315587245763,0.36389916095787944,0.0,9.017609802402143,-1.747714252309181,-0.19381125271617083,0.0,
2020-09-22,142.0,27.63112999724399,-8.162138044488987,-0.29539646208110576,0.0,6.301008647351403,-1.6375995371993766,-0.25989482459887325,0.0,31.50414807975903,6.977431000639113,0.22147658089259725,0.0,19.63521822234906,-4.275782051346114,-0.21776086228974853,0.0,4.188253585722117,-0.5658079193128152,-0.1350939974698933,0.0,2.836853182670888,-0.8605388962136112,-0.30334276777884456,0.0,
2020-09-23,120.0,38.49111906522012,-10.600880820609493,-0.2754110838566982,0.0,5.5360166708196585,-2.8375294754815656,-0.5125579715896056,0.0,12.686924030109363,-0.9453955266746348,-0.07451731597280521,0.0,45.65699857858999,-4.632277271513876,-0.10145820828629976,0.0,6.237096467142688,0.8472034691237625,0.13583299113407488,0.0,1.1779933382422265,-0.49987983730073204,-0.42434861138233665,0.0,
2020-09-24,106.0,32.99837209684483,-14.937653564245544,-0.45267849942433436,0.0,9.051832967226797,-3.950041972473302,-0.43638034271897014,0.0,28.418522442465473,-11.999378747025114,-0.42223795312787193,0.0,17.661510227495455,-4.254696934037718,-0.24090221499937203,0.0,9.071581732685441,-1.7772225497972194,-0.19591098908294927,0.0,3.7887674560188267,-2.5544593813138077,-0.6742190992101665,0.0,
2020-09-25,144.0,25.281160424849077,-16.632519373496134,-0.6579017376571007,0.0,11.706499232066559,-3.799912132038339,-0.3245985035073151,0.0,34.54032038517471,-4.141029610207355,-0.11988972783196172,0.0,7.71798284452961,-2.2781696537770797,-0.29517682270981105,0.0,5.0853934860569945,-0.5264828263596306,-0.10352843448656002,0.0,2.8498993314715277,-0.796303060875839,-0.27941445232196077,0.0,
2020-09-26,180.0,18.489247142511882,-5.374507533782569,-0.29068287596335346,0.0,12.006298801396039,3.6153308897555876,0.30111951647706897,0.0,21.77767645806307,0.5538880988033618,0.02543375551886701,0.0,4.41779105697787,-1.460038076473449,-0.33049052289771136,0.0,2.124366234369512,-0.7706790777317784,-0.36278070384624955,0.0,4.054243152684643,1.3286170635702288,0.327710256522341,0.0,
2020-09-27,192.0,14.215951153179043,0.53833427435189,0.03786832611840432,0.0,8.917386115550466,0.8979443079157479,0.10069590979691678,0.0,23.75773363657936,4.466340380211645,0.1879952207787573,0.0,9.250880759653223,-1.0346732301538963,-0.11184591576042344,0.0,2.612944314489135,-1.355072554613948,-0.5185998595912988,0.0,4.1706390478357145,0.690732412705466,0.16561788368233651,0.0,
2020-09-28,134.0,17.231268441901193,-7.498693579307496,-0.43517943003388876,0.0,16.81395052981679,5.242136506199644,0.31177304208809065,0.0,41.023622319087735,-8.22292048448169,-0.20044354982898907,0.0,9.135764216625827,-3.742147541066118,-0.4096151621619051,0.0,2.491665186891618,-1.1875811644533067,-0.4766214861856413,0.0,4.462013130934789,-1.7242004065114274,-0.38641760028846184,0.0,
2020-09-29,150.0,27.191200232613483,-11.411220281833856,-0.4196659281022501,0.0,16.97605892112187,-0.6549976703346745,-0.038583611978379534,0.0,42.0457924846487,-26.781062524274464,-0.6369498811100415,0.0,23.718416828749465,-12.263959095404097,-0.5170648270477631,0.0,5.0499418860999805,-0.8395251731424818,-0.16624452163564177,0.0,5.0960335805211745,-1.6942109140514028,-0.3324567798232866,0.0,
2020-09-30,146.0,26.692538669056376,4.083739562499373,0.15299180093474937,0.0,7.871399268573436,3.1459797069552176,0.3996722310244816,0.0,28.648333911827645,-16.972777650449594,-0.5924525210676309,0.0,20.75391995933023,2.9630985854153122,0.1427729600587193,0.0,3.385664062181597,-1.8510390781733428,-0.5467285129820593,0.0,1.404157947508787,0.04227334096710326,0.030105830360539775,0.0,
2020-10-01,163.0,24.928917462028036,-14.332298421340873,-0.5749266266043027,0.0,6.8229110317115484,3.3457036691722197,0.49036308016065977,0.0,51.431216114484414,-23.20391855254117,-0.45116410432313936,0.0,14.53889788985543,-4.047482629709061,-0.2783899206371899,0.0,5.5462336259079095,-2.208109864067905,-0.39812781303572314,0.0,2.755100129113992,-1.1967198210186316,-0.4343652734695645,0.0,
2020-10-02,141.0,39.85368903724884,-28.390096808261376,-0.7123580650646133,0.0,6.999135194979311,1.623883809070756,0.23201206489561974,0.0,28.524828216803144,-17.119547876636815,-0.6001630490644704,0.0,7.359651820283028,-2.9004980113244248,-0.39410804779252195,0.0,5.349181063880672,-0.6203251271522217,-0.1159663731222054,0.0,3.795855891941751,-1.8318132945390047,-0.4825824126853113,0.0,
2020-10-03,174.0,12.598004799561748,-0.8817031612024617,-0.06998752383656291,0.0,8.434699469711628,3.447779449962822,0.40876138650150357,0.0,17.777734958930523,-1.3806899758562312,-0.07766399820032478,0.0,2.929767505032937,-0.2059489077201344,,1.0,2.481219274428435,-1.0393871031783513,-0.41890175281577274,0.0,10.45344412050326,3.107908973005643,0.29730956966707534,0.0,
2020-10-04,165.0,9.8184839897367,-2.4579503313204745,-0.2503390883857202,0.0,5.81068240794411,1.4412470171465501,0.24803403730621043,0.0,16.544459705532063,-0.9738463674242935,-0.058862385641923566,0.0,5.7671842225536185,0.8945689482563506,0.15511364189789129,0.0,3.612038047183883,0.5004369770133281,0.1385469838567987,0.0,3.0382113399173205,-1.0692161387203134,-0.35192289774990115,0.0,
2020-10-05,150.0,30.862078924910747,9.093272594160442,0.29464225713001735,0.0,11.90524358641414,1.5231332840658007,0.1279380193282184,0.0,20.736457989994953,5.282960935351865,0.25476679469082036,0.0,8.375674940747551,-2.410739729034727,-0.28782632397856195,0.0,2.4311726844243755,-1.0208577712009221,-0.41990343908566446,0.0,5.169095307523088,2.6344541633541323,0.5096547861131433,0.0,
2020-10-06,157.0,26.249454011740454,8.550108800485132,0.3257252054332624,0.0,12.978270224746662,-1.1874626960130708,-0.09149622218135392,0.0,25.705661750776926,9.049375838212457,0.3520382367880084,0.0,21.84178478376998,-0.45296586199043,-0.020738500377817853,0.0,3.7804414530401056,-0.06407211425208748,-0.016948315440928945,0.0,4.379961945545796,1.9599650667331723,0.4474844966921138,0.0,
2020-10-07,152.0,34.98848474583792,-22.318591910889708,-0.6378839230396975,0.0,7.869069351349021,-4.286366903098047,-0.544710779853938,0.0,25.533341769449176,-14.075436929333293,-0.5512571388589116,0.0,45.871372484238236,-29.29769253451733,-0.6386923030171868,0.0,5.222688450478012,-0.751798517494207,-0.14394856683924884,0.0,1.1965610776605837,-0.4522385760316171,-0.37794859324339397,0.0,
2020-10-08,103.0,33.317190336761996,6.137706972984756,0.18422042528035282,0.0,3.1804873441433257,0.7710905181014605,0.24244413973895443,0.0,23.009510116185993,3.113142390474408,0.13529807348155903,0.0,6.972284401126668,-0.5942431275087514,-0.0852293299184305,0.0,15.902174915783688,1.4914863100692675,0.09379134099379666,0.0,1.7714842032510156,-0.6587660675733841,-0.371872391729162,0.0,
2020-10-09,168.0,28.259460810542805,10.073707885099553,0.35647204851627384,0.0,8.502609472547187,3.433259440319744,0.40378891343944295,0.0,26.641423312896222,0.3820165961622646,0.01433919620868541,0.0,7.357739299462986,4.179903793924222,0.568096207788892,0.0,3.8127204903721523,0.04436714468708139,0.011636610865946483,0.0,10.015974227469993,-3.817281584660001,-0.38111934974739203,0.0,
2020-10-10,182.0,11.559304497190166,4.27692877684496,0.3699987986201588,0.0,8.38075336729525,2.588155546122949,0.3088213472816029,0.0,19.26748849193973,-0.1971887723958421,-0.010234274824055721,0.0,5.566343565791608,-0.2651855898792533,-0.04764089509475694,0.0,1.4789324296652877,-0.15448189331861,-0.10445500431251777,0.0,16.812255765871665,5.469522804230805,0.32532950250101234,0.0,
2020-10-11,178.0,17.040735986935033,-6.4048291165589575,-0.3758540195370363,0.0,6.270458926417628,0.9139971952322027,0.14576240845490682,0.0,17.003042238255144,-1.6148726585436193,-0.09497551296498678,0.0,5.684168119070814,-2.192247798208169,-0.38567610110844747,0.0,1.3595544999334324,-0.36732779860409565,-0.27018247420171904,0.0,12.815969424264036,2.399648562849881,0.18723894255761164,0.0,
2020-10-12,161.0,42.77364003220282,-31.718810837382367,-0.7415504224915708,0.0,8.605441123501798,-1.670924617165428,-0.1941707105057133,0.0,20.181495494674884,8.405873347285283,0.4165138975703395,0.0,25.30130958457448,-17.631236963576004,-0.6968507659510751,0.0,4.239948663889657,-1.1537152514181384,-0.2721059481790375,0.0,3.880939051137823,-0.40245611860635544,-0.10370070575789186,0.0,
2020-10-13,142.0,28.784619640333403,11.838466391772204,0.41127749957077714,0.0,5.9861268323293135,2.1753115264161846,0.3633921544508489,0.0,26.075069154969242,0.22780174519329321,0.008736381247521257,0.0,16.552005205085152,1.515529877909537,0.09156170863479017,0.0,13.11603425419889,-8.041109310158586,-0.6130747415198577,0.0,2.18367499376472,-1.2247708808483384,-0.5608759931517086,0.0,
2020-10-14,146.0,15.63828883606038,-4.251935636778383,-0.27189264000379837,0.0,8.879914607605311,1.8672737458696487,0.2102805970983549,0.0,31.61175368115073,-6.6569126466426,-0.2105834656876991,0.0,12.734601235650185,-1.2056776481544604,-0.09467729894668371,0.0,12.970015793311175,0.16542232090357076,0.012754211216063549,0.0,1.848815696146625,-0.9234884073861249,-0.4995026866717413,0.0,
2020-10-15,133.0,23.596340239564597,-4.104650495060906,-0.17395284410158368,0.0,3.7624123253262898,-1.0641106687674264,-0.2828267017956739,0.0,32.740924473735504,-14.796016788482158,-0.4519120039005435,0.0,16.416521989376633,2.2407844706953295,0.13649568843786603,0.0,17.5347852816194,-6.354629739022249,-0.362401343213675,0.0,1.447639818339662,0.2927125351173231,0.20219983687174561,0.0,
2020-10-16,181.0,21.43943033792311,-3.4075618513853123,-0.15893901086344867,0.0,6.128138995161856,1.65137766622539,0.26947457744172365,0.0,27.220555257961678,-7.596883854603503,-0.27908629278903146,0.0,15.810600092372617,-2.110911239719419,-0.13351240480351972,0.0,5.744955863941862,-0.611689633202966,-0.10647420932199457,0.0,5.038211343438883,-0.9396791267057207,-0.18651046227535445,0.0,
2020-10-17,189.0,13.164704872899163,-4.334970972653638,-0.32928736454833873,0.0,6.565482274199889,0.8713016231055901,0.1327094624151997,0.0,19.433759987514346,9.28974170550429,0.47802081076810116,0.0,7.073614053348133,1.0381785904857552,0.14676777424608814,0.0,9.994442736962805,-0.5803208277370149,-0.05806435066067202,0.0,8.194703719753303,1.4809173453170343,0.18071639878172638,0.0,
2020-10-18,73.0,6.96303641340637,1.918715091629172,,1.0,3.647790917282688,0.9746969310324339,0.26720197323110423,0.0,6.964494987245415,-0.1952177983882728,,1.0,7.006402254133716,-0.9751535183978137,-0.1391803500609006,0.0,6.1002740351541425,0.7680866276426424,0.12591018423375372,0.0,7.249694454068956,-1.8047367752218284,-0.24893970175652075,0.0,
2020-10-19,165.0,7.310701616181173,-3.299031357822227,-0.45126056718281343,0.0,3.0764330483725595,1.6933224700762537,0.5504174618628627,0.0,29.289408634140273,-8.299523417800186,-0.2833626148438555,0.0,4.0660922495444485,-0.15102216408046915,-0.037141844014333215,0.0,17.211945564784397,-8.82170526322107,-0.5125338811941318,0.0,6.336157812322194,-0.2199977842605696,-0.03472100771112907,0.0,
2020-10-20,,,,,,,,,,,,,,,,,,,,,,,,,,
2020-10-21,189.0,30.599147650791565,2.6706444018651396,0.08727839194553685,0.0,12.790267426920758,2.049179274012943,0.16021395062466498,0.0,25.003513618183206,-0.6452756678726681,-0.025807399620963945,0.0,26.844773281627567,-13.281966316743734,-0.4947691745206076,0.0,6.917204674755333,0.2684670102618202,0.03881148858318495,0.0,5.660790643953073,2.540073302042455,0.4487135210972328,0.0,
2020-10-22,96.0,14.820641688223985,0.11892311161061297,0.008024154021961515,0.0,4.607445037356226,2.7618577802769155,0.5994336900135184,0.0,22.93596463635913,-10.652677987467927,-0.46445301762372004,0.0,19.91258263974305,-12.970839147937127,-0.6513890931480147,0.0,1.7005672133163865,-0.5689501003393822,-0.3345649003956954,0.0,2.615526748602857,2.0187742798559896,0.7718423376608033,0.0,
2020-10-23,130.0,10.291098578192756,3.078469844688952,0.29913908814481194,0.0,10.066825948102629,4.685143864866,0.46540427827194575,0.0,24.71949065310764,-4.54587832944911,-0.1838985435922653,0.0,5.162476978730406,-0.9915101104695583,-0.19206092628686117,0.0,5.76650253860134,2.1356275550693686,0.370350579189611,0.0,1.8426927713517172,0.3826802946276907,0.20767449711487906,0.0,
2020-10-24,194.0,12.434848344477356,-1.8713113287445682,-0.15048927633891626,0.0,4.814476778963575,-2.4914562023969364,-0.5174926200253226,0.0,16.653554228665595,-0.13155160167616686,-0.007899310853999468,0.0,4.929545411127031,-1.424863691874853,-0.28904565696030166,0.0,1.662323035554431,-1.1510440321080306,-0.6924310182130908,0.0,16.528512022043284,4.954713124614068,0.29976764502492453,0.0,
2020-10-25,136.0,10.390802102338053,-2.5974160135664675,-0.2499726188589443,0.0,4.185979711277465,-0.805660238666359,-0.1924663505883286,0.0,7.88785970037861,0.7670292158197205,,1.0,5.546779463606069,-3.0366563142599676,-0.5474629619194881,0.0,0.377308096794873,-0.1395169294185021,,1.0,9.952571210233142,0.4807657616731068,0.048305684181268446,0.0,
2020-10-26,143.0,33.680091250258556,-14.097127970771167,-0.4185596727165324,0.0,5.316799450272805,-1.3726041928916506,-0.2581636199990997,0.0,22.752046041590802,-8.569725427944391,-0.3766573525861766,0.0,9.223721754518914,-4.3993721413957765,-0.4769627985840339,0.0,10.521323974826368,-1.4932351157993153,-0.1419246398430534,0.0,7.471668303318434,-1.8851851430017634,-0.2523111394231039,0.0,
2020-10-27,161.0,22.421756284245927,9.79580981982195,0.4368886047835925,0.0,6.143839928525261,1.2535176063560158,0.20402836352165582,0.0,25.020142482288065,3.2102166253840565,0.12830528953448572,0.0,18.21239698956924,7.269775417567679,0.3991663163136235,0.0,5.883682373059848,0.5867887915763529,0.09973155489547432,0.0,4.60034023997286,-0.31615340139603343,-0.0687239171244209,0.0,
2020-10-28,160.0,34.613394635685836,-14.31200260300837,-0.41348162333240013,0.0,6.547741442955149,4.9426738929539855,0.7548669928425337,0.0,23.387359156418825,-14.795943548942205,-0.6326470402230666,0.0,39.47454089256644,-25.5566390451925,-0.647420805089215,0.0,0.8730979002866591,-0.40626087441570385,,1.0,1.8315944156638526,-0.24488640348567026,-0.1337012175792818,0.0,
2020-10-29,173.0,36.53358677979122,-11.344448146043927,-0.3105210614666277,0.0,7.33744476988067,1.6502654531188863,0.224910102205202,0.0,28.456594845833024,-13.260150063243493,-0.46597810226704667,0.0,24.332087044516808,-9.844819597082008,-0.40460234993695376,0.0,7.189178199027077,-2.89439452586314,-0.40260436530212074,0.0,2.284529351534723,-0.6642983448449796,-0.29078126941057286,0.0,
2020-10-30,167.0,12.941938659198055,-0.16349498922008776,-0.0126329596767088,0.0,3.548026584518077,-0.5888835420688887,-0.16597495200247375,0.0,22.77646883386478,-6.474100364721891,-0.28424513088244796,0.0,7.527811824598752,2.1847103808707544,0.29021851658562203,0.0,5.928237412772427,-2.9958545924543296,-0.505353342630938,0.0,2.4468921318257277,1.023313117559921,0.418209329397935,0.0,
2020-10-31,182.0,11.53988966304314,-3.322174361149414,-0.28788614606851765,0.0,4.773032159355349,0.13121635629647538,0.02749119467784973,0.0,21.89097456156742,-3.299088362957027,-0.15070541303122362,0.0,3.7486086145654505,-1.1273370170598462,-0.3007347880169481,0.0,3.4920382433847355,-0.4322046242400356,-0.1237685827349679,0.0,4.5318570297968055,2.442222750445399,0.5389011026578878,0.0,
2020-11-01,203.0,14.29850731132319,-2.167791081598399,-0.15160960752047833,0.0,5.69069602740637,0.6615940120925999,0.11625889151456444,0.0,16.48702544913249,2.6381804555350343,0.16001555063250356,0.0,3.7781779082288214,0.3051691241109997,0.08077150719830992,0.0,0.26446065245544914,-0.008338303602143,,1.0,6.83544083464221,3.1228242752253426,0.45685777271288486,0.0,
2020-11-02,171.0,25.931716047634833,-12.348377391575903,-0.47618820786456084,0.0,5.229599806581967,-1.2317462783153106,-0.23553356353674262,0.0,35.50671966340451,-22.313251789856896,-0.6284233520128404,0.0,10.220410761481611,-5.2359966082865945,-0.5123078446142172,0.0,6.3686992842849515,-2.2039786669326107,-0.3460641755171305,0.0,2.330992358474753,-0.011165888550644869,-0.004790186681671958,0.0,
2020-11-03,137.0,19.545310183806578,-6.878208643376906,-0.35191094839085996,0.0,7.224355339822064,-2.6267731883681065,-0.3635996659644934,0.0,23.822560625143524,0.6608031944956356,0.02773854603178933,0.0,8.912152478951608,-3.963172202526829,-0.44469304266134385,0.0,11.205938709012113,3.814215651394621,0.34037448806739656,0.0,1.5817940821871104,0.3777703493235499,0.23882397435778463,0.0,
2020-11-04,143.0,25.379455877024153,7.154655291994806,0.28190735556595864,0.0,4.7019285672577045,2.3378492651778133,0.49721071507926207,0.0,18.699493017309578,0.6067383785669465,0.03244678227400638,0.0,16.473549262693265,1.3928314249391835,0.08454956504688713,0.0,10.75526059952244,2.4248885517659122,0.22546069705401495,0.0,1.4472021738256386,0.35180816936260856,0.24309538482284992,0.0,
2020-11-05,154.0,12.966814414074177,-0.9332626650394817,-0.07197316435920596,0.0,1.713281060874573,-0.773765028985251,-0.4516276089518375,0.0,17.78456064126658,-4.014033620808734,-0.22570327722883024,0.0,9.918786926129538,-1.132675692135015,-0.1141949817624525,0.0,10.855029206082685,-5.621141372032328,-0.5178375170913853,0.0,1.8590716336766437,0.4073756428758468,0.21912853463865148,0.0,
2020-11-06,163.0,12.748901399907478,-6.88861655453925,-0.5403302087338476,0.0,3.423295531712934,0.9676812776601673,0.282675354405047,0.0,21.503177092192345,-5.968038096279344,-0.2775421543845396,0.0,2.5091959544224616,-0.6043085820122026,,1.0,1.5087329623420322,-0.5441711706725882,-0.3606809052728999,0.0,0.9564925897866444,-0.053969091275361,-0.0564239512690834,0.0,
2020-11-07,191.0,2.485739951574937,0.06489047039095253,,1.0,2.3174134234432087,-1.2465198229193457,-0.53789272570419,0.0,18.800989079492865,-5.743618998569227,-0.30549557655102655,0.0,4.608127755920573,-2.0785168176231776,-0.4510545123130921,0.0,1.7699245341718728,-1.2955620087659645,-0.7319871462045939,0.0,3.117366613441841,-0.3015545507711798,-0.09673374619170559,0.0,
2020-11-08,198.0,10.76607197274279,-4.287445119347036,-0.3982367134644704,0.0,1.4014035240979812,-0.6296469468071514,,1.0,13.194616765846146,5.524283503498749,0.4186770712278802,0.0,7.481017587066155,0.7609882327147923,0.10172255630443325,0.0,1.8778644177655166,-1.5612607122762356,-0.8314022554056326,0.0,14.042820071299497,9.24147520414465,0.658092545316609,0.0,
2020-11-09,128.0,18.4948298552481,-1.000815472983967,-0.054113256559642,0.0,2.8104043229177433,-2.108297415718951,-0.7501758371657109,0.0,17.50041943715769,6.201996568218348,0.354391309904835,0.0,7.107413194942634,-4.070679588421427,-0.5727371515867361,0.0,19.17927246848558,-4.873699917033898,-0.2541128671612606,0.0,4.990806542948116,2.964380918181102,0.5939683080622906,0.0,
2020-11-10,150.0,8.570879936865818,-2.9331317228766505,-0.3422206056417157,0.0,2.4178229169556236,1.1768505355599703,0.486739755549091,0.0,28.115313163696555,6.4577938608218854,0.22968955825682952,0.0,3.928678373304132,-2.6356588704303046,-0.6708767223959947,0.0,3.3777349216106765,1.2135323408775542,0.3592740013768991,0.0,3.758033757687367,0.7317230603438969,0.19470901740759972,0.0,
2020-11-11,159.0,24.076265612908173,4.232682248937849,0.1758031048913396,0.0,4.920825051296556,-1.8150565189036365,-0.36885207256563596,0.0,13.813571692189722,4.066705204915962,0.2943992542649416,0.0,19.03287956402346,4.26481320857771,0.2240760886565579,0.0,9.18451468441344,1.7480395462638727,0.19032465038467186,0.0,2.8474037034393347,1.3376643596270101,0.46978387996449755,0.0,
2020-11-12,121.0,12.209987431211626,-1.8716179675735292,-0.1532858226200323,0.0,2.91316506539442,-1.687187956613725,-0.5791597519330037,0.0,29.876573622619617,-9.273643100055553,-0.3103984820078049,0.0,4.443300892904514,-0.874194962082498,-0.1967444886477294,0.0,16.643271514192747,2.3674859074702623,0.14224883043284853,0.0,2.3506414127987187,1.8937218533405455,0.8056191995213102,0.0,
2020-11-13,176.0,10.844788517169944,-1.472423856500398,-0.13577248225442037,0.0,5.468243255454577,1.7436139670437611,0.3188618145881687,0.0,21.403279337275308,3.5182721719261125,0.1643800520698151,0.0,7.957429684502127,-3.9513031094707123,-0.49655520263864367,0.0,0.6229668891173736,0.4927484377067758,,1.0,3.4580648339106075,1.1323463693768199,0.32745087896350633,0.0,
2020-11-14,230.0,3.8875975501432523,-0.07007819429692176,,1.0,6.193817525941992,1.4060249303988372,0.22700457746936945,0.0,4.471817145866222,0.8670179278428523,,1.0,1.291637218993852,-0.0454007540970467,,1.0,0.15749063096882018,-0.016570049554559037,,1.0,2.34480171868199,1.2907151258339318,0.5504581114685643,0.0,
2020-11-15,194.0,5.0231410663545795,2.1158391323658012,,1.0,3.540055228950219,-0.5371311654350626,-0.15172960044308276,0.0,13.208420053488224,1.246865930721321,0.09439932449695489,0.0,5.115964157972481,-1.3896495132389477,-0.2716300330355877,0.0,3.4031687359602034,0.7334825331547015,0.21552928757373221,0.0,4.195116033020891,0.7444906793000243,0.17746605181833758,0.0,
2020-11-16,173.0,17.53923907721764,4.3659031022882075,0.24892203607391605,0.0,6.2306469678296645,-1.3740268807655023,-0.22052715999798014,0.0,18.52051540430693,7.03543772863922,0.3798726749798299,0.0,4.837073293223507,-0.9166050116552262,-0.1894957872437747,0.0,17.86286027635651,4.49888114061939,0.2518567055341166,0.0,1.540516636930983,0.6476839132605072,0.42043292343198774,0.0,
2020-11-17,178.0,12.488659992020981,-3.7016449359151053,-0.2964004895865602,0.0,2.3819900814778467,-1.0587465411267516,-0.4444798277538916,0.0,22.749115615253686,-1.2013236581177384,-0.052807488362854406,0.0,8.231874429067826,-2.7972282570231526,-0.3398045343288733,0.0,19.444002690128396,4.23512146661435,0.21781119526199696,0.0,2.8888429953876704,0.0349579358712126,0.012101016194727948,0.0,
2020-11-18,153.0,31.12899380955787,-5.627573316585504,-0.1807823712842787,0.0,11.39043918484094,-1.9812080348151544,-0.17393605309370877,0.0,20.89386904763523,9.89248542180174,0.47346355044382615,0.0,35.13666236271092,-12.492052382275432,-0.35552757553696185,0.0,23.47284296170255,3.1065365316863653,0.13234598539064396,0.0,6.627460798415989,0.11127407897237673,0.016789850948491773,0.0,
2020-11-19,130.0,19.883652387565235,-7.274093162880813,-0.3658328470593189,0.0,4.978907774479006,-1.767430426697239,-0.354983564017147,0.0,25.73752992262598,-0.7118246067862408,-0.027657067672235032,0.0,8.78335837993654,-3.6534579955434774,-0.4159522858464843,0.0,23.12692707462702,-2.761004588927085,-0.11938484434260332,0.0,2.0563754914473926,-0.8950486351435369,-0.43525544768749963,0.0,
2020-11-20,159.0,13.154205474442273,-2.9618214381387857,-0.22516156098469067,0.0,6.61269627343426,0.16087614443028364,0.024328373446786736,0.0,24.439065087746712,-1.2634717686215868,-0.051698858531829345,0.0,16.69467146111128,-9.119695891836688,-0.5462638730615449,0.0,10.918384030315787,-5.319339477759129,-0.487191095586082,0.0,2.586819294985611,0.4154413756534016,0.16059930295815755,0.0,
2020-11-21,159.0,13.810884472048198,3.3412100066228163,0.2419258530027588,0.0,5.760431516639068,3.6698285754535487,0.6370752893864304,0.0,22.74958823416091,5.679327667596999,0.24964529507698466,0.0,4.809737217772632,-0.9542894281924581,-0.19840781002883673,0.0,3.939360344265874,0.0847444554337666,0.02151223752788203,0.0,5.200055981367765,1.4030114755005672,0.2698069944876891,0.0,
2020-11-22,187.0,14.550240639560794,0.8067533724223073,0.05544605016557716,0.0,9.676539720370778,3.4942692857801587,0.36110731591625894,0.0,29.136067269355408,0.3206540825127344,0.011005400267248505,0.0,10.706394744891433,-1.667702200019293,-0.1557669261928754,0.0,11.812894005553968,-5.428280549746812,-0.45952165042661375,0.0,7.488919179231738,2.4629898406819546,0.32888455352974233,0.0,
2020-11-23,136.0,11.127227806573497,2.5961974040329334,0.2333193360613332,0.0,5.71126567186729,-1.2348256057855913,-0.21620874894125997,0.0,24.35947623325046,12.776196390052739,0.5244856772664656,0.0,10.20278714394953,-4.959637867743883,-0.4861061784166549,0.0,7.447607405163574,2.789199706126893,0.374509497398196,0.0,2.9044716986390933,0.5565202558577808,0.1916080835349649,0.0,
2020-11-24,153.0,17.23457636365492,3.9535790107347584,0.2293980964378243,0.0,5.2379523477939,1.6193709082318664,0.3091610615575582,0.0,30.278288127999986,17.191155410539285,0.567771709479232,0.0,16.956823625849207,-7.781203887393305,-0.45888334154349136,0.0,7.383402064951946,1.212756760308467,0.1642544655756005,0.0,1.7300405824498677,-0.3939551621167836,-0.2277144051493367,0.0,
2020-11-25,148.0,29.915324461413544,8.508566467048178,0.28442166749764,0.0,9.996336922587938,-0.7800985127204352,-0.07803843735575856,0.0,24.438360525411554,13.134497665562217,0.5374541247112167,0.0,37.56821703068272,12.743650604674393,0.339213612247459,0.0,15.079972453422664,-2.8432925560544815,-0.18854759614691116,0.0,1.8204984139956581,-0.3719794322586159,-0.20432834733549132,0.0,
2020-11-26,161.0,27.15025072551361,6.005459362087566,0.22119351393112996,0.0,18.74490224895998,4.864774374558999,0.25952519303369054,0.0,20.887858158734154,0.15995302684156565,0.007657703610682653,0.0,25.320492246726644,4.376928562482383,0.17286111659413805,0.0,8.941907657448604,-3.507346683140006,-0.3922369607807779,0.0,5.732910984050244,-0.8595079700981427,-0.14992522515863466,0.0,
2020-11-27,126.0,22.053252288576914,-12.835777770103407,-0.5820355928523091,0.0,13.237751355001816,-7.87683246932224,-0.5950279815722646,0.0,10.437922497352698,-2.1162630456564493,-0.2027475339267161,0.0,9.48400898998079,-7.059664059290508,-0.7443755132189945,0.0,35.94652449231944,-3.570113279506226,-0.09931734235583856,0.0,10.94089325835375,-8.008678901267773,-0.7319949762925317,0.0,
2020-11-28,188.0,12.404750878384217,1.67571555682373,0.13508659490645092,0.0,6.087063092643796,-0.02072551730900174,-0.0034048468027296263,0.0,18.47924503861577,5.659803981057085,0.3062789615717464,0.0,6.499570675201533,-1.2500657183669994,-0.19233050624966677,0.0,14.23444570921856,0.6304248960385173,0.044288685974631196,0.0,3.2934690040274237,-1.4234112954437164,-0.43219210312989,0.0,
2020-11-29,165.0,19.315196680836376,-2.04357636263299,-0.1058014783075199,0.0,0.998751578088553,-0.052099240897041016,,1.0,25.273516122397268,-2.62023645284901,-0.10367518473327773,0.0,3.6645257936252102,-1.3404286193111585,-0.36578501416007525,0.0,38.067836577531125,-3.49874041388726,-0.09190804438706482,0.0,3.9307435027367266,1.2135082544922848,0.30872232025503477,0.0,
2020-11-30,110.0,23.293191999182454,-8.64104425696364,-0.37096866145554136,0.0,0.7523316084698257,0.10634099264503354,,1.0,10.3806442093919,-2.1249628179811744,-0.20470433001244873,0.0,4.3922803520981635,-1.589968580564962,-0.36199159732721625,0.0,65.3313821381962,-28.463092991979558,-0.43567259807501485,0.0,0.5244281646519036,0.07582651455997513,,1.0,
2020-12-01,136.0,41.72743379382882,-14.185084806663829,-0.3399462539860694,0.0,4.322871054893762,2.8418499434087687,0.6573987304552182,0.0,6.20260294785839,1.3386078009324849,,1.0,10.362801654817298,-5.97183529605488,-0.5762761360272476,0.0,72.82934064274014,-32.85332585825729,-0.45110014134848847,0.0,1.2043544446132672,-0.06136357323940754,-0.05095142340684609,0.0,
2020-12-02,137.0,33.90919235729234,-8.126881943760853,-0.23966604270989447,0.0,4.411582240616548,0.5534352052455336,0.125450501670391,0.0,10.31360927378409,0.5276700900286712,0.05116250538693014,0.0,19.692544051576984,-11.735274436484367,-0.5959247523198814,0.0,46.710572693169524,-12.021865558287624,-0.25736926064375953,0.0,4.68245455387659,0.1541562739637645,0.032922107879539156,0.0,
2020-12-03,121.0,35.652326638650266,-9.803666104072509,-0.27497970057989063,0.0,1.869682616052154,0.6953374688302002,0.3719013392221667,0.0,7.162804525636599,3.309870648434309,,1.0,4.988030399705162,-0.31330759804625746,-0.06281188624367182,0.0,77.09147194839898,-14.712988002120845,-0.19085104526177624,0.0,4.487546469150397,-0.9747406656367692,-0.21721015533490656,0.0,
2020-12-04,157.0,28.13369634059927,-8.377009646309732,-0.29775716439439237,0.0,3.708087430917653,0.23067878683515508,0.062209640719843605,0.0,20.660093498096096,7.262957416371828,0.35154523463512577,0.0,8.93352246138965,-3.1596960883119465,-0.3536898353329311,0.0,70.39805666716711,15.224039185870383,0.21625652619713165,0.0,3.6686315774422775,-0.8458291507993059,-0.2305571254415814,0.0,
2020-12-05,194.0,20.130715588573366,5.588768030725002,0.27762391287755855,0.0,9.688275538894226,-1.5577251413389257,-0.16078456223559442,0.0,27.408179129975906,17.62224152840675,0.6429555734015754,0.0,9.582218758849189,4.366910531183699,0.4557306236774079,0.0,21.95915300532215,7.600254524681294,0.3461087284577529,0.0,3.27878285703627,-0.0802858097545146,-0.024486467465273342,0.0,
2020-12-06,161.0,27.029297702392796,-10.602863304949532,-0.3922729854727562,0.0,7.939877516299017,0.45816192935116773,0.05770390392177346,0.0,24.48076048329676,16.22539865355409,0.6627816429405734,0.0,5.279870145197487,-1.200665154618501,-0.2274042962421364,0.0,26.21797543644061,2.653263824204835,0.10120017964915165,0.0,11.057905917979944,-6.549037860915913,-0.5922493742931293,0.0,
2020-12-07,158.0,28.78612759358657,-13.691920870199052,-0.4756430272076455,0.0,5.4742945027246535,1.5931723769967836,0.29102788974978117,0.0,32.4026066797378,5.54177239058025,0.17102859795677072,0.0,7.417583993214059,-0.05483749117306991,-0.007392904647016835,0.0,29.37044067638635,4.805381706438725,0.1636128568646987,0.0,2.6884194431258885,0.9201208746939317,0.34225346682662194,0.0,
2020-12-08,166.0,34.44005411621765,-12.3173571220323,-0.3576462766425247,0.0,7.9807572811259835,3.6742597754876973,0.4603898660315235,0.0,35.150510767591186,-9.345995143072997,-0.2658850451666841,0.0,18.339148779938107,-5.801499740688207,-0.31634509378290715,0.0,8.401320028940965,0.9974972179303848,0.11873101066191917,0.0,2.9249531024834075,-0.24323829424751414,-0.08315972452378627,0.0,
2020-12-09,152.0,33.74797275166202,-9.285954908179972,-0.2751559323729351,0.0,4.175006892604863,0.5057951400427767,0.12114833653057802,0.0,31.423514405796595,10.86934729181116,0.3458985252714485,0.0,34.66321311375941,-16.175179874451104,-0.4666382144484591,0.0,11.898114283801982,0.12008995423237878,0.010093192195663181,0.0,1.8057949446883794,0.334993287128989,0.18551014782400876,0.0,
2020-12-10,142.0,15.497216725249013,-0.03225811625103302,-0.0020815425648965805,0.0,2.774738331645488,-0.5963329976089429,-0.21491503930581546,0.0,28.90714034663688,20.943031097275085,0.7244933551412893,0.0,17.89771814677078,-3.6076834833594944,-0.20157225931119133,0.0,2.1895912828404045,-1.550404881069622,-0.7080795823494463,0.0,3.3064369278363244,-2.0357768155341827,-0.6157010885026499,0.0,
2020-12-11,144.0,11.574439064017493,3.351992914192867,0.28960305511595036,0.0,4.442809982690955,1.773207237690857,0.39911840582856695,0.0,28.17114546583616,14.659264104359156,0.5203645028256592,0.0,8.866117601013679,-1.0641432765334062,-0.12002359143214397,0.0,6.66512882401002,-1.2332899105327275,-0.1850361700572096,0.0,4.087875442768558,2.0031718467464987,0.4900276133144186,0.0,
2020-12-12,200.0,5.8894014480247225,1.443538627676817,,1.0,1.7746959708238075,-0.006332413260354219,-0.0035681679366267654,0.0,24.949612728261854,4.681695091871442,0.18764600247955826,0.0,4.498989762505509,0.5548120414678208,0.12331924959945748,0.0,1.1578885827620906,-0.9283671684001793,-0.8017759067850911,0.0,4.662732474011129,2.76600963832636,0.5932164570331637,0.0,
2020-12-13,165.0,11.893590039049737,4.3664868505912855,0.3671294231813084,0.0,9.704167900534227,5.295330771539469,0.5456759225330339,0.0,21.731860321291606,4.730597165309687,0.21768026737567997,0.0,5.502109596905935,-0.7482616699401503,-0.13599541353391595,0.0,3.950753759971117,-0.039572571665890566,-0.01001646117934211,0.0,1.4245719487589619,0.035162969703518385,0.024683182716149336,0.0,
2020-12-14,117.0,34.63575353390479,24.97807917947373,0.7211645952793491,0.0,25.623980886593927,19.76930948214318,0.7715159314876862,0.0,30.118921754939947,-5.50802914843551,-0.1828760402929136,0.0,10.590454919773038,-3.574946033239876,-0.3375630282477507,0.0,13.829484244779449,-9.42871406586196,-0.6817834923541163,0.0,0.5381802953488609,0.05486186642979379,,1.0,
2020-12-15,136.0,27.848381508403687,1.1379197313006242,0.04086125188127141,0.0,9.472899683663847,5.916072997690354,0.6245260897138716,0.0,43.5368300286209,-7.920921382321644,-0.1819361073627655,0.0,20.408886836477905,-7.867226902549414,-0.38548045102038075,0.0,12.607025321594842,-7.726901126751148,-0.6129043870099614,0.0,2.831550135342689,-0.9311734706869438,-0.32885643063997816,0.0,
2020-12-16,130.0,17.47038692010392,-0.07930432588519865,-0.004539357156076479,0.0,5.589901162842574,1.615173481665752,0.28894490879413054,0.0,35.24679863739584,-2.391863471717003,-0.0678604458896674,0.0,30.62531182685052,-17.30374738149574,-0.5650145696255345,0.0,2.508549921534718,-1.0842406660705115,-0.43221809411198747,0.0,1.0053500783105793,-0.20718177756291573,-0.2060792375040844,0.0,
2020-12-17,153.0,26.295800329724443,7.204151419387246,0.2739658549674856,0.0,6.977467527503899,0.5738953092080945,0.08224980008088957,0.0,22.894778775982555,6.426763190569712,0.28070868268496296,0.0,28.27485201759555,5.687492587466666,0.2011502158853853,0.0,3.9879321406697215,1.324793573589665,0.3322006310185567,0.0,2.086722991080017,-1.1847095499476756,-0.5677368558317892,0.0,
2020-12-18,150.0,16.19750593677599,-4.173857792422684,-0.2576852145456576,0.0,4.0429118371248425,0.8515836543518628,0.21063621683065814,0.0,37.00792921978427,6.535989730898194,0.1766105228985383,0.0,15.28634018397133,-2.6772056406295004,-0.1751371229744524,0.0,7.707321442212555,-0.7447673471920074,-0.09663115166223114,0.0,2.082093774944946,0.4423926279990609,0.2124748814499282,0.0,
2020-12-19,169.0,6.007130939826307,-1.3466693580842455,,1.0,7.501071328653774,0.6566423325701725,0.08753980648895134,0.0,20.56691858965496,5.517602348882519,0.2682755963092031,0.0,2.7128902154799963,0.671687224043432,,1.0,5.763175611158656,4.528282098745557,0.7857268985484152,0.0,2.3306711845580095,0.7207293107561653,0.3092368050591594,0.0,
2020-12-20,151.0,5.612464598081711,0.5021374359387695,,1.0,10.408228372180014,2.1217186695471204,0.20385012642672484,0.0,15.359848375548607,0.4778181849103609,0.0311082618283525,0.0,4.106875567711536,-0.6687521794925452,-0.16283721492569891,0.0,9.044053033801898,2.8531054281155206,0.3154675694019173,0.0,0.9841178512287976,0.18012995944254284,0.18303697998936555,0.0,
2020-12-21,121.0,18.744446553675516,-11.433578698559307,-0.6099715276105256,0.0,5.840631316772483,-1.7317768564870177,-0.29650508011246857,0.0,29.65769557749445,-12.692868909000564,-0.42797893301705026,0.0,5.068349412613311,0.7204923134040438,0.1421552175568235,0.0,5.548170817579372,-2.99590770163836,-0.5399811577801157,0.0,0.899914671579605,0.31923498811184337,0.3547391749392146,0.0,
2020-12-22,149.0,31.20989168630331,-18.417741371346132,-0.5901251294450629,0.0,9.465479572754695,0.459122083301984,0.04850489399644521,0.0,43.92291220426705,-26.769172973546844,-0.609458062549556,0.0,12.983958632685237,-5.453633368061638,-0.42002855387515675,0.0,3.4043790439100063,0.6641709283388745,0.1950931197062179,0.0,1.7043951540545041,-0.3897996906349535,-0.22870265132336107,0.0,
2020-12-23,152.0,33.24866003571515,-1.790274505335109,-0.05384501220235722,0.0,14.148102910672598,0.4284559391403494,0.03028363179470121,0.0,17.998508919845328,-5.485349485694334,-0.3047668843081848,0.0,44.37936424365034,-2.016348614958196,-0.04543437359508116,0.0,4.666319870018918,0.9281807491716073,0.1989106565829668,0.0,4.530033880473631,-2.130767787870318,-0.4703646471729122,0.0,
2020-12-24,155.0,21.63264019323105,-0.4223879290636872,-0.01952549135430331,0.0,4.602231399869192,-0.8777863561372566,-0.19073059997856817,0.0,25.453059321764158,4.970286315632782,0.19527264887104698,0.0,21.22353797469259,8.963891399882883,0.42235613169546105,0.0,3.175213412614535,1.2667166099312115,0.3989390460807393,0.0,3.966809654470121,-0.6840650259156322,-0.17244715161585145,0.0,
2020-12-25,185.0,11.34529493908485,0.46868111952168867,0.04131061572556122,0.0,7.736822901482805,5.86028622498026,0.7574538411441605,0.0,19.438418305348023,5.191844637147491,0.26709192875631643,0.0,7.190777991403589,-1.618893399291244,-0.22513466571024637,0.0,6.642449867656975,-3.9995842784876707,-0.602124872324925,0.0,5.024150471042953,2.039212904478908,0.4058821319608272,0.0,
2020-12-26,190.0,9.075178929422687,-2.723200407307639,-0.30007126344129,0.0,5.310541673235999,3.5667704407578844,0.6716396669540603,0.0,15.570212193400947,0.5972206105247209,0.038356613455649516,0.0,2.181356770779525,-1.2693824798157574,,1.0,3.6783609998237767,-2.159265642721597,-0.5870184146757328,0.0,2.431702912617762,0.38751119048219895,0.15935794971970396,0.0,
2020-12-27,187.0,8.787590353880656,-3.0736155529885347,-0.349767732587945,0.0,10.288413055684938,1.8934956920301693,0.18404157004407054,0.0,27.267801724236048,-0.8625193071492299,-0.03163142067233859,0.0,7.1467371956387025,-1.9731493935256061,-0.2760909404545785,0.0,4.698263322978159,-2.479852754127733,-0.5278232792954208,0.0,2.225759896857192,-0.5231938583316739,-0.23506302682083174,0.0,
2020-12-28,157.0,14.408689202165984,-3.690185596840146,-0.25610834858492326,0.0,6.468546521056845,0.7049366225201125,0.10897913777466943,0.0,40.87627386243548,1.259739959300978,0.03081836577229352,0.0,11.303545510978433,-3.0678627131823824,-0.2714071182535389,0.0,7.247725266322956,-2.573192840336155,-0.3550345447409091,0.0,1.4211011047373119,0.4533072171920703,0.3189830869041956,0.0,
2020-12-29,116.0,16.895878922121483,1.5193912029381944,0.08992673361010428,0.0,3.4058350507475508,-0.46018404628702875,-0.13511636336763355,0.0,40.49762062809896,19.533226756966883,0.48233023209797926,0.0,6.93377041057101,0.11181031262964727,0.01612547084904697,0.0,2.893152092241503,-0.3842033479167432,-0.1327974941058412,0.0,4.1437523403365,-3.2863249874921054,-0.7930794887286227,0.0,
2020-12-30,159.0,34.870943745365366,14.795675950056719,0.42429812218727764,0.0,8.680331309922616,0.26413772085289267,0.030429451529223647,0.0,28.700797765253807,8.925289619699832,0.310977056899272,0.0,36.64605270684842,9.739203443991682,0.26576405164018163,0.0,10.019494961008599,5.432383030159501,0.5421813226415014,0.0,3.398911356191087,0.6748364385550201,0.19854487741370822,0.0,
2020-12-31,130.0,24.505534397423617,-1.4679529957059023,-0.05990291710839961,0.0,6.449651081871702,2.1340481997528893,0.33087808513411615,0.0,21.54482325833669,-5.611455083482863,-0.26045491374878327,0.0,16.88367410819046,4.0917419799455335,0.24234902626796048,0.0,5.7470039567560836,-0.03191780473823469,-0.005553816384746463,0.0,3.1246966036414916,0.02331769269653519,0.007462386162343242,0.0,
2021-01-01,146.0,16.256884840739076,3.3174646020321985,0.20406520895803915,0.0,11.999734180375524,7.919864221513817,0.6600033052787149,0.0,23.840959191067668,-2.4438480209756417,-0.10250627927299426,0.0,7.976122799052968,-1.838477199860594,-0.23049760468568545,0.0,8.73083646238228,-1.4419067273279662,-0.1651510406294485,0.0,0.9495161303202564,0.21215549075535578,0.2234353730081438,0.0,
2021-01-02,162.0,16.13710314942,9.07289290475309,0.5622380188527945,0.0,10.849943385677758,3.1539938559841327,0.29069219477656416,0.0,13.492152078557409,0.1552586908554453,0.011507333296531126,0.0,2.7042429380671775,-0.18906780277318308,,1.0,17.257366506077233,2.378178651672206,0.13780657963280338,0.0,5.354171544495326,1.3407568895394284,0.2504135099888372,0.0,
2021-01-03,171.0,24.89951469912193,-4.448526397645865,-0.17865916068648277,0.0,3.5323345195065423,0.010702003296086227,0.0030297253097029066,0.0,19.663138713818622,-0.022252284853123028,-0.001131675119470364,0.0,6.896720160031686,-0.32536953537047975,-0.04717743040468455,0.0,25.467137223866303,-6.343189563197405,-0.24907352198396845,0.0,4.220674589523691,2.4714444894911076,0.5855567485883847,0.0,
2021-01-04,138.0,45.96384754800238,-1.816822295869275,-0.039527202198899374,0.0,6.624960551940597,1.9769568295739786,0.2984103549106997,0.0,13.052981624896344,-5.912217919267361,-0.4529400323364288,0.0,7.147481951804361,-0.08007947206696475,-0.011203871882005792,0.0,71.06850519735599,-17.087617993474925,-0.2404386858288761,0.0,3.4205249412843783,1.5470691167662836,0.4522899681548213,0.0,
2021-01-05,128.0,48.9019821157126,8.797035317067898,0.1798911810210928,0.0,2.6179991254321004,0.5724864549873505,0.21867327969136036,0.0,8.199366259636003,-2.1494151312700485,,1.0,7.690504335958391,-2.2254106473355653,-0.2893712232798884,0.0,84.67009094406967,4.077124267297851,0.048153063517920015,0.0,2.8260822737065547,1.700880234636759,0.6018509264438242,0.0,
2021-01-06,156.0,69.36403740663081,24.302749706076757,0.3503652701702965,0.0,3.8155977751739494,1.737079608794887,0.455257527430468,0.0,15.72056912589323,1.1478434208785582,0.07301538587352757,0.0,12.218726121194772,0.24967147199889328,0.02043351078684133,0.0,63.0752304464113,30.530661514104334,0.4840356713407996,0.0,1.326327141876384,0.4493510796570265,0.3387935490947729,0.0,
2021-01-07,139.0,52.81018643958669,11.808016790998362,0.22359354486480348,0.0,7.518385675401072,1.508707042999489,0.20066901435180848,0.0,16.128146241055216,9.470171816808097,0.5871829083928553,0.0,28.09161809602665,8.487342606210158,0.30213078425021833,0.0,33.24964598639053,11.522884887316646,0.34655661873913174,0.0,2.073577784038201,-0.25403918217391264,-0.1225124922389854,0.0,
2021-01-08,150.0,34.106930394082156,6.655379852657661,0.19513277142678387,0.0,5.4486170335294375,1.9763076086982467,0.36271729074305276,0.0,20.68015905827633,1.3218963619068385,0.06392099587734104,0.0,8.206644686084466,-3.8445276144408584,-0.4684652207448194,0.0,29.152289085963275,11.470554241652625,0.393470104794469,0.0,2.231805470997637,-1.0314852897849496,-0.46217526714990376,0.0,
2021-01-09,180.0,14.683049563849634,6.93510308187118,0.47232034814795787,0.0,5.651120625603648,0.4121805780484562,0.07293784814661029,0.0,18.306727200491874,-1.6542527577350135,-0.09036310748600472,0.0,7.83441373895766,-4.3034750251369704,-0.5493040281670817,0.0,9.013618825265434,2.100996500498262,0.23309134113915578,0.0,4.104244477253809,0.45235441941584,0.11021624611370978,0.0,
2021-01-10,111.0,23.071271437889664,11.93781579153539,0.5174320723360769,0.0,6.412969256649372,2.510869852166273,0.3915299998612724,0.0,15.577453331105062,6.164861561879128,0.39575541847839346,0.0,9.203340496846064,1.1045063578476955,0.12001146303629687,0.0,14.573282207114971,6.999979820545235,0.48032966912063935,0.0,1.945032298164729,0.6420275100891385,0.3300857835085491,0.0,
2021-01-11,146.0,22.711711878888305,1.7198741997795906,0.07572631287993317,0.0,13.710171304628599,5.446058809204726,0.39722762671580325,0.0,22.738567024804066,0.9776384422554876,0.042994725269584644,0.0,6.092850403641926,0.60800316053092,0.09978960917331789,0.0,13.367043234458826,7.023269292793332,0.5254168157912503,0.0,2.820476831366245,-0.1954264878804567,-0.06928845708184445,0.0,
2021-01-12,174.0,30.805585828718904,11.5837191593988,0.3760265824453086,0.0,7.0322095321243925,4.1118869714078405,0.5847219074778709,0.0,24.426946282212153,-0.35386100532895015,-0.014486501965521323,0.0,21.107445821602592,2.2401245550216258,0.10612958924328739,0.0,15.946845023521742,9.173448626494483,0.5752516320917124,0.0,1.0945773288913123,-0.29520901941928157,-0.269701383015393,0.0,
2021-01-13,162.0,48.88607269987551,17.02942500438077,0.348349214078392,0.0,8.955624332644213,5.56879029578152,0.6218204436604918,0.0,26.07175563233613,6.074665287457923,0.2329979374278758,0.0,45.590241018129745,10.995095163161675,0.24117212187558487,0.0,25.149066002006293,5.7550327097184955,0.22883683669442761,0.0,2.2577771561336633,0.6680130596059656,0.29587200747035036,0.0,
2021-01-14,155.0,25.332535018926134,0.607835756048013,0.023994272803487458,0.0,6.820214520288567,1.0666984638776762,0.1564024798200253,0.0,32.51007680455223,9.16904899782443,0.2820371373758346,0.0,15.180259492168256,-5.773333103133121,-0.3803184725604775,0.0,19.213545438607973,1.737431504225206,0.09042742838778658,0.0,3.964598018574173,0.4004539787538734,0.10100746075081089,0.0,
2021-01-15,140.0,20.466042693529744,-4.357451921439458,-0.2129113080965598,0.0,7.90203991484304,-1.272210695806018,-0.160997756214357,0.0,38.41810105528566,-5.4742350741851356,-0.14249103739686209,0.0,5.6775032294754,-1.2939682277993674,-0.2279114912839829,0.0,7.888339332559548,2.5035608278369508,0.31737488998519214,0.0,1.6237768925347997,-0.4226768056803702,-0.2603047300547244,0.0,
2021-01-16,119.0,11.846064428595126,-4.307557156053386,-0.36362769947928075,0.0,2.42953768590814,0.8327731057301667,0.34277019474134374,0.0,23.04112984323001,-1.626538726080625,-0.07059283711985755,0.0,4.458886196123782,2.306592230374767,0.5173023326722139,0.0,1.1301655887218613,-0.4668747208256974,-0.4131029341936523,0.0,3.7491589745768548,-0.10296082322682158,-0.027462378609443245,0.0,
2021-01-17,144.0,7.945332593124472,0.4756937267800909,0.05987083878549459,0.0,6.562222169392038,2.7581515378574384,0.4203075523291783,0.0,25.706001086473407,4.691771318103625,0.18251657666709012,0.0,6.658313465712123,-1.9803549693255158,-0.2974259141633417,0.0,1.0214086707564953,-0.4010726835946521,,1.0,2.527608552030865,-0.047956643192712145,-0.018973129029089684,0.0,
2021-01-18,122.0,18.433317954717495,-2.114362512040969,-0.11470330611314913,0.0,16.40336577547714,2.183004651535436,0.13308272713146502,0.0,20.55124461950618,7.042437082024444,0.34267691385173465,0.0,11.339830011151204,-4.615635605601478,-0.40702864161655145,0.0,3.4600670264553575,0.022070730552974514,0.006378700292284432,0.0,1.5631698921424635,0.512947442541343,0.32814567701166686,0.0,
2021-01-19,174.0,17.53296864162257,-5.249847585499515,-0.2994271930103488,0.0,7.0822672920985426,-0.5783803107132354,-0.08166598164948048,0.0,60.32860341157357,19.780996415297103,0.32788752427015866,0.0,11.47301524678914,-5.442402717379842,-0.47436550900627134,0.0,7.055792690174705,-0.4883533780206851,-0.0692131131773081,0.0,2.7283892825434957,-0.09144612050925088,-0.03351652240181861,0.0,
2021-01-20,164.0,23.68338273573317,3.4397100202610726,0.14523727706647602,0.0,7.420202717810746,-0.6834236518749408,-0.0921030971612832,0.0,54.7101932388905,32.960021955728934,0.6024475514427438,0.0,25.474210644664705,8.40652062121877,0.3300012211754017,0.0,9.861385861193407,2.362425177654378,0.2395632024653867,0.0,3.8818933997026703,1.7865066857755818,0.46021528718754035,0.0,
2021-01-21,179.0,25.36390529931668,-4.708472093363591,-0.18563671634156592,0.0,6.085764954383187,-0.4102410713316256,-0.06740994343466308,0.0,39.222802455100464,-4.3268380054279785,-0.11031435120886739,0.0,33.62464039312181,-13.509983727877081,-0.4017881996632641,0.0,8.334236445261915,1.9536421412690865,0.2344116529570923,0.0,3.4367632304274522,1.0430740600648982,0.3035047776436913,0.0,
2021-01-22,137.0,41.166648853133665,-20.88943121009669,-0.5074357955300642,0.0,4.837752563704265,1.4504043271576008,0.2998095309874689,0.0,24.945094426511787,-7.251812249065978,-0.2907109560330512,0.0,20.416921577620087,-11.720027564474075,-0.5740349993468618,0.0,7.330672563715775,5.007407898914314,0.6830761919034829,0.0,6.16631760278687,0.9438715266807325,0.1530689120284932,0.0,
2021-01-23,193.0,18.13776083221455,-6.934998216335062,-0.38235139830589143,0.0,6.216999952383043,1.459032916510234,0.23468440207257377,0.0,31.588624766540306,8.946628961546915,0.283223123123216,0.0,11.883354832520123,-7.072169787581046,-0.5951324257546586,0.0,1.6602393211141984,0.870046518278888,0.5240488568208309,0.0,6.79175580227456,3.534904507504904,0.5204699065182915,0.0,
2021-01-24,151.0,28.520615831068426,1.2138860255958197,0.04256170458540711,0.0,16.838501327089034,8.792860054949873,0.5221878054434874,0.0,25.475007875553274,8.149018654147545,0.31988287084957623,0.0,8.206141482522066,-3.989246690199599,-0.48612940670059573,0.0,7.216382931612311,3.9229573655609213,0.5436182368282998,0.0,5.2967409093762345,1.1784392227024711,0.22248383352419798,0.0,
2021-01-25,154.0,30.716322814107116,12.963988299826404,0.42205534751941143,0.0,27.191476295301978,8.809703309026236,0.32398767957105506,0.0,34.53456729203026,0.42544665099578705,0.012319443512876149,0.0,8.508359995292262,3.2078091075210233,0.3770184981942381,0.0,6.2821265400852955,1.847593625510124,0.2941032170748089,0.0,2.2696987175950136,1.233231720219967,0.5433460003566934,0.0,
2021-01-26,159.0,34.3680591929151,8.888171658523031,0.25861721223860407,0.0,19.05383603936934,6.18399403371426,0.32455375499908745,0.0,40.303372207970824,-5.345220799241305,-0.13262465412718435,0.0,18.84534791986516,4.173202399761971,0.22144469911128237,0.0,5.3140923376704405,1.0898067595272494,0.20507862684316702,0.0,0.9595800924580484,-0.009144436570779145,-0.00952962305351174,0.0,
2021-01-27,164.0,40.74148916328704,6.121581588083137,0.15025424239032026,0.0,12.113169308948267,4.657157015777837,0.38447056232735816,0.0,25.5838750571711,3.602832940771057,0.1408243642810158,0.0,55.21249358937348,1.2415060977241628,0.022485963176332797,0.0,1.60790827705204,0.09337551673726921,0.058072663764418886,0.0,0.855153545067872,0.2744942778749138,0.320988294392357,0.0,
2021-01-28,176.0,25.08946761019615,-14.204237883882811,-0.5661434552764415,0.0,15.126144198497052,-6.314967843719572,-0.41748695244800277,0.0,33.14321979362285,-13.648227852822398,-0.4117954724316942,0.0,18.586872527390366,-10.307390816490425,-0.5545521873731601,0.0,6.917836120665009,-2.076116824917118,-0.3001107266353603,0.0,3.5710056992611436,0.21255764352862794,0.05952318798388001,0.0,
2021-01-29,176.0,21.790841157802785,-3.3621078317954542,-0.15428995179433735,0.0,6.7089268415656935,1.580020874561516,0.2355102256850336,0.0,27.64322973137314,0.848802370109957,0.03070561502249592,0.0,18.21292688122048,-5.975650199706009,-0.32809938999247606,0.0,13.564729424593674,-2.844037352004129,-0.20966414168554792,0.0,2.639307337660278,0.30190179926195915,0.1143867540373651,0.0,
2021-01-30,208.0,7.931440003834718,-2.894838723883619,-0.3649827424129809,0.0,9.469712915713892,-0.800038016580163,-0.08448387228852446,0.0,24.70288359308324,0.17564496098312832,0.007110301933832072,0.0,8.13035977192339,-5.241790371097034,-0.6447181327938936,0.0,3.0992947783160996,-1.9248364852932962,-0.621056279886708,0.0,4.203424815394095,1.0337626410777672,0.24593342012252595,0.0,
2021-01-31,192.0,4.878541294849123,0.38938132596061525,,1.0,8.190286012861176,0.797928259645817,0.0974237356781965,0.0,30.5312403186108,3.7334761846445663,0.12228380326785372,0.0,0.9700781962455889,0.0872019858782,,1.0,1.868598626781016,-1.5932258569180804,-0.8526313966433162,0.0,1.537083913564851,0.19650069067270298,0.1278399239876063,0.0,
2021-02-01,166.0,23.49969509256334,4.102156223348115,0.17456210419709975,0.0,6.438278646426619,0.03705401691748078,0.005755267665845209,0.0,33.809539299312746,0.25248650110805126,0.007467907174741763,0.0,18.378985726201787,1.5971074063161506,0.08689856067733123,0.0,13.791984736315495,4.329248662417662,0.3138959870669211,0.0,1.6701972312293882,-0.8759138725552706,-0.5244373874997587,0.0,
2021-02-02,172.0,37.41091092895658,17.959919417237884,0.480071694895209,0.0,9.8240693584521,0.041184858409777036,0.004192240191621184,0.0,24.315385229070664,7.2670599664751805,0.2988667421064309,0.0,17.329334661590106,4.185799518984927,0.24154415623714698,0.0,36.155670089669,24.67058436392434,0.6823434416438496,0.0,2.5502610695621044,1.0044404897053312,0.3938579079975525,0.0,
2021-02-03,164.0,41.97242581471801,1.2893528040605529,0.030719044206599794,0.0,7.23585978195478,3.304724135608019,0.45671478375652574,0.0,27.22424863144988,7.494978320263977,0.2753052406230841,0.0,48.99611525770888,5.527775383681885,0.1128206869995099,0.0,27.964680861288798,13.877850908024051,0.49626351814495434,0.0,1.097406239692638,-0.08722060547800548,-0.07947886782786497,0.0,
2021-02-04,146.0,19.435782010310504,11.255621811610865,0.5791185456618037,0.0,9.208017050623306,0.4740301407891536,0.05148015454174965,0.0,19.826861001027282,10.517570730583675,0.5304707956563942,0.0,18.981185008655302,5.851865739507966,0.3082982298965819,0.0,31.85730700564454,20.13861266740809,0.6321505036141282,0.0,2.716305646281392,0.12182586724284697,0.04484983764976004,0.0,
2021-02-05,148.0,19.09310900518176,6.73116231501674,0.35254406776758784,0.0,6.281557720074482,-0.06706152929782228,-0.010675939358721217,0.0,36.23919682059204,25.24361995367549,0.6965833177442669,0.0,11.589430972991973,3.5572282345272783,0.30693726403108557,0.0,13.086092125457068,6.365417939683614,0.48642619039037865,0.0,1.82358147415652,-0.03514308552096604,-0.019271464433592764,0.0,
2021-02-06,154.0,7.794957205602254,2.4279723300296627,0.3114798793615792,0.0,5.141667613926979,-0.48163808438157113,-0.09367351617148142,0.0,30.01409980675089,12.21093214328512,0.40683985932966704,0.0,4.610274494611072,-0.39411468853793313,-0.08548616551977804,0.0,8.056167766415452,-0.09274438428815465,-0.011512221068035275,0.0,7.39548702663887,1.060356597693201,0.14337887334177585,0.0,
2021-02-07,170.0,9.890590447415883,3.965274909258909,0.40091387165817965,0.0,4.909362384889385,-0.3971427345337118,-0.08089497238095207,0.0,25.735942641156726,-0.6514271837934814,-0.025311961286070165,0.0,5.842952357823372,2.9668173979439585,0.5077599843804242,0.0,2.8070186964614496,0.19079900261368996,0.06797211677079769,0.0,5.877405794883083,1.0002116862061436,0.1701791098169427,0.0,
2021-02-08,172.0,30.51615059285541,5.3100776892726245,0.17400876539506413,0.0,7.924511426135716,-0.7922506165834768,-0.09997469547088626,0.0,31.085683949087976,23.324099413487787,0.7503164302798649,0.0,10.675764582090771,0.34680285976685793,0.03248506063431188,0.0,12.26648647218098,4.745348245974023,0.3868547245974585,0.0,2.881085897119184,-1.1343064232588411,-0.3937079503228423,0.0,
2021-02-09,172.0,20.929108793367046,7.330867939196687,0.350271385732393,0.0,5.358378672040992,0.7433227466762272,0.13872157833016635,0.0,33.68888180364593,20.739930489274904,0.6156313115453526,0.0,13.589950188732466,1.0544495277019612,0.07759038944647594,0.0,4.131109746333088,2.0418562595342067,0.49426337834443324,0.0,1.737890866810623,-0.6078022150861718,-0.34973554824050046,0.0,
2021-02-10,160.0,30.72467410316312,1.7770224478194674,0.057836982805832986,0.0,5.548017323228118,-1.3389696869006409,-0.24134201623609214,0.0,24.842222401435713,12.540513722514152,0.5048064347813501,0.0,27.72270016942639,-0.8791179351122653,-0.03171112228388881,0.0,8.538679078519628,1.382429347967038,0.16190201496678255,0.0,0.7181213637231785,-0.0022562306380438657,-0.003141851436289532,0.0,
2021-02-11,166.0,18.95731576926482,-3.353548539891178,-0.1768999673112071,0.0,4.353673359488305,0.9867723876382032,0.22665282995740874,0.0,42.97307350367191,-9.886951006249632,-0.23007316442946124,0.0,14.669078455612173,-6.550688420129479,-0.4465644137054351,0.0,13.21496281366853,-1.7104736899263697,-0.12943461998676142,0.0,0.39816962750773444,-0.030470909256692148,,1.0,
2021-02-12,168.0,19.84838896395376,1.8034502709254876,0.09086129227922203,0.0,4.944457964338647,-1.8404800660098457,-0.3722309056491335,0.0,45.56646714796079,-0.3981145753760833,-0.008737007722879825,0.0,15.93993120243976,-1.21626879041416,-0.07630326473604844,0.0,8.358957206473855,-5.810531066342907,-0.6951263085594888,0.0,3.2674133466716677,1.5965454781617825,0.4886267235787889,0.0,
2021-02-13,158.0,9.926356796953765,1.0778962231588445,0.10858930876730453,0.0,1.9785186167355227,-1.2414093804816788,-0.6274438713798686,0.0,30.772813997871708,8.659063364635871,0.2813867904714448,0.0,10.792589502605546,-4.004490087874637,-0.37104071149077555,0.0,1.0808686646778312,-0.3859249561334076,-0.35705073959974426,0.0,4.65294482516037,-0.9358640718152411,-0.20113371359029286,0.0,
2021-02-14,159.0,5.193117016577158,-0.8883552344855707,,1.0,4.255521127284735,-0.6661128841583785,-0.1565290981373641,0.0,19.243416276927746,7.576652001731825,0.3937269709649213,0.0,5.578442077981887,-0.09531441013668102,-0.017086205934249463,0.0,3.0861732604607788,-0.9243959034525847,-0.29952819412172876,0.0,1.662643279654727,0.6017787290464998,0.3619409745976709,0.0,
2021-02-15,141.0,34.55179221371509,18.086244896956302,0.5234531622871098,0.0,3.229698640046984,-0.004490575484779498,-0.001390400772721684,0.0,19.700460194362677,10.062005992601993,0.5107497943363402,0.0,8.94519353852956,0.27556448331246286,0.030805871569522355,0.0,9.31980766751803,1.7106189514635295,0.18354659371625068,0.0,1.9129971952279385,0.18853578770120372,0.09855518250184324,0.0,
2021-02-16,151.0,40.97999499312573,22.710507499283473,0.5541852189853389,0.0,1.657442397394327,-0.669840805448544,-0.40414122777455425,0.0,19.026598547905447,11.111793237721564,0.5840136485638318,0.0,19.496758207547824,6.391680833382773,0.3278330051253519,0.0,9.358243645663599,4.068392460787509,0.43473889063282845,0.0,1.647466409340262,-0.04037752185780774,-0.024508858953899502,0.0,
2021-02-17,169.0,53.14330809332023,6.739949569115263,0.12682593182343557,0.0,8.302277110276913,0.6484116189886499,0.07810045489640646,0.0,22.100411444131165,8.705083964683043,0.3938878688611341,0.0,21.123335899952504,3.5213832162725076,0.16670582870769127,0.0,19.576846017131167,3.986611603860042,0.20363911532896903,0.0,1.5402075561069002,0.30389662089469643,0.19730887547574405,0.0,
2021-02-18,144.0,52.48685975301487,-0.25901560833737647,-0.004934865784621426,0.0,6.7669879967652316,0.08160756786234269,0.012059659024273856,0.0,23.26378643049247,2.558428235491821,0.10997471297872732,0.0,19.92048321750917,-5.912953778561216,-0.2968278286223503,0.0,9.212510911085694,-4.084061720413146,-0.4433168937144672,0.0,0.8223768637762918,0.153695452363579,0.186891751377612,0.0,
2021-02-19,157.0,30.750627077803074,-3.0255809814685453,-0.09839087098332769,0.0,3.831376615067704,-0.9738843285702123,-0.2541865304340495,0.0,24.81487659840786,-1.939135312518256,-0.07814406430063296,0.0,18.909702499353436,-4.61446933514328,-0.24402654326798948,0.0,4.434650303126539,1.686908195511537,0.3803926082564446,0.0,0.7752228487443,-0.048514251918650844,-0.06258103975809517,0.0,
2021-02-20,194.0,15.682567746887797,1.1092921166677552,0.07073408733642449,0.0,5.649393379819225,-1.4443808877023756,-0.2556700853691648,0.0,30.498966493149055,2.9342806494870297,0.09620918302743647,0.0,7.497082391360885,2.4908368357972392,0.3322408245996477,0.0,2.892900471037131,0.13757454545739306,0.04755592072203968,0.0,5.501881473945099,-0.7038112156144158,-0.12792191524797628,0.0,
2021-02-21,155.0,7.646418483665907,1.7171881973665937,0.2245741847683081,0.0,4.939610869638268,0.8376391552384305,0.1695759397540907,0.0,28.024475349287968,3.383965138777934,0.12075034756587913,0.0,4.511316350573901,1.171024990154461,0.25957501074059913,0.0,5.795730519916101,1.8730581035861795,0.3231789499442244,0.0,2.1097715788928277,0.9874902073656795,0.46805550764120996,0.0,
2021-02-22,157.0,27.242910018801922,12.485450415823056,0.45830090864764883,0.0,3.4489437536540146,-1.3229507579819433,-0.38358142448114185,0.0,21.165398669196286,7.070060919637336,0.3340386368401823,0.0,11.35531277102563,0.5781037772917212,0.05091042307234536,0.0,11.936501698430213,4.058373684334058,0.3399969092173615,0.0,0.6233767351586643,-0.07363003870752076,-0.11811483257998094,0.0,
2021-02-23,113.0,24.153771821584087,12.50405880538535,0.5176855564318771,0.0,2.8128186229951044,-0.4887770087641461,-0.1737676950686901,0.0,8.227665919563147,5.314349412094988,,1.0,13.478523514670085,-3.272345964582885,-0.24278222766916935,0.0,3.5077655379500317,0.7448460248990287,0.2123420213924341,0.0,1.3931096873711748,0.10264946708597956,0.07368369340656952,0.0,
2021-02-24,108.0,24.31873628194444,1.03202860870315,0.04243759201704015,0.0,2.189768262047433,0.32276055578229534,0.1473948460101044,0.0,9.907313271920428,3.38905268728433,0.34207585793109757,0.0,23.97865633796755,-3.865183280096224,-0.16119265506867178,0.0,5.747089946060438,-0.5963521702583162,-0.10376593647487779,0.0,0.8922792583107321,-0.4237522985192642,-0.4749099506375553,0.0,
2021-02-25,140.0,25.089230823876274,6.703489576793437,0.26718593423015713,0.0,6.1087859780964155,-1.5809039140312462,-0.2587918319122187,0.0,20.89642290511983,7.175337930977493,0.34337637420323575,0.0,14.127914629687437,-0.48172295411435706,-0.03409724412561903,0.0,5.569465332795511,-2.08940180859693,-0.37515303242729503,0.0,3.1673676220816493,-1.4168513057285375,-0.4473277101940437,0.0,
2021-02-26,156.0,18.590565923230315,-2.925347179152237,-0.15735654262664456,0.0,2.334533393339364,-0.8690207762730713,-0.37224602515965993,0.0,21.666556088952344,7.749902417555704,0.35768962938726273,0.0,9.973303726226726,0.6618872893848282,0.06636590116515433,0.0,12.937595044721087,-0.8502920750417857,-0.0657225761126856,0.0,2.459177300108416,-0.9603713556234119,-0.3905254637724058,0.0,
2021-02-27,199.0,8.602769266108218,0.2790197418540052,0.03243371212491325,0.0,5.776948861785051,1.8067696117822263,0.3127549948960328,0.0,37.49643806264794,-0.9889998577006104,-0.026375834847251856,0.0,7.33680445067875,-2.478985286691045,-0.3378835163668164,0.0,4.498401068914966,-0.25320999265168964,-0.05628888771199875,0.0,1.229372367015451,-0.21201485501092515,-0.17245780098802277,0.0,
2021-02-28,134.0,6.50905306685308,-1.3728612723075322,,1.0,2.9149453027493974,1.8825447714604713,0.6458250759233257,0.0,31.551848618830263,13.981142869994938,0.4431164410966063,0.0,3.390089547501698,-0.5847631538019946,,1.0,6.927992458113291,-0.00889839800512485,-0.0012844121957298093,0.0,1.1454847591448876,0.20238992307966455,0.1766849549624301,0.0,
2021-03-01,92.0,22.833387882485113,3.541863923169962,0.15511775744355624,0.0,1.62236758323706,-0.8817677008093171,-0.5435067304845633,0.0,24.891468359594,17.45137993890584,0.7010988539042735,0.0,3.460412966414874,-1.1881779815946891,,1.0,30.085053151364264,4.702555725379698,0.1563087059118741,0.0,0.30667388877918267,-0.05701601342531732,,1.0,
2021-03-02,171.0,29.2161850171251,-16.62970235539497,-0.5691948605078812,0.0,5.156000225164455,0.3290108296763544,0.06381125199928794,0.0,24.741193067049604,0.7001797377091479,0.028300160619240684,0.0,9.935829041380195,-4.753384788856492,-0.4784084719110862,0.0,46.275946360801754,-11.262956239561289,-0.24338683755372373,0.0,1.168681276059935,0.06017334057107759,0.051488238755689315,0.0,
2021-03-03,168.0,42.59190615295665,-1.7941987745367463,-0.042125345789723385,0.0,9.88538113399408,5.537885552138083,0.5602096142853078,0.0,21.872037073102547,12.3914595306649,0.5665434586293508,0.0,22.760048033102063,-4.45874535090344,-0.19590228212254518,0.0,51.47329681984411,-0.5407330421554364,-0.010505117712743274,0.0,2.630117825035989,1.1888643325251846,0.45201941951361696,0.0,
2021-03-04,98.0,28.24126398946828,6.072729542062362,0.21503037343962372,0.0,6.120364153415718,4.98623602553887,0.8146959724211995,0.0,3.6165494793967774,1.1442872760713132,,1.0,8.277763923615563,-0.22413206090234672,-0.027076401667233133,0.0,64.92994635225477,7.723021898388886,0.11894391312893322,0.0,0.36641319910995185,0.016195747046265304,,1.0,
2021-03-05,149.0,44.36243667040981,16.420474579422606,0.3701436578296708,0.0,2.5891085029070315,0.22697794861267218,0.08766644903364346,0.0,13.294551307189971,7.085871008618685,0.5329906098287422,0.0,3.985433241454296,-0.29575590419973874,-0.0742092230082912,0.0,82.02674870387273,37.868205215544464,0.4616567865228162,0.0,0.7524057485643357,0.19525673149977207,0.2595098879458871,0.0,
2021-03-06,116.0,17.797690766994492,3.0549362648108485,0.17164790111288902,0.0,4.297517944585702,0.6025353354091473,0.14020542628990326,0.0,17.431470220384654,9.69322803224902,0.55607633261557,0.0,4.4326249010337,-0.024599148600628534,-0.005549566938292466,0.0,27.2365786564842,6.860386725544735,0.2518813692450129,0.0,1.093515218468378,-0.13361714741369196,-0.12219047815433386,0.0,
2021-03-07,168.0,24.497864171869878,6.928569822161524,0.28282342385249165,0.0,10.03365268655761,2.0897124411514785,0.20827035840607974,0.0,22.455803976372408,10.90601772620673,0.48566587674535483,0.0,9.024589397049562,-1.4576004995674123,-0.16151432884513842,0.0,22.57961514525959,5.8381192274941665,0.25855707415455365,0.0,1.7866637443221345,0.38063857391778094,0.21304432640300558,0.0,
2021-03-08,83.0,36.48867080739001,6.405891668406428,0.17555837268561317,0.0,1.351499311051153,0.625680467015448,,1.0,16.38344836561009,10.326512592501905,0.6303015312806746,0.0,4.545196309569288,1.2895199352701783,0.2837105038907276,0.0,6.504055313380374,2.6360168867396347,0.405288202472191,0.0,0.2272942906274657,0.11106562016135117,,1.0,
2021-03-09,114.0,25.017751471648808,-2.8420782456850735,-0.11360246538965897,0.0,1.2065956369187862,0.10015787692618557,,1.0,25.89332153617579,18.403640119091552,0.7107485261548876,0.0,22.672101195283176,-9.034244596039143,-0.3984740769381655,0.0,10.023833225670383,-0.5823155319213926,-0.058093098599258465,0.0,1.1284368221531578,0.016465604979666208,0.01459151691651498,0.0,
2021-03-10,165.0,31.619454599211167,-8.765672673530895,-0.27722403136420887,0.0,8.613489719340572,-3.194693904446148,-0.3708942610418215,0.0,26.796427591936656,11.57685003245357,0.43202960516786104,0.0,48.61004872385092,-17.149203187130063,-0.35279131861301066,0.0,12.137277690882904,-0.356526720450683,-0.029374521167831017,0.0,3.118742229089542,-2.031141207982217,-0.6512693447496526,0.0,
2021-03-11,120.0,17.250232026832236,-6.3354186273629445,-0.3672657050356415,0.0,7.104094269452613,-4.3363325639880905,-0.6103990740430046,0.0,37.5383401086583,18.72860982901196,0.49891949869920227,0.0,14.775828480873313,-4.061294072999466,-0.2748606670858856,0.0,8.226819182949836,2.121466158548789,0.25787198081921486,0.0,0.8879490033868882,-0.22358129249023237,-0.25179519503646064,0.0,
2021-03-12,136.0,16.439107094520292,-4.562486642793511,-0.2775385923676074,0.0,5.84078056894213,0.10234939729510956,0.017523239588787848,0.0,44.82275589428173,0.8796718201771512,0.01962556301205423,0.0,7.581400225019017,-2.5421986671111894,-0.3353204674146869,0.0,12.434820075905005,-5.215763395513647,-0.4194482399966727,0.0,1.1961044246127073,-0.6382615593271175,-0.5336169202231514,0.0,
2021-03-13,181.0,5.801996392372526,-3.1555898527652264,,1.0,7.595070352457691,3.81400082624575,0.502167939104287,0.0,28.470354523771675,9.552689762179133,0.33553111374861866,0.0,3.099723535990048,-1.4298746067098231,,1.0,4.695875477416844,-2.3424075196953966,-0.4988223241779683,0.0,3.0344750025324125,0.2681977788673041,0.08838358485190367,0.0,
2021-03-14,183.0,7.30182146341394,-0.5635076508794163,-0.07717357288217651,0.0,13.002968792919997,-0.07588278382304181,-0.005835804502150257,0.0,33.15975919619086,4.661693521335832,0.14058285205736148,0.0,2.863934004140896,1.7147351861180926,,1.0,2.422171641890595,1.8491044207640785,0.7634076746604067,0.0,1.5513857600963044,1.1603035533620245,0.7479142732946041,0.0,
2021-03-15,121.0,6.90586091594741,-1.7973954211095515,,1.0,3.627935161784985,-0.8698195744564954,-0.2397560969718473,0.0,35.460112839879,19.262442212479964,0.5432143518397696,0.0,7.197499425543352,-0.30864124557127415,-0.04288173257450094,0.0,5.75577674832311,2.89305388713626,0.5026348334269781,0.0,2.6814839509097452,1.3568974566579755,0.506024828601947,0.0,
2021-03-16,180.0,31.868619477092576,-10.005800566996957,-0.3139703172328882,0.0,10.268857515518897,-1.44093149661104,-0.1403205268388835,0.0,36.781568655620504,-5.767551823967251,-0.15680548804124822,0.0,27.318830638432697,-10.415370720819936,-0.38125243567956296,0.0,4.413369614929245,0.7258295793631939,0.16446154360330648,0.0,2.0353825319907553,-0.34286555426088405,-0.16845263672649097,0.0,
2021-03-17,153.0,29.589505584597642,-8.46552965392602,-0.2860990573067439,0.0,3.845657123471022,1.7862354036148216,0.4644811917092071,0.0,43.05549943156075,0.28973959992770526,0.006729444641288238,0.0,29.229603572304764,-11.186060133907635,-0.38269626566220344,0.0,4.565157172473839,-2.032190365725018,-0.4451523329751609,0.0,2.4604066015308423,1.0131497076715525,0.41178141330021634,0.0,
2021-03-18,161.0,30.57576707917906,-17.80114906727149,-0.5821979550398066,0.0,4.608544549701032,2.04773598991169,0.44433464140962503,0.0,33.56681306594692,-6.477270259638555,-0.1929664948207329,0.0,23.695234621678537,-13.99528437649323,-0.5906370880028797,0.0,1.8928837858693375,0.7198466166907168,0.38029097299289066,0.0,0.8459654984544557,-0.031256909909327585,-0.03694820884117932,0.0,
2021-03-19,106.0,13.201775312358219,-7.213496492320508,-0.5464035193484874,0.0,2.768704674432225,-1.2583099579708006,-0.45447604780341583,0.0,38.01972963447042,-0.01780011033247264,-0.00046818087618209276,0.0,4.7943477070220935,-3.2648405311926263,-0.6809770026505884,0.0,3.731686196828373,-0.6527505527921805,-0.17492107277052527,0.0,0.22625266438989974,-0.026369018890377204,,1.0,
2021-03-20,92.0,9.491783863937597,-2.881324184409546,-0.30355981822938916,0.0,2.0225854714299163,-1.059913476859359,-0.5240389055647805,0.0,20.85766754177166,6.31115530489895,0.30258202611867296,0.0,4.6248604718348325,-2.17340774476524,-0.46994017614178496,0.0,2.3690840853814708,-0.5050334534651262,-0.2131766688153686,0.0,3.2087445303623063,-1.2660782803968438,-0.3945712313388465,0.0,
2021-03-21,62.0,3.147542539285493,2.4205773001500632,,1.0,3.153979233771677,2.382640542460652,0.7554395149302799,0.0,9.806833518057829,2.4230195553263187,0.24707460882910756,0.0,1.1284332327777498,-0.38886394375015293,,1.0,1.2318925668951102,0.5875067197147282,0.476913925372156,0.0,3.130638292823276,1.2336815484822221,0.3940670984924489,0.0,
2021-03-22,139.0,8.613769866286017,0.37791430735519693,0.0438732765353228,0.0,9.466826240255608,0.6772824235896416,0.07154271203475207,0.0,39.06183091417188,-4.472770773873151,-0.11450489311934432,0.0,5.508695031159727,0.33622303655417063,0.06103497010677441,0.0,0.3407380323405897,0.058052918872278265,,1.0,4.386787995972549,2.7173598288725276,0.6194417946267974,0.0,
2021-03-23,161.0,19.651158580811167,-13.611630163574787,-0.6926629851161133,0.0,9.656578680966042,4.589283866785581,0.4752494665456886,0.0,47.46889146682224,-31.69014091223804,-0.6675980823016996,0.0,13.893877351489202,-10.607386134471831,-0.7634575911478655,0.0,5.830852241226232,-2.5265233507098963,-0.43330258531445254,0.0,1.2341171080261057,-0.503383388003557,-0.4078894820676197,0.0,
2021-03-24,121.0,64.90104371667258,42.89009310868245,0.6608536727994764,0.0,91.91438012578874,65.75183718020641,0.7153596324124932,0.0,4.045298362529133,1.0067027842120084,,1.0,11.366648615643495,1.7814428612809101,0.15672542730221964,0.0,2.8993735174954005,0.6419372249479488,0.2214054936607412,0.0,1.1402704978318012,-0.17004000752873033,-0.14912251772895782,0.0,
2021-03-25,100.0,48.340746234578546,0.32988845650927,0.006824231775580204,0.0,73.69635667042166,8.401855362396642,0.114006387045301,0.0,20.07130483619403,-15.78906028866649,-0.7866484225875795,0.0,3.7774836005264616,-0.14610191854044688,-0.03867704905987809,0.0,0.9148279022410812,-0.27563077052469676,,1.0,0.45016352977836055,0.040892326026927224,,1.0,
2021-03-26,125.0,70.00342230850947,36.531185949846865,0.5218485717577012,0.0,97.30251436724211,49.69466056346106,0.5107232930888298,0.0,6.621040716578132,0.8584402682484626,,1.0,3.409708029837924,-0.7577931716405377,,1.0,1.4044198540141175,-0.4718094615151107,-0.33594616322646204,0.0,1.8092011238477372,1.0487686273718513,0.5796860357578,0.0,
2021-03-27,115.0,37.22608846149524,10.63216972388828,0.2856107145096819,0.0,91.1852105018479,36.47054628304724,0.3999612007509502,0.0,3.9374293465953034,-0.22164488474119606,,1.0,4.091459105213284,-1.5687095677482845,-0.38341078999163286,0.0,1.8320798639033409,-0.2156639166667111,-0.11771534686660873,0.0,1.598889504602988,0.4167902802821687,0.2606748490638568,0.0,
2021-03-28,66.0,26.71372220723424,10.559346940591631,0.39527800950674313,0.0,50.46799382858444,23.302746456769814,0.46173316371397805,0.0,1.107049418613312,-0.045925374504734766,,1.0,2.61358181829564,-0.8842873735639971,,1.0,1.0228812415007238,0.004569812389284037,,1.0,0.9866322259113046,0.44488912135202385,0.45091687628700877,0.0,
2021-03-29,75.0,29.73031848591927,-8.584118802440127,-0.28873282358228675,0.0,46.08085413904337,-4.4255163616166815,-0.09603807143555163,0.0,3.0794772061926743,-1.2181054054431408,,1.0,2.3183232441224355,-0.9865629332376048,,1.0,9.156878676134507,5.7679588211889055,0.6299044712934645,0.0,6.120786223051251,-1.2831435231424566,-0.20963704275605322,0.0,
2021-03-30,141.0,41.897543660277734,-3.1056153067285184,-0.07412404249542899,0.0,52.49398947395093,9.471409361771816,0.18042845393703233,0.0,7.989671505580186,-2.1606793042490846,,1.0,12.320680871511282,-5.374448098204084,-0.43621356272860284,0.0,39.15708304096188,-9.995031944035869,-0.2552547628121368,0.0,6.541226826753694,1.8666748725274975,0.2853707602513913,0.0,
2021-03-31,144.0,31.106765156786423,-3.083269911304562,-0.09911895035578455,0.0,41.94085528035066,21.763511722173273,0.5189095829519124,0.0,15.519230956953828,-3.857792194490527,-0.24858140233823472,0.0,12.929670465906378,-3.464528970438634,-0.2679518383375727,0.0,41.3422851330979,-4.708458938738312,-0.11388966341797113,0.0,3.25265118607785,1.5348227667491237,0.47186823269539135,0.0,
2021-04-01,140.0,41.037163291279285,-5.871612677077715,-0.1430803741331087,0.0,19.538599151906958,6.228175889145755,0.3187626626005011,0.0,18.083964527933855,1.859236158538382,0.10281131417098645,0.0,5.522021636468702,-1.8047347617859515,-0.3268250073246848,0.0,77.8507815186531,7.452519429695738,0.09572825454436973,0.0,1.131892952180345,0.1130353507179502,0.09986399376390873,0.0,
2021-04-02,157.0,42.62212878593709,1.2566089254955368,0.029482547242223787,0.0,42.269009113872016,15.017185688029993,0.355276501693568,0.0,15.353873856103743,3.1466990482077644,0.2049449590180678,0.0,3.1675225230064754,-0.36112195047612183,,1.0,41.97766844084981,3.1173247286259986,0.07426150247050001,0.0,1.6150077217025611,0.5276205309855313,0.326698457162364,0.0,
2021-04-03,117.0,26.209260071336757,8.236619073302277,0.314263701107308,0.0,63.599161928126705,27.177098020102996,0.4273184928256725,0.0,8.92120191671711,-0.19442458935580087,-0.021793542077718907,0.0,4.65856254365644,-1.5510844404855275,-0.3329534434602875,0.0,17.02582824385172,-1.8812690649443367,-0.11049501016925217,0.0,4.026607203581074,1.3081201335740351,0.3248690690292947,0.0,
2021-04-04,174.0,15.6267148050756,1.88854602422,0.1208536821575956,0.0,64.7867872716015,38.784716995955385,0.5986516484196184,0.0,9.796326893032525,3.4800565115217226,0.3552409540352165,0.0,5.19993153130053,-2.2727168922813163,-0.43706669570568324,0.0,8.741974416785519,1.0082752880274288,0.11533724991135107,0.0,2.1361485429661062,1.3998691743032001,0.6553238907063269,0.0,
2021-04-05,185.0,30.589508856530298,-15.523275722447643,-0.507470577420981,0.0,42.08404147498368,14.966329261779801,0.35562956259028367,0.0,18.38692855590488,-2.287740769467379,-0.12442212751910005,0.0,6.48031806306971,0.29584481575307686,0.045652823345052905,0.0,31.31638564348395,-22.00320804875904,-0.7026100744591284,0.0,4.797096460417372,2.4374995558887176,0.5081197711993981,0.0,
2021-04-06,172.0,32.92854230559897,-1.865427821001881,-0.0566507865331377,0.0,45.771625578614476,14.853766576404023,0.32451909646276655,0.0,34.191328154935036,19.7954522211627,0.5789611954078334,0.0,9.465343731106254,-4.182166068727975,-0.44183985151896726,0.0,20.797188694399658,1.9616277689428097,0.09432177578265874,0.0,7.544610349701537,5.242929390639724,0.6949238128443749,0.0,
2021-04-07,197.0,29.991409596252197,-3.0275043404424613,-0.10094571683022148,0.0,45.85419092318625,16.466771482127445,0.35911159156012923,0.0,42.17301789070916,10.442189513399175,0.2476035635026162,0.0,25.492329449232784,-10.371866020381937,-0.4068622305010297,0.0,9.607417715335025,-0.29394897684102606,-0.030596044176556928,0.0,5.748705566002165,1.0979197071106244,0.1909855522265255,0.0,
2021-04-08,,,,,,,,,,,,,,,,,,,,,,,,,,
2021-04-09,148.0,19.962980917844106,-2.5741162097157786,-0.12894448080220722,0.0,27.87919292711012,9.69688761341437,0.34781808923833585,0.0,21.672063618418175,-3.2226715388074885,-0.14870164630140137,0.0,13.304924939162444,-6.348492722042616,-0.47715359170168,0.0,10.266797689633673,-0.5743841882341424,-0.055945797861985225,0.0,3.730549242129195,1.1766743626131353,0.31541585065408584,0.0,
2021-04-10,191.0,9.10074079148762,-0.8373433024820436,-0.09200825753275522,0.0,16.32188302259601,5.793170749389508,0.35493274528248026,0.0,22.197005201735006,0.7749122060045548,0.03491066470282147,0.0,7.500727111124428,-3.791390109952929,-0.5054696769770317,0.0,7.823947935852624,0.5514045344570243,0.07047650866006618,0.0,3.461579171082114,2.1994056794115595,0.6353763905749438,0.0,
2021-04-11,165.0,11.677344119481855,2.499920011342066,0.21408292722754768,0.0,23.277356429854986,14.10791540942952,0.6060789356361378,0.0,26.44130383772426,14.624387619864391,0.5530887474240029,0.0,10.353535240195919,-5.158341149631622,-0.4982202725891346,0.0,3.5942641979490815,1.3487763791938745,0.3752579957710115,0.0,6.664656135435502,4.029488257802331,0.6046055754291402,0.0,
2021-04-12,167.0,14.941027588320132,4.2567372173430265,0.28490257394817015,0.0,27.950723319590907,11.617238166285276,0.4156328275820559,0.0,30.164198672267958,12.01887062809563,0.39844819876303933,0.0,11.489190703294295,-2.1081331237219634,-0.1834883916686576,0.0,3.5867278673758793,0.563513680001952,0.15711079871086783,0.0,2.5857743375381625,1.290074177020486,0.49891212790390926,0.0,
2021-04-13,104.0,15.413445639816928,10.226493035979715,0.6634787104034695,0.0,36.824522709532175,23.275775208386648,0.6320726922106615,0.0,23.739806825949927,18.602268234304145,0.7835897052864832,0.0,7.607687597948821,4.349100912294004,0.5716718590635352,0.0,5.7149286685889775,3.5714791314574486,0.6249385317943523,0.0,0.5722281253474595,0.41882269657128535,,1.0,
2021-04-14,126.0,22.31192088087846,11.555839637840135,0.5179222219160702,0.0,52.623503662180156,33.513865693143906,0.6368611620444021,0.0,26.133802961412584,17.49412791894145,0.6694061306259982,0.0,13.163610188203162,2.0056913100199365,0.15236635553196323,0.0,2.773849795506971,1.2428057476429148,0.44804363583637,0.0,0.43908139886479497,0.2624143703022261,,1.0,
2021-04-15,177.0,23.439403913624115,1.6385257656257537,0.06990475404851756,0.0,44.33220344597066,17.643512016716397,0.39798409835909043,0.0,35.684375788332545,22.889921892406296,0.6414550174054171,0.0,19.145699248438174,-3.9680270492289873,-0.20725422444691763,0.0,4.471440559711476,-0.4935031334975415,-0.11036781701720424,0.0,4.1573724991321725,0.5008305993881712,0.12046805993273797,0.0,
2021-04-16,183.0,16.258053926387213,2.582912915860301,0.15886974711457752,0.0,18.950085141332234,7.325544492713761,0.3865705319041516,0.0,46.61748511916812,23.85061185966359,0.5116237351434628,0.0,11.512946265364,-1.550536993513215,-0.13467768873185063,0.0,4.4725713472653235,1.2578392979789739,0.28123403749569204,0.0,3.5262272557811167,-1.5432908300881039,-0.4376606265401462,0.0,
2021-04-17,183.0,9.442691446878593,1.1420551111037676,0.12094593130873603,0.0,12.287808660978042,3.823720319281107,0.31118000164048454,0.0,21.712609213078395,4.037663831049619,0.18595940227292299,0.0,8.689562935869612,-1.0846983089500282,-0.12482771768330331,0.0,3.979976799600985,-0.1834754867054414,-0.04609963724508038,0.0,6.5599643480454635,2.780616053469979,0.42387670205836736,0.0,
2021-04-18,136.0,7.557295835445981,-0.06277762042432944,-0.008306889367739661,0.0,13.674030502399544,1.709146960262821,0.12499218573213632,0.0,20.21526480131433,1.891229029329014,0.09355450190323762,0.0,9.765484651012226,-2.0973384040438723,-0.21477053919965722,0.0,1.923337914071448,-1.2188328190376814,-0.6337070621446733,0.0,3.903229509996886,0.7667641346657172,0.19644351752872685,0.0,
2021-04-19,165.0,20.338172655297967,-1.4673944807000097,-0.0721497700688347,0.0,30.095227666221035,11.257689604935228,0.37406892979151274,0.0,34.84453685328481,-2.8255443071419464,-0.08109002335255838,0.0,18.497631277699835,-7.934053661384158,-0.4289226843303556,0.0,1.250443834636819,-0.03277906504186366,-0.026213944308329584,0.0,2.9904471453191888,0.8183558393877162,0.2736566806300695,0.0,
2021-04-20,162.0,33.31670687368023,5.9968355034884375,0.17999484541570523,0.0,16.690286519034995,1.3844000707838207,0.08294645326818897,0.0,24.29478159455175,8.276772669001366,0.3406810897554017,0.0,18.670490060001605,-10.06615331633845,-0.5391477826232047,0.0,3.645335039407648,-0.743013636981059,-0.20382588402677954,0.0,2.080518898379517,0.5571691212856863,0.267802960943857,0.0,
2021-04-21,194.0,25.014124912595435,-15.461728481312502,-0.6181199036679877,0.0,17.050347069365664,-0.3384445006668343,-0.01984971328090541,0.0,34.984854894530145,-6.866604631840741,-0.19627363476400556,0.0,22.686323645000808,-15.306363161501476,-0.6746956184271139,0.0,7.68852926442923,-2.9978947379417766,-0.38991784187015516,0.0,2.8721463916808654,-1.1172051001523382,-0.3889791632447107,0.0,
2021-04-22,193.0,21.265970440173987,-6.470662191238432,-0.304273073709092,0.0,17.56980498330085,6.539967536115145,0.37222766799808144,0.0,31.506398951307347,-2.3747502383930783,-0.075373584968032,0.0,34.15677718738152,-22.559318115162498,-0.6604638953904746,0.0,5.6390475815569445,-2.019623110064158,-0.3581496841185615,0.0,8.689613460264802,0.8166184754480958,0.09397638677281403,0.0,
2021-04-23,181.0,17.869354328395268,-0.6011578666463933,-0.03364183481946655,0.0,24.5795490705932,8.919626194674187,0.362888113571846,0.0,44.36899648967665,4.134519548147086,0.09318487852455862,0.0,11.919349336691077,-5.24159810063753,-0.439755388702505,0.0,3.064098608730995,-1.755746349237402,-0.5730058243669087,0.0,6.470616207414418,0.8539840366611808,0.13197878058084098,0.0,
2021-04-24,150.0,10.173484607235874,5.952826676975014,0.5851315362232008,0.0,13.838675868784772,11.146553602159042,0.8054638830946088,0.0,21.64103091803554,0.6660025710881765,0.030774992818532177,0.0,4.6286844317146425,-0.677283046562557,-0.14632301176592966,0.0,0.8711509915519815,0.5024310450609236,,1.0,0.6362516866429313,0.043520710542693096,0.06840172129416643,0.0,
2021-04-25,149.0,9.266465190521554,2.1794889916450373,0.2352017675385415,0.0,16.26671036235348,8.84423208157812,0.5437013314042023,0.0,17.399816493110848,0.41913332583786356,0.024088376219588984,0.0,4.33724456990603,-1.145511768879054,-0.2641104854513363,0.0,1.9810221747829884,0.6839274069299616,0.3452396523551699,0.0,3.26649052399443,0.08513931883058512,0.02606446221263561,0.0,
2021-04-26,203.0,31.04753665172757,-8.76514356896912,-0.28231365558212185,0.0,28.59620148415706,14.758734952668387,0.5161082306978799,0.0,46.776643960300134,-14.633933779429814,-0.31284702236974926,0.0,11.087308078727794,0.33319400643615804,0.030051839821735173,0.0,14.451677023702352,-1.1079016420656849,-0.0766624966949236,0.0,9.211370185512344,1.8608778021725851,0.20201965230963972,0.0,
2021-04-27,181.0,23.103603729694438,-4.462579621247135,-0.19315513170404244,0.0,23.303460246526807,7.670482045449578,0.329156355507024,0.0,30.30636295421573,19.09848346292521,0.6301806485911084,0.0,12.22194652759935,-5.604152072867269,-0.45853187626145203,0.0,40.25146495997615,8.560237830860224,0.212668975883786,0.0,3.855835674235998,1.1355606356002539,0.2945044165621129,0.0,
2021-04-28,194.0,21.367977318273912,-5.958964281681164,-0.27887357764017523,0.0,18.221868585569602,6.013709175430442,0.3300270302790386,0.0,45.524219051003456,20.818536101159758,0.4573068255786119,0.0,16.00171053774829,-7.306491678460004,-0.4566069146935181,0.0,29.596577380492814,3.708397860620436,0.12529819961765754,0.0,2.570780910900785,0.44571365333090457,0.1733767554601646,0.0,
2021-04-29,115.0,8.337800788838646,-2.106943228536546,-0.2526977175272639,0.0,18.147291450368353,8.377636821945233,0.46164667850612956,0.0,34.70778633325244,21.824572685875555,0.6288091230112857,0.0,4.999809301858472,0.13920544523586528,0.027842150936461,0.0,2.9288555449311335,-0.7286698042801749,-0.2487899430688065,0.0,2.763573509349949,1.7578329314344328,0.6360724350147329,0.0,
2021-04-30,125.0,12.151584141945929,-7.732009637253214,-0.6362964323773367,0.0,16.610799233094436,4.850716011162308,0.29202183128539716,0.0,30.60642034719058,-0.7605936187756989,-0.024850786539155508,0.0,8.777050200689697,-5.7633535976709265,-0.6566390149184796,0.0,3.9760747134569048,-2.0113489549411736,-0.5058629678496291,0.0,1.5502088299472188,-0.2609060680121613,-0.16830382008664252,0.0,
2021-05-01,132.0,5.047118582930121,-0.8685073911681326,,1.0,8.438434852170756,4.625914937062164,0.5481958465167465,0.0,19.776462291367352,-3.4808230838834233,-0.17600837968896194,0.0,8.371877639758164,-3.0714418640633783,-0.3668761054840384,0.0,4.318271270545662,-3.0675482415098996,-0.7103648773603518,0.0,3.4550639028020638,1.0985838796107155,0.3179634040110696,0.0,
2021-05-02,150.0,10.133574484207198,-3.0210506802671167,-0.29812290667772884,0.0,6.162793719784527,-0.15268114662946541,-0.024774664473891185,0.0,30.069929675708405,1.898590276771288,0.06313916584597266,0.0,2.2704057446535395,1.154210638800162,,1.0,2.5604991739237404,-2.190475214845012,-0.8554875694368224,0.0,2.7442018335495906,-1.027515420637084,-0.37443143141844115,0.0,
2021-05-03,186.0,16.94641287856211,-4.683016748417014,-0.27634265622910775,0.0,11.144044839442353,2.225872472135858,0.19973649641625457,0.0,63.09338751118048,-7.369635716229229,-0.1168051995135511,0.0,11.229616258628077,-0.9683367462362724,-0.0862306176751381,0.0,2.7057114984854627,-0.907572883145963,-0.3354285494421641,0.0,2.2381728837499315,-0.7915688793795599,-0.35366744237081954,0.0,
2021-05-04,162.0,14.53963070537429,3.254556818584611,0.2238404045146503,0.0,18.70037025811325,2.5155465910750197,0.13451854462526683,0.0,32.362245799187804,10.423761695627535,0.322096363778596,0.0,8.932725617894897,2.7678681858975294,0.3098570698682011,0.0,5.299108410741603,-2.812241024309422,-0.5307007908365952,0.0,3.138299528480268,-0.0008621140110349756,-0.0002747073704123001,0.0,
2021-05-05,197.0,38.37917602016387,8.452891380732758,0.2202468176047274,0.0,22.093877305298513,9.965039709646947,0.4510317302819976,0.0,36.74564587735949,14.459456152396942,0.39350121101847363,0.0,43.20180668971443,7.588127775546973,0.17564376022620298,0.0,9.52374378775857,-3.264188617259931,-0.3427421705165552,0.0,7.164680106652661,4.212238838840738,0.5879172239566599,0.0,
2021-05-06,168.0,13.204094354652618,-4.188327919893507,-0.3171991813598106,0.0,15.10877190280734,0.9733234232784935,0.06442108131221715,0.0,32.61036959940975,-4.792822513233444,-0.14697234567130435,0.0,22.666887560306346,-9.825500612285463,-0.4334737438540799,0.0,6.0116400533151975,-2.7878978569778994,-0.4637499637790983,0.0,4.293412141945732,-1.2783502554566346,-0.2977469232379119,0.0,
2021-05-07,214.0,8.796203042060363,1.0385885512801272,0.11807237126223218,0.0,15.176742411837033,7.287976996598164,0.48020693761751787,0.0,43.0390421124539,4.2301356975322975,0.0982860093976918,0.0,10.403176397652707,-4.910076781300687,-0.47197861437863914,0.0,5.27061548306664,1.1776528188679631,0.22343743774356328,0.0,5.184461284858109,-0.20089897693494446,-0.03875021258654124,0.0,
2021-05-08,134.0,10.812429110883382,6.539053982082908,0.6047719633602909,0.0,17.806534129704232,5.253091674743255,0.29500921608210284,0.0,15.028698318688837,6.766711459612756,0.4502526643440608,0.0,7.9046318660984936,-2.5393424662721285,-0.3212474039636051,0.0,0.7614588778742422,-0.17818416068679982,,1.0,1.9182654531541579,0.6111878589508674,0.31861484965279746,0.0,
2021-05-09,141.0,19.799554869168787,9.9373259380382,0.501896431697678,0.0,17.761839413287817,7.410724550565094,0.4172273140258803,0.0,16.47859003119811,2.911919589779446,0.17670926846692894,0.0,6.532076506409789,-1.7924067560497217,-0.2744007597416948,0.0,0.5926460801856539,0.0710016554019783,,1.0,2.255633868888248,0.6458408546065791,0.2863234426094603,0.0,
2021-05-10,140.0,45.42472663796798,24.575418954487255,0.5410141298229859,0.0,35.19659636771394,21.30581487531155,0.6053373642360348,0.0,16.61374513420014,1.3663335402614873,0.08224115208369415,0.0,8.388840689323839,2.7819220843054118,0.3316217564896493,0.0,1.9472099508711775,-0.9374311304269444,-0.4814227299976254,0.0,2.2795071237560416,0.21220408864699,0.0930920927754471,0.0,
2021-05-11,140.0,30.178454322958714,-7.252786113255059,-0.2403299398848732,0.0,32.78907880617044,0.09048600236737947,0.002759638442491141,0.0,33.14173411381489,-0.3234688931621519,-0.009760168012068995,0.0,11.409865500187149,-2.5821650100651605,-0.22630985527592828,0.0,8.879279983237208,3.006867644711716,0.338638679080764,0.0,2.4424407857441057,-0.6659283065253903,-0.272648700599925,0.0,
2021-05-12,104.0,18.8482890354353,-4.295671466094524,-0.22790776701368193,0.0,17.688274545012973,4.695505847315234,0.26545867067848533,0.0,33.846921207688865,23.113943370967526,0.6828964805731526,0.0,20.00031095033046,-2.1015317511766307,-0.10507495390424956,0.0,4.084413352007682,-1.2192815203681495,-0.29852059899099465,0.0,1.809178587798665,-0.10552579168280993,-0.05832801272051833,0.0,
2021-05-13,141.0,15.141013830419977,-6.621182679896055,-0.43730114469569825,0.0,15.779935829443271,-4.462028712446717,-0.2827659605637408,0.0,37.10307080329221,-5.400515805056821,-0.14555441606675923,0.0,12.34665056099038,-5.4904395277691584,-0.4446906066262513,0.0,0.794028003103443,-0.02586608564234172,,1.0,1.7646148910134756,-0.9517920001102875,-0.5393766112693532,0.0,
2021-05-14,103.0,16.91720539200469,-2.4905767696103998,-0.14722152458984045,0.0,12.974005246927845,1.4520520170717641,0.11192010404154877,0.0,16.41989849958918,-3.355521163344124,-0.20435699790885295,0.0,7.406949462005283,-3.14943976169975,-0.42520065485192365,0.0,0.5734617685375231,-0.1463511061021592,,1.0,1.7840984846552561,-0.9260757143809133,-0.5190720816961292,0.0,
2021-05-15,163.0,9.422970360523319,0.18199183079795245,0.019313637190284578,0.0,10.560265443906243,3.0491349222541997,0.2887365794402157,0.0,19.885214261659712,1.5581604755477605,0.0783577413370908,0.0,8.014239205767804,-1.2050203235629533,-0.15035991472474478,0.0,2.9742359924421136,1.488543327470061,0.5004792260105204,0.0,7.386387715050656,1.8449659044782485,0.24977918512440228,0.0,
2021-05-16,135.0,12.223271012946496,2.81518601412931,0.23031363790817985,0.0,13.619820420528411,3.8792135603074547,0.28482119738234785,0.0,22.020650602076785,4.039458918509958,0.18343958094176352,0.0,12.032741996015824,-1.894214284898315,-0.15742166544628902,0.0,1.7341958624383502,-0.4021589078257087,-0.23189935839211195,0.0,7.3432638027006725,2.0351382684011923,0.27714355946911756,0.0,
2021-05-17,180.0,16.34091693712253,-4.917656408872025,-0.3009412769059687,0.0,12.846056458525702,0.7841746377840614,0.06104399745679293,0.0,45.74583387859457,5.289824320260999,0.1156351053584405,0.0,11.451709755339829,-4.888472283117168,-0.4268770679275833,0.0,2.6937600049714026,-0.8226942092293729,-0.3054073888212275,0.0,5.051753928506507,1.3630315089640372,0.2698135198693262,0.0,
2021-05-18,141.0,15.039503710202553,-2.975059845303404,-0.1978163576824129,0.0,4.950596318485618,1.9115860626384118,0.38613248579782483,0.0,31.35490418275003,21.288323340636662,0.6789471661772285,0.0,8.994846506669996,-5.3863883040510965,-0.5988304858851009,0.0,0.9684238447662153,0.5904640435471719,,1.0,8.398030032629318,-7.229010761878867,-0.8607983936460816,0.0,
2021-05-19,146.0,25.262336806656094,-13.131843369132206,-0.519819028209308,0.0,6.167604602771457,2.194205264665805,0.3557629592013443,0.0,28.157646686406224,-7.9551035973123465,-0.28252018664446354,0.0,21.97009606379288,-11.631847710176125,-0.5294400022831772,0.0,1.6515577055542898,-0.8623644362858802,-0.5221521678508089,0.0,6.197308038601472,-4.976742491397334,-0.8030490755661099,0.0,
2021-05-20,139.0,28.948179463550332,-15.024930476634678,-0.5190285107757154,0.0,7.040109862195091,1.251325516007226,0.17774232796092554,0.0,19.38997513150389,0.5240344925271736,0.02702605284293263,0.0,15.306063381271088,-5.1905180207331085,-0.33911515269722237,0.0,2.846497341059143,-1.1730645737336423,-0.412108086950526,0.0,18.697597963597214,-14.36106906725744,-0.7680702673796568,0.0,
2021-05-21,110.0,18.928848061856115,-6.259899865201409,-0.33070685784708964,0.0,2.8015214107872413,-0.5621644386840837,-0.20066398083536788,0.0,20.740091774699977,6.509255097291545,0.3138489052026245,0.0,4.868375409379945,-0.8476594658114671,-0.1741154686177803,0.0,2.3742157109445508,1.174482687258872,0.4946823836792906,0.0,14.305741383352142,-2.623345892606035,-0.18337713665499863,0.0,
2021-05-22,202.0,8.397037616450683,1.1922126814985936,0.14198015251985094,0.0,8.48025491996668,4.099128092010609,0.4833732158639773,0.0,21.881675879136306,6.207458472765136,0.283682954955192,0.0,3.4508152735797877,-0.5237290400453147,,1.0,0.24269897217163272,0.045353203574221124,,1.0,4.201687680091704,1.4875925587344168,0.354046438478252,0.0,
2021-05-23,118.0,7.79372040556336,2.564060819188186,0.32899060856197676,0.0,38.60187600476638,21.295741047906265,0.5516763238469748,0.0,15.159480193455234,3.1466928855841396,0.20757261102809144,0.0,6.871782893344058,1.2863563214186229,0.18719397009247413,0.0,1.8998105962673386,-0.5667507706093812,-0.2983196176097277,0.0,3.38351681536005,0.47182792962568776,0.13944896844719218,0.0,
2021-05-24,168.0,21.704733246566317,12.909148471255005,0.5947619039868748,0.0,30.446481843682704,19.121921118572864,0.6280502692149452,0.0,32.49846923144651,6.077400667863008,0.1870057517042166,0.0,6.664179974948631,0.6752527078275183,0.10132570104136832,0.0,3.272675478045124,2.200828502082796,0.6724860185029475,0.0,13.556199275961257,8.882541412695149,0.6552383328007176,0.0,
2021-05-25,178.0,28.01360336799553,10.144369072623142,0.3621229635960612,0.0,21.709267009762698,7.941469150207664,0.3658101006651385,0.0,26.874059828507598,8.57544260606098,0.3190973995289048,0.0,19.97714890914358,0.7608658509190219,0.0380868088023698,0.0,3.469249990339442,0.09960219144197022,0.028710006981141428,0.0,9.74857973927282,0.6752813373098173,0.06926971470412252,0.0,
2021-05-26,189.0,27.318741843548192,-2.9674652529905305,-0.10862378911828804,0.0,11.11662271430395,4.901513172337947,0.4409174709177712,0.0,44.29600286917412,-0.1966226290157035,-0.004438834573774477,0.0,24.60302238877193,-3.0077702693162403,-0.12225206406709181,0.0,3.304035031607775,0.0016935626171765278,0.0005125740499041936,0.0,5.06114733188587,0.4822404683666789,0.09528283544098841,0.0,
2021-05-27,161.0,20.541320325915873,-8.771652064461925,-0.4270247445289681,0.0,17.38744421070441,2.597195781189481,0.1493719116919175,0.0,30.822755800851155,1.0504963744397418,0.03408184463540839,0.0,13.635971539704762,-2.0096854485830002,-0.14738117065815706,0.0,6.424518471874756,-2.3520791653520727,-0.36610979883535244,0.0,8.51176394175854,0.8388279934840015,0.0985492547988471,0.0,
2021-05-28,173.0,12.15267542450601,1.2151071213802394,0.09998679952646163,0.0,28.93635943256231,5.501827316652626,0.19013543598927574,0.0,39.12919802198303,22.95747731018949,0.5867096304220657,0.0,9.219645996789035,1.1239300755416055,0.12190599030950226,0.0,6.957824234334105,-2.1343390097659274,-0.30675379800970115,0.0,2.0951836256644967,0.10499478491642683,0.05011245011192147,0.0,
2021-05-29,117.0,8.506011226781991,1.9525958831363648,0.22955482082934825,0.0,23.046823557684547,14.73049607931278,0.6391551548283174,0.0,14.489722193735359,3.641425086252625,0.25131089730809314,0.0,3.0534949051216214,-1.5286977616778215,,1.0,6.686821279014109,2.0412368682563153,0.30526266264398666,0.0,11.14701456638431,5.347342110221539,0.4797106954849906,0.0,
2021-05-30,197.0,11.406678586157788,-1.9052961018249022,-0.16703338201683124,0.0,29.058168135336018,13.361288346019519,0.45981179143125683,0.0,28.70803863790934,3.4162560533156867,0.11899998102985956,0.0,6.95611303456098,-0.9318155861530854,-0.13395636061740548,0.0,7.646325834612067,1.8494966651300198,0.2418804410293422,0.0,10.56175164337764,3.8828252148178235,0.3676308008295581,0.0,
2021-05-31,171.0,14.253917855414326,-2.8778201901948663,-0.20189678510752265,0.0,18.99964956476469,12.476782261490783,0.656684862473952,0.0,37.27960049222747,16.657539788836626,0.4468272076120988,0.0,4.562172418678523,-1.5850284417583431,-0.34742843897545234,0.0,19.846000411642304,6.691664955583616,0.33717952316770433,0.0,2.5047955345871675,1.0951663906464804,0.4372278597290705,0.0,
2021-06-01,110.0,30.020547785468807,-17.154401079395814,-0.5714219874328628,0.0,1.8848519571620224,0.1793974792920342,0.09517855161534745,0.0,26.13461286148231,20.1475331909579,0.7709137800411698,0.0,5.353594328422328,-2.3519910921777405,-0.43932934546253866,0.0,44.921080115716904,-16.914307935313854,-0.3765338654311633,0.0,1.1658276275193156,0.5316550172962288,0.45603226819002474,0.0,
2021-06-02,166.0,24.160885300290825,-6.457022343867453,-0.26725106566313317,0.0,4.19142549253592,0.17130686406991635,0.040870788321295266,0.0,38.41609244601568,23.63648235109558,0.6152755485038155,0.0,5.620674528807278,1.7180322536044823,0.3056630026875179,0.0,45.05175538674666,-0.7893177791191492,-0.01752024471284755,0.0,0.9225492510668041,0.09830055666079984,0.10655318027425471,0.0,
2021-06-03,187.0,20.563900971174004,7.722252350034502,0.37552468088906743,0.0,19.165598404149925,5.221531058364362,0.2724428921162067,0.0,37.98881803662516,9.480165117862676,0.24955146297846942,0.0,24.334777124124226,-0.4294520313927471,-0.017647666514562437,0.0,10.197564649271948,4.484603379054002,0.43977199785383847,0.0,2.3110398183343843,0.4064057570035126,0.175854069574802,0.0,
2021-06-04,172.0,10.321161173655124,2.252915700208374,0.2182812245931171,0.0,11.064903575650526,0.5782991030213878,0.05226426954989425,0.0,38.48655238315405,12.969584446035721,0.33699003009977685,0.0,7.171453447052038,-3.3432117599911453,-0.4661832897158994,0.0,15.2307714065173,5.540473701684913,0.36376842339805093,0.0,1.7548229057356295,0.7522002098877878,0.4286473623231298,0.0,
2021-06-05,99.0,5.122811190543867,0.4939656218487305,,1.0,7.758545312128261,1.2728764436030224,0.16406122441706245,0.0,20.795380438503344,7.655373984771457,0.3681285854524342,0.0,4.519711282096974,-1.528884800732431,-0.3382704569622612,0.0,6.301223122311055,1.4152252072311247,0.22459531741070496,0.0,1.5987042889537375,0.007689991471081903,0.004810140014145188,0.0,
2021-06-06,106.0,5.085806544564544,1.8141876877241614,,1.0,7.711772449976703,0.5525463367445511,0.07164972000000082,0.0,14.150476606271692,0.36907852178104106,0.02608240923966195,0.0,2.87127347604837,0.7217996250332419,,1.0,2.3702495339239213,2.0838398221562344,0.8791647429232741,0.0,3.320003794098736,0.94329251909594,0.2841239280426819,0.0,
2021-06-07,138.0,11.568459494155828,-3.939133911242352,-0.34050634946099173,0.0,10.287506985259819,-1.3562234449356112,-0.13183208010248157,0.0,26.65207083322457,1.7073760713024475,0.06406166642683638,0.0,10.542256352644468,-4.589177742753779,-0.43531266829824417,0.0,9.884677107562307,-1.8270351166689127,-0.1848350833100186,0.0,10.857048108082378,-9.229139503889106,-0.8500597411020591,0.0,
2021-06-08,158.0,13.480076684732918,-3.4046080110852097,-0.2525659230812206,0.0,8.574115821968,0.532958862099199,0.062159046269667714,0.0,32.90456613191054,0.07428275350090807,0.002257521135611308,0.0,13.566524495887275,-3.587498440669661,-0.2644375456482771,0.0,6.471324259648094,1.6686943710335571,0.25785979871827647,0.0,5.477975016015984,-0.01768790646175089,-0.003228913313776837,0.0,
2021-06-09,152.0,19.980493969880627,-5.885775306051659,-0.2945760657831636,0.0,10.95974737467622,0.8955164041540757,0.08170958449491922,0.0,35.349914003199956,16.124886456875146,0.4561506558521043,0.0,19.141507874759547,-8.381084148642948,-0.4378486900551052,0.0,2.0986302938472305,-0.6704432885213532,-0.3194670783543726,0.0,5.880768098650145,-1.2935083316827503,-0.21995567755505588,0.0,
2021-06-10,138.0,7.351837603098824,-3.0214082367199246,-0.41097320150902017,0.0,8.352037349664892,3.040803828285244,0.3640792899959014,0.0,38.21919563766278,6.476490791279071,0.16945649125322954,0.0,13.391449726739662,-1.4855902962623753,-0.11093573336544671,0.0,4.132690229140275,0.5405225999778687,0.13079194665173677,0.0,5.972973602736595,-1.8387235719067176,-0.3078405655541961,0.0,
2021-06-11,178.0,9.301355996634804,2.693439763054343,0.28957495703086944,0.0,12.936830064863894,-1.8848053750361022,-0.1456929839524743,0.0,58.61889982024877,25.099109715709396,0.42817435660980097,0.0,7.3108901571831595,-0.3996770811638135,-0.05466873015061228,0.0,7.080088965078168,3.380214626406861,0.47742544522808006,0.0,3.2838384698625243,0.9351808063491287,0.2847828280628795,0.0,
2021-06-12,207.0,6.4136877543278334,-1.7809703223249866,,1.0,5.2146055510966045,1.0079753197362589,0.19329847864030422,0.0,41.24922495271312,21.008143660355945,0.5092979003711962,0.0,3.8095036490267313,-0.8167818693187101,-0.2144063753626762,0.0,0.7750384576938752,-0.036387092062320055,,1.0,5.585885475389654,1.0191836171323445,0.18245694825335626,0.0,
2021-06-13,181.0,5.077868218664657,2.064948321025144,,1.0,14.826756842354364,5.57671367467423,0.3761249836338919,0.0,36.425814543734305,8.380661594963897,0.23007478899069603,0.0,4.773691144546313,-1.408776554163001,-0.29511263119157866,0.0,1.9312846037646467,-1.5903527398212074,-0.8234688645687632,0.0,5.72864575581479,2.513593192100748,0.4387761609363534,0.0,
2021-06-14,177.0,13.035963700334829,2.7934103734209463,0.21428491499628813,0.0,15.153346240425885,-1.0781657952062869,-0.07115034383164633,0.0,55.283879633010656,43.66359426158846,0.7898069844489787,0.0,6.1763912284222835,-0.7238416970421608,-0.11719492342246934,0.0,1.4779897655243912,0.4641037418274142,0.3140101187796453,0.0,5.4580104784326915,2.126180091809484,0.3895522187454709,0.0,
2021-06-15,180.0,18.90505347341968,5.50878682150642,0.2913922898579324,0.0,15.833126125922712,-2.231642847056455,-0.14094770857681152,0.0,43.10047803285124,21.413413789360593,0.496825435974034,0.0,13.810150029836215,0.8553207712783222,0.0619342128384152,0.0,3.110635669356264,0.3043924466424859,0.09785538359285867,0.0,9.765681567871063,5.949651614327969,0.6092407962494116,0.0,
2021-06-16,170.0,18.36403058248106,4.77406387104752,0.25996819432450124,0.0,11.599950178839201,0.9927152693377883,0.08557927008589347,0.0,50.17970287287608,24.37753559519555,0.4858047018921764,0.0,19.144858627871137,0.7848091512485764,0.04099320692324409,0.0,1.3162855966002027,-0.45172973749703427,-0.3431852013452053,0.0,0.6892668909131248,0.15070958744036794,0.21865200465484622,0.0,
2021-06-17,155.0,13.050689862204301,-2.307842234530443,-0.17683680011538036,0.0,14.683107458280567,1.8168193649539548,0.12373534485912625,0.0,19.442152922085363,1.7015898952294983,0.08752065175336488,0.0,12.76930691262532,-3.623088370667273,-0.2837341443398967,0.0,2.158152876821981,-0.7571745026227681,-0.3508437751350387,0.0,1.3622353107057221,-0.28806725510903125,-0.21146658939548013,0.0,
2021-06-18,168.0,13.41011410780629,-4.792114681582974,-0.35735077591870673,0.0,11.374190196562262,1.9871007657784623,0.1747026145544009,0.0,29.809361649880884,0.4710919685987336,0.01580349066618191,0.0,7.440624422910326,-1.7122819091104828,-0.2301261039111474,0.0,8.012721572682489,-1.0329621070876782,-0.12891526277530002,0.0,2.0188250218488917,0.8816949349288316,0.43673667870499877,0.0,
2021-06-19,91.0,5.915768188300715,-1.0176073784381845,,1.0,9.327788222653906,3.1698967599300123,0.3398336973636957,0.0,15.094544422478066,3.5060923605291894,0.23227546737403257,0.0,6.604498929191322,0.5894211461357951,0.08924539960641131,0.0,5.316091222724934,-0.6636636461796086,-0.12484053007642454,0.0,3.055934147523655,0.8802741066479821,0.2880540169235332,0.0,
2021-06-20,156.0,9.304043265976357,-1.6403623790583641,-0.17630640057929978,0.0,15.308503160806138,5.193162971588588,0.339233883093448,0.0,24.819168885296676,-0.5638304450300637,-0.02271753931954132,0.0,3.4903983671611014,-1.514766658960472,,1.0,3.1848736464307827,1.932423681589023,0.6067505013125551,0.0,3.0627987419866214,1.1325417643143894,0.3697734848812787,0.0,
2021-06-21,160.0,25.41839460164192,3.3177855999359736,0.13052695309567894,0.0,13.129148986547072,0.7532317935637589,0.05737095331430592,0.0,20.357788985333173,8.589130855251529,0.42190882622074494,0.0,10.866117194847897,-6.106070997246401,-0.5619367882523444,0.0,0.36529463653277466,0.12412610891109341,,1.0,6.58370160824415,1.5713461858733235,0.2386721451509398,0.0,
2021-06-22,157.0,20.526629659943858,-5.794207771795772,-0.28227760074527597,0.0,7.779770239721978,2.7137760112465417,0.3488246988825627,0.0,26.722612075784127,11.351011037032467,0.42477176276187034,0.0,13.58915340937528,0.9460312233834601,0.06961664166148751,0.0,23.151271420065314,-13.51971171346543,-0.5839727532954339,0.0,2.544590466422955,0.7837570723706,0.30800912080456017,0.0,
2021-06-23,157.0,28.591152165317908,2.0817160520845417,0.07280979934099116,0.0,23.586915700179812,16.34272549994109,0.6928725106613453,0.0,18.277177940850372,6.888843654450291,0.37690959056941686,0.0,33.87745015590917,0.4449466936002937,0.0131340077707319,0.0,6.754503558651772,0.5282965040254125,0.07821396486625921,0.0,12.944845009165867,10.528481572112746,0.813333922859473,0.0,
2021-06-24,146.0,21.3870571419684,2.30139000889054,0.10760667040882685,0.0,13.796612218196966,7.765529466648173,0.562857703313997,0.0,27.840901957504684,-0.8656629359666276,-0.0310932072993879,0.0,22.98954539679107,-1.410391973802867,-0.06134927635410018,0.0,18.426147556572683,1.8724853247322417,0.10162109681273655,0.0,5.471386949247966,3.6365957824060313,0.6646570268450627,0.0,
2021-06-25,188.0,17.00137922955764,1.5937357863276238,0.09374155854113557,0.0,15.812929581545173,-0.551978789765696,-0.03490680122991852,0.0,30.943546665017493,14.261350819721388,0.46088287726384725,0.0,11.148076449768263,1.1809057387703261,0.1059291030243046,0.0,21.02943829176365,6.927774561866873,0.3294322209538137,0.0,4.021189028942891,2.509462210613708,0.624059747639719,0.0,
2021-06-26,141.0,5.893666638730788,0.4502946530543238,,1.0,8.831573011142606,0.6180963627465921,0.06998712029745473,0.0,16.70466211393068,8.242750080935638,0.49344009622688995,0.0,12.794799390219849,-0.734407359236875,-0.057398895976301496,0.0,4.415894199912142,1.8260709772646653,0.4135223568764389,0.0,4.923922744157603,1.4174155720634052,0.28786308106584646,0.0,
2021-06-27,135.0,2.6047050074193936,1.3851647703069279,,1.0,11.892984634047023,0.10258641808065161,0.008625792535455654,0.0,22.45554607498343,-0.3704643917872825,-0.016497679038854362,0.0,3.8317141561419668,-0.24468353874924734,-0.06385746138109935,0.0,5.119368890671463,1.229322082896467,0.24013156878312544,0.0,0.775311663164753,0.1181360140102525,0.15237229055478393,0.0,
2021-06-28,150.0,18.483515256288225,-11.183853851069902,-0.6050718002499592,0.0,9.113523144696952,0.3299799969245534,0.03620773126763437,0.0,20.836831546228495,1.0168144492963243,0.0487988995371213,0.0,7.357519175653573,-2.691329124338618,-0.3657930152930312,0.0,31.670131788021536,-12.676910234755619,-0.4002796805395788,0.0,2.901477935396537,0.07875474943019489,0.02714297719428692,0.0,
2021-06-29,175.0,27.814711411840108,-2.5502334385696686,-0.09168649643023406,0.0,14.568384232014061,-0.9379727168220353,-0.06438412811496541,0.0,34.746372474051896,15.55295816987702,0.4476138676488244,0.0,13.534408507919576,0.04141908223355051,0.0030602801895121155,0.0,31.082950908996278,9.443389414427626,0.30381251259173225,0.0,3.178355659074435,0.946780593666539,0.2978837786650503,0.0,
2021-06-30,155.0,35.64387107560469,-1.1177602820670975,-0.03135911584059434,0.0,4.932432361332752,0.10106058768597932,0.02048899615496655,0.0,31.149894098285582,7.815686813879383,0.2509057266525198,0.0,21.588012645763225,-4.77331680795707,-0.22110959847403375,0.0,41.430871379161545,2.768372754858926,0.06681908110316338,0.0,1.404364815607543,0.3937385864459279,0.28036773783426955,0.0,
2021-07-01,163.0,28.23370789202454,-8.511184517951214,-0.301454720382492,0.0,3.540219313224946,0.7734548570271365,0.21847653735399838,0.0,18.668119798967375,7.130474887916051,0.38195999193826,0.0,7.007327055289346,-3.013680131095713,-0.4300755633806038,0.0,67.69227307084657,4.856648090761809,0.07174597439915857,0.0,2.873843211404158,1.8916147436529014,0.6582177956495614,0.0,
2021-07-02,155.0,30.63312038791628,-11.034135445792707,-0.3602027905111912,0.0,5.632836162149028,0.657694671950248,0.11676083823807254,0.0,17.719311501379703,5.274886816061038,0.29769140949129497,0.0,8.730488973917085,-2.77397724769628,-0.31773446550172857,0.0,59.398940997591126,-14.799847877129661,-0.24916013027454237,0.0,4.167206521189649,-1.4745761598561158,-0.3538524314449277,0.0,
2021-07-03,162.0,13.239811627485322,-5.066830552712976,-0.38269657418648145,0.0,3.630668454999973,-0.2885942059015012,-0.07948789857252427,0.0,19.76711514501949,3.919814131714572,0.1982997570944087,0.0,4.158641000452912,-1.1294367454344196,-0.27158794070260317,0.0,24.70718669071357,-6.468148134701506,-0.2617921747089328,0.0,5.2191800371510855,-1.8869293210210365,-0.3615375035138711,0.0,
2021-07-04,102.0,28.769343628642673,-2.856851567143141,-0.09930193764653247,0.0,31.9768227715831,23.74978673957287,0.7427187781982716,0.0,8.184992625225274,0.3425203421289103,,1.0,4.501657624728973,-1.933389553367447,-0.4294839178232371,0.0,33.70954666197213,-7.217015328430357,-0.214094108140941,0.0,18.35340155868471,9.327103174900392,0.5081947967561832,0.0,
2021-07-05,140.0,43.01332986455236,18.345963175159834,0.42651808713556244,0.0,35.322262068839336,30.087951598338062,0.8518127049649267,0.0,5.220448130421568,1.7211433127482274,,1.0,3.3097264803363875,-0.4536457190537774,,1.0,74.1038116284908,9.77164415345117,0.1318642582440962,0.0,29.32774675033579,20.656491078412486,0.7043327008467153,0.0,
2021-07-06,176.0,50.52119573862001,20.6379047231462,0.4084999260492548,0.0,9.89831686652905,7.607892822862555,0.7686046956718958,0.0,19.577277449192472,12.103530578421488,0.6182438089174006,0.0,5.102956913251537,0.7708307155225025,0.15105569743706482,0.0,96.49637987560709,33.69916932384687,0.34922729088167104,0.0,8.201754719768353,5.872475164850364,0.7160022904240453,0.0,
2021-07-07,86.0,17.19859155503218,3.9158045381204394,0.22768169856180484,0.0,36.45770355496643,18.005836652645844,0.49388290805258384,0.0,8.475529246701623,2.305529647881281,0.27202190928413256,0.0,6.102583735599179,-4.150405715763227,-0.6801063116187985,0.0,17.37925508927583,-7.250487467076991,-0.4171920735285731,0.0,17.24521249407553,9.623642018502983,0.5580471694279856,0.0,
2021-07-08,134.0,31.979233264435607,-7.149656846815833,-0.22357186576974722,0.0,20.690512507673702,9.374144346327308,0.4530648693622559,0.0,23.41745160173741,-0.581438009415852,-0.02482926064306303,0.0,21.36390862493135,-4.8635180912865765,-0.22765113709627677,0.0,23.4258987949288,-9.421352115284519,-0.4021767616158249,0.0,8.856792235368625,5.142926859554969,0.5806760193625471,0.0,
2021-07-09,131.0,34.34648384019965,1.5150290441770187,0.04411016426676565,0.0,7.229566585039715,0.630307284489714,0.08718465720946832,0.0,18.37208151174127,7.28344757077792,0.3964410655441082,0.0,35.016302448289935,0.6986174403969465,0.019951205340101932,0.0,22.211080995242806,-6.45607242083145,-0.29066898734979263,0.0,3.202354821005423,-0.7982675210460378,-0.2492751633297808,0.0,
2021-07-10,174.0,10.314921635312201,1.83972708644806,0.17835589561339182,0.0,3.3400021124252763,0.5838247246435877,0.17479771119655219,0.0,24.990363940785755,1.3024690308929354,0.05211885004872733,0.0,11.094955189291793,0.08309540915836389,0.007489476770358005,0.0,9.436128447727238,1.4055762200017108,0.14895687651859532,0.0,4.903428472549416,1.3475640378335605,0.27482078006797717,0.0,
2021-07-11,185.0,9.973680221810351,2.71175518511728,0.2718911299348899,0.0,14.417572890990408,-0.6441157378351854,-0.04467573999488468,0.0,25.195203882780334,1.4295780964460605,0.05674008843497019,0.0,6.935765354632163,1.2457746366420945,0.17961602980269278,0.0,5.0142253942176405,-1.1887994696303363,-0.23708536736327193,0.0,1.8417055885074602,0.5603284416196623,0.3042443076223486,0.0,
2021-07-12,196.0,11.141706301270453,-5.618432427355605,-0.5042703761375359,0.0,12.694658875967427,2.9100378843765298,0.229233247841389,0.0,46.15400633963145,-4.545127860737652,-0.09847742853115761,0.0,12.71289892199274,-4.911182987588215,-0.3863149559926171,0.0,17.645711483906776,-3.6032985165679468,-0.20420250664611758,0.0,2.9570475481595997,-0.547960885885246,-0.1853067551200807,0.0,
2021-07-13,186.0,28.01721374577755,3.4390521002118346,0.12274782679737849,0.0,23.784883853484637,11.319962295248011,0.47593094694004845,0.0,37.28292203458841,9.612463268848964,0.2578248362596476,0.0,30.500625128312095,3.8754379747271552,0.12706093591274606,0.0,23.684832384038597,-0.7021505107158399,-0.029645576516261304,0.0,4.053650378496961,1.3352826733729877,0.3294025257965371,0.0,
2021-07-14,134.0,34.026714362509665,-15.407106869500518,-0.4527944339661526,0.0,4.500972344787437,1.2806037426365644,0.28451713197474493,0.0,23.47766451278585,-6.290909997403232,-0.26795297266375134,0.0,17.103566748301088,-2.858206692906122,-0.16711173376687818,0.0,39.27958484277042,-17.863403114387275,-0.4547757616556152,0.0,18.654984501721625,-4.4284395340321865,-0.23738639577124795,0.0,
2021-07-15,192.0,26.995719471335175,-17.807760472197753,-0.6596512640126722,0.0,7.122990684765675,0.5330752097821017,0.07483867849528687,0.0,35.36808458859741,12.683095465795477,0.3586028368040173,0.0,26.769475332679573,-13.943230457692032,-0.5208630458539637,0.0,28.229724171353155,-6.507830495905761,-0.23053114002827385,0.0,7.793295650393695,0.443217065993595,0.05687158371454892,0.0,
2021-07-16,183.0,28.291907432037984,-11.032798110698309,-0.389963035797462,0.0,6.912180295432329,-2.8495525181151056,-0.41225089571204215,0.0,29.549982218777583,3.3200010925076135,0.11235205043195977,0.0,13.812613660287749,-6.189205176520316,-0.4480835654091103,0.0,7.09100604115519,-0.4100527551192774,-0.057827162004853695,0.0,2.4584376357233784,0.8840425585401874,0.3595952753465166,0.0,
2021-07-17,195.0,13.95402815762645,-2.014861697517074,-0.14439283587197504,0.0,7.325232523420704,2.2398518705997787,0.30577211896528617,0.0,31.410231495166954,4.1444055445527495,0.13194444444608577,0.0,6.692429965223703,-2.7139922519474924,-0.4055316627966795,0.0,18.865597080388394,-6.6067156611927365,-0.3501991287654873,0.0,6.047265352171957,2.2011153458414996,0.3639852425280031,0.0,
2021-07-18,62.0,30.53299976582639,-22.121699412391912,-0.7245177212214602,0.0,1.8709722293424391,0.8274233800844304,0.4422424700420229,0.0,3.389542147793687,1.1802346744068646,,1.0,3.6529419736471005,-0.9998921914060961,-0.273722440328775,0.0,50.21492916340503,-20.00722847450686,-0.39843187689065707,0.0,16.736825219893944,2.131549109729556,0.1273568363010642,0.0,
2021-07-19,187.0,52.06262102866458,-40.05533752655376,-0.7693684400656688,0.0,4.1071355478416,-3.2757252422518173,-0.7975693044689725,0.0,21.071402119370752,-5.025257664009625,-0.23848710377891513,0.0,8.7465717715313,-1.5198368414116254,-0.17376371921607647,0.0,95.26504633537115,-52.49663795731426,-0.5510587563512545,0.0,14.80228778396849,-1.2276784886566758,-0.082938428611441,0.0,
2021-07-20,169.0,30.244420345501563,-9.945724485864492,-0.32884493642953155,0.0,6.1982811300476826,-2.776112150238824,-0.4478841943423543,0.0,20.107066399388707,-1.814336904843958,-0.09023379486622261,0.0,19.75210099806281,-4.60401077189152,-0.23308967346527132,0.0,26.265515851053348,-2.0855415753657613,-0.07940226977427223,0.0,3.7343450043626882,0.06793595026094187,0.01819219975164988,0.0,
2021-07-21,166.0,22.11613317574665,-8.270848895429513,-0.3739735526868514,0.0,8.716240177513093,2.588235228291169,0.2969440005759044,0.0,26.51873190142214,-2.751196493497072,-0.10374540169281365,0.0,41.98640409228392,-9.741313976928003,-0.232011151884241,0.0,4.783174243573733,-0.08717537805233078,-0.018225423874000033,0.0,3.908287942031159,1.7170056248705081,0.4393242387300079,0.0,
2021-07-22,169.0,22.78092284844024,-3.6210377360651362,-0.15895044112811527,0.0,21.302408874595127,-5.0768346794541115,-0.23832209349378577,0.0,30.787792964212713,13.501781561726535,0.4385433401290184,0.0,20.520104221432117,0.6489989214855695,0.03162746711625986,0.0,8.85394439336232,1.1397800996463516,0.12873133701865452,0.0,3.322188301695853,-0.5949287974713626,-0.17907738618177474,0.0,
2021-07-23,195.0,18.570137266862726,-6.809194397747319,-0.3666744246364786,0.0,14.673919550041312,-1.8335354189235153,-0.1249519879586878,0.0,33.40088440406544,2.454742426303389,0.07349333618257745,0.0,18.981947585867598,-8.871192662477565,-0.46734891782560434,0.0,5.209433993164559,-1.3439706234516136,-0.25798783998704544,0.0,2.717846657404145,-0.6928863354083339,-0.2549394512456121,0.0,
2021-07-24,184.0,8.404145832246282,2.7716397466958504,0.3297943422234784,0.0,6.9918876910160135,1.2191093717953059,0.17436054834830353,0.0,24.115190380456625,2.4329026179761657,0.10088672656500497,0.0,8.451857105217636,-0.1690076089391177,-0.019996505718818083,0.0,3.099902896406997,1.943459514167623,0.6269420620949862,0.0,9.10695273119199,2.336978625305958,0.25661477491824813,0.0,
2021-07-25,161.0,5.963212818365713,0.14804927530878476,,1.0,8.12723763329995,0.6131889218382067,0.07544862713571597,0.0,24.285854753317835,3.1042688958097306,0.1278220975683649,0.0,4.309616307415121,-2.003077227591298,-0.46479247448196387,0.0,3.2567525667836845,-0.8356115166504999,-0.2565781401918833,0.0,5.395301358497814,1.789280729334349,0.3316368466640257,0.0,
2021-07-26,135.0,10.219321674943782,-1.8199618964352413,-0.17809028371203056,0.0,11.412727103685024,2.2381050878453763,0.1961060724147799,0.0,38.14559424210893,-17.498616737259724,-0.4587323145681395,0.0,7.648339292783926,-4.088961814449643,-0.5346208710049654,0.0,2.1408621249283835,0.11664222634856997,0.05448376380261849,0.0,0.8744997690882832,-0.31243021363479384,-0.35726734834992635,0.0,
2021-07-27,192.0,17.797821723775993,4.654679701697226,0.2615308645034392,0.0,23.058871760877075,5.138371730667998,0.22283708344247946,0.0,26.011527388080133,-3.932489991313084,-0.1511825865756411,0.0,26.4387353431739,3.4842041271294315,0.13178406916611474,0.0,2.241699676545969,-0.4454171775003112,-0.1986961867196296,0.0,3.123454830434631,-0.16891171103929983,-0.054078486870833234,0.0,
2021-07-28,167.0,39.628658585344965,-3.485642563310841,-0.087957621775264,0.0,12.64646141699631,2.8134327198597067,0.22246797954711442,0.0,19.855076791594904,-3.8510233120795765,-0.19395660628770775,0.0,49.12276402862335,-1.2303547442480705,-0.02504652921263052,0.0,5.072092215152217,1.2850247551359395,0.2533520095113994,0.0,4.251658432003744,0.6001684719329868,0.1411610272865067,0.0,
2021-07-29,154.0,24.702871971741843,3.564216084244207,0.1442834698864728,0.0,29.528354875408695,17.596784514668578,0.5959283742327018,0.0,20.161472283667532,5.713494452236175,0.2833867671888516,0.0,25.046993715543064,1.8832245822192317,0.07518764940842322,0.0,0.9139614964296865,-0.3507589022147086,,1.0,1.9464189274149186,0.305317631203178,0.15686121158340616,0.0,
2021-07-30,187.0,7.314014023970223,-1.1849589166406447,-0.16201211985062894,0.0,13.382289406210468,5.0817090041208,0.37973390425725473,0.0,32.11925651287311,6.727297294808421,0.2094474787145892,0.0,8.525227861427988,0.0014923718374074135,0.00017505360110778778,0.0,2.6454867335269165,0.2200319633642952,0.08317258241206617,0.0,1.5007974659092667,0.23501306160339624,0.1565921231490168,0.0,
2021-07-31,193.0,6.093541509093478,0.8681740763614281,,1.0,13.459216322306016,5.94315784761408,0.4415678970672653,0.0,33.86535974268918,9.680059910878722,0.2858395713031941,0.0,9.303757705820313,-1.7426804708092432,-0.18730931371085086,0.0,1.4874833492794952,-0.11599253305283896,-0.07797904635976143,0.0,3.859337071815384,2.33249949427735,0.6043782781533957,0.0,
2021-08-01,160.0,6.8112557109197915,0.1007794038480313,,1.0,8.569339328991187,3.7470782217404226,0.4372657071780984,0.0,27.60639851252199,7.469122769865189,0.270557666784288,0.0,7.298428393420176,0.24782047202908852,0.033955320059385466,0.0,4.257883339480027,0.6970008747122522,0.16369656449943273,0.0,4.730821325676511,1.4898418161525893,0.3149224444530339,0.0,
2021-08-02,157.0,18.900882312933387,-12.077257079432487,-0.6389784815055078,0.0,13.017581620661069,0.10943699531170759,0.008406860698150942,0.0,49.37936415342847,-8.276825337803421,-0.1676170902502144,0.0,12.14400334267702,-2.519103539775794,-0.20743600513704105,0.0,6.351286806027924,-3.314248489615249,-0.5218231503055001,0.0,2.364605399321584,-0.36403440920570224,-0.15395144124687585,0.0,
2021-08-03,165.0,22.094729986252784,-2.698611550316537,-0.12213824527367376,0.0,29.641617304601823,10.513589598027725,0.3546901469642651,0.0,24.507773262434057,-1.117224994065242,-0.045586556644774574,0.0,21.289345814278928,2.3158849639643573,0.10878140569312729,0.0,5.0826847022471995,-2.0749283396833857,-0.4082347147691457,0.0,2.4160260599164687,-0.2910544920123228,-0.12046827509070232,0.0,
2021-08-04,196.0,29.121298466277945,-13.067652902463669,-0.4487318076697654,0.0,22.11789328556187,9.605824845401257,0.4343010756667206,0.0,33.43248802005837,-7.1816937559114855,-0.2148118247018502,0.0,28.065173214665265,-21.41895259867909,-0.7631861893332895,0.0,4.32270509933732,-2.8971080761791903,-0.6702071988726049,0.0,3.8364399842393975,-0.03428153133167089,-0.008935766354355588,0.0,
2021-08-05,185.0,20.33751561150711,-1.822953600103932,-0.0896350190911466,0.0,21.53887948382907,2.6642501442025024,0.1236949278723048,0.0,29.24148563775088,-0.8381596996406064,-0.0286633760686406,0.0,14.629957859186103,-6.588767626027547,-0.4503613536993534,0.0,3.6717853654554284,1.2104696857161727,0.3296678768602349,0.0,3.4744694842083783,1.192854075476443,0.3433197732482668,0.0,
2021-08-06,174.0,17.289247762397274,-0.13718578753279909,-0.007934745884732312,0.0,17.13298090332682,5.791413921978059,0.338027220987184,0.0,39.33627239906491,3.0890597496467174,0.07852954947810839,0.0,9.630177695034941,-3.1149214394268263,-0.3234542017882801,0.0,2.1802837911163744,-0.33897245336354265,-0.15547171186828757,0.0,2.859457329628634,1.39791316086911,0.488873586741251,0.0,
2021-08-07,186.0,6.230838592884533,-1.0717333966723515,,1.0,9.824649920054068,3.292261745173543,0.33510219417115117,0.0,24.320419387280708,-4.180390443630233,-0.1718880902940567,0.0,6.6207837311521835,-0.02790511995388445,-0.004214775936961205,0.0,1.072335602337257,-0.18891584028775554,-0.17617231012007395,0.0,3.18850336913601,-0.28220672371089683,-0.08850758209716632,0.0,
2021-08-08,113.0,3.627382199403652,-1.7617828208822774,,1.0,4.478313705170873,0.6714489511571438,0.14993343373463477,0.0,17.79377014451893,0.37326167892628703,0.020977099057405996,0.0,4.0701868423202505,-2.6729505809599745,-0.6567144665614988,0.0,1.5342930001424941,-0.8270625729425343,-0.5390512587007322,0.0,0.7783446884350228,-0.05439750637999489,-0.06988871021830845,0.0,
2021-08-09,135.0,17.32029281937866,-15.933497899564994,-0.9199323629065864,0.0,11.836931544086834,6.082121459122892,0.5138258539782828,0.0,32.97515240566281,-16.833622536416243,-0.510494154183967,0.0,4.178506337077118,-1.2328107699717594,-0.29503623317085015,0.0,2.1991389771719634,0.36951340890191536,0.16802640157699364,0.0,1.638206530973543,0.17653071817236626,0.10775852423653733,0.0,
2021-08-10,124.0,11.857006667967653,2.054916607301841,0.17330821048227202,0.0,9.360933766409286,1.8604017254409448,0.19874104142439278,0.0,20.118490594628383,0.4763554671538747,0.02367749533263003,0.0,9.83382432490907,0.4469985447569013,0.04545520948799688,0.0,1.8105920510424722,-0.1719183981251602,-0.09495148176872636,0.0,1.2738956105313224,0.6716594636512307,0.5272484323665201,0.0,
2021-08-11,133.0,28.70888434869994,-11.431194853548392,-0.398176213143791,0.0,2.818160003487714,-0.8937762216686451,-0.3171488561907488,0.0,22.87069016462192,-0.5594223882348961,-0.02446023203533456,0.0,8.40356312544463,-1.5063070631510436,-0.1792462364672658,0.0,28.8959266947204,-19.24382360122754,-0.6659701142148728,0.0,0.6658750279384491,0.15096030991793566,0.22670967311285,0.0,
2021-08-12,134.0,18.398941901599752,-4.703917089126674,-0.2556623698408264,0.0,15.534808006050293,-3.700448231259063,-0.23820366687620867,0.0,46.81401808434748,-8.2372734441294,-0.17595741150199573,0.0,6.484239943434653,-0.4306917505099752,-0.06642131603196674,0.0,12.491447687592878,-3.1448218622896826,-0.25175799802718424,0.0,2.6359522235943533,0.13049518375829555,0.04950589869961826,0.0,
2021-08-13,179.0,18.1965093843828,-7.1859906409650955,-0.3949103912826539,0.0,7.826379218313371,1.730690044932086,0.2211354697562252,0.0,34.69898425809515,-7.303285774455517,-0.21047549173580452,0.0,5.988781020627351,-1.6283602950777087,-0.27190179261340414,0.0,16.184217422029175,-3.2481663464387083,-0.20069962369743385,0.0,1.652854874948382,-0.5845503915152978,-0.3536610505707907,0.0,
2021-08-14,183.0,5.7542345944384525,-0.5600670728583066,,1.0,7.3200194453092955,0.4667397526194395,0.06376209190516954,0.0,18.16018274366797,-4.576357018543151,-0.25199950260075543,0.0,4.686185229496909,-2.2498713895986393,-0.4801072256890232,0.0,3.0181072712439287,-2.378074817483235,-0.7879358166428256,0.0,3.391568557992281,2.220534943762407,0.6547221162696782,0.0,
2021-08-15,171.0,5.868668071059797,1.0762268410995746,,1.0,8.63186480243166,6.077002898671658,0.7040197034781779,0.0,17.0545109451923,4.108306760669091,0.24089267489826385,0.0,5.73853631521342,-1.373617790091014,-0.23936727322774262,0.0,0.9400783038945472,-0.2215925066095382,,1.0,0.9840846143633777,-0.062119357624457965,-0.0631240004342961,0.0,
2021-08-16,190.0,20.73292068071896,0.3579447630621968,0.017264560482068283,0.0,6.472891956669621,-3.3511090944786806,-0.5177143565675806,0.0,43.524426943091385,-17.418893633435374,-0.4002096031318402,0.0,6.231546151182548,0.010699480073375511,0.0017169864129699323,0.0,6.665618407649156,-4.076382002954359,-0.6115534604075882,0.0,2.2831609882123236,0.42978919066264154,0.18824305113900847,0.0,
2021-08-17,201.0,13.094678820561963,-4.719552142675771,-0.36041755642489515,0.0,10.989981306382102,0.8927300924438706,0.08123126578253999,0.0,33.77981634493335,-5.027742949907916,-0.14883867036364243,0.0,11.28778944522491,-5.419112832829755,-0.48008627899435263,0.0,9.553136801376233,-3.7810815164556395,-0.39579476302599725,0.0,2.365375405584921,0.36057752918459773,0.1524398741667953,0.0,
2021-08-18,114.0,21.35464186272293,0.5865434230219593,0.027466788101271823,0.0,8.616305960451424,-2.93863832185757,-0.34105547497336197,0.0,20.98413142960635,-1.4840667328506845,-0.07072328620458534,0.0,21.99051546328701,-0.18054608610873146,-0.008210179811844416,0.0,2.9355839914060153,-1.0968347029517675,-0.37363424319071586,0.0,1.0570511472615132,0.12427307531038909,0.11756581091874457,0.0,
2021-08-19,161.0,17.181595987909528,-10.545322337612062,-0.6137568561752162,0.0,7.246720190472837,1.2578697590386048,0.17357780154011035,0.0,32.22481850814074,-22.526521847275003,-0.6990426289471352,0.0,14.037036157795221,-6.616908494967192,-0.47138928906246413,0.0,4.2092511744413,-2.215859174672546,-0.5264259800240265,0.0,2.035280295291153,1.0972100531931386,0.5390953058070949,0.0,
2021-08-20,152.0,16.060966838907916,-1.6554246278281415,-0.10307129355487195,0.0,26.8290142371261,8.029746607610564,0.29929338948648243,0.0,23.686383578024106,-9.2758948233057,-0.3916129616304848,0.0,7.274980283254984,-2.499052956736673,-0.3435133649075049,0.0,2.4989330318276126,-0.03854819537920941,-0.015425861713075563,0.0,1.8101139449645356,-0.25499488287208527,-0.1408722824225749,0.0,
2021-08-21,182.0,17.385893564947764,4.843657422381586,0.2785969788833306,0.0,18.484225406100446,11.527574463965923,0.6236439023385538,0.0,16.27395518383127,-1.274794823309526,-0.07833343578186072,0.0,4.9417871585173945,-1.1300992104149221,-0.22868229127738632,0.0,1.6318933165748546,-0.14901505155497582,-0.09131421156117012,0.0,1.229146934783779,0.20795989221066802,0.16919042494073383,0.0,
2021-08-22,204.0,10.272231096154423,-1.010971379267442,-0.09841789673578465,0.0,13.659696501577852,3.3478000848836365,0.24508597863041298,0.0,21.22567226857791,0.5499639045845195,0.025910317356528483,0.0,5.939841378218255,0.4041020453259829,0.06803246410044697,0.0,1.0566720078422742,-0.17013027501022962,-0.1610057555680271,0.0,3.641099908098106,0.36557826058123283,0.10040324896555479,0.0,
2021-08-23,180.0,14.656602976501738,-0.21621313483249205,-0.014751926840014477,0.0,11.825151290438948,0.8443835780344355,0.0714057315035918,0.0,24.487049900810227,-1.803013087706669,-0.07363129062137497,0.0,14.55356965974351,-4.0821157008701,-0.28048896568390375,0.0,4.7031350047836815,-1.287640914093149,-0.27378353221488555,0.0,6.917787844315164,-5.428971576019417,-0.7847843412082646,0.0,
2021-08-24,135.0,23.135332450394344,3.0286533662852047,0.13091030236021445,0.0,9.83803101339435,1.4843675733723551,0.15088055438648326,0.0,26.75108669759356,17.32655424042472,0.647695341736654,0.0,17.700229825801213,-7.98396465521645,-0.4510655925822167,0.0,1.8956785735354,-1.3834441091976386,-0.7297883346423781,0.0,4.7287058324291085,2.832374481371136,0.5989745570441124,0.0,
2021-08-25,147.0,28.291797138248512,-4.529228119898277,-0.16008979909498502,0.0,7.731499449815598,1.6644900531671272,0.2152868358810821,0.0,18.280496032952215,6.273158932212019,0.3431613081452546,0.0,34.41618121504871,-5.6664925257516,-0.1646461729831283,0.0,1.641093390295276,-0.7896791902491378,-0.4811908907311202,0.0,1.2341702261619447,0.20393002805627228,0.1652365481951864,0.0,
2021-08-26,176.0,12.212333882816885,-3.735746796264032,-0.30589949735327315,0.0,10.184745705359086,-3.714259285444477,-0.3646884657601299,0.0,25.349132016912336,-1.4410051600256395,-0.05684633142721555,0.0,12.921574306783436,-4.328424747072306,-0.3349765782641527,0.0,1.7560702173432148,0.5163180199769042,0.2940190061181321,0.0,1.332322366804867,-0.15590744254566374,-0.11701930886258106,0.0,
2021-08-27,180.0,23.573071132304904,16.010579006578226,0.6791893562242333,0.0,9.779856644330714,4.419728863512982,0.4519216410063695,0.0,20.79749423892644,8.210276084377515,0.39477236969300045,0.0,7.843239381472807,-3.3068848623518186,-0.4216223299474063,0.0,10.013249814648582,-0.3805256302227531,-0.0380022107973452,0.0,2.2653134411302682,0.5487595015017595,0.24224440271186415,0.0,
2021-08-28,130.0,15.576647312736895,-1.753352668930644,-0.11256290482335965,0.0,3.702684070325626,0.6492791009546203,0.17535363229018905,0.0,16.122175619762857,3.496874492894435,0.21689842459028313,0.0,12.99079046626866,-3.9384375705923818,-0.3031715106804904,0.0,6.98745957028586,0.7786415996648878,0.11143414739400535,0.0,4.459643427297118,-0.2924204254473804,-0.06557036010042833,0.0,
2021-08-29,93.0,16.58503873416339,3.5765245744230305,0.21564764675862805,0.0,7.33694098563137,1.0325483851861201,0.14073281865129594,0.0,15.428116926137589,2.512975440988769,0.16288283612444007,0.0,4.452443232090443,-0.5575970473585402,-0.12523394870926763,0.0,8.011780844761232,-5.221676748839189,-0.6517498231686599,0.0,1.2542788979699218,0.35161105657476993,0.2803292450697052,0.0,
2021-08-30,177.0,38.82605829383829,0.12731147166173384,0.0032790212876679845,0.0,11.940006724966217,3.5572640049581437,0.2979281408208929,0.0,14.146283391171885,2.7726334181079997,0.1959973048354373,0.0,18.722053050405517,6.470441480904841,0.3456053384468266,0.0,19.14156053940678,-1.5678036110899827,-0.08190573636158564,0.0,5.259795181584189,0.6321918315157014,0.1201932413127335,0.0,
2021-08-31,162.0,47.47622994647827,-18.1437133390566,-0.3821641558209379,0.0,11.007437042222586,2.9317598057539747,0.2663435452329422,0.0,16.713911434620965,-8.14903597529085,-0.48756007875039054,0.0,24.924100928095868,-9.971338928193424,-0.4000681491765732,0.0,24.653105098404918,-9.000599409848057,-0.3650898892420008,0.0,0.707112924188543,-0.3012779600331028,-0.42606767565285053,0.0,
2021-09-01,150.0,36.232441483371076,-17.74731743204367,-0.4898184252968109,0.0,6.846984956842782,1.8740284127310103,0.27370126041508713,0.0,12.438519298113526,2.252658148607459,0.18110340102532188,0.0,20.025135351599598,-8.777531053415046,-0.43832567916770165,0.0,64.48957830492873,-18.923448878448106,-0.29343421643992745,0.0,1.4989065560075627,-0.42894232370271057,-0.28617015649409594,0.0,
2021-09-02,142.0,31.492551567280316,-16.55159223673544,-0.5255716483110241,0.0,5.208293458832482,1.0289562986292924,0.19756112184583943,0.0,19.14758895677369,6.920160489842146,0.3614115858380204,0.0,16.13431031192885,-4.822175437782532,-0.29887707280659354,0.0,40.60781307150319,-22.37226714081866,-0.5509350405407217,0.0,0.9506899316620493,-0.07868832409634333,-0.08276970384947277,0.0,
2021-09-03,120.0,18.362764001329197,-1.0689650882852995,-0.058213735590563705,0.0,7.652253859589106,0.5799309352839916,0.07578563726780642,0.0,22.313413281663088,3.5575309510899515,0.15943463719257558,0.0,24.604656010109466,-8.81667160404291,-0.3583334634071027,0.0,5.204661119307271,-2.0956024623161342,-0.4026395598634199,0.0,1.7319102690234964,-1.1509039099894824,-0.664528602072668,0.0,
2021-09-04,150.0,9.778533381009762,4.176527533374491,0.4271118551873482,0.0,5.016989630908934,1.0574509081764905,0.21077398718579987,0.0,16.474181259989564,-2.954692836739998,-0.1793529396156389,0.0,7.727435112523375,-1.7567791902316856,-0.22734311769044588,0.0,1.1840874099434537,0.7174519377501339,0.6059112965185535,0.0,2.893494882555383,2.1876637378592685,0.7560627637700325,0.0,
2021-09-05,119.0,10.053362303733591,-5.783506046911885,-0.5752807739520163,0.0,9.361416097453908,-1.209978786762951,-0.12925168309653895,0.0,13.50344480989588,1.442638458329946,0.1068348468586861,0.0,7.433094512191017,-3.799568899863495,-0.5111691898484303,0.0,7.11138588291942,-4.219875294779429,-0.5933970345941985,0.0,3.8855671472410864,-0.20280230892961992,-0.05219374707592377,0.0,
2021-09-06,189.0,17.872375284481674,-6.322798841906378,-0.35377495947034937,0.0,10.651045587874245,-5.405780696232117,-0.5075352134804836,0.0,36.26775385710789,-17.666886978555855,-0.48712382487655576,0.0,10.39743708194873,-4.306829353420951,-0.41422028519875853,0.0,24.38967417360254,-16.43437839794663,-0.6738252541206109,0.0,2.8076118532990155,-0.4956344002319213,-0.17653237916399955,0.0,
2021-09-07,130.0,7.4517475973989304,-2.7897465171959546,-0.37437480010323076,0.0,8.983605139306741,-0.28690943631795385,-0.031937004339451014,0.0,36.229262700129766,-16.219514132536553,-0.4476909802660284,0.0,11.423891037629797,-6.667710494124817,-0.5836636984860649,0.0,5.1839888247850405,-2.6424248600191125,-0.5097281165780065,0.0,1.3277475692957472,-0.1493452781177425,-0.11248017437302256,0.0,
2021-09-08,120.0,34.623377058815095,8.793171173061111,0.25396630600545,0.0,16.00985876591585,-5.382404094175403,-0.33619310281701287,0.0,11.376153851888372,-4.573720896362048,-0.4020445711186333,0.0,22.631478111827164,8.07553589292376,0.3568275944249307,0.0,1.838330654478336,-1.4833770486532218,-0.8069152549023672,0.0,0.38344193028023676,0.016819989983956913,,1.0,
2021-09-09,100.0,33.640337460441515,1.1731210308165951,0.03487245133007647,0.0,42.76659026899142,32.79874047482805,0.7669243741091346,0.0,9.924455888904046,1.49433240753537,0.15057071382685028,0.0,13.36524772837583,-2.7675993764807827,-0.20707430439952693,0.0,1.0536621635983419,-0.007357518086659099,,1.0,0.37521197347814056,0.125409659527246,,1.0,
2021-09-10,160.0,44.09705994949036,-6.101291753792442,-0.13836051112661438,0.0,16.685186959970448,5.978780308992407,0.3583286374516595,0.0,26.76373415708076,-0.7911694002548884,-0.02956124865130497,0.0,23.53706805495312,-9.540775178396839,-0.4053510469579955,0.0,2.3161080202407835,-0.7295028775265946,-0.3149692808588242,0.0,3.0404728039065896,0.8835710522752664,0.29060317564426136,0.0,
2021-09-11,144.0,13.869806366630652,-4.463664494143578,-0.3218260137273944,0.0,9.002751883526795,1.2619005757470685,0.14016831654064463,0.0,22.692249322608404,2.476138355521102,0.10911824210630863,0.0,9.447791696395138,-3.9848670987852626,-0.4217776202989015,0.0,0.8637511021952329,-0.25292747872059723,,1.0,3.11776099640701,1.0842887675899042,0.3477780268723187,0.0,
2021-09-12,184.0,7.728015355103704,-1.6509561344667234,-0.21363261569820843,0.0,13.221144945113332,6.213995027495107,0.4700043039609714,0.0,20.003494207092444,-4.922932389881985,-0.2461036226429135,0.0,6.897519214355267,-1.6031401440578845,-0.23242271521642077,0.0,3.3830118963960514,-0.03712787929492925,-0.010974800098835558,0.0,0.6370172505194147,-0.07890504276732457,-0.12386641445421852,0.0,
2021-09-13,131.0,33.65774092324864,14.865578801473529,0.4416689413401874,0.0,9.446371839949276,0.5193587388040788,0.05497970518243622,0.0,23.656906611882732,2.7707707728224977,0.11712312257388525,0.0,31.740863930906926,12.957928457436726,0.40824120243366296,0.0,5.605362494308787,-0.961140658477291,-0.1714680646350976,0.0,0.5467561285477076,-0.01762219380809306,,1.0,
2021-09-14,160.0,41.98320930756745,20.405166933906663,0.48603161288645563,0.0,8.053395459297455,2.610037002971188,0.324091498568838,0.0,39.921221836062614,11.126712082535429,0.27871672185354246,0.0,31.07477060402743,6.390065563291194,0.205635164446331,0.0,7.844291640998557,-1.7575395091393293,-0.2240533103019101,0.0,0.5948067748758992,-0.04015722622106797,,1.0,
2021-09-15,147.0,24.25957827742968,6.532822571133394,0.2692883815384095,0.0,6.302654724582673,2.4732315859013045,0.3924110861181703,0.0,33.72088866863487,11.504149670474526,0.3411579624582963,0.0,34.64020709256147,8.222774148776017,0.2373765874668154,0.0,1.1418272061418908,0.7383202655765206,0.6466129565008563,0.0,0.5411131016153309,0.09054714626586532,,1.0,
2021-09-16,131.0,27.381175830239954,-5.4313182250725855,-0.1983595685863206,0.0,4.456147736003908,0.5063473613497156,0.11362894395502858,0.0,12.482683102105504,4.489727966409049,0.35967651583270177,0.0,31.088229009743372,-1.8407099814348502,-0.05920922613050594,0.0,0.7359412533914962,0.38708622644583535,,1.0,3.1576966223365104,-0.4803640364377511,-0.152124821947686,0.0,
2021-09-17,85.0,19.119045618150267,-8.047197317983763,-0.42089953017028864,0.0,3.8635269342994403,-1.3485308246561027,-0.34904139341806534,0.0,10.92074936668359,1.4613984712759662,0.13381851576360856,0.0,15.340866610931698,-3.943780782567605,-0.2570767925038419,0.0,0.39313857854721945,0.09708275937370484,,1.0,0.9287729451025335,0.556541495694983,0.59922233806406,0.0,
2021-09-18,180.0,13.16600340366858,-5.214159591956308,-0.3960320707879684,0.0,5.152033643600583,0.5347044322675187,0.10378512045077248,0.0,20.60663000686327,0.6058105456278124,0.029398817051892543,0.0,9.401374926215789,-4.321191337230311,-0.4596339760028763,0.0,1.9873343687286198,-1.3607733615521118,-0.684722904693011,0.0,1.118593480809063,0.13332622393042204,0.11919095383426431,0.0,
2021-09-19,186.0,11.86168061287753,-5.747533730454876,-0.4845463234118036,0.0,8.005687395823767,-1.0275074785165441,-0.12834718965576297,0.0,26.483114414295414,1.014650610701219,0.03831311509772873,0.0,9.776272859591694,-1.3017769224477274,-0.13315677059591563,0.0,3.6195864574910894,-1.2822345146337333,-0.3542488982353283,0.0,4.779076366285148,0.6813181635210881,0.1425627278792968,0.0,
2021-09-20,136.0,15.073301561082188,-6.105348270108553,-0.40504386151684074,0.0,8.51094820411526,2.029877050774889,0.23850186866292897,0.0,23.724212628949314,0.9730974550699343,0.04101706009338824,0.0,6.485994590708282,-0.21963898978316376,-0.033863578933262535,0.0,0.42461551928135477,0.004529512786709627,,1.0,0.6031745413274564,-0.22222529667886856,-0.3684261875340409,0.0,
2021-09-21,177.0,38.22381902428606,18.366322437401312,0.4804941763075009,0.0,14.097691570437739,-1.1464241902975743,-0.08131999374291725,0.0,26.846758182669873,3.8394336955181054,0.14301293546855642,0.0,28.794364854278683,15.205037088821884,0.5280559986570601,0.0,11.199544824041363,1.6309538616215098,0.14562679887850827,0.0,0.7926007421046889,0.193376909435929,0.2439777042378636,0.0,
2021-09-22,174.0,29.79856770770129,1.1823441089347433,0.03967788386786028,0.0,6.5576997475000045,2.209696190044417,0.33696208657415594,0.0,27.724701434250164,6.4445729389355115,0.23244877692259303,0.0,35.792646941306884,3.8815067917836457,0.10844425108175365,0.0,7.223405236203682,-2.3105238082724227,-0.31986628642846804,0.0,1.5372744625419656,-0.018953746198044102,-0.012329448423089698,0.0,
2021-09-23,139.0,19.00849382924207,3.046457122283245,0.1602682016602847,0.0,5.759800637228177,-4.216525693774896,-0.7320610485233807,0.0,28.426855068770237,2.2737390785010407,0.07998560069344329,0.0,18.172395030480402,0.20075703528925506,0.01104736249418566,0.0,3.9493936696453544,-0.34791111018425835,-0.08809228435703141,0.0,0.6260417026060109,-0.06668149725511749,-0.10651286803665602,0.0,
2021-09-24,184.0,21.98752832103491,4.227683231989584,0.19227642008060844,0.0,10.06212575182871,1.9899530629318805,0.19776666601192325,0.0,21.78826980445592,8.454398056700407,0.388025214143961,0.0,21.752224378862593,-5.666353838870705,-0.26049537464209416,0.0,1.4640303186897583,0.21752045944177814,0.14857647185643616,0.0,1.313847404751862,-0.009536678976888653,-0.007258589500117622,0.0,
2021-09-25,189.0,19.054968772354183,1.0256462672930415,0.05382565983425257,0.0,14.364772049724703,6.084452815175907,0.4235676552411783,0.0,19.310837866927614,3.5532309809319504,0.18400190636043465,0.0,7.717489491158626,-2.5705434144960693,-0.33308026106688665,0.0,2.5512040344474314,1.459875524112631,0.5722300154753508,0.0,12.552596995912605,-1.4165779346374916,-0.1128513832714266,0.0,
2021-09-26,186.0,21.63666127568285,-5.456803587668836,-0.25220173843557203,0.0,12.030046788640899,4.225273352943575,0.3512266766022219,0.0,25.12841707597545,5.19809571443667,0.2068612479138775,0.0,13.874253691523332,-8.415755843280852,-0.6065735880570337,0.0,5.797282650673872,-1.208254564821709,-0.20841739787886004,0.0,8.17643280407355,-3.3689301919833774,-0.4120293375743216,0.0,
2021-09-27,187.0,28.94047871924704,0.1091031590145215,0.003769915490097328,0.0,6.0436418648896435,-3.4842862737079274,-0.5765209705673965,0.0,31.279416320030577,9.811367147155154,0.3136684855871877,0.0,22.979616080352564,-1.6040854304614987,-0.06980470974156014,0.0,3.184105494605312,-1.6993376117405328,-0.5336938787422856,0.0,3.297999561385942,-2.0370057314620045,-0.617648878827012,0.0,
2021-09-28,172.0,28.12164559046505,6.915054270387392,0.24589792400811766,0.0,4.275953569216646,-0.5861611541547712,-0.13708314289814796,0.0,36.15774962879368,16.66268049258264,0.4608328965061909,0.0,23.613381397233752,0.5591965393179441,0.02368134109685166,0.0,8.453254048574301,2.0470906176075707,0.2421659878958478,0.0,1.2101588404402635,-0.2617065006638873,-0.21625797533212815,0.0,
2021-09-29,149.0,18.185056366084606,-9.162434486457519,-0.5038441620420596,0.0,2.9477959063369723,-1.2794659813940439,-0.43404157616323924,0.0,24.941233047837155,-1.5670678776813007,-0.06283040917326231,0.0,24.60027866333257,-13.951802442209866,-0.5671400163041824,0.0,18.220099367630606,-3.6374983541795958,-0.19964207004501242,0.0,0.9553189272482933,0.459339669648726,0.48082337379393386,0.0,
2021-09-30,143.0,20.18671732352231,-9.410496731712385,-0.46617271054501397,0.0,6.563467338710319,-3.090018278598044,-0.47079053176262375,0.0,38.47583205720002,6.397008486245481,0.16626043269799545,0.0,23.916842281832942,-10.61185973544299,-0.44369819436839625,0.0,11.638740287155084,-4.7741648467838464,-0.4101960116811593,0.0,0.7785666009949572,0.30666652424507596,0.393886051435004,0.0,
2021-10-01,173.0,23.994155549196876,-12.814834904800914,-0.5340815132470811,0.0,6.495540967058325,0.1259628250997568,0.019392199316202962,0.0,29.758677446952788,-3.6931389517591904,-0.1241029262252163,0.0,12.725628214582677,-5.520875247385834,-0.4338391122458927,0.0,34.5579725784919,-8.549383805071487,-0.24739251660823502,0.0,1.231991469649067,0.19452380464517713,0.1578937918300581,0.0,
2021-10-02,170.0,10.610869098971303,-1.1992619884163216,-0.1130220321474503,0.0,9.992291728442064,0.15479738288003836,0.015491679695401907,0.0,38.91293459494773,13.072714763590955,0.33594779986827966,0.0,10.292086254165039,-1.1935938586159733,-0.11597200306526244,0.0,8.576423558195522,6.6883944602475225,0.7798582258517511,0.0,1.7317345819974368,0.4309667541057117,0.24886420735943335,0.0,
2021-10-03,173.0,11.74929573792178,1.9702530451663522,0.16769116116527774,0.0,4.571330515609582,0.9752238887011879,0.21333480162309873,0.0,27.7701743364305,12.830400085062038,0.4620208692111229,0.0,9.845887868665152,-3.3759621675113003,-0.3428804199827835,0.0,11.963412376782795,3.3716414322683375,0.28182940837278403,0.0,2.4984246277672297,0.18545657614303968,0.07422940603526507,0.0,
2021-10-04,93.0,22.658264352721744,2.450895728455926,0.10816784950086085,0.0,0.930611756317371,0.5306957251444915,,1.0,4.904077043116555,0.2881388853801064,,1.0,2.5468247036042118,-0.9356231023774072,,1.0,64.53294436229044,16.838316455503787,0.26092589795644267,0.0,0.2816855886121586,-0.006233367152304779,,1.0,
2021-10-05,148.0,19.043726827854695,1.2945617980411501,0.06797838520491865,0.0,1.9166811064424047,-0.5901310796965179,-0.3078921567666901,0.0,18.779804511686955,9.068160781231029,0.48286768776468236,0.0,13.486187854927262,-2.6398113702518597,-0.1957418507474956,0.0,46.340138734231004,15.503275291603087,0.3345539248494086,0.0,0.5259900323726412,-0.008737864181903372,,1.0,
2021-10-06,174.0,26.28219490167248,2.5000943180361137,0.09512502009019874,0.0,4.1291177064267615,2.265686357288178,0.5487095593719095,0.0,39.5127057574864,6.972099921806878,0.1764521003597909,0.0,29.029001964307096,-8.261957423615867,-0.2846104538411083,0.0,18.546829136859735,6.396415928599863,0.3448792179730446,0.0,2.186402429331785,-0.6703036763187336,-0.30657836239396874,0.0,
2021-10-07,96.0,24.539336679350527,-11.295068787988232,-0.4602841933169635,0.0,3.486216217228498,-0.9306828044762483,-0.26696072374309887,0.0,15.19881726321182,5.481853443660203,0.36067631768485225,0.0,26.31307394147734,-7.395441975716185,-0.2810557972878546,0.0,5.570989424144496,-3.949783564035466,-0.7089913951222427,0.0,4.313734233677674,-1.5485358041191972,-0.35897802697942127,0.0,
2021-10-08,180.0,16.591893182354394,9.233930614941919,0.5565326701091756,0.0,6.419932837714434,0.5098391367878127,0.07941502655490723,0.0,42.89989732169488,14.639995108945673,0.3412594440299998,0.0,13.357366803247707,6.024459203993014,0.4510214694806635,0.0,1.850900966761394,-0.5217237810791989,-0.28187557867673646,0.0,2.002049141243326,1.220741975757,0.6097462597740666,0.0,
2021-10-09,159.0,11.24711642183683,3.8709430759973067,0.3441720464884386,0.0,5.4105042893497695,1.391722926721164,0.25722610172598537,0.0,30.263708467769902,8.499108442566673,0.2808349958703181,0.0,6.767917132638099,-1.4933960054692519,-0.22065813989763403,0.0,2.1869027060965838,0.6668429331888128,0.30492574330344346,0.0,0.9760979151542364,-0.08377222203532442,-0.08582358463708765,0.0,
2021-10-10,191.0,11.463147514150473,-2.484468546126491,-0.21673528523117966,0.0,12.915972989983853,-0.3522688859760077,-0.027273894599283154,0.0,36.93541976645065,-0.02061373583674797,-0.0005581021135563737,0.0,12.082150769259894,-5.583013988844111,-0.46208776032233745,0.0,1.8948816933989228,-1.2414190350405265,-0.6551432943624808,0.0,3.732780197758979,1.7761541247906867,0.47582606815612205,0.0,
2021-10-11,135.0,19.148432397108987,9.110095511166893,0.4757619486670004,0.0,4.364536421395309,-0.08444143244531277,-0.019347170991946376,0.0,43.769262569679995,38.05554659419495,0.8694582535771789,0.0,5.503022514589242,1.9112995497883118,0.34731814102544617,0.0,6.610781537448924,-0.11769154670072451,-0.01780297019861002,0.0,1.0723443221213467,0.36160514866813387,0.33720992521580634,0.0,
2021-10-12,151.0,20.45320574661309,0.17705210446833863,0.008656447632795033,0.0,6.958277795660244,2.262678793273833,0.3251779908363282,0.0,45.32526688401413,2.3225892498968017,0.051242704336197986,0.0,11.727441608105432,0.008448724827762266,0.0007204235254450487,0.0,4.8108196997636625,0.3453975690143367,0.07179599123852112,0.0,0.495589746496983,0.050669088964145084,,1.0,
2021-10-13,163.0,11.73108768542442,-1.7981000920571302,-0.15327650259500014,0.0,9.875281616783461,0.5973409753804078,0.060488500334532375,0.0,58.056692323239986,-5.2238792030729595,-0.0899789325576485,0.0,12.990742335714453,-5.671672433767938,-0.4365934053033477,0.0,6.601946275659423,-1.4050897799522353,-0.21282962951889373,0.0,1.3640287474845472,0.4295499641176082,0.3149126914735164,0.0,
2021-10-14,195.0,34.346555321833875,-0.7635608696096106,-0.02223107564804963,0.0,13.717901684816745,1.7672342758814203,0.12882686554295922,0.0,51.2633815719455,16.120151355850926,0.31445743260668685,0.0,30.622219372329706,-3.34315356394099,-0.10917411057938765,0.0,6.480533555688446,1.4808632808339708,0.22850946887453535,0.0,1.72184728861611,0.8884308920669937,0.5159754282164285,0.0,
2021-10-15,154.0,19.68162370700156,-1.9735781850809435,-0.10027517111704869,0.0,5.90666968490404,0.46467534403784705,0.07866960043921876,0.0,38.69729404364625,18.172876288137775,0.4696162028187498,0.0,17.70552711919299,2.9783238084814845,0.1682143541071391,0.0,4.205925076275884,0.2638095723107492,0.0627233171125193,0.0,0.5543909478292273,0.07913087797465382,,1.0,
2021-10-16,125.0,10.855966456751046,-1.0656460945225514,-0.09816225011084605,0.0,4.266561680291486,-0.12313868015963499,-0.028861338329749006,0.0,21.309728241933044,7.8473072827422,0.3682499933199691,0.0,4.161711333421405,-0.24205401669129248,-0.05816213506867529,0.0,2.343526689539427,-0.8306615651957505,-0.3544493727779991,0.0,0.9482040039147218,-0.02788386995027669,-0.02940703670851032,0.0,
2021-10-17,172.0,15.610809640325893,6.624171423741707,0.42433234254744395,0.0,21.150463119294724,3.2702065663307143,0.15461631019074165,0.0,45.75366867791308,13.967134716472426,0.30526808275846207,0.0,7.932247276403354,0.08319513104474516,0.010488217039354271,0.0,3.448511074588163,2.2673906553706846,0.6574984410167414,0.0,1.2342411276113059,-0.15044432461712232,-0.12189216616714549,0.0,
2021-10-18,174.0,16.02413474772765,0.19085306821828396,0.011910350931450351,0.0,3.538514071296951,0.6780202831182385,0.19161158312696142,0.0,53.191309184679994,1.2259914291192087,0.023048716941005753,0.0,5.72805784413503,-0.00044648233238264723,-7.794654742179347e-05,0.0,10.773447118459439,-2.9953407362093483,-0.27802992888664874,0.0,1.320842162858746,-0.24996983413143012,-0.18925034433365714,0.0,
2021-10-19,187.0,22.34160726652044,-6.951197434040374,-0.31113237965009566,0.0,8.179681880763376,0.5087596403448313,0.06219797392626117,0.0,42.20128311068402,16.06070183118909,0.3805737799266827,0.0,22.082619832770426,-0.7207675918779386,-0.0326395870298109,0.0,6.874322178751747,-2.0722492031993007,-0.3014477863147787,0.0,1.2236620344046893,0.016849725207511733,0.013769917455769649,0.0,
2021-10-20,119.0,19.958157905544795,-6.01451592459075,-0.3013562650949761,0.0,7.136990469298322,3.7326132916796064,0.5229954149072278,0.0,24.27038552306476,1.1379532444597404,0.04688649232120004,0.0,23.178000715503003,-0.09907243069156461,-0.004274416586125063,0.0,3.4626557773808555,-0.43403024324828704,-0.12534605549980093,0.0,2.234160012070783,-1.9174879970539427,-0.8582590265218624,0.0,
2021-10-21,200.0,31.677274010187826,-3.3167275470466366,-0.1047036921794449,0.0,12.777755075789166,-1.9512554612035995,-0.15270722044913576,0.0,47.55763459196896,8.665766377896727,0.18221609321503368,0.0,37.3477396371818,1.1478487545199516,0.030734089015047185,0.0,4.401336419505233,-0.9663122224888111,-0.21954972998801967,0.0,2.347280702451818,-1.2052972651112956,-0.5134866332144766,0.0,
2021-10-22,189.0,22.092011877568435,-7.866966364766287,-0.3561000423304212,0.0,10.263701073861732,-0.47461258024353636,-0.04624185533347404,0.0,46.18821647966979,15.103787358094916,0.3270052084549097,0.0,23.181007746657993,-9.134647909192397,-0.3940574115251456,0.0,3.5721828782625304,-0.541678707876826,-0.1516380113607992,0.0,2.7989973215517168,1.3522242748641338,0.48311024253302376,0.0,
2021-10-23,144.0,14.821288768398516,-3.9299189077155785,-0.26515365627952864,0.0,13.244656759103233,-1.5487799220386218,-0.11693620681971424,0.0,35.031694408200565,13.034434015296219,0.372075465817177,0.0,14.875204337266037,-4.279430915366341,-0.28768888267607295,0.0,3.9641192064373123,-2.526555474842446,-0.6373560791864145,0.0,1.3996254741432437,0.30955214987126656,0.22116784496277728,0.0,
2021-10-24,179.0,8.367712111787107,0.011527004396308937,0.0013775574783543903,0.0,10.696329702739597,2.0186835056257975,0.1887267466249439,0.0,43.99785772582982,18.771719819423836,0.42665076868966567,0.0,14.451862519250422,2.6173590452662605,0.18110877001354256,0.0,1.5765241802728207,-0.5171134715622,-0.328008588788478,0.0,1.9749957349267717,0.021384101522950005,0.010827416558316202,0.0,
2021-10-25,179.0,16.324899867555356,7.65930838665981,0.46917950179174894,0.0,3.192404459550737,2.1887059911724513,0.6855979619451056,0.0,31.674792420373706,16.82873116708477,0.5312972834593945,0.0,13.529883609568053,4.021875380415324,0.2972586828146206,0.0,12.564863921441423,5.361877477051758,0.42673581748083517,0.0,2.715350109465355,0.8721864471242242,0.3212058894666645,0.0,
2021-10-26,149.0,22.93567813383561,0.0011627864845378255,5.069771548731483e-05,0.0,7.405264165376133,2.180509293950064,0.29445395130469465,0.0,31.17627351626288,9.501926361543404,0.3047806966598106,0.0,23.723109538768764,0.674181937068699,0.02841878447540521,0.0,6.487063333071997,0.23114412938142426,0.035631551214093705,0.0,2.4980530211032543,-0.3271307640463965,-0.13095429171552198,0.0,
2021-10-27,138.0,24.261878640128998,-14.117917787343249,-0.5818971398196799,0.0,4.369619308141404,-1.3059498391365834,-0.29887039282881206,0.0,20.651933008004562,9.055598083176559,0.43848670628878494,0.0,29.865044347592626,-19.275624020384363,-0.6454242557298644,0.0,2.880074225991842,-0.40919463527506483,-0.1420778088224952,0.0,3.5074236233267526,-2.6549361448550752,-0.7569476715609555,0.0,
2021-10-28,113.0,27.17987905085465,-16.460433998124266,-0.6056110097961116,0.0,3.0944865768833507,-0.16809360979081897,-0.054320355126606,0.0,17.86414901637181,0.20184139912436555,0.011298685369193102,0.0,25.384940156785888,-16.32647891067108,-0.64315609214886,0.0,1.7412361385358917,0.401036547676918,0.23031715159215985,0.0,12.42525846271019,-7.49123860351853,-0.6029040463021923,0.0,
2021-10-29,152.0,15.388477891312501,-5.18693699718031,-0.3370662799670767,0.0,4.814072222128736,0.7893675611721473,0.16397085975230688,0.0,25.02901789860334,3.18629834701411,0.12730416990080584,0.0,17.288226293385375,-5.6935766914837505,-0.3293326102320955,0.0,15.380306602382912,-0.888952557606892,-0.05779810380822734,0.0,3.432469864659646,-2.031154741365108,-0.5917472902756311,0.0,
2021-10-30,190.0,4.173297536290187,-0.5951417361506672,,1.0,6.738082766358269,-2.0743348771506476,-0.30785238903673534,0.0,40.798438706304296,9.38449014654628,0.23002081560283238,0.0,8.741643429588287,-3.386057618276242,-0.3873479449888427,0.0,9.002625403161797,5.011469253869205,0.5566675307970866,0.0,4.7795994034749985,2.1857711807807045,0.4573126315129138,0.0,
2021-10-31,76.0,7.372737291858355,2.9489424714221175,0.3999793231041349,0.0,3.8339579576058873,0.7045944753383222,0.18377730875752893,0.0,10.674159589601913,3.6340013171561774,0.3404484715308351,0.0,5.730218403252363,-0.7226764444205436,-0.12611673649478458,0.0,2.304830064182167,1.3296467340399822,0.576895778436397,0.0,1.1660735673940479,-0.5871146478358601,-0.5034970899374294,0.0,
2021-11-01,153.0,30.906222746030835,-13.861164318317208,-0.4484910508870691,0.0,2.971566734413494,-0.8924448614609553,-0.30032805628277415,0.0,26.542755234033393,10.836349271719062,0.4082601514489567,0.0,14.924887094079164,-4.915847324259911,-0.32937249664086715,0.0,27.457182545294927,0.7749991141328616,0.02822573338886388,0.0,1.3898697496188046,-0.8316705658532768,-0.5983802194999759,0.0,
2021-11-02,159.0,29.20796540829906,-10.826984847523152,-0.3706860336272107,0.0,5.381262766284628,3.7182129465128266,0.6909554704908014,0.0,26.367096482965277,8.852872361593807,0.33575454041036684,0.0,18.37455097523343,-10.36588913491235,-0.5641438067729796,0.0,35.723211471835384,-4.861191069256849,-0.13607934082548742,0.0,1.2118569395097365,-0.028456496985161908,-0.02348172961461453,0.0,
2021-11-03,162.0,30.504924209439196,-19.98578889772554,-0.6551659909235671,0.0,13.310969926766113,3.737953735242463,0.28081753289263084,0.0,24.169999117060794,-1.1289350436955519,-0.04670811274042101,0.0,45.15368559212948,-37.729626110792516,-0.8355824251336194,0.0,19.280607785709428,-4.485161615776336,-0.2326255305655192,0.0,1.4468360499959028,-0.8413498337518611,-0.5815101398352935,0.0,
2021-11-04,134.0,44.86350481518457,-15.742003254975668,-0.35088661306834873,0.0,8.034731106439716,3.099124247106569,0.3857159880089413,0.0,10.003586748338417,-0.6734667444928266,-0.06732252755289882,0.0,13.781800011871379,-9.557358011037401,-0.693476759407688,0.0,64.57733910006937,0.41145094995985176,0.0063714447775908714,0.0,2.0042081481078577,-1.778900387459507,-0.8875826540965517,0.0,
2021-11-05,136.0,30.366442444123095,-7.22924399312717,-0.23806687287882372,0.0,11.566384730031128,7.65531176642918,0.6618586485847058,0.0,7.353533771180077,1.632272788260653,,1.0,12.799109071158451,-4.089508222906597,-0.3195150693825952,0.0,46.32274458532629,1.2501669311583965,0.0269881878189578,0.0,1.046153101429803,-0.08025505559702692,-0.07671444599011405,0.0,
2021-11-06,168.0,18.53851967574155,-1.218230190449186,-0.06571345564572194,0.0,10.484262423633474,-1.0053648983097163,-0.09589276361906367,0.0,27.205397353187433,10.353148467826038,0.380554944058299,0.0,5.92117218281782,-1.3795321748991276,-0.2329829520753142,0.0,18.888640695149657,-1.6249033361694112,-0.08602542461335844,0.0,3.0994321478065032,0.04049718144177836,0.013066000322168236,0.0,
2021-11-07,164.0,14.04917864832532,-5.372488400219197,-0.38240587116881775,0.0,10.259859654586757,1.3072560127625708,0.12741460963144374,0.0,35.81608015586971,-0.3126445500623727,-0.008729167142293626,0.0,7.837849401323178,-2.0857632757582834,-0.2661142322288263,0.0,13.67771073432959,-1.7630799932040366,-0.12890168738390514,0.0,2.7036723875498807,0.3820002075185383,0.14128938449703005,0.0,
2021-11-08,173.0,21.323724163405124,-0.332931084627643,-0.015613177232849657,0.0,8.741967774723882,5.089311797267821,0.5821700477989429,0.0,30.43784232763573,13.739170456509704,0.45138450710861866,0.0,17.781815777765583,0.2291239934363801,0.012885297896454264,0.0,21.573155317913912,6.946305125476625,0.3219883704127673,0.0,2.2701122230064277,-0.2263274037341343,-0.09969877323262774,0.0,
2021-11-09,162.0,31.130620719501167,-1.7011264249479625,-0.054644796204860936,0.0,4.56289895407098,0.1814386997773615,0.039763909217293406,0.0,35.11779343415401,14.233173821426083,0.40529806771924143,0.0,43.2311897486361,-2.735419046869334,-0.06327420232415958,0.0,18.251346508470302,1.8599527968097647,0.10190770286162588,0.0,3.5394956866875797,-0.9033920739953414,-0.25523186181384405,0.0,
2021-11-10,160.0,32.31870062492089,-2.956129980606995,-0.09146809504858398,0.0,7.172660819567675,0.28646955987940015,0.03993909193334292,0.0,41.589865434682,6.106648960340041,0.14683021684527203,0.0,45.188718673583935,-11.735855897564996,-0.25970764921080736,0.0,4.665614591132901,1.8642348491215248,0.3995689769713389,0.0,1.5983144831843603,0.6925506695989796,0.4333006281837566,0.0,
2021-11-11,161.0,12.683085096141435,1.773926499850909,0.13986553637415783,0.0,5.495269562976311,0.02330281971565018,0.0042405234990927475,0.0,48.41791791644937,3.9492965949369125,0.0815668406425876,0.0,10.840255317489204,-0.6617317198684418,-0.06104392382722132,0.0,9.53556667732482,-0.16704326726852214,-0.01751791717483808,0.0,3.0191406739831956,0.4164301429756643,0.1379300231235208,0.0,
2021-11-12,145.0,11.236924918506698,-3.915125040154579,-0.34841605408491677,0.0,7.579788833842025,-0.47780203851005965,-0.06303632581118655,0.0,31.126697145038634,7.061526645580889,0.22686398793539983,0.0,10.828516060624676,-6.447563992678678,-0.5954245213823629,0.0,1.634374970875791,-0.21455638373890512,-0.13127733082202891,0.0,0.8267930572692367,-0.10943719945067697,-0.13236347171580065,0.0,
2021-11-13,165.0,12.275422301594514,-2.4640683886219854,-0.20073186307422725,0.0,4.029211685956391,0.4535627771169026,0.11256861452521152,0.0,44.9559704905696,10.298368189916623,0.22907676283124415,0.0,9.74861261049227,-6.829843069320945,-0.7005964173784174,0.0,1.0102846462832469,-0.08622369359385257,,1.0,1.5915227145669575,0.4823989167733821,0.3031052666468788,0.0,
2021-11-14,105.0,14.183302344419644,1.9182969590250638,0.13525037487336714,0.0,7.673766262727437,1.744499938664817,0.2273329521565048,0.0,25.80479862233915,5.392586714911709,0.20897612083061792,0.0,6.032223968344621,-4.339760452510434,-0.7194295959971397,0.0,3.937334575930432,-1.6928286130892884,-0.4299427900889667,0.0,0.7340682933645399,-0.06112790552996254,-0.0832727773185625,0.0,
2021-11-15,188.0,20.69316895966767,-12.363215016575207,-0.597453925045116,0.0,6.130319469812085,3.1289188701974924,0.5104006219586797,0.0,50.3061960410414,1.9624360935448348,0.039009828768285654,0.0,27.91733737065078,-7.100521281512274,-0.2543409203836531,0.0,17.599514560162785,-11.882300356847448,-0.6751493239332588,0.0,1.6014410727948338,-0.031352459298768565,-0.019577654046334828,0.0,
2021-11-16,199.0,37.84170420333976,-12.58450359848724,-0.33255647078855877,0.0,9.37581714725092,3.081053379130761,0.328617050731856,0.0,33.81140399770811,4.711131699953789,0.13933558335149676,0.0,38.47533261384524,-3.0224197964627755,-0.07855474121035061,0.0,14.85533449630747,-7.417130728009468,-0.49929072481357545,0.0,1.3794245680473887,0.10248705522148618,0.07429696236783667,0.0,
2021-11-17,179.0,43.11991935808328,-21.715005675287205,-0.5035956930939042,0.0,2.6332010829864796,-0.3760106221185594,-0.14279601529409292,0.0,33.69102671214205,4.878489386216145,0.14480085240198295,0.0,42.706417534041975,-22.759225052777946,-0.5329228337786985,0.0,8.210055841365822,-3.818427997084531,-0.4650915987496254,0.0,2.87518970751261,-1.8745511759470186,-0.6519747796289707,0.0,
2021-11-18,186.0,39.993032175487315,-29.24396751872006,-0.7312265644275001,0.0,9.841632112322252,2.3985044889655045,0.24371003321313425,0.0,29.738283804799718,-2.7053099160986167,-0.09097061329618435,0.0,43.623216273015714,-28.854844140932286,-0.6614561374921181,0.0,6.602463612980492,-4.456817337469064,-0.6750233850144859,0.0,4.839593442455216,-3.4887820694214775,-0.7208832954471385,0.0,
2021-11-19,151.0,29.380879293210455,-15.540314988120617,-0.5289261370646516,0.0,11.615812901822203,1.070589479164798,0.09216655676305288,0.0,26.016755752352765,-9.34002514743102,-0.3590003779232303,0.0,32.462037530582165,-7.174369584587231,-0.22100798749395592,0.0,5.647912554042699,0.10491218406398531,0.018575391006875736,0.0,3.118126901455975,-1.5501853771812935,-0.497152754256875,0.0,
2021-11-20,131.0,19.493347221432487,-14.784087676159542,-0.758417090108813,0.0,5.324047488757056,3.050054923828601,0.5728827419870859,0.0,26.48963922332041,0.6275065068365184,0.023688752479652006,0.0,20.043250239839832,-17.816847775268812,-0.8889200884123267,0.0,1.2084060035776876,0.15995999825899615,0.1323727272004673,0.0,1.094661945062393,-0.5475114747351266,-0.500164893102153,0.0,
2021-11-21,147.0,12.459551199361155,-1.3396492875684185,-0.1075198669786041,0.0,11.134881478676103,3.0833235812757214,0.27690672659430204,0.0,28.040037681916147,0.19898267178907902,0.007096376761198465,0.0,14.299409808299966,-1.3300823769718457,-0.09301659262886579,0.0,4.441638277712622,-0.9451948669877585,-0.21280320635982086,0.0,1.5372103968547832,-0.06728460709213066,-0.04377059069454556,0.0,
2021-11-22,147.0,34.996593930758536,-6.303080275515264,-0.18010553506967092,0.0,6.85805325301771,-0.2694983689149665,-0.039296628208067744,0.0,19.48009857308352,4.319716641588515,0.22175024553301037,0.0,43.380604225822026,-17.697275479949884,-0.4079536418585819,0.0,11.55084914439794,2.8114565983886406,0.2433982613089681,0.0,2.3164442448178244,-0.17667170614864985,-0.07626849061611846,0.0,
2021-11-23,178.0,64.0380003110622,-32.727246450782346,-0.5110597815642425,0.0,3.05227249505696,1.297507718780921,0.42509563640932635,0.0,12.914359945920289,-5.547973872706575,-0.42959727744457116,0.0,96.13086563517572,-57.52842339995432,-0.5984386286323402,0.0,20.41500793000159,-10.72052504721675,-0.5251296048463457,0.0,2.4065166752552534,-1.253425613336003,-0.5208464276288696,0.0,
2021-11-24,116.0,28.74768906997633,-16.89347697525249,-0.5876464342622862,0.0,4.244556660793019,-0.7743576121139216,-0.18243545180269707,0.0,15.506403775012586,-3.265131298118613,-0.2105666372095978,0.0,56.846336937029264,-36.34185733025966,-0.6392998966761366,0.0,17.430605575456866,-8.18131820233496,-0.4693651156821913,0.0,1.9775024151022031,-0.8828580017077091,-0.44645103589523577,0.0,
2021-11-25,190.0,43.609603156546655,-23.241220157350355,-0.5329381254381214,0.0,6.661434583918883,-0.3902086959169123,-0.05857727656125309,0.0,23.640442819654705,-5.713082928363513,-0.24166564780307948,0.0,61.54040351261938,-35.080247883102984,-0.5700360394274874,0.0,40.47317955913604,-18.511921037324875,-0.4573873671149754,0.0,2.7097059157749674,-0.982453501879281,-0.36256831273083096,0.0,
2021-11-26,153.0,32.20834458305035,-24.894744457083096,-0.7729284065777153,0.0,4.591982473240925,-0.7224827870580716,-0.1573357022306225,0.0,24.038660198115394,-10.889081907093964,-0.45298206378189315,0.0,17.31331936331844,-9.652657081623078,-0.5575278130705582,0.0,11.330223406504949,-9.088933701875577,-0.8021848621852774,0.0,1.182042146043381,-0.5750544209200793,-0.48649231573082574,0.0,
2021-11-27,140.0,12.767518916436526,-6.015206728572142,-0.47113356697896436,0.0,1.1655673968634748,-0.5671607802826022,,1.0,33.4553898776212,-9.573585409010835,-0.28615973222941715,0.0,14.641090284785603,-6.283672468944715,-0.42918063796617933,0.0,5.12574156223854,-3.314706873885136,-0.646678501761513,0.0,2.044824812473957,-0.2833285639194943,-0.13855884484143444,0.0,
2021-11-28,183.0,23.350614215276437,-10.306795439101801,-0.4413929048752341,0.0,6.282638400327408,-1.9638206803599592,-0.31257897641500715,0.0,30.735970963796717,-5.1646904582368744,-0.16803407526380928,0.0,16.524064094584894,-6.587639096326999,-0.39866942288645785,0.0,16.690862446557727,-5.429147821013251,-0.3252766499272745,0.0,2.9662869285821145,-0.35621580593592334,-0.12008811504495776,0.0,
2021-11-29,166.0,12.688118792939342,-0.7935656438989347,-0.06254399543772686,0.0,5.758919680440151,-0.8860799790076629,-0.15386218738510699,0.0,29.413212804618524,9.395092392269184,0.31941741470669766,0.0,20.55005470306059,-8.384031978185734,-0.40798100537109866,0.0,18.998230381235764,0.02575309907924006,0.0013555525205482279,0.0,5.941075061688019,2.6762724642272744,0.450469390882746,0.0,
2021-11-30,148.0,24.948049127058766,-15.385164311784738,-0.6166880718179251,0.0,4.1605325045093124,0.5723400965462585,0.13756414495643016,0.0,25.422969256294888,0.022136019213040203,0.0008707094356242116,0.0,18.028219916814123,-4.905577145350453,-0.27210546398844615,0.0,20.438747229512956,-2.928147619043564,-0.14326453505992795,0.0,4.336497141695867,0.6049317192203147,0.13949777884178313,0.0,
2021-12-01,160.0,29.3736008001797,2.897767155501664,0.09865209155712146,0.0,7.1239505791381745,1.6767020148845322,0.23536126426741333,0.0,23.07649516360834,5.279578976756106,0.2287859980176716,0.0,15.2072268177435,-2.3579640486635594,-0.15505549282084305,0.0,39.72836838736839,14.376563651521188,0.36187148466163055,0.0,6.132814999662508,3.7542035424006346,0.612150137026346,0.0,
2021-12-02,105.0,38.1785692465055,-11.661511315015131,-0.3054465252409246,0.0,2.041411400990905,0.9100269094158584,0.4457832012568018,0.0,6.771909190181755,-2.7036077954437596,,1.0,7.39089582180895,-0.16617391988505925,-0.02248359656142299,0.0,71.87903676547285,-15.14317288605765,-0.2106757904320121,0.0,2.4064185397000935,-1.2723432577220544,-0.5287289956969097,0.0,
2021-12-03,162.0,33.373155254092126,-6.309397409649333,-0.18905606502027378,0.0,4.869466153439128,-0.498997036728735,-0.10247469044965256,0.0,15.297029497611213,-0.0638003506832639,-0.004170767317486507,0.0,11.151318178628568,-4.72836751286655,-0.4240187067685358,0.0,56.51315752444498,2.160154376491457,0.03822391936881379,0.0,6.474745876184891,0.9649189516071297,0.14902808080178864,0.0,
2021-12-04,178.0,12.37125930598995,-3.2341466484502637,-0.26142420657890064,0.0,8.34488065213372,-0.6129870943373461,-0.07345666401838954,0.0,42.7797445126198,-4.950712926919083,-0.11572563098077056,0.0,5.028752987927867,-1.7758395437815853,-0.35313715906203863,0.0,12.93101392056269,-4.8269123021650175,-0.3732818116056112,0.0,2.175974903970194,0.8011777122491549,0.3681925332812245,0.0,
2021-12-05,153.0,10.253875384863928,-0.38722961151417756,-0.03776422054882581,0.0,7.127497452289386,-0.5740094183135099,-0.08053449645627518,0.0,33.50728889419406,-0.26607615552179875,-0.007940844046260716,0.0,8.817039857371125,-1.3439819765273435,-0.15243006703704107,0.0,7.431167704802643,0.48719125244121547,0.06556052450900168,0.0,2.391947140698899,0.25063134724922326,0.10478130682101601,0.0,
2021-12-06,182.0,15.577218516737041,-1.9570593709093718,-0.12563599649106783,0.0,6.706122568270068,3.44705586098831,0.514016233061115,0.0,25.079857570759483,2.8484213552474915,0.11357406425499225,0.0,13.685866993633674,-1.1311425952096954,-0.08265041562481025,0.0,16.50893053448817,-0.18976641029659658,-0.011494773080555576,0.0,12.03695151147985,9.5577464132908,0.7940338053347985,0.0,
2021-12-07,193.0,22.361129361976047,9.54264350361059,0.42675141085840523,0.0,9.121692443150089,-0.3773650626157845,-0.04137007084679399,0.0,25.296670719966635,1.4259083310486034,0.05636743059327311,0.0,15.63256819861271,0.8219506974127164,0.05257937703963827,0.0,4.488393477855417,1.30429582240027,0.29059302149763194,0.0,27.649206878981204,22.1834869259307,0.8023191053192373,0.0,
2021-12-08,126.0,13.971362657466669,-0.1598336593703843,-0.011440090940948049,0.0,8.765684343801691,4.503420018436682,0.5137556683319424,0.0,15.38662659015972,-2.5516459891521963,-0.16583530991673395,0.0,14.084179241661328,-2.520166249196712,-0.1789359682204272,0.0,3.573868644823955,-0.36455782125365455,-0.1020064970159563,0.0,7.6604358866898075,2.004537579896182,0.26167408872634973,0.0,
2021-12-09,177.0,15.924617035736443,-1.7608331927492797,-0.11057303223040107,0.0,8.859619304472282,-3.6243047171185463,-0.4090813151857461,0.0,29.51401637821982,2.514889007344398,0.08520998887837872,0.0,12.585829019109946,-2.4424634805844003,-0.19406456872056954,0.0,7.396397596254239,-3.530497587010659,-0.4773266365235166,0.0,10.529203412363126,5.313974016195451,0.5046890831224626,0.0,
2021-12-10,109.0,9.369372896006094,-0.8780994118024447,-0.0937201904064203,0.0,11.830386183733934,-6.627261385365248,-0.5601897759244184,0.0,33.610099788777006,15.481075657023506,0.4606078456866976,0.0,9.052191007205689,-3.965704793322721,-0.43809336216678996,0.0,4.277230717285416,-0.18396530904275163,-0.043010377789371834,0.0,3.064861052647752,1.427162693332814,0.4656533098294553,0.0,
2021-12-11,191.0,11.885733816168788,-0.6383052986254145,-0.05370348255293201,0.0,10.59489520512579,0.39513928626908523,0.03729525196982766,0.0,50.91567790416593,21.36640401306326,0.41964292517678636,0.0,13.079518113838269,-4.361316966510123,-0.33344630349154863,0.0,2.5984707352254133,-0.05483350352829419,-0.021102220927470817,0.0,5.367885097446552,2.792784376760213,0.5202764824620988,0.0,
2021-12-12,145.0,4.564042684767624,-0.2447795998221701,,1.0,8.112774947170688,-1.2662834034518664,-0.156085114119119,0.0,36.75358567586227,6.73554595691048,0.18326228129991723,0.0,8.073897962822226,-2.359016042639235,-0.292178084675056,0.0,2.2111864935286527,1.573741844424376,0.7117182784130385,0.0,2.48451382722123,0.5751401229104531,0.23149000686130639,0.0,
2021-12-13,140.0,11.815266814817727,-3.0735467458818935,-0.2601335030392463,0.0,8.627679937722853,2.7542411593373384,0.319233117039374,0.0,31.9459445841494,3.075396148169143,0.09626874985863026,0.0,9.230180087288312,-1.8883027109025043,-0.20457918405113795,0.0,11.389957915132978,-3.0928969676761766,-0.27154595220820593,0.0,1.129378474040999,0.25828680397169107,0.22869818214926832,0.0,
2021-12-14,157.0,12.376539467084505,-2.2624873916064,-0.18280452283317974,0.0,4.598948388505953,-0.2615372354322163,-0.05686892161822698,0.0,40.67474454345938,-4.686992721605933,-0.1152310303165657,0.0,14.37365595407027,-5.511139149045665,-0.38341944225296726,0.0,7.706561753817364,-1.4673641597772398,-0.19040451587251558,0.0,2.1877945305095574,-0.13953269976734875,-0.06377778983424477,0.0,
2021-12-15,119.0,15.480614686232002,-2.711148087080368,-0.1751318111089983,0.0,2.83489846771408,0.33800338618480413,0.11922945037864201,0.0,23.121778837492457,-0.14322925343203163,-0.006194560307781439,0.0,12.623694710855487,-1.2307889402162675,-0.09749831316483563,0.0,2.2190921986839345,-0.25363318382432054,-0.11429591973453895,0.0,2.064546924404563,-0.03195453190891408,-0.01547774551945827,0.0,
2021-12-16,112.0,9.764824929989114,0.4371416582877218,0.04476697344006649,0.0,1.9408520285360238,-0.5669701811850882,-0.2921243726203854,0.0,24.123462170595303,10.573683726573176,0.4383153484271302,0.0,10.529743199265795,0.006174177632794597,0.0005863559553119114,0.0,0.7731831169585305,0.1160106880759743,,1.0,1.0698990526143421,0.14466205715692243,0.1352109405120369,0.0,
2021-12-17,121.0,11.789490638693675,-2.842125288396578,-0.24107278045317634,0.0,3.960976120404661,0.7420479754953976,0.1873396740951795,0.0,29.80276798416162,3.772608142655614,0.1265858307074205,0.0,9.708747090080575,0.4744561565626529,0.048868937686862256,0.0,2.8783933591694173,0.654702658986648,0.22745420006651473,0.0,0.8265751406288425,-0.17969951284390617,-0.21740251310630299,0.0,
2021-12-18,92.0,1.9907013078845892,-1.406437417097153,,1.0,1.2085440120281392,0.9228520566292631,,1.0,20.594281993369805,1.0313858619924208,0.0500811760431594,0.0,2.073881155760316,-1.4806514844332168,,1.0,0.1597128142820987,-0.03612185343371869,,1.0,0.15112408291315416,-0.018727123169000298,,1.0,
2021-12-19,174.0,7.99751936065149,-3.1796311515461073,-0.39757717464119896,0.0,4.7118864170042745,0.2161023892868933,0.04586324248119015,0.0,40.24721589924593,-3.0541363970552053,-0.07588441408471257,0.0,11.164392122664134,-2.969228122005985,-0.2659551984006671,0.0,1.3774509241629802,-0.28615797240980917,-0.20774458631525874,0.0,4.349808582977852,1.1696403664610173,0.2688946752825359,0.0,
2021-12-20,127.0,17.792067189584486,-11.34691612534142,-0.6377514205872563,0.0,6.617938635361492,0.7084786816353091,0.1070542839200276,0.0,26.797821660416957,-16.32426657484784,-0.6091639380883112,0.0,6.072840629196432,-4.079204305926727,-0.6717127214429295,0.0,4.578953829186498,-2.5110397467948196,-0.5483872169204496,0.0,1.7234542148144056,0.20542746951437132,0.11919519981938904,0.0,
2021-12-21,148.0,14.911268780058887,-0.50991798379832,-0.03419682062737965,0.0,13.341925135988273,-2.5349707396073553,-0.19000037204297976,0.0,25.931981284687932,-0.4780522436449566,-0.018434852254317808,0.0,9.119880662925421,-0.3106683298819075,-0.03406495560241828,0.0,1.8891859544382839,-1.1152507694281297,-0.5903340361006071,0.0,1.9563678201011445,-0.4156941146439175,-0.21248259676568695,0.0,
2021-12-22,159.0,24.866725418243732,8.80005815362418,0.3538889019608479,0.0,9.928081187885251,-0.5802874040483139,-0.05844909938452257,0.0,22.060208259310457,2.361421294328334,0.10704437902718811,0.0,27.254904615510895,7.346985941832987,0.2695656449904353,0.0,2.6362688683366224,-1.005966536507097,-0.3815872305702342,0.0,4.578201011041523,1.2170970201206515,0.26584612977571437,0.0,
2021-12-23,113.0,14.537387470831163,4.042488905361283,0.2780753359895248,0.0,3.0621985513134815,-1.2407076248409774,-0.40516890203242883,0.0,24.533368592849,3.3655234577346063,0.1371814655210288,0.0,18.966540921908745,2.7560852474230133,0.14531301510226294,0.0,1.7897123870861786,-0.6363231031122802,-0.355544895204237,0.0,2.6412444648594775,1.156486036467796,0.43785649221581036,0.0,
2021-12-24,142.0,9.988504908513274,-2.4966366119546226,-0.24995098213614747,0.0,5.267474177686376,-0.5463468048158109,-0.10372083210776781,0.0,17.953315371312776,3.012008381936889,0.16776892287815062,0.0,13.125742323820301,-7.753452652742553,-0.5907058405886699,0.0,5.656893120285526,-5.19504913999714,-0.9183573084256762,0.0,3.5319613255996907,0.6609387391835297,0.18713079738247393,0.0,
2021-12-25,192.0,3.327850994399337,0.36088165185369814,,1.0,2.157574814569666,-1.5294945027811555,-0.7088952338768458,0.0,23.77298830829386,-0.9654081031814599,-0.040609455179206506,0.0,4.893894509150409,-1.5438849544486946,-0.31547164565194447,0.0,2.7373964608559573,-0.40671115846753875,-0.1485759057131111,0.0,4.559610584561592,0.9275153180980243,0.20341985371261814,0.0,
2021-12-26,186.0,8.10982268349471,-2.822363687583723,-0.3480179281019128,0.0,4.850416457906244,-0.2105911432493487,-0.043417126153380566,0.0,29.407571894778812,-0.37422081830502374,-0.01272532188798168,0.0,8.542550716185357,-3.9793288854774147,-0.4658244378857336,0.0,3.808774936980621,-2.819920580808,-0.7403746946107223,0.0,5.891808424508776,3.7955345244611864,0.644205352752561,0.0,
2021-12-27,104.0,13.525861583621007,-2.1930551462211287,-0.16213792612492683,0.0,6.240523526648756,1.526088747544018,0.24454498745613218,0.0,14.273426194384228,-2.062151137557331,-0.14447485204138785,0.0,5.9419737379939725,-0.25695846874621575,-0.04324463218394595,0.0,2.108129171967444,0.9020648807604632,0.4278982961554472,0.0,4.081201064247576,1.7788612607694687,0.43586709715254507,0.0,
2021-12-28,148.0,17.743655780024707,11.403997900293694,0.6427084723505505,0.0,9.77153537021513,-0.8713387882907011,-0.0891711236032212,0.0,30.063547795558407,11.612029416090103,0.38624947045689884,0.0,6.762055661820336,-1.2688708041732686,-0.18764572012287908,0.0,1.2699668312488877,0.6229745281047665,0.49054393609015146,0.0,5.2360123677644825,3.736938368160423,0.7136993012405565,0.0,
2021-12-29,177.0,32.25305419660435,-0.7152058360979114,-0.022174825110770728,0.0,6.012589549769466,0.34578928616388016,0.05751087502341456,0.0,33.38947990941233,4.59775584024093,0.137700732467679,0.0,35.72225471222191,-8.412300434647491,-0.23549186641260164,0.0,9.257469732903695,-6.202311861665379,-0.6699791671606107,0.0,1.9167724747603576,1.2266086436003363,0.6399344000146349,0.0,
2021-12-30,168.0,12.312368309052541,-0.33263080870361694,-0.027015989154503574,0.0,7.0008425276755535,-4.017665604082902,-0.573883155948783,0.0,30.49860993892071,8.1248353461802,0.26640018553146305,0.0,13.953786272672,1.1823949135212124,0.08473649305041252,0.0,10.200225051135925,0.042286764551204836,0.004145669761129012,0.0,2.3151165951057857,-0.5221898208148235,-0.22555659698468136,0.0,
2021-12-31,133.0,4.586132004842507,-0.08971597470190462,,1.0,4.78331264279404,2.4645508447409674,0.5152393390914478,0.0,20.02158732985845,5.385734944990303,0.26899640154696863,0.0,2.1974772115354377,-0.09025785401535583,,1.0,7.041461118482398,1.3179733327266328,0.18717327420401736,0.0,1.2590840747579888,0.7390116727884606,0.5869438646744123,0.0,
2022-01-01,161.0,3.055849777483668,0.07068845179192756,,1.0,2.7905676011287097,0.24485538582943467,0.0877439362982632,0.0,26.26160505390726,9.414869551598096,0.35850320390822155,0.0,1.5674282093677858,-1.0385730338357253,,1.0,1.3583798648905896,-0.9935683396691695,-0.7314362980116731,0.0,2.5187554905714884,0.28578987225193775,0.11346471434870956,0.0,
2022-01-02,169.0,12.11805988882406,-2.9538155053029094,-0.2437531694349093,0.0,3.297743857634482,2.0091748249087673,0.609257392825523,0.0,35.867009540612344,9.427116647197513,0.26283531211385647,0.0,5.845199100353051,-3.2476931228376382,-0.5556171940561403,0.0,7.344864704660718,-3.1799544245083196,-0.4329493533748096,0.0,3.1719698501692566,-1.0978699441719977,-0.34611613477770453,0.0,
2022-01-03,192.0,20.440802608398364,3.5894307055383816,0.17560126059157866,0.0,19.094370852726563,15.556648230358023,0.8147243158910693,0.0,24.26801531069213,8.522444063952806,0.35118010083823964,0.0,4.143323953103382,1.6921331022376167,0.4083999034085172,0.0,23.898352981661443,2.255945071847193,0.09439751239670396,0.0,1.3660099509870556,0.7083834739291108,0.5185785604396549,0.0,
2022-01-04,125.0,31.070849562893272,-6.57376724189433,-0.21157346304895147,0.0,4.2905075800299475,-1.4116388832619697,-0.32901442473436127,0.0,12.338630392099727,7.476398785156673,0.6059342526333975,0.0,7.19462478990317,-1.1112891969594767,-0.15446103576089798,0.0,66.57415921177017,4.030684029440888,0.06054427238982346,0.0,4.086733206262574,2.211124872067072,0.5410494790016411,0.0,
2022-01-05,166.0,44.53440299756039,-21.77940857350587,-0.4890468291378903,0.0,4.835359376986155,-0.2539141496111889,-0.052511949953439,0.0,22.066365025180854,1.1078267199002516,0.05020431406061053,0.0,23.719331750711714,-0.8593991185048158,-0.036232012247943236,0.0,51.04810425249161,-11.948796551953146,-0.23406934942877797,0.0,3.0609064231102745,1.6549066738863272,0.5406590222398009,0.0,
2022-01-06,170.0,38.129734520793136,0.8408172411207113,0.022051484273046585,0.0,4.430515453568653,2.551774247928982,0.5759542596502178,0.0,20.6305493562977,2.114805943193616,0.10250846483387747,0.0,17.57026840838807,-5.39228559581921,-0.30689830516447464,0.0,23.985899165891166,-8.962497102053696,-0.3736569156764695,0.0,4.143629597463579,2.639468152416935,0.636994231828207,0.0,
2022-01-07,138.0,36.582464499668276,12.900974146851922,0.3526545934861471,0.0,7.0846162086381765,-0.6851752336852315,-0.09671310534080965,0.0,13.64228675406775,-2.758094291908921,-0.20217243205846952,0.0,17.323110552075374,-2.0265241325975794,-0.11698384805116852,0.0,3.7289937901587056,-1.5241867725617673,-0.4087394236440651,0.0,4.101316448948632,0.25426518320082947,0.061995992351677735,0.0,
2022-01-08,171.0,10.467810148678833,-2.261182131339134,-0.21601290998046266,0.0,7.531084223141074,3.087862542018778,0.4100156697930127,0.0,37.8271122645383,5.714172648187069,0.1510602397620482,0.0,9.59231014538818,-3.9152133447182007,-0.4081616717324939,0.0,1.7412691495192065,0.7508319444252246,0.4311980974523909,0.0,3.240883123340603,0.31314979935261955,0.09662483571139534,0.0,
2022-01-09,158.0,10.926301853600304,5.280460874319585,0.4832797908269056,0.0,9.519217587861927,4.5797504038170285,0.48110575911792636,0.0,28.34746587940026,3.126568652743064,0.11029446745061967,0.0,9.90899720380548,-1.15947866816254,-0.11701271524400576,0.0,1.8826750899243003,1.2755985426453733,0.6775457695659336,0.0,1.06744126710691,-0.06733910219135605,-0.06308459703255194,0.0,
2022-01-10,136.0,30.36901326872612,-1.582915684586638,-0.05212272359921281,0.0,8.462839138257547,1.9026781039334772,0.22482739809293226,0.0,20.95564094340807,0.08537393128582194,0.004074031021832222,0.0,11.68363396373024,-5.4306580042904855,-0.46480898161898904,0.0,4.034873769051041,-0.2269485041832371,-0.05624674207258111,0.0,2.347209214058234,-0.8718821231569761,-0.37145479743986076,0.0,
2022-01-11,143.0,19.728693822413334,-0.18054451740002042,-0.009151366989886972,0.0,6.9358957726435575,-1.1387580857939759,-0.16418327540120287,0.0,25.330736586452986,6.62716583720378,0.26162546890752575,0.0,14.786269628268196,-2.9139995703129586,-0.19707469453566656,0.0,4.0754417556381615,-0.2053516325765956,-0.050387576338810955,0.0,3.4354518307663913,0.7603970283982622,0.22133828848609716,0.0,
2022-01-12,152.0,18.602417567410157,-1.98001554892123,-0.10643861432236892,0.0,4.8542389365757055,1.8072110633800251,0.37229544878045795,0.0,44.4227327707049,20.719494071526928,0.46641646695789607,0.0,25.209946168499297,-3.095235390512041,-0.12277834192203255,0.0,4.070395896087568,-1.3508340962367797,-0.3318679879603826,0.0,0.8828387812100049,0.1613525391033433,0.18276557683861153,0.0,
2022-01-13,135.0,6.631771684020346,-1.982474325645714,,1.0,3.424366018472933,0.9481628007992371,0.276887107185482,0.0,42.14109507172543,14.075976010951322,0.3340201764333267,0.0,9.479948152380526,-3.5457254962611646,-0.37402372241569604,0.0,0.4781960791951799,0.21322782921292127,,1.0,0.3343889493698894,0.08515135296020644,,1.0,
2022-01-14,138.0,9.407616012453213,-1.8129589994324595,-0.19271184081414228,0.0,3.5701213586507885,-0.8454803122932898,-0.23682116862627092,0.0,24.401481008717383,-2.747621882005873,-0.11260061965190925,0.0,14.56254420544428,-4.634772299140305,-0.31826665957227257,0.0,0.6573394765000498,-0.13965410004835957,,1.0,2.975042562786251,-1.2089774295446913,-0.40637315400705853,0.0,
2022-01-15,167.0,6.589387913438253,0.27952017462187073,,1.0,4.603405438785551,2.325274461512528,0.5051205009928412,0.0,34.74656446519657,-1.9706076972876447,-0.05671374213877972,0.0,4.567516925133527,-0.24433159102498114,-0.05349330829635368,0.0,1.4079878263146326,0.5591731945725313,0.39714348669913646,0.0,4.097839772497531,0.9840760649056284,0.2401450811986869,0.0,
2022-01-16,177.0,9.130652593434199,-1.494200877342911,-0.16364666841200184,0.0,12.453809287406324,3.2818621099862204,0.26352275309892054,0.0,34.62417087297945,3.5525218090928945,0.10260236475049478,0.0,10.501057759480313,-5.371406779045068,-0.5115110212774312,0.0,2.7689538828344604,0.27732295255219785,0.10015441364747979,0.0,3.558018670395534,1.6937238184943024,0.47603005363263495,0.0,
2022-01-17,122.0,14.735512799852584,3.850112945628224,0.261281232483931,0.0,7.35026493621262,-0.8693948184240771,-0.11828074579200831,0.0,20.4912439799009,4.574106185795297,0.22322247445210586,0.0,13.5310604506958,1.252152975890457,0.09253916058190903,0.0,2.8820362756159694,2.1541243697315533,0.7474313866056937,0.0,1.4412143326408067,-0.5603954497693131,-0.3888356069443699,0.0,
2022-01-18,150.0,34.16073938126283,20.526155999895817,0.6008697812657537,0.0,1.5590926571749086,-0.37411920991173786,-0.23995957404458923,0.0,24.13813412909803,12.111899014587252,0.5017744515714909,0.0,7.739929206800291,1.8991948040356799,0.24537625000071706,0.0,13.107747046095025,0.9085320813191586,0.06931260407484158,0.0,1.3609719399755633,0.030216929870642645,0.022202463535864816,0.0,
2022-01-19,171.0,36.35768951155478,17.712515900578985,0.48717385891503906,0.0,12.59301670129934,1.8819451554873041,0.14944355273451881,0.0,35.241714615120145,14.747760492779653,0.4184745451191032,0.0,25.45587357833574,6.75891262719955,0.26551485677363407,0.0,4.597871357189426,1.2767273021206393,0.27767790852266766,0.0,1.490200636108049,0.5884130529432414,0.3948549199925168,0.0,
2022-01-20,172.0,28.250362720711564,-0.2585916673380859,-0.009153569810574544,0.0,6.232934534178634,2.7119441201426793,0.43509908619633125,0.0,29.42138399305986,7.61451587897848,0.2588088949443932,0.0,34.18176545364258,-9.447487353838284,-0.27638968404516717,0.0,3.3666775183664797,-1.5093708674508144,-0.4483265353502479,0.0,1.4133095715515012,0.18119933903949656,0.12820923503728895,0.0,
2022-01-21,108.0,16.586455704455147,-5.565772008478513,-0.3355612620111202,0.0,7.509768128453286,-2.7303507619295098,-0.36357324423701665,0.0,13.081302126025546,-1.9764566432017556,-0.15109020678220944,0.0,27.360028198316286,-14.075913640630151,-0.5144699975673407,0.0,1.5328971132839753,-0.7488437412952434,-0.48851533139818576,0.0,0.7043847906606926,0.17580168855879727,0.2495818917298035,0.0,
2022-01-22,162.0,9.981233060279916,0.035206493511992676,0.003527268955585868,0.0,4.171753935850568,-0.6061240749048501,-0.14529238402486674,0.0,31.372633111015602,0.9464712738272858,0.030168690988674442,0.0,7.3575861380013485,-0.42355521285347064,-0.05756714293371865,0.0,2.758133976523817,1.3873120752185497,0.5029893714470799,0.0,1.3371743339885087,-0.09997239849706684,-0.07476392266584289,0.0,
2022-01-23,158.0,9.065821982650956,1.3241081148315632,0.14605494321038698,0.0,5.1017812048667075,-1.2222349654350013,-0.23957024348066575,0.0,32.498713716850034,9.658372881760414,0.2971924663206812,0.0,7.863084060765684,1.4509008798160625,0.18452058614705666,0.0,1.3299444273070495,0.6411191097289829,0.4820645859821067,0.0,0.746614906325698,0.0799583099218611,0.10709444620568646,0.0,
2022-01-24,154.0,21.734406607443812,7.253352911237301,0.3337267514243109,0.0,3.8421158205019257,-0.5692167745415616,-0.14815190408997103,0.0,31.749435501806147,12.953489220728258,0.4079911663308586,0.0,10.922849367459996,1.968332462191015,0.1802032048574091,0.0,2.6304400170993114,0.8719818782641762,0.33149658330766446,0.0,0.4364795236178841,0.015557711158756024,,1.0,
2022-01-25,141.0,25.05635177190561,3.033648231297275,0.12107302207892641,0.0,5.360980495650432,0.696455451053239,0.12991195390811436,0.0,29.08113426570344,6.430685594506152,0.22112911882154887,0.0,22.203120896112523,0.40048749673262324,0.01803744161041538,0.0,3.165588513984398,-1.283402931080655,-0.4054231702607765,0.0,1.4603649114069355,0.311837667754125,0.2135340731062186,0.0,
2022-01-26,164.0,18.533503383492643,6.448553923504403,0.34794036454262495,0.0,4.384554000571364,0.058495045147536784,0.013341161983616606,0.0,22.673328016186126,8.985613104990678,0.39630763946854175,0.0,17.081352230023178,-2.0340174226825374,-0.11907824364791389,0.0,4.805863655026762,-0.048480539293719316,-0.010087789162102092,0.0,2.583588502493506,1.9565512751782053,0.7572998847493992,0.0,
2022-01-27,171.0,12.909528686257538,-4.25225316009983,-0.32938872234944117,0.0,7.457825424688047,4.027313523541962,0.5400117720924555,0.0,29.121741067094263,4.7777776376846415,0.16406222508046506,0.0,7.056565372629841,-2.4034225285904176,-0.3405938160670238,0.0,7.641951775971386,2.0286886806239677,0.2654673491924903,0.0,1.9868033064412813,0.0034987483669108588,0.0017609938314315273,0.0,
2022-01-28,161.0,20.527936063946978,2.1743017753448926,0.10591916150613886,0.0,10.908292849933781,0.36370377555926625,0.033341951904185825,0.0,22.53604832297423,8.61651826952302,0.382343796305183,0.0,17.087649248373047,3.3448764387093446,0.1957481915792377,0.0,2.7817537808441495,1.592255836747108,0.5723928004382627,0.0,1.6999872394735518,-0.05531164750417927,-0.032536507463025464,0.0,
2022-01-29,140.0,10.6826008138305,-3.67363043506061,-0.3438891426425343,0.0,3.068460113936448,0.2716080379320146,0.08851607250764479,0.0,36.831434882973554,3.355013419131627,0.09109103215206486,0.0,7.171108168025961,-1.8493476809014038,-0.2578886885498599,0.0,0.6735455006419162,-0.05894495823204694,,1.0,0.8048516431153936,0.3137646079881682,0.3898415449257932,0.0,
2022-01-30,174.0,8.141206778629563,3.267228271347318,0.40131989767459286,0.0,5.523586654933746,1.1124821513862635,0.20140575696274785,0.0,37.015181963244686,0.34009586873820785,0.009188010181225533,0.0,5.156535242356762,0.9651914969738838,0.1871782993056301,0.0,3.481557985171087,0.5444978995252091,0.15639489614832652,0.0,2.9695412804066956,1.327766290544009,0.44712841653515045,0.0,
2022-01-31,171.0,15.798587738026978,10.422213803392703,0.6596927507834501,0.0,5.210020757789601,1.0233095402511125,0.19641179715477006,0.0,34.177774894247705,14.596025465593936,0.4270618994582506,0.0,13.201375676180753,3.1921955778165625,0.241807797620383,0.0,6.255054274952265,1.6313918234334512,0.26081177743991696,0.0,2.340633970539778,1.5425984982633052,0.6590515722146696,0.0,
2022-02-01,178.0,19.537397323118054,-0.7865987307462121,-0.04026118309092542,0.0,5.812812720461801,0.7149652329711685,0.12299815379470333,0.0,25.442445439373838,9.961658940256962,0.3915370070850441,0.0,14.579807861700825,-5.296502240828172,-0.3632765459647355,0.0,29.20745366910705,-0.7297276570648963,-0.02498429562987666,0.0,2.300767763430478,1.190064986576619,0.5172468970976084,0.0,
2022-02-02,166.0,36.3491592313585,-4.769536054410635,-0.1312144807546455,0.0,2.2529332979101966,-0.2443965734543077,-0.108479276186742,0.0,17.657977791037407,5.056520589971591,0.2863589845796561,0.0,12.869407223050072,2.452157348706928,0.19054159264732337,0.0,74.28539912339329,6.543698248259318,0.08808861937175264,0.0,0.7374047442572123,0.014918102682918792,0.020230548825592106,0.0,
2022-02-03,124.0,32.851034579769475,-8.39273479317561,-0.2554785534317411,0.0,7.3152560909657005,-1.029767866113927,-0.14076989968754264,0.0,11.306626019097163,0.11692286211455055,0.0103410921982442,0.0,9.423366300216,-0.9408311194651449,-0.09984023643902916,0.0,47.27070250050019,-14.395396705218616,-0.3045310508145355,0.0,0.7296570046892104,-0.04065250303360507,-0.05571453816292844,0.0,
2022-02-04,148.0,18.72015945435851,7.685567836224774,0.4105503403944236,0.0,7.653089303348674,1.273545546233314,0.1664093408234585,0.0,22.591913506767014,15.369463759567292,0.6803081888111707,0.0,9.163714224137943,2.1321016225254725,0.2326678430138458,0.0,7.821960520996067,-4.819050466163582,-0.6160924046123814,0.0,0.9653476824460014,-0.0017421789347249333,-0.001804716545556513,0.0,
2022-02-05,160.0,10.42279015480744,1.1893696532381255,0.11411240517871665,0.0,6.881358151724266,0.46969632711185394,0.06825634079141221,0.0,28.365643802455452,7.8930715839679575,0.2782616759533834,0.0,7.256703072154774,-2.635980411404762,-0.3632476601556808,0.0,1.4562490223906877,-0.04845801971502557,-0.0332759157053189,0.0,4.788522926304716,0.02307347357904943,0.004818494958497596,0.0,
2022-02-06,171.0,7.180430116299243,-0.6595655475606357,,1.0,8.74388745119358,3.868376558647324,0.44240923505016905,0.0,25.157966864164333,3.395850266712384,0.13498110896828958,0.0,6.145198980586423,-0.995735504192496,-0.16203470503366435,0.0,3.8035533989896013,0.9302961588779827,0.24458606500045776,0.0,7.1003941840244735,5.558683966266588,0.7828697706351775,0.0,
2022-02-07,180.0,23.41875373980292,-6.0899050710988,-0.26004394336101205,0.0,7.244317909244269,-3.311312941275959,-0.45709105850400167,0.0,27.942286678997334,8.063662140367734,0.2885827574888043,0.0,14.80814784624817,-3.8673048178512253,-0.26116060279821257,0.0,6.768564148129365,-0.8568875199565819,-0.12659812350207256,0.0,15.151410052101706,-5.088704628797802,-0.335856835192176,0.0,
2022-02-08,177.0,29.185701743932437,-12.266598717293258,-0.4202948013694213,0.0,5.112723219514002,-1.3548551954812476,-0.26499678103248375,0.0,28.007119968111507,4.2441232264532385,0.15153729591923534,0.0,17.465916610482957,-5.279646754794555,-0.3022828330478652,0.0,2.6074481191317247,-0.3707263482687478,-0.14217976018337766,0.0,20.051550290896554,-13.383630139200159,-0.6674611162248315,0.0,
2022-02-09,188.0,29.247799663688053,-4.32041350040179,-0.14771755653693505,0.0,7.0627477994494186,-1.7673794897961383,-0.2502396432637614,0.0,28.2143810413545,7.232689580127449,0.2563476253307248,0.0,30.132964844306112,-0.6704852952134428,-0.022250890301627153,0.0,2.28941560029488,0.7802307137687677,0.3407990727713539,0.0,8.609020043149933,-6.210103906609473,-0.7213485246268835,0.0,
2022-02-10,163.0,27.045614140042744,-4.762383162371736,-0.17608707784234512,0.0,4.151918152485443,-1.7419607378918651,-0.4195556544988931,0.0,47.13394259297638,10.333968534327086,0.21924685196750318,0.0,23.43802817715914,-6.176765596112922,-0.26353605983511497,0.0,8.133916545855747,2.0916452260610465,0.25715105561622037,0.0,8.084352490448502,-4.147436867007219,-0.513020290976591,0.0,
2022-02-11,116.0,16.6151466524243,2.131537538119791,0.12828881879347004,0.0,1.360829159995769,-0.17498106368980734,,1.0,33.31321208264126,-3.804890962805945,-0.11421567375031319,0.0,8.371901070640885,-1.3481984455971274,-0.16103850657350402,0.0,3.6209530442210913,0.9255786893520339,0.25561742393462505,0.0,2.9640695149719214,-1.7120267775078464,-0.5775933286517622,0.0,
2022-02-12,158.0,16.29756676735269,4.310365905714622,0.2644791070498422,0.0,4.319348291988711,-0.903005210149548,-0.20906052235342823,0.0,35.0638979163632,3.4822843237873355,0.09931252743472838,0.0,11.531298949979824,-1.0978570995571415,-0.0952067155937417,0.0,3.2881042076332903,0.4659938777598549,0.14172114030877012,0.0,3.02348406593955,-0.3163272131366307,-0.10462341002558972,0.0,
2022-02-13,178.0,11.596779914085342,-0.4482084582279451,-0.03864938901561417,0.0,7.808898945826507,-0.2001646652911825,-0.02563289225277543,0.0,34.75954509706935,1.9391158462494198,0.055786571453517404,0.0,10.645165542053288,0.7360078528718664,0.0691401040185141,0.0,4.800460803402523,-1.9425818762393323,-0.40466570935491186,0.0,1.7698593520471984,-0.6056443436745557,-0.3421991374478464,0.0,
2022-02-14,171.0,24.700673001818355,15.235860651859959,0.6168196571299236,0.0,3.7748544079513437,0.5631005535800817,0.14917146271759996,0.0,24.224801840144206,12.60594581181045,0.520373536798987,0.0,15.178031646559242,9.94284164880196,0.6550810988100644,0.0,3.8095350364601397,0.3476236837588038,0.09125094806368271,0.0,4.503808072877284,-1.447872666236418,-0.3214774348302627,0.0,
2022-02-15,163.0,29.200293874782798,-16.84461816106073,-0.5768646792835069,0.0,5.872716875346663,-1.6356638037501912,-0.278519097458387,0.0,20.11421478313423,3.7054835684971357,0.1842221338714243,0.0,9.3124421327011,-1.58860034545323,-0.170589016588332,0.0,2.0710017016826825,0.6461354506040724,0.311991752628252,0.0,31.04187307407119,-21.785280031869902,-0.7018030123339052,0.0,
2022-02-16,152.0,21.671126099157842,1.8509004073497368,0.08540859385344375,0.0,2.8337862051121117,1.9569458053144533,0.6905763750928527,0.0,24.117105027689828,8.30098944396244,0.34419510278832127,0.0,12.029709782284037,-0.6655572772604276,-0.05532612916735392,0.0,4.78070154795568,-2.6486363889551074,-0.5540267181262791,0.0,19.18663255450519,0.7830985357368894,0.0408147981941214,0.0,
2022-02-17,143.0,31.865346872371443,-15.98147284287558,-0.5015314255603528,0.0,6.91690543861477,-0.5671505524391427,-0.08199483966817456,0.0,20.699154767935394,4.824922845011965,0.23309757809464507,0.0,7.361374545595022,-1.734313301045975,-0.23559639443747254,0.0,9.144397861746253,-6.461676342905996,-0.7066267719974344,0.0,25.025156041228907,-11.219516833686763,-0.4483295454862549,0.0,
2022-02-18,147.0,35.74412394895626,-21.852238941757243,-0.6113519238284573,0.0,5.597272519909886,-2.05617353027526,-0.36735276386156085,0.0,13.633722713144376,-0.8228416282654107,-0.06035340791199331,0.0,9.870720516162688,0.020463395310402255,0.002073140990760981,0.0,11.395753652017445,-4.754424777339112,-0.4172102102696309,0.0,17.918244700595093,-12.6040869456653,-0.703421967735863,0.0,
2022-02-19,151.0,9.457099879335143,-3.8968091501818707,-0.41205117846929473,0.0,6.698681841080537,1.4368462495341934,0.21449686425209016,0.0,31.77814057764772,-0.03896055494211803,-0.001226017452057038,0.0,7.253817150209211,-2.45816616953598,-0.3388789817324087,0.0,3.35024280668585,-1.7342381945156167,-0.5176455243944458,0.0,4.583187756281399,-0.20290060864260617,-0.044270629839356826,0.0,
2022-02-20,190.0,10.228505252605824,-3.071402911959943,-0.3002787637203852,0.0,3.82907524848269,-0.3026106688019101,-0.07902970016633198,0.0,38.24583343582344,10.572395313026162,0.2764326035871765,0.0,13.452759983527354,-4.92123089154102,-0.3658157060385358,0.0,3.6759373833992806,-0.6982117911504027,-0.18994115468439765,0.0,2.2973499699946784,-0.16638869544038207,-0.07242635976823657,0.0,
2022-02-21,153.0,21.142833116449758,3.1095890398409316,0.14707532442383883,0.0,7.496487607459124,2.185953310501826,0.2915970018181272,0.0,16.340890681647576,7.048990708095957,0.4313712664397581,0.0,7.853747868197384,-0.2064032471265348,-0.026280859863395272,0.0,11.190206746745385,-1.388501575912351,-0.12408185186714173,0.0,15.209713448086402,-1.5365852378263452,-0.10102657377938105,0.0,
2022-02-22,143.0,26.628105663367023,18.262276002893557,0.6858270818722733,0.0,1.6426428271879496,0.11550486666319279,0.0703164831401153,0.0,14.100298186895085,6.2383630861763475,0.44242774184551115,0.0,6.195533327685547,3.0378748478116293,0.49033306531279397,0.0,4.865003472972597,0.14264240280400653,0.02932010297555855,0.0,6.052372787533381,0.0005453884396638409,9.011150813235212e-05,0.0,
2022-02-23,162.0,29.483257965985104,-6.874081638130096,-0.23315203652393973,0.0,5.337398347168339,1.4305068934525358,0.2680157635623104,0.0,18.81309800289454,9.412448997224569,0.5003136110690749,0.0,14.012612140504638,-8.183683657650281,-0.5840227058019148,0.0,4.063992198411135,-0.7010953072873124,-0.17251394024855995,0.0,16.18276393957057,-5.560700387838088,-0.3436187049754152,0.0,
2022-02-24,133.0,33.35948796886805,17.671320675062756,0.5297239781244273,0.0,1.8294729103072251,-0.006425810449737317,-0.0035123834922804213,0.0,14.73015547962859,6.720551838799347,0.4562444604263472,0.0,12.041762543172805,-0.5294803847571867,-0.04397033929699775,0.0,2.9634020221419575,1.521075365008502,0.5132868755718346,0.0,7.036963853439369,-2.0105457807958316,-0.28571210861246105,0.0,
2022-02-25,160.0,33.1144122423575,10.337263326249534,0.3121681052525786,0.0,10.01000070184818,3.1207069829465994,0.31175891749642065,0.0,17.624101357003376,6.532619427717557,0.37066397289650505,0.0,12.803655419294952,3.46332926502346,0.27049535086708637,0.0,1.238032881243264,-0.06596259331133766,-0.053280162676371215,0.0,13.180313798511628,-4.11977104786105,-0.31257002760634356,0.0,
2022-02-26,177.0,16.707200712444312,-0.07814649282893549,-0.004677413899189485,0.0,7.058130640070878,4.406082252331743,0.6242562623192671,0.0,22.031263850898533,4.506706087644796,0.2045595803375117,0.0,13.127139460710161,-3.253474700975678,-0.24784338665048886,0.0,2.47802504488208,1.0277843201155412,0.414759456220286,0.0,8.549107257975258,-2.9449160720879517,-0.3444705959608484,0.0,
2022-02-27,160.0,12.603143085390908,1.4732040615113884,0.11689179846089913,0.0,5.027283114730374,0.7597131113111809,0.15111802816220074,0.0,22.78254197399656,4.638211688829861,0.20358622379029537,0.0,11.989534190666738,-4.641295099292522,-0.38711221182433775,0.0,3.6310329254410982,2.418963119298579,0.66619145817983,0.0,4.724977794503496,1.8334308359186868,0.3880295137157031,0.0,
2022-02-28,151.0,37.22300240145705,15.631658168662321,0.4199461934873485,0.0,14.072139875919667,7.849590716053628,0.5578107370497287,0.0,22.05643000197596,7.803468095289912,0.35379560947038236,0.0,9.14074908509064,-2.237839879526075,-0.24482018472383052,0.0,6.412246818850683,-2.140452160400764,-0.3338068887348934,0.0,4.573834425471427,2.201138786718384,0.48124583925914893,0.0,
2022-03-01,127.0,45.682020542131795,4.772849531052721,0.10447982541951703,0.0,7.330717208278654,1.0229981334708882,0.13954952897591055,0.0,12.963536612805907,4.532105651607726,0.349604107811963,0.0,24.744796992876218,-5.756171192444603,-0.23262147570261932,0.0,12.621272867734657,-4.586592091273688,-0.3634017059403706,0.0,10.751610675106345,2.512249912055351,0.23366265650523121,0.0,
2022-03-02,139.0,49.17376377533219,15.97541907982265,0.32487688257526975,0.0,8.238167599520231,4.265148010801626,0.5177301820188772,0.0,10.22912831683788,2.6341301516779425,0.25751267068788014,0.0,11.140447209414555,4.828738233093668,0.43344204611579723,0.0,18.43714237068343,1.4964705279946444,0.08116607757903717,0.0,2.314185027666093,0.9209580609667878,0.3979621551244735,0.0,
2022-03-03,165.0,42.093065602573915,5.063706738284351,0.12029788436161595,0.0,6.675359550252317,0.16630579945549773,0.02491338454558776,0.0,21.51648212404688,7.6695092112508885,0.35644810183349734,0.0,13.700674676059856,-2.083736828785301,-0.15209008884988412,0.0,13.501152770419132,5.327547495146103,0.3945994527829281,0.0,9.777825178010966,-5.638165984351247,-0.5766278166877778,0.0,
2022-03-04,175.0,45.44293197931256,24.541855672770243,0.5400588079119252,0.0,2.87598470914235,0.7601351216120383,0.2643042986966085,0.0,27.985486860910896,11.78857571929391,0.4212389006445966,0.0,11.384426351287395,2.2014668171976237,0.1933752961517181,0.0,2.7899019617761875,-0.305744002826478,-0.10958951497773294,0.0,8.723399595597577,-0.7252759639993854,-0.08314143540614707,0.0,
2022-03-05,179.0,30.573251387890192,7.902986629846903,0.25849349582024533,0.0,6.643239892953709,-0.32355932717059216,-0.048705049401239014,0.0,40.601498352545605,15.737451535652296,0.38760765425460214,0.0,8.518510872287145,2.4645927912022443,0.28932202214123875,0.0,4.343049130860883,0.47550640125585597,0.1094867653872478,0.0,1.5788288056719393,-0.1171849420669177,-0.07422270333929241,0.0,
2022-03-06,180.0,22.189030185465523,2.5637867088864965,0.11554298171020802,0.0,8.571096098901755,0.6282209951608901,0.0732952924470636,0.0,28.606477173831077,2.845561670395239,0.0994726352743053,0.0,8.438239054274156,-0.4879997470849787,-0.05783194146861672,0.0,4.371964120822659,-0.9219951339605386,-0.21088808336035694,0.0,2.149339359668367,0.29689052064000704,0.13813105841313764,0.0,
2022-03-07,131.0,36.74595343717374,23.6030744372854,0.642331256355633,0.0,3.9236893168417684,0.862707222855256,0.2198714406750382,0.0,23.376360620706688,11.449080171292085,0.4897717124174811,0.0,4.837212921542227,0.5781884960906895,0.11952926312500387,0.0,3.6389683670422466,1.3367659921951454,0.3673475164835436,0.0,0.5311468065119636,0.3289807817651408,,1.0,
2022-03-08,132.0,32.88985905537265,13.141572357298017,0.3995630487553367,0.0,1.9157374368587572,0.39682081868696867,0.20713737229963905,0.0,20.57356923093902,11.835833370177516,0.5752931461391011,0.0,9.424583873136722,1.2331856574112199,0.13084775667668674,0.0,1.957716453078313,0.2911711970402325,0.1487300147998424,0.0,2.845989471985371,0.5792646766484102,0.20353718183093394,0.0,
2022-03-09,181.0,58.092409082215454,1.6444675967115574,0.028307787931194588,0.0,2.1683867873798515,0.06787844093777047,0.03130365916857052,0.0,22.66314662758668,7.71931507889806,0.34061091364522766,0.0,17.157529482079546,-1.7742004152312767,-0.10340651998205036,0.0,15.996236889717688,-9.844248696291613,-0.6154102845663316,0.0,6.738944229444307,-1.6657135631169477,-0.24717722931123032,0.0,
2022-03-10,156.0,37.6637863183787,-4.9597927336856555,-0.13168598323492078,0.0,1.3321566444938002,-0.4369906131729399,,1.0,29.924348550011928,2.901923458016189,0.09697532606821051,0.0,11.2159821627647,2.530172649292666,0.22558636529330817,0.0,25.921703721098304,-0.597062489523488,-0.023033304290007925,0.0,3.9944786299383788,0.6928986603728657,0.1734641049722063,0.0,
2022-03-11,141.0,38.04079389575054,-3.3740409509838,-0.08869533480900112,0.0,8.908070961944752,3.3818819154732767,0.37964245344706665,0.0,32.22207087361312,6.698901860058761,0.20789793077963029,0.0,22.96308006889012,-2.132038678360376,-0.09284637217499474,0.0,4.6292808486250525,-0.8821766351700662,-0.19056450969745817,0.0,2.3805682269303303,0.33266760825349595,0.13974294224806177,0.0,
2022-03-12,160.0,18.193503830982074,1.6511799681941777,0.09075656803294542,0.0,8.351432332849066,3.153420347245974,0.37759036073877805,0.0,36.580034380589495,2.8173501972480657,0.07701879577081643,0.0,8.970082473526412,3.29202187619144,0.36700017930796636,0.0,3.566085471575201,-1.4116198551840653,-0.39584577162715306,0.0,1.7211639574161313,-0.09123680622118313,-0.0530087827066463,0.0,
2022-03-13,130.0,17.29861523270665,3.1127614899942926,0.17994281323218095,0.0,3.7344194173347143,0.9926973112621065,0.26582373331022435,0.0,34.60423770353373,6.463344729310013,0.1867789946619742,0.0,8.189269222675644,-0.059264477952464756,-0.007236845723470003,0.0,3.7654996031342254,0.907155971033451,0.2409125127189967,0.0,1.5160344022442525,-0.163272673450525,-0.10769720872351267,0.0,
2022-03-14,140.0,23.025365189285367,-16.41720734729517,-0.7130052970857879,0.0,6.30234481016668,0.559121949867568,0.0887164962738338,0.0,24.632290988622113,-6.4846232867488265,-0.263257010472316,0.0,6.121485128991475,-2.259971774882416,-0.3691868439211173,0.0,1.4232100372464567,0.8964932889919087,0.6299093356075477,0.0,21.4202798364422,-13.26514122081455,-0.6192795482646609,0.0,
2022-03-15,,,,,,,,,,,,,,,,,,,,,,,,,,
2022-03-16,165.0,44.46235689629975,-5.12826812939706,-0.11533954759433467,0.0,13.568349169974676,-1.2720915169385862,-0.09375433230695378,0.0,26.308992993377615,-2.9808752169114543,-0.11330252045989701,0.0,14.264514097114436,-8.330920424466818,-0.5840311396342674,0.0,9.319650683573848,-5.312379005170539,-0.5700191118250558,0.0,17.18315188214182,-1.8957956244180636,-0.11032874745106187,0.0,
2022-03-17,172.0,44.07141818326636,18.807538464632906,0.42675137855613665,0.0,4.510862464238009,2.816337886726772,0.6243457673681295,0.0,22.545249071874416,7.963449547525489,0.35322073941777954,0.0,18.109785760840168,1.8848547181839286,0.10407934931288135,0.0,4.374518795229954,-0.46052262882000994,-0.1052738941988708,0.0,4.646176688969711,-1.0408774086592387,-0.22402880439961337,0.0,
2022-03-18,176.0,32.08984932707972,15.706018717616283,0.4894388427172332,0.0,5.008325646529549,-1.6180964790358536,-0.32308132362700726,0.0,28.76283146949572,3.690368572930675,0.12830338267790073,0.0,13.154393544158658,0.4354859268425475,0.03310573956759333,0.0,4.38422534924029,0.10525978743476605,0.024008753896057316,0.0,6.529840765964757,4.599123080002938,0.7043239253206256,0.0,
2022-03-19,194.0,14.122296433022708,-0.9084729284692259,-0.06432898026024357,0.0,9.31541611719876,3.9864910363494794,0.42794556745450657,0.0,37.84703804369201,11.595118564242814,0.3063679263581204,0.0,8.5869838671424,3.078725935533413,0.35853403047768384,0.0,5.128101364767639,2.6123399432768526,0.5094165964083319,0.0,5.22278596674004,0.5435584940420526,0.10407443412453891,0.0,
2022-03-20,95.0,15.936607134244694,-0.10651078622637494,-0.006683404148019927,0.0,3.974342828005317,-0.5870873744255245,-0.1477193588556571,0.0,14.551754659667495,6.1106455673709545,0.4199249994440589,0.0,10.041897961666107,0.05741607185989383,0.005717651392104726,0.0,2.571672651829428,-1.6733416753927457,-0.6506822220170088,0.0,2.3885340554115793,0.843279515630193,0.353053168205669,0.0,
2022-03-21,160.0,46.78032028864982,23.700844532898355,0.5066413480424337,0.0,1.7296242820593688,0.47365643095754295,0.27384931853152883,0.0,16.512328163102204,6.4796086035085505,0.3924103578553888,0.0,10.214768799065489,2.493902364239381,0.24414672649933486,0.0,3.344828236506139,0.6188339665633356,0.18501218083764517,0.0,4.450796507349871,3.3609506475721687,0.7551346465788823,0.0,
2022-03-22,122.0,32.18872895305685,10.105246252028415,0.3139374116562858,0.0,5.998654435432396,2.5405903099045943,0.42352669873730825,0.0,18.22278905562416,8.621363438943327,0.4731088864952035,0.0,9.139438997968679,-0.1260236749869397,-0.01378899459966302,0.0,2.1631338782317426,1.4789649546998527,0.6837140176958604,0.0,4.353458010533354,2.103760901866298,0.48323904739087187,0.0,
2022-03-23,99.0,35.10918974203378,21.054674510738966,0.5996912678828266,0.0,19.37004854663246,10.790354487535003,0.5570638845616593,0.0,10.500258481028137,4.770622150370398,0.45433378225783266,0.0,18.870444302578107,6.6663481212762425,0.3532692720099588,0.0,0.7590654386876804,0.49684439635956434,,1.0,0.3733962668265987,0.046668366396421995,,1.0,
2022-03-24,137.0,29.203288428536325,3.175548677132365,0.10873942107250296,0.0,16.224005049363765,9.977980183139072,0.6150133800365383,0.0,22.23292363875953,-2.376169339914653,-0.10687615261594222,0.0,19.009249152324628,-3.4672516033224956,-0.18239813553595766,0.0,6.248572111180687,-3.6952222949207183,-0.5913706730388512,0.0,8.696570332773257,-2.138191226261681,-0.24586603045155056,0.0,
2022-03-25,0.0,,,,,,,,,,,,,,,,,,,,,,,,,<10KB
2022-03-26,163.0,21.004670697519025,9.946438041398682,0.47353458593252357,0.0,4.4929512756498236,3.9508544062758792,0.8793450371225003,0.0,37.21499465874513,6.565489399626424,0.1764205385444978,0.0,4.733702743455063,-0.21159508136959276,-0.044699697644122134,0.0,1.4958492998994117,-0.8306121097316345,-0.5552779346071084,0.0,4.293988538382104,1.186661114925645,0.2763540480647759,0.0,
2022-03-27,187.0,18.009742962691227,0.4545458017158921,0.02523888334539387,0.0,10.128883429657428,3.934064539745525,0.388400613657628,0.0,45.8726842537144,5.157281185490236,0.11242597352633972,0.0,10.809024070978918,-4.701668821360975,-0.4349762559956229,0.0,1.46844448016781,-0.3713004014373705,-0.2528528701302614,0.0,3.7098882349819107,0.5845257604418984,0.15755885984116408,0.0,
2022-03-28,,,,,,,,,,,,,,,,,,,,,,,,,,
2022-03-29,99.0,29.089092388065183,-11.756603790169256,-0.4041584946456705,0.0,3.2702540092868695,-0.10180800613105541,-0.031131528572991875,0.0,21.928702272947703,-12.53163005107521,-0.5714715761604747,0.0,7.16721543090534,-1.8619720461845244,-0.25979016036766817,0.0,4.287715455538997,-0.10785685757109897,-0.025154854301669274,0.0,24.503017084061867,-16.437746622969122,-0.6708458214176879,0.0,
2022-03-30,168.0,37.89864443546685,4.630379692978371,0.12217797659921323,0.0,6.46509559657715,0.24468563018930078,0.03784717898353212,0.0,23.352508501928234,-2.266424350020572,-0.09705271490784091,0.0,20.57642555467464,0.549041743070255,0.026683047627070553,0.0,11.909638632190758,-3.164867567474366,-0.26574001657111523,0.0,14.179047962315956,-0.6485948181172551,-0.04574318528585581,0.0,
2022-03-31,120.0,56.66598556214012,-31.270324079616174,-0.5518358812505789,0.0,2.4001615320012153,0.3937205077272995,0.1640391708965612,0.0,5.035025605233381,-3.2202796457840197,,1.0,67.63123104479746,-47.413042109019514,-0.7010524779242026,0.0,23.31714402671787,-11.11204159279293,-0.476561005072501,0.0,3.069960225373501,-2.4977918145331364,-0.8136235101317142,0.0,
2022-04-01,142.0,33.638091685461404,-25.560519457487302,-0.7598682974199372,0.0,6.587157853966341,0.46660809442628315,0.07083602742954206,0.0,13.089072667760767,-6.755808376508622,-0.5161411009008006,0.0,52.88380137657805,-39.05474558677935,-0.7385011018530239,0.0,11.191881370999905,-7.252506723630896,-0.6480149747140272,0.0,3.7397608272367444,-2.217402562536772,-0.592926303304583,0.0,
2022-04-02,158.0,0.42310066658683115,-0.16144964932874661,,1.0,1.954138094501102,-0.2067497896536929,-0.10580101285343235,0.0,1.5653351117798573,0.25579074569667926,,1.0,1.4918468858668326,-0.9485443306022501,,1.0,1.6942084910770046,-0.06347039606523852,-0.03746315544959318,0.0,0.4040966760658174,0.08373219180725949,,1.0,
2022-04-03,162.0,13.91159268974297,-8.323449298165526,-0.5983103073670647,0.0,6.0185541629471055,0.20764170008821345,0.034500262765191685,0.0,36.551607889152365,3.985408836736365,0.10903511683597203,0.0,14.49278607020096,-11.274477601319797,-0.7779372128111087,0.0,2.290667157692944,-1.4177927413318159,-0.6189431478817518,0.0,5.925088321906509,-0.5655080295554451,-0.09544297043887477,0.0,
2022-04-04,130.0,24.799151156221342,-2.730057511888088,-0.11008673219055728,0.0,2.791166028968286,-0.3939606628269631,-0.14114554947223434,0.0,16.030958345072577,1.3483450852182857,0.08410882594755949,0.0,22.54465602876735,-4.906995678153304,-0.21765671083612442,0.0,2.620660789136304,0.686184111914207,0.2618362951659814,0.0,12.930613563170478,-5.5895300156478,-0.4322710587816294,0.0,
2022-04-05,126.0,23.625428401632234,8.91977205768057,0.37754964295438215,0.0,6.236363780837561,2.8772290372053297,0.46136324600661927,0.0,19.145171795265924,-1.7552350236511696,-0.09168029633900653,0.0,13.68592359494505,0.5415156401236676,0.03956734350933236,0.0,1.3833949607578635,-0.11767005202411486,-0.08505889884090066,0.0,3.2645753170218033,-0.17861058967273138,-0.05471173807552821,0.0,
2022-04-06,146.0,34.19481025134883,-12.240361646731124,-0.35795963062109104,0.0,3.9717673868581116,-0.7576519331615259,-0.1907593923220339,0.0,19.52733054843702,-2.8300414887504464,-0.14492720762474953,0.0,22.416099920665147,-14.277756031228527,-0.6369420229995507,0.0,1.934551241771253,0.59847414327917,0.3093607087560079,0.0,4.105254948837677,-2.8616447460388965,-0.6970687038204815,0.0,
2022-04-07,119.0,29.510930127260508,2.044194541719255,0.06926906515328518,0.0,5.523066571957311,0.6472716896902332,0.11719425816387499,0.0,15.614819777198134,-0.875201312832466,-0.056049402126977926,0.0,27.418432915001176,-1.1187236517798587,-0.04080188153888921,0.0,2.619249891875365,-0.32190715952334714,-0.12290051457933393,0.0,3.0113441384892172,-2.2405740385922446,-0.7440444982539705,0.0,
2022-04-08,121.0,18.962891789880814,-11.401509107516766,-0.6012537135080296,0.0,6.64115657125512,3.3363519252434783,0.5023751344282698,0.0,13.660600328352299,0.5783498367396991,0.04233707324994684,0.0,26.072817213433154,-14.682815733909159,-0.5631464990420876,0.0,2.0283966846836803,-1.1934920333468497,-0.588391828067383,0.0,1.957173281458377,-1.170201917837107,-0.5979040940948966,0.0,
2022-04-09,182.0,15.209126968373308,2.9574783377542717,0.19445418161767036,0.0,19.74709098998573,16.012457839170935,0.8108767943233398,0.0,29.835969869309334,-0.10710695838031858,-0.003589860120166356,0.0,14.907415349967774,-3.71815103206645,-0.2494162096365342,0.0,3.1339804746312367,-1.0240219523938006,-0.3267480319941346,0.0,4.167648068694682,1.9801067520850633,0.47511371388545237,0.0,
2022-04-10,139.0,9.59135397070349,0.021683140529951017,0.002260696518570948,0.0,5.250060158970877,1.1007713089669526,0.2096683229593177,0.0,32.29585848143324,2.565869303017395,0.07944886507638442,0.0,7.249823361373268,-0.7964683980818148,-0.10986038671305601,0.0,1.9975022913422378,-0.05010799744474481,-0.02508532664113959,0.0,5.97807233253115,0.04022509367172211,0.006728773329293353,0.0,
2022-04-11,97.0,30.1206752835933,-14.863676734690891,-0.4934708997970945,0.0,4.657389206317017,0.4494370910116456,0.09649979228750193,0.0,19.026376484434877,-14.408420454382483,-0.757286626077737,0.0,15.758373334676435,-6.13040343690212,-0.38902514280532463,0.0,10.973729195116901,-4.133574781336609,-0.37667913139099246,0.0,7.217594046705923,-5.618306991895176,-0.7784182589847023,0.0,
2022-04-12,130.0,29.551568358896475,12.078916231938022,0.4087402768354822,0.0,2.6434560335474035,-1.652051803172517,-0.6249590620032122,0.0,37.16733287968964,4.1854786035080975,0.11261175551811745,0.0,12.540993227892612,-2.963568038665036,-0.23631047276811534,0.0,18.813893852915495,0.5735592910680123,0.03048594275868792,0.0,5.932542660317262,2.9507902014757366,0.4973904732642805,0.0,
2022-04-13,164.0,32.70141086197691,8.942147919778524,0.273448382931266,0.0,3.5792875375191144,-0.6971316815036871,-0.1947682811722036,0.0,40.64238731325895,10.366597387754267,0.25506861365824157,0.0,15.217912184351004,-1.0690374783600864,-0.0702486297338085,0.0,9.643737684433287,-0.9659040228209129,-0.1001586785567648,0.0,5.547681774092773,3.345847478257137,0.6031073184265859,0.0,
2022-04-14,111.0,16.417642397842428,2.958309797003347,0.18019090228156767,0.0,1.3470741911878537,-0.6023219669395761,,1.0,20.250135764290462,3.9851845305066806,0.19679791666060054,0.0,15.059303365873348,-3.0663496776862247,-0.20361829516198177,0.0,2.750550025186381,-1.988765763346726,-0.7230429350987588,0.0,0.3825825478779688,0.043569731929187394,,1.0,
2022-04-15,134.0,17.033921340982488,1.7077722123239507,0.1002571385729699,0.0,3.8374691543067403,0.7392506188034549,0.19264014616868094,0.0,27.371960167998623,1.9645190056127704,0.07177122111662096,0.0,9.190515860347656,-0.90814201913404,-0.09881295380297479,0.0,1.8591147288316223,1.0675258738121027,0.574211939293816,0.0,3.887165330146667,-0.7255880558635646,-0.186662514772992,0.0,
2022-04-16,116.0,6.511515659498397,-0.6542085829825812,,1.0,2.1162911134160787,-0.06167446174150018,-0.029142711676347015,0.0,20.456112242201925,-3.201496490177175,-0.1565056180896552,0.0,4.166031498178196,-0.8906743241876854,-0.21379442872123675,0.0,1.5092133803918804,-0.9908279086521874,-0.6565194302709603,0.0,2.4736179933315676,1.2230035358519902,0.49441891963471696,0.0,
2022-04-17,159.0,15.828127288907124,-1.251347138294585,-0.07905844547835868,0.0,24.180263575290155,13.264395295564354,0.5485628911472767,0.0,23.148404598236077,-4.0699729833629785,-0.17582088502432314,0.0,4.589719484909432,-1.7312587468549894,-0.37720360744206827,0.0,4.717929597820325,-3.793671587148756,-0.8040966929437493,0.0,4.017238080508826,1.2266202343463306,0.3053391931879143,0.0,
2022-04-18,157.0,42.44090375884116,24.25423884498654,0.5714826192864465,0.0,7.234987366398848,1.9530611979161878,0.2699467323172821,0.0,38.86474123172229,-10.142008516849911,-0.2609565430110666,0.0,10.91221898313233,3.0236544563248398,0.2770888726663828,0.0,3.8368802675467966,-2.0086927084738173,-0.5235223849604576,0.0,2.938666057780204,1.3634348994337482,0.4639638777002288,0.0,
2022-04-19,178.0,38.425072253310645,-6.458971319345111,-0.1680926265217007,0.0,5.404942392720834,1.821938293062248,0.3370874582337758,0.0,41.89550219406374,-8.544307661239012,-0.2039433164367146,0.0,13.739736426337908,-2.7694467757899552,-0.20156476731832795,0.0,8.62952329860854,-3.294487537471425,-0.38176935428201947,0.0,3.126956473475723,1.475904750296779,0.47199401808630187,0.0,
2022-04-20,120.0,32.0593972948991,-6.644630284745501,-0.20725998756697506,0.0,5.233851337106893,-1.711715583364601,-0.32704703919060546,0.0,28.44637682818575,-9.748631043350816,-0.34270202853009746,0.0,26.980866017518565,-5.6576798451974994,-0.20969229977733075,0.0,3.388427893085457,-1.6157758954294994,-0.47685119660557257,0.0,2.338833999463526,0.6863655082751844,0.2934648241100568,0.0,
2022-04-21,109.0,29.534349272864347,4.47918839927135,0.15166030434219693,0.0,2.7481332779134346,-0.45105180124450767,-0.16413024974792204,0.0,15.445220012567004,-2.721917285248412,-0.17623039898646467,0.0,18.54126175289275,-0.11948403632071937,-0.006444223586999295,0.0,2.8314078066905455,-2.3432959324513183,-0.8276080637039175,0.0,4.5036090215507985,-0.5872515040563201,-0.1303957562137804,0.0,
2022-04-22,113.0,17.735365217042272,-0.39844715741504066,-0.022466250485339016,0.0,2.097516720445123,-0.8530637170905724,-0.40670174820324684,0.0,41.75120338299894,-22.149629961410373,-0.5305147676397199,0.0,11.885834590932062,-1.8813410067789884,-0.1582842998853695,0.0,1.3496006361456194,0.6150633949142048,0.45573733328311844,0.0,2.713893186664787,-0.9197157595382266,-0.3388916572168054,0.0,
2022-04-23,107.0,8.01540417304204,-1.6911036616946198,-0.21098170786973616,0.0,3.5242629241256473,-1.2118881087873217,-0.3438699480936103,0.0,26.72572138707619,-8.086395234490242,-0.30256976481093584,0.0,7.691924556340378,-0.9061738831813853,-0.11780847257978304,0.0,3.045556831370046,0.27761059460681325,0.0911526561406933,0.0,2.9490787622707972,-0.5570766967722726,-0.1888985482175872,0.0,
2022-04-24,156.0,8.972969800655843,1.291168812193881,0.14389537030421168,0.0,3.80721087311394,0.13238919753010053,0.03477327680087724,0.0,35.04446886610094,-0.9463353312896707,-0.02700384288617584,0.0,4.2309788860220525,-1.852724614754503,-0.4378950272891639,0.0,2.2117962824195208,0.334592286012258,0.15127626747172299,0.0,3.461536789385713,1.3094197098233415,0.3782769877929601,0.0,
2022-04-25,131.0,14.971404602190884,-7.155225484326638,-0.4779261314786428,0.0,2.634541516126768,-2.0359145829985996,-0.7727775670021502,0.0,46.76410605011915,-24.237036402572826,-0.5182828979259633,0.0,5.997385790709808,1.7789616609646195,0.2966228491954449,0.0,1.2984549630054905,-0.22833851630725133,-0.17585401327953937,0.0,1.1856998422008422,-0.0859405527730005,-0.0724808671758626,0.0,
2022-04-26,150.0,18.350012253555175,-2.192322161639718,-0.1194725175845576,0.0,5.297907063941232,-2.1734066539456744,-0.4102387278060005,0.0,41.961761442915304,2.9057493313539213,0.06924755375931721,0.0,11.297267020680005,-5.697547888784826,-0.504329753236361,0.0,1.110798359484755,-0.16327616930970673,-0.14698992658347332,0.0,1.3848477389983542,-0.15141269103393495,-0.10933526247690606,0.0,
2022-04-27,134.0,27.98923653363454,12.304184788300413,0.439604159031438,0.0,4.517988690611668,1.9831219168940069,0.43893910602629727,0.0,24.59991543352953,6.162125694216115,0.2504937755118124,0.0,13.079932615335562,2.244720721632895,0.17161561818759472,0.0,3.0451472573477023,1.270230184102322,0.41713259713051837,0.0,2.9681129131859,-0.8969989898141679,-0.30221188211177286,0.0,
2022-04-28,134.0,21.01034379866178,0.14132274630890374,0.006726341447011689,0.0,6.390933746115475,-1.195695461881361,-0.18709245149163475,0.0,25.426206298841862,-3.6864992305519624,-0.1449881742963707,0.0,12.22710856056801,-2.274074913094781,-0.18598631899193172,0.0,8.532608212553892,-5.7037993374024385,-0.6684707882181357,0.0,4.700706671814254,3.7239547845188774,0.7922116916692451,0.0,
2022-04-29,127.0,18.32828675930068,2.68454049921811,0.14646980017681366,0.0,6.084706986817761,1.2455524912133493,0.20470213173975046,0.0,28.568706623394974,7.103025696716009,0.24862958587349301,0.0,13.73960465790151,2.688501050348254,0.19567528449969804,0.0,4.455857000713873,-2.3459491611496137,-0.526486635628964,0.0,2.540800162387308,0.45935436101130783,0.1807912199516327,0.0,
2022-04-30,165.0,12.709270934552475,-0.7700921449703142,-0.06059294423228307,0.0,4.961966477494563,1.4657752213616022,0.2954020806085158,0.0,44.30124518099183,-5.1272918337965105,-0.11573696885604604,0.0,5.4834937360719715,-1.2865352026475236,-0.23461961745015436,0.0,5.337713655280816,-3.4200082746212166,-0.6407253171472891,0.0,2.3999996255661173,-1.3045584983841787,-0.5435661257973974,0.0,
2022-05-01,97.0,11.791566000647434,-3.9042644977444425,-0.3311065296611216,0.0,5.675570947103548,0.019003101710617212,0.003348227321572853,0.0,18.5048434920609,-4.381748422106727,-0.23678927217010082,0.0,5.596933698951031,-1.1096964308241248,-0.19826863967177286,0.0,0.39992425720265196,-0.2396021484608592,,1.0,1.5729776487787561,0.13668693504092844,0.086896934070901,0.0,
2022-05-02,153.0,22.751096680505725,-8.942333007134987,-0.39305063543583924,0.0,4.5102463764051155,-2.1851314743041166,-0.48448162072373796,0.0,42.07852598656609,-7.948043363580458,-0.18888597395540746,0.0,7.3418909755855495,1.7414106470658655,0.2371883010598615,0.0,1.1390990079889822,-0.044747803111820736,-0.03928350634842582,0.0,3.828775428650254,-0.5459895819184384,-0.1426016208296955,0.0,
2022-05-03,102.0,34.07691969496227,-9.330045939561751,-0.27379370034261197,0.0,3.714659916135129,-2.8828320564398053,-0.7760689057746131,0.0,23.499051359234727,-12.61146733557492,-0.5366798490194724,0.0,11.045534521428632,1.3449695764241563,0.12176591126621164,0.0,9.024279103978184,-4.155161769815697,-0.4604425153455163,0.0,2.533256412862097,-0.052373970701880934,-0.020674563552257358,0.0,
2022-05-04,108.0,34.94757781396038,3.161609802117692,0.09046720831263835,0.0,3.5769306689035107,-2.345327964421268,-0.6556816951501651,0.0,14.967639400390906,-1.6959198504006852,-0.11330576619559617,0.0,17.00872706008522,-2.1355928149343795,-0.12555865041458777,0.0,13.32043901019642,-3.992489486800215,-0.2997265693528627,0.0,2.7072168359809394,0.6022086529899763,0.22244566633384227,0.0,
2022-05-05,111.0,44.096463740002946,-5.790659883084356,-0.1313180103789422,0.0,0.8003196018616967,-0.2914887882871627,,1.0,9.316049569810271,2.1963860544787392,0.23576367193197217,0.0,8.881824374409913,0.16448925355809,0.018519759750261697,0.0,41.83517338785168,-15.185429207644805,-0.36298234184095507,0.0,1.6008568602846884,-0.4854972213016444,-0.3032733490084217,0.0,
2022-05-06,115.0,40.71644274637947,16.000040814634573,0.3929626395483016,0.0,2.095472188259005,-0.6485921833028664,-0.30952077862781874,0.0,10.792105292202901,-0.35677684414078936,-0.03305905886579462,0.0,23.755981473055726,17.553169452609957,0.7388947273140004,0.0,14.948998549603855,-2.1703907872117423,-0.1451863668331988,0.0,1.1303528699354453,0.5278438544223762,0.4669726316990919,0.0,
2022-05-07,128.0,12.89152023414499,2.264787436329658,0.1756804003868413,0.0,2.1038293570018105,-0.6332733707678235,-0.3010098555095305,0.0,12.117267786903536,1.4402546277779371,0.11885968463407062,0.0,8.81762467635417,3.8291747533836,0.4342637494712297,0.0,3.496027559005593,-0.5498799659438496,-0.15728707988224697,0.0,1.6777060320746349,-0.39036322314361316,-0.23267677154435323,0.0,
2022-05-08,164.0,12.161371904359836,-1.2480432547893467,-0.10262355798377688,0.0,4.45552564253739,2.734412637758572,0.6137126923146476,0.0,25.67471159149136,5.82957665890938,0.22705519546483674,0.0,5.806370294281801,-0.8789713773222487,-0.1513805239372819,0.0,8.086525709237318,-5.412876388142876,-0.6693698360421576,0.0,8.13340003654593,1.9553937705498208,0.24041529517343546,0.0,
2022-05-09,160.0,25.99393345939461,-3.043850885058859,-0.11709851030486361,0.0,3.079121523216594,-0.9825720164421958,-0.31910790432712616,0.0,32.48321004999161,-16.873287080136866,-0.519446417215814,0.0,5.806848751948559,2.590528984190596,0.44611614575311825,0.0,5.069472247967489,-2.231746384855885,-0.4402324888454932,0.0,3.870365025832138,-0.754779327563517,-0.1950150237835093,0.0,
2022-05-10,146.0,24.746264901310493,-15.605093683988791,-0.6306040021079056,0.0,5.637174941308325,0.6828527272438114,0.12113385416513771,0.0,57.8884742096634,-18.246145783839623,-0.31519479538802164,0.0,9.475503691617625,-2.9270745060839327,-0.30890964758668493,0.0,4.224737421893218,-0.9267776151115559,-0.2193692820549879,0.0,4.881035573707772,-2.8429608425599393,-0.5824503426842158,0.0,
2022-05-11,139.0,29.149359632923733,-1.4047842312776506,-0.04819262752142827,0.0,7.897490713694419,1.4046543126267919,0.1778608375178069,0.0,37.26872888093931,2.5187600554181886,0.06758373926475345,0.0,12.175341427260713,-3.88764897204316,-0.31930512957432755,0.0,4.095449883090618,-0.28470201866315914,-0.06951666527251206,0.0,1.0059763200988465,0.4333924627042848,0.4308177578789329,0.0,
2022-05-12,143.0,31.366220254174547,-4.881734754515553,-0.15563669179635503,0.0,8.52180825232062,4.708710732470716,0.5525483081819473,0.0,38.35572704311926,-8.923187110488438,-0.23264288799576266,0.0,17.46943933319562,-0.06014380030369723,-0.00344280083387744,0.0,7.186115260657964,-2.3901995720862663,-0.33261358681121667,0.0,3.7104326222179163,-2.6435480478871423,-0.7124635634286112,0.0,
2022-05-13,86.0,13.080274935004127,1.1422203375029467,0.08732387837248363,0.0,5.969288194952238,-0.46461396326698917,-0.07783406464775432,0.0,21.00473649133346,8.928144411393829,0.42505386416428387,0.0,12.509156390631686,2.9533273173530237,0.23609324443052127,0.0,3.037316249639841,0.736092294012222,0.24234957229083615,0.0,1.3586542719494867,-0.2879807577603425,-0.21196029314148382,0.0,
2022-05-14,152.0,11.84515722189826,2.048950534393392,0.17297790953804112,0.0,3.9132685160147904,0.563087707378435,0.14389191671208765,0.0,32.99032648255525,7.724633962220163,0.23414845458728106,0.0,9.08133713855204,4.172583368574027,0.45946795113030214,0.0,4.022569831751747,-0.8822292894570982,-0.2193198195077462,0.0,1.61961157961195,0.12404921839094252,0.0765919557210526,0.0,
2022-05-15,90.0,8.000886150577568,-0.7280089470664979,-0.09099103941304607,0.0,3.9785779961021004,-0.9731474786010054,-0.2445968080943541,0.0,20.329313467998873,-0.6921374928297652,-0.03404627971914962,0.0,8.279215493639636,-3.256432378963703,-0.39332620119205747,0.0,1.955754340022391,-1.6251673263169244,-0.8309670049349441,0.0,2.6617930321735876,-0.7070665983591363,-0.26563545317486775,0.0,
2022-05-16,163.0,21.206669883649734,-1.8623330628985755,-0.08781827005919621,0.0,5.0336181139209595,-0.8242569572596614,-0.16375039556141513,0.0,37.572529682161985,3.116179504227317,0.0829377082296048,0.0,14.154223364792411,-1.2982518535869425,-0.09172187128375044,0.0,9.309862987211083,2.6110435658216598,0.2804599347389364,0.0,4.5826056013102,0.08830955271135954,0.01927059851847412,0.0,
2022-05-17,123.0,25.362287575575465,-2.8958308380766553,-0.1141786137960763,0.0,2.9284491977887184,-0.3112889816641989,-0.10629823522267492,0.0,23.445342861916288,12.333620266545129,0.5260584304177265,0.0,9.605349463963647,-3.5368726977807534,-0.36821905450187165,0.0,1.9587025517539534,1.216302226985635,0.6209734223792563,0.0,3.8996397571027,-0.30424665402636747,-0.0780191691994679,0.0,
2022-05-18,148.0,16.055646755252376,3.6061602115104145,0.2246038584730765,0.0,4.062841771308733,-3.1923140312142335,-0.7857342744081114,0.0,47.116814762935974,12.140555865165032,0.2576692827443695,0.0,17.034426189173242,-3.1365611401343254,-0.18413071889253682,0.0,1.7659915971089437,-0.44387354505721494,-0.25134521918669833,0.0,1.5525932572927499,0.7952493704557232,0.5122071519506636,0.0,
2022-05-19,124.0,13.011315670664768,-6.16240646937765,-0.47361901174001747,0.0,5.865420318150423,-2.2095176619144885,-0.3767023575577664,0.0,27.71386941045057,-8.422243046715225,-0.30389993262865334,0.0,7.4661617621313745,-2.656377185548133,-0.35578886048536584,0.0,2.3067901585527535,-0.32595928063252755,-0.14130426186534004,0.0,1.752532137157682,-0.2856592967244157,-0.1629980361944791,0.0,
2022-05-20,133.0,14.854373709138594,-2.5490532518226985,-0.17160287614512415,0.0,3.2396735387082973,-2.040640853298964,-0.6298908914484624,0.0,37.46516364972922,4.932822662968431,0.13166424973040478,0.0,10.872663032438137,0.520059278767176,0.047831821625999145,0.0,0.972988932822767,-0.30777265762549505,,1.0,1.1520252550253587,0.023518026026962034,0.020414505605994157,0.0,
2022-05-21,146.0,3.5511114745095202,0.524203042238732,,1.0,3.83115816111967,-0.42320035693605595,-0.11046277369357524,0.0,29.222528005891945,1.4521111921491614,0.04969149800648259,0.0,4.753960885980628,0.5086078000907156,0.10698611374582272,0.0,0.736910970961612,-0.25664128558524885,,1.0,1.8207237106398624,0.7808000889316378,0.4288405123571653,0.0,
2022-05-22,159.0,6.397819207792049,1.6377277919838764,,1.0,7.977625608386002,2.0708657794635177,0.25958422732782094,0.0,47.09930543722294,7.417530756903439,0.15748705183752684,0.0,7.088301465388208,0.2293759771595642,0.032359794272237806,0.0,4.195827816169179,1.0329351132410445,0.24618148277212235,0.0,4.632170673474313,0.2617683529464233,0.05651094732873618,0.0,
2022-05-23,77.0,10.349809718311008,5.706908551051927,0.5514022679040366,0.0,4.056154638928998,-0.2099783655223971,-0.05176784028575414,0.0,17.46567765902728,2.042842752940499,0.11696326892215597,0.0,11.547373183719172,-0.10189642833277096,-0.008824208476819332,0.0,2.7173555533590816,0.5939319625605917,0.2185698378066123,0.0,2.5163547259653547,1.2508674798173576,0.4970950505944604,0.0,
2022-05-24,188.0,23.924784308517697,-2.596457514652173,-0.10852584839094172,0.0,7.950941484676143,3.122799565986776,0.3927584641397941,0.0,48.640834136574995,-13.977012935689213,-0.2873514236298702,0.0,14.707283555297177,-0.8446155463109981,-0.057428385271513296,0.0,4.169614998092577,2.7247224812260806,0.6534709997140087,0.0,4.344572644324209,-1.7308734332374476,-0.3983990083578593,0.0,
2022-05-25,183.0,28.63133612743695,8.82667969622377,0.3082873833388902,0.0,4.993319631117622,2.064167871234325,0.41338588829177675,0.0,36.639835051086266,8.603222064391545,0.2348051527086906,0.0,26.51140630125155,2.038391193984993,0.07688732807390773,0.0,2.9083205488495802,1.0875086257204654,0.37393011102254253,0.0,6.076942080682777,0.6439098202232155,0.10595951247751054,0.0,
2022-05-26,183.0,40.14846597221185,6.0175903287825045,0.14988344344084,0.0,12.60080105490487,0.20605525396870855,0.016352551958472624,0.0,31.295795292884574,-8.30085503001803,-0.26523866712233113,0.0,29.619106836478746,-3.4338824024488734,-0.11593470462855823,0.0,7.637794852744259,0.012193429980838433,0.0015964594776275427,0.0,4.360355997378058,1.0836909551509968,0.2485326784791506,0.0,
2022-05-27,182.0,37.60016506978718,-2.545105509864248,-0.06768867916245702,0.0,11.409688638181246,1.9281061588387738,0.1689884991590903,0.0,30.27217337570619,4.023911967007274,0.1329244490333329,0.0,21.91949644764099,2.527450043371921,0.11530602673328881,0.0,4.491682961815963,-2.008486489350693,-0.44715677985845037,0.0,5.404198735050152,0.2986377273610189,0.05526031554393743,0.0,
2022-05-28,138.0,15.357615747845555,5.19651868938414,0.3383675418570838,0.0,17.258734529495996,6.262076023940219,0.3628351785142783,0.0,25.99456350174296,3.681338788654212,0.14161956550674046,0.0,3.452231515278976,0.06134878442748248,,1.0,1.6316290453323692,-0.13472054931828145,-0.08256812398852482,0.0,3.620428451147741,-0.4717468699077194,-0.13030139285259654,0.0,
2022-05-29,183.0,16.3092630700994,-0.5919116864136407,-0.03629297558507241,0.0,12.61781427206733,4.3205060267765845,0.3424131892907236,0.0,30.693994138251583,4.31978347042744,0.14073709178969393,0.0,10.506170069929789,-0.6358203443081122,-0.06051875612864139,0.0,1.7259115831111496,-1.4849969768661477,-0.8604131239384082,0.0,11.05020891077583,-2.7932878842430666,-0.25278145479395747,0.0,
2022-05-30,123.0,17.5806425431947,8.496499884698567,0.4832872213756193,0.0,2.319162896892516,1.476835437284084,0.6367967680333795,0.0,15.451740595715815,8.937987099695947,0.5784453242875507,0.0,3.0595151818124524,-1.335470742422081,,1.0,0.5695580897445272,0.3496968125889843,,1.0,13.815763851591324,7.528896834379335,0.5449497338876521,0.0,
2022-05-31,72.0,20.897422243957408,7.47150355212554,0.35753230541560993,0.0,1.3834021818911393,-0.20485447548004937,,1.0,16.602027109998744,7.45326481703489,0.4489370344749096,0.0,5.936888120260845,0.8829496987866242,0.148722644068932,0.0,5.371804453621733,-1.4295191544191737,-0.26611526289929915,0.0,0.6705777772513069,0.49968241363336335,0.7451520622731606,0.0,
2022-06-01,165.0,38.37677512103983,2.01690351594407,0.052555315280733816,0.0,3.4346240723680177,-0.3760789048070545,-0.10949638064691172,0.0,31.559276698739268,11.584233873594986,0.3670627176971313,0.0,8.378109356948693,-0.503836224172408,-0.06013722221882112,0.0,24.83298922632821,-1.3659706794141857,-0.05500629291804986,0.0,8.795632488981932,6.068899521441927,0.6899901205563427,0.0,
2022-06-02,95.0,43.053207644232316,-25.624269211980508,-0.5951767734410214,0.0,0.39270012565247725,0.023722365123930274,,1.0,5.856502894632282,0.14282910457379278,,1.0,10.480567451508247,-0.25684107568648,-0.024506409302248067,0.0,57.64533740963816,-30.046740865709367,-0.5212345389218873,0.0,0.5401373207932876,-0.0032550134576452487,,1.0,
2022-06-03,126.0,26.9718228732454,-13.953780878199309,-0.5173466007016051,0.0,3.2249898625886955,-1.9807713636189308,-0.6141946015386752,0.0,13.281669401447285,1.790912896799702,0.13484094827752213,0.0,11.307656024684544,0.06286366003412232,0.00555938913395414,0.0,43.50310504953086,-9.32819426362163,-0.21442594161959078,0.0,0.46231238989275425,-0.03246683434462137,,1.0,
2022-06-04,181.0,24.125648280241872,3.114742310932943,0.12910502029841064,0.0,15.105122169334205,8.831192493148802,0.5846488624287676,0.0,38.876741757194395,4.040307574618298,0.10392608516043175,0.0,7.563627352850737,2.445158079958472,0.32327849666428765,0.0,12.907402507247749,-3.6741535647123094,-0.2846547601385486,0.0,2.086092263401945,0.9579217311080279,0.4591943261156983,0.0,
2022-06-05,188.0,25.305919588441608,0.2108688057426349,0.00833278573440771,0.0,19.887150541151637,9.02898497585448,0.45401099353933,0.0,37.49056088717043,6.635490362362473,0.1769909600000994,0.0,6.958580049147708,-0.508886461477077,-0.07313079074794947,0.0,4.428315345081494,0.2682688716967726,0.06058034507292653,0.0,7.901403243187807,0.33122044402914785,0.04191919255794336,0.0,
2022-06-06,184.0,20.03158234194415,-0.37127347814627987,-0.01853440591005484,0.0,4.212284301996981,-2.0731756633641543,-0.49217372682591554,0.0,34.73070223342802,11.326014003980905,0.3261095594283639,0.0,8.19186195224028,-0.47903909289798574,-0.05847743720424633,0.0,23.175048259443425,1.0572998857585993,0.04562233803883313,0.0,6.440000154361762,-1.0584610944602466,-0.16435730886487002,0.0,
2022-06-07,179.0,24.536206018929075,2.8148965055337962,0.1147241958826957,0.0,6.8374015347871975,-1.8337241190173121,-0.26819020496130386,0.0,35.802635011583334,7.029451296977264,0.19633893691631926,0.0,21.329320503915362,-2.868167076561663,-0.13447062582397604,0.0,4.713019171766057,0.634646190572962,0.13465809652863098,0.0,4.92030887933651,0.9965392483413461,0.20253591243558813,0.0,
2022-06-08,178.0,24.802981220942453,4.159246943087587,0.16769141201363802,0.0,8.694124912457475,0.3592129930254975,0.04131675086825531,0.0,54.55661173458793,24.407790301028268,0.4473846436756291,0.0,25.4838729817493,1.4650271635591474,0.0574884031406196,0.0,6.978313694577075,0.9284456031406965,0.1330472724180058,0.0,3.0232695192607855,-0.9403775321427303,-0.3110465428741069,0.0,
2022-06-09,145.0,19.528726637254294,-1.703361294258654,-0.08722336719124374,0.0,4.81416029654792,0.21724672870791695,0.04512660886337699,0.0,48.03602034879441,8.46457423813849,0.17621306212871837,0.0,12.246983219069076,-1.3674365632595755,-0.11165497157948404,0.0,2.53785600621631,0.5682377721090321,0.2239046544473648,0.0,2.580651873904565,0.774822804226487,0.30024305566413667,0.0,
2022-06-10,139.0,13.606573521479726,0.3209294932193034,0.02358635645577301,0.0,1.2764664106216443,-0.6449285449299214,,1.0,66.90621597110294,-16.741837405467297,-0.25022843038527487,0.0,4.4528208868286985,0.6332647240800255,0.1422165274945602,0.0,5.028878035220252,1.111038580076077,0.22093170132478987,0.0,1.808322537239286,-0.9731168627494212,-0.5381323534434574,0.0,
2022-06-11,50.0,3.87707036564825,-0.6507317369672765,,1.0,0.1285754836862884,0.03242528900241054,,1.0,26.067827779974323,12.353290344275633,0.4738902853181195,0.0,3.846056109570779,-0.24547098519632654,-0.06382407801734363,0.0,0.24512644886271828,0.08446659265875976,,1.0,0.6484219613630535,-0.6107709005591708,-0.9419343220196674,0.0,
2022-06-12,111.0,7.405005521432028,-0.8670637869769119,-0.1170915787256879,0.0,7.282799802356746,4.2019353379385755,0.5769670253161169,0.0,35.65393884747755,19.018836365195614,0.5334287593456498,0.0,4.18005703744711,-0.9920839755682938,-0.2373374254658951,0.0,1.849650860996912,-0.10224616161034089,-0.05527862785695294,0.0,1.3693109341038456,-0.15943177965178876,-0.11643212339944536,0.0,
2022-06-13,116.0,15.450782047053508,-8.220453275036126,-0.5320412423139308,0.0,5.73305564033944,-0.5695832981865062,-0.09935073613776799,0.0,34.4132098997361,-3.2656728489870255,-0.09489590940518654,0.0,7.480352783008125,-1.6700775895128683,-0.22326187520279875,0.0,0.42787428673181604,0.05211397012238077,,1.0,0.7276169580072701,0.0012692751087318745,0.0017444276068112094,0.0,
2022-06-14,175.0,30.94748858011735,6.544237890632046,0.21146264821102426,0.0,11.793846639659016,7.5170092709602505,0.6373670525511923,0.0,38.71115953174012,15.940052007699949,0.41176891109733754,0.0,19.818593801734092,-0.4757664311852411,-0.02400606399953625,0.0,7.5238850099267385,-1.2356327679978647,-0.16422802400191072,0.0,3.090987046452932,0.7864045313861814,0.25441857878007657,0.0,
2022-06-15,165.0,25.50493906510382,1.5434264856150977,0.06051480780547456,0.0,2.307238826455425,1.6006355634915048,0.693745071007901,0.0,44.99054941161012,0.9807849523327326,0.02179979940586443,0.0,18.6700349286184,-10.500170294952564,-0.5624076406443866,0.0,4.754122102036484,3.5251688097428335,0.741497322551473,0.0,2.9520894034867453,1.312169039311355,0.4444882454310285,0.0,
2022-06-16,144.0,18.84632692112791,6.433878611686779,0.3413863422094201,0.0,3.025167204948951,-0.12334390305744056,-0.04077259030696188,0.0,35.39869790922239,1.128544810342229,0.03188096955532961,0.0,14.238783308763226,1.238089129470894,0.08695189066532917,0.0,4.048254417590209,2.2119807042614026,0.5464035794415611,0.0,3.104217664520541,1.4849465790628489,0.4783641933473131,0.0,
2022-06-17,167.0,22.817029807003564,3.109622391184025,0.13628515269018684,0.0,9.3607179047467,0.2110787101956919,0.02254941472904088,0.0,43.29693369706365,-20.956513190600994,-0.4840184142652633,0.0,7.209773069749639,1.405281614073322,0.19491343215357548,0.0,4.396861515531775,-1.7252207649103666,-0.3923755066690362,0.0,3.0058711512465317,-0.6210626507526562,-0.2066165246288425,0.0,
2022-06-18,198.0,12.364036490980649,-2.4692251886767975,-0.1997102799298639,0.0,2.1345122832280983,0.805359203685351,0.37730361638742965,0.0,51.22552346473094,-10.803139573481122,-0.21089368820055385,0.0,4.952834229261493,-1.2081367518581214,-0.24392836423242542,0.0,0.9846498059923691,-0.24720350523072107,,1.0,4.093613772340172,-1.7810861083376937,-0.43508894766091005,0.0,
2022-06-19,183.0,15.129636366022167,-2.546958058469626,-0.16834231813988162,0.0,4.311913929996074,-2.9327910921850835,-0.68015993356986,0.0,51.220268399629276,-5.58470800989536,-0.10903316566642164,0.0,6.772249905232452,-1.0245358332172168,-0.15128441028521825,0.0,2.5647795981349133,-0.39930862397482164,-0.15568925464987152,0.0,5.365414839929139,-2.6359179665426895,-0.4912794341504267,0.0,
2022-06-20,147.0,16.867702030118377,-7.693946631030746,-0.45613484381528113,0.0,9.281790003500639,1.7675997893351136,0.19043738208561722,0.0,55.466305823792936,-21.53235712684963,-0.388206079475606,0.0,11.80749589842889,-5.771822298861572,-0.4888269577658353,0.0,0.5214309605798848,-0.22520038025646344,,1.0,1.4811050730931976,-0.6159120697142516,-0.41584630348200535,0.0,
2022-06-21,145.0,12.792004412949606,-0.6158163777346324,-0.04814072586710719,0.0,11.71372473154042,-1.787177418388279,-0.15257123240877585,0.0,35.830481185534154,1.414358727572134,0.039473618013903575,0.0,20.77226825217076,-4.272100482899003,-0.20566364881469099,0.0,0.8543719431618172,-0.020801956817337458,,1.0,1.8908998300976174,-1.2409586736891751,-0.6562794358203051,0.0,
2022-06-22,151.0,9.453009660435777,-4.451461221185198,-0.47090412271724996,0.0,3.2942967593698937,1.623393074768549,0.4927889602389854,0.0,58.85419381094107,-27.43065273017372,-0.46607813231271084,0.0,6.396548612996406,-2.8832029661718424,-0.45074354008875916,0.0,2.630358875954692,-0.23781338326323453,-0.09041100263435341,0.0,0.4972606453156861,0.06916766736770397,,1.0,
2022-06-23,183.0,11.727758772751251,-1.6392621072800444,-0.13977624702588293,0.0,6.177640916459488,-0.2706884633110974,-0.04381744859755196,0.0,73.41982617907343,-32.47983223075957,-0.442385033050067,0.0,7.952474182340659,-3.201351306064896,-0.4025604148673438,0.0,2.781392939374193,-2.17016202164233,-0.7802428743241908,0.0,2.64151079825387,-0.01428376164731909,-0.005407421259364584,0.0,
2022-06-24,150.0,14.003547427637383,1.320871001461472,0.09432402812837287,0.0,2.169796015259629,1.0959859009396913,0.5051101086147722,0.0,52.30275245642406,-17.859947930361002,-0.3414724291086016,0.0,7.723861191865577,2.2176058757309254,0.28711104726563547,0.0,5.928963411330182,0.5017240929083318,0.08462256521090056,0.0,2.6994036714604532,-1.4025067184138995,-0.5195616843979115,0.0,
2022-06-25,189.0,8.344164074776923,2.3011990384651217,0.275785449308371,0.0,2.6104106882048588,0.3461825213532357,0.13261611397680123,0.0,53.01944467006251,-18.38463347647965,-0.34675266010208805,0.0,7.178294343160808,-0.06311883077424507,-0.008793012344831215,0.0,2.1714064043044283,-1.082975195547678,-0.49874366834364664,0.0,5.332850603655965,0.7816743840323274,0.14657721397566364,0.0,
2022-06-26,138.0,7.015414906803919,2.2030538216177575,,1.0,2.8982844377023813,1.604011462537004,0.5534347980726786,0.0,42.26264855611953,-6.070649157825026,-0.1436410013386634,0.0,5.095967223256588,0.9766720314767745,0.19165586996311768,0.0,1.4897359346650714,-0.6867340460113976,-0.46097702957389697,0.0,1.0468313637102198,0.14869682714675642,0.14204468102650214,0.0,
2022-06-27,140.0,18.380271804016957,6.673125935561206,0.363059154223324,0.0,3.3923119186583737,-0.37449244053068464,-0.11039445944546065,0.0,23.854818980675187,-3.6359614241099583,-0.1524204156424517,0.0,5.737791433362867,0.03226795532277155,0.005623758844761562,0.0,6.703269872443339,-2.0201588808824154,-0.3013691704681537,0.0,5.642688416461165,-0.9319142915983977,-0.16515430639050802,0.0,
2022-06-28,161.0,32.29449568064592,4.997618645458406,0.15475140701619552,0.0,8.894858994521194,3.0400689154177623,0.3417782021379202,0.0,25.585703272445244,0.9179976463581085,0.035879320438565176,0.0,18.740351698521405,3.534529304089182,0.1886052813175354,0.0,9.281649786797056,-2.0307755932647047,-0.2187946798158059,0.0,3.6779704245636755,-0.7764335922968241,-0.21110381614581195,0.0,
2022-06-29,130.0,28.675013947977277,-1.1488836066918358,-0.040065668626217965,0.0,2.2523745622456715,-0.2624450484376587,-0.116519273852922,0.0,19.79642489289108,-9.504290482495547,-0.4801013583977251,0.0,30.781314318570367,-1.544165371748046,-0.05016567375150875,0.0,12.492876795477056,-4.4338534428570835,-0.35491052344823604,0.0,2.8393546381339494,2.192113221244476,0.7720462924226871,0.0,
2022-06-30,113.0,29.0318153795306,-14.588783378554558,-0.5025102008894917,0.0,1.6542953972966592,0.021341437148771947,0.012900620520160257,0.0,12.897179554624014,-4.320777119247084,-0.3350172106193528,0.0,20.027038858897868,-7.684478896473614,-0.38370519728928654,0.0,38.90680925032939,-14.744815770164118,-0.37897776904024294,0.0,0.8639656340819736,0.2520572821311777,0.2917445696772498,0.0,
2022-07-01,119.0,30.869046993277152,12.118195568886994,0.3925678551568556,0.0,8.267791164165825,2.3528849207937257,0.2845844644687659,0.0,19.177827589344815,-5.426061501391166,-0.28293410586326684,0.0,16.26190506918647,7.690127794857658,0.4728921834274593,0.0,16.552811643094174,-2.3346622874559655,-0.14104324617443378,0.0,0.5916134229701084,0.2863885582412137,,1.0,
2022-07-02,202.0,14.491827737925627,2.923889766340218,0.20176128361561288,0.0,5.7950238700723204,0.1818889119813058,0.0313870858963409,0.0,52.89042996404169,-4.744549485161938,-0.08970525458741001,0.0,13.194987563132596,0.9194389929457394,0.06968092910634446,0.0,3.340285453457902,-1.2018915483979566,-0.35981701718149406,0.0,1.4551943075930396,-0.06394192974760236,-0.04394047544988363,0.0,
2022-07-03,212.0,14.579236222329193,-0.6719341889255127,-0.04608843554481922,0.0,6.608211408391063,2.77564777258461,0.42003011118259787,0.0,48.98975959556992,5.753118675384475,0.11743512772625898,0.0,7.277052694116711,-0.519514710325135,-0.07139081330895786,0.0,3.7589227598582426,-0.5911439627108048,-0.15726419521668974,0.0,2.206922799960003,0.8580695098877892,0.3888081222883466,0.0,
2022-07-04,173.0,25.292741189259687,-1.9006362419929959,-0.0751455220994426,0.0,4.030881232312815,1.7046359397755326,0.4228941121139054,0.0,39.70010300511785,-13.209863332921627,-0.3327412861175374,0.0,12.139800853678022,-5.349586655249864,-0.4406651080795191,0.0,2.929002484575897,-1.0445378584595388,-0.35661897316921604,0.0,3.582669801529839,-1.066276590527363,-0.297620671062695,0.0,
2022-07-05,170.0,28.75772660714574,4.521123357396434,0.15721421304120128,0.0,4.318213669379468,1.1108477213150767,0.2572470485173344,0.0,66.57414829233312,-45.08848961644668,-0.677267239206111,0.0,13.443226899682479,-1.2300905041176056,-0.09150262160245615,0.0,3.9396911579096847,1.346948374561571,0.3418918693302428,0.0,3.0910399764907144,1.6617839937770897,0.5376132325741475,0.0,
2022-07-06,130.0,25.054206026172324,1.2773399521509967,0.05098305453450218,0.0,4.155710120438011,-0.6998082884422743,-0.16839680058543513,0.0,41.120700284824125,-27.100663034578655,-0.6590515931602542,0.0,19.000598415688724,3.3967037241820113,0.1787682498135093,0.0,1.7925496822353977,0.5495328929076748,0.30656494397543294,0.0,2.3381775289890308,-0.20346600255950648,-0.08701905652454033,0.0,
2022-07-07,162.0,32.13036389528861,3.5263049301842235,0.1097499219640428,0.0,8.227701017865906,-1.6088321755973913,-0.19553848299833929,0.0,47.79179209082213,-13.945365008700417,-0.2917941428561426,0.0,24.44044956564903,-2.4223896595932546,-0.09911395668424673,0.0,2.755238444682611,-0.6382885214562731,-0.23166362341093152,0.0,2.8497346786389186,-0.31451407110849217,-0.1103660889787499,0.0,
2022-07-08,180.0,34.16914187469956,-5.818973864682727,-0.17029909284878378,0.0,12.426686951017466,-1.4192998981784604,-0.11421386116612937,0.0,44.27592231394374,-12.56498680833122,-0.28378825672422303,0.0,25.05901154427556,-9.995526929887024,-0.3988795372964496,0.0,3.145309684849045,-0.16540144906792736,-0.05258669754036178,0.0,4.152651457538006,0.42441521797638493,0.10220342889745174,0.0,
2022-07-09,181.0,12.01117907107982,0.30500155614642266,0.025393140368775022,0.0,6.0156130856557795,-1.913506039500773,-0.3180899456555019,0.0,43.60531478807388,0.6492421627707485,0.014889060334184703,0.0,8.055737574046354,-1.4799966533160647,-0.18371957126362426,0.0,2.2991151740279685,0.6416720375246834,0.27909521226833395,0.0,7.480073770857411,3.0561562911753772,0.40857301475852453,0.0,
2022-07-10,142.0,9.854699114082901,3.8729373186949774,0.39300411649913686,0.0,4.769036698824489,1.643239006701968,0.34456413537497144,0.0,30.565169712499483,-1.0586631044813442,-0.03463625801653602,0.0,3.6403608184555143,-1.3167602851741285,-0.3617114760983464,0.0,2.1196484100801127,-0.599449751571856,-0.2828062185790518,0.0,4.740162228416007,2.9685747158546034,0.6262601516164976,0.0,
2022-07-11,188.0,34.21660023262666,-13.150728550492303,-0.3843376741431093,0.0,13.921040024841197,3.165295899858605,0.2273749586388904,0.0,40.94225465421914,-20.40912388738294,-0.4984855880495521,0.0,17.05189909347245,-12.057366455747115,-0.7070981589588888,0.0,5.122188032852129,-2.661577208705411,-0.5196172400612548,0.0,2.2672338735574087,1.3023926566624775,0.5744412483653286,0.0,
2022-07-12,190.0,27.650082999614824,-15.936427007117166,-0.5763609102851216,0.0,2.489445624531063,0.033151333937944005,0.013316753582110765,0.0,64.0413508874044,-25.585973073049225,-0.3995226946107636,0.0,11.645581399374343,-4.8528902112085515,-0.41671515099016626,0.0,8.753747929062222,-3.4188213431070142,-0.3905551508693338,0.0,3.347556679080291,1.1702968172103914,0.3495973121303264,0.0,
2022-07-13,138.0,21.70567372892401,-7.753066373528706,-0.357190772806896,0.0,3.213846763203031,-0.06682023925613634,-0.02079135820076903,0.0,51.65553920575621,-4.790662856524473,-0.09274248086816268,0.0,14.089997474424305,-6.519695142532687,-0.462717978081048,0.0,4.491652603945107,0.008147978657746635,0.0018140269019447555,0.0,1.8161653563656668,0.45189819149054544,0.2488199600915415,0.0,
2022-07-14,187.0,17.71551133711909,-6.529966829366414,-0.36860165676867906,0.0,5.9291399051144165,-2.8908936172694575,-0.48757385785007396,0.0,61.49977697248687,-4.0489768222179165,-0.06583726025590801,0.0,10.099045824128545,-4.329902998959875,-0.4287437718734687,0.0,4.8405790102042285,-0.623413167260572,-0.12878896635017836,0.0,3.868443471430502,0.6675586303697396,0.172565176485023,0.0,
2022-07-15,151.0,21.012799492404156,-12.401363607501386,-0.5901814088115347,0.0,2.4676294413802617,-0.9248595044660995,-0.3747967539035285,0.0,32.34325053780776,-9.489328071172846,-0.29339438409507607,0.0,5.039267898289831,-3.0588800600786676,-0.6070088198955954,0.0,9.123347595486845,-4.411418308335652,-0.4835306626394353,0.0,4.57860229237121,0.2245626540287195,0.049046114881583405,0.0,
2022-07-16,144.0,15.94969429996854,-4.514338410053092,-0.28303604603017357,0.0,2.1746325448184454,-0.16235346290714292,-0.07465788337160079,0.0,25.17441900561971,-8.297584826121852,-0.3296038261804403,0.0,3.7010908502052136,-0.900620420373854,-0.24333918210192476,0.0,12.390972742177834,-3.396823588076516,-0.2741369591197641,0.0,4.3042452417284895,2.4680884451719733,0.5734079511187061,0.0,
2022-07-17,181.0,16.20957007154356,-6.895393839190482,-0.4253902977535213,0.0,6.283123192879423,-0.10892914055832265,-0.017336782554537612,0.0,40.521988881519064,4.337714910111106,0.10704595282314523,0.0,9.43674926977837,-2.9273532683030874,-0.31020780404519943,0.0,9.663061653838662,-4.129060060134322,-0.427303499454963,0.0,3.5524602591394734,-0.6939908615778738,-0.19535499652457253,0.0,
2022-07-18,159.0,36.74394817335997,4.647410465064734,0.12648097703431313,0.0,3.985050242743449,1.783561248163184,0.4475630517860968,0.0,24.120309961283056,-7.098805566061053,-0.29430822313045596,0.0,7.461969887648587,1.0074725371594817,0.13501428608377244,0.0,14.221615606613337,1.971290505355388,0.1386122758400739,0.0,2.5016613819825526,-0.9038436725942143,-0.36129736786276134,0.0,
2022-07-19,177.0,28.604591585200975,-3.495158278718208,-0.12218871464420705,0.0,9.89628172644006,4.119384150027981,0.41625574775444746,0.0,31.288859966560267,-8.253859448042073,-0.26379546767965734,0.0,12.040949013935455,-3.0399202677824655,-0.25246517232688626,0.0,8.942484188657538,-0.7487030733872194,-0.08372428260335746,0.0,2.7193775613195537,-0.752363776700484,-0.27666764166995855,0.0,
2022-07-20,111.0,16.255913990164117,-4.836052006423642,-0.2974949307279656,0.0,1.8173020484464324,1.0426662870898833,0.5737440773707561,0.0,22.661485416596406,-7.815549967208159,-0.3448825098413164,0.0,23.352473854989512,-12.74921580089355,-0.5459471180681588,0.0,1.877596519610957,0.017109172241678457,0.009112273091145016,0.0,1.1278779890417314,0.6111546702289616,0.5418623966127856,0.0,
2022-07-21,160.0,18.329705877382363,-7.644420678630929,-0.41705091886191337,0.0,4.706555008277057,0.4471400186081742,0.09500367419945659,0.0,52.45770929739956,-31.272747567748063,-0.5961516045325738,0.0,19.021441924836832,-11.856950980311254,-0.6233465910294266,0.0,1.989446125429815,0.35515547832860817,0.17851977683078887,0.0,2.338488528584997,-0.1085379506152348,-0.04641371949808552,0.0,
2022-07-22,146.0,15.470196270609447,-0.9485353205590803,-0.06131372246137074,0.0,4.465428663541382,1.9289957016293604,0.43198444023502514,0.0,40.18955100727908,-14.947270232913265,-0.37191931380885634,0.0,9.154650232856508,2.406313695091838,0.2628515163206842,0.0,1.7954686812954543,0.43039685784237824,0.23971281834436747,0.0,7.0458274211705385,-3.1639910590071345,-0.4490588358012172,0.0,
2022-07-23,164.0,13.427105350769121,-6.543580034948867,-0.48734108089604306,0.0,5.631634392339032,-0.16647122236563472,-0.029560019484235884,0.0,29.462390439526644,-6.152608285662617,-0.20882922919276428,0.0,5.954174861763017,0.19239561298892704,0.03231272467734667,0.0,1.3687008976412414,0.33808476213142225,0.2470114271964478,0.0,10.530570445167537,-4.027390825477281,-0.3824475460705402,0.0,
2022-07-24,,,,,,,,,,,,,,,,,,,,,,,,,,
2022-07-25,112.0,8.348546988840095,-0.9894110542751379,-0.11851296466292054,0.0,1.4695292713731711,-1.1683770361849506,-0.7950689101232975,0.0,33.18505189358257,-12.01856727594108,-0.3621681025083848,0.0,9.423346044393837,-0.41098481375157847,-0.04361346933620067,0.0,1.4812983243828015,1.096689392986613,0.740356871357132,0.0,2.822076359385387,-1.0030026381492538,-0.35541300461752756,0.0,
2022-07-26,166.0,26.521784880911582,1.7140953317469436,0.0646297124964852,0.0,5.016951759789658,1.7768773120687742,0.35417468557506565,0.0,30.35322139505297,-8.581814704881964,-0.2827315952131738,0.0,30.882953652944703,-5.256740070243899,-0.1702149389374441,0.0,1.7778197728257439,0.282844047899733,0.159096018743322,0.0,2.8508301682159005,0.4399626786082322,0.1543279159570451,0.0,
2022-07-27,173.0,37.74902314517385,-3.108955146720055,-0.08235855891591541,0.0,10.23718188277416,1.664723250779292,0.16261538281159962,0.0,33.59233146820043,0.8952798442344301,0.026651316092243568,0.0,41.11075999074092,-6.799247347369631,-0.16538851018324588,0.0,3.776580719721088,1.9077316763846754,0.5051478620389629,0.0,3.7694728322676303,1.1959039691640907,0.3172602701701027,0.0,
2022-07-28,177.0,16.732641192182193,-3.667578407110908,-0.21918705869486224,0.0,9.003876690090685,-1.8000834785469955,-0.1999231598238231,0.0,40.6907804289076,-0.00625403554961812,-0.0001536966232570737,0.0,17.010188702348383,1.1492910648448866,0.06756486273936622,0.0,8.471586954372462,-0.519009311736811,-0.0612647092607523,0.0,2.1530040753132127,-0.2462388439547966,-0.11436989217912859,0.0,
2022-07-29,168.0,13.122719944643901,9.644914772230436,0.7349783286480218,0.0,5.240564382234872,0.07305320315947234,0.013939949560989522,0.0,39.92970271903323,9.137464592822898,0.2288387834269389,0.0,9.498560295862257,0.9599658016416901,0.10106434783173071,0.0,18.418718325978258,13.52207241256343,0.7341483904171299,0.0,2.507490079551637,0.9592154956784754,0.38254009597118416,0.0,
2022-07-30,176.0,7.33489436172385,-0.9680529817716713,-0.13197913071840875,0.0,4.006417308934027,-2.7347614983160735,-0.6825952684004607,0.0,33.64767150955595,1.032565276132533,0.030687570040003637,0.0,2.820518693537445,-0.38289407282311494,,1.0,6.71332795041962,2.5813263002542195,0.38450770159275066,0.0,3.810230893504917,1.9248028190365625,0.5051669761844785,0.0,
2022-07-31,211.0,12.39860316253907,-2.394930062507266,-0.19316128043707917,0.0,3.45114637562073,0.9907281845048341,0.28707220056020943,0.0,50.42816512272111,1.9546115301281797,0.03876031430791643,0.0,7.33772892909473,-0.9908106550684121,-0.1350296072044529,0.0,7.668379571099644,-1.1178547845429776,-0.1457745765162584,0.0,3.470767992825123,0.029164174456997483,0.008402801488686813,0.0,
2022-08-01,137.0,13.65498842297529,-3.2522223606818956,-0.2381710082748842,0.0,5.493160120415263,1.3746421835420088,0.25024615219810686,0.0,40.361958966968814,-18.833207015596646,-0.46660785297882235,0.0,10.122254384870754,-0.06031932564242837,-0.005959080195868695,0.0,15.944376619729152,-4.468567676597636,-0.2802597920992626,0.0,1.8285710432755828,0.6613121598158958,0.36165516360319494,0.0,
2022-08-02,143.0,21.41254629444302,-5.784250768437193,-0.2701337192176122,0.0,4.66389911296573,-1.2789129116875646,-0.27421538946504265,0.0,42.91281910106045,-16.276093444445593,-0.3792827827534496,0.0,12.660275903443104,0.39663118215227994,0.03132879450473995,0.0,31.077586112180143,-5.069665645243678,-0.16312932500432326,0.0,0.44583411271741513,-0.14507364249144605,,1.0,
2022-08-03,112.0,46.27690082228946,-35.91035481365989,-0.7759887584426034,0.0,0.0760070090182074,-0.03981966575629464,,1.0,19.206452013750095,-13.883728485659875,-0.7228679443616328,0.0,11.195747845798904,-5.759718679833085,-0.5144559130093631,0.0,63.55381769784435,-37.8310301488918,-0.5952597580959321,0.0,2.5841965350409697,-0.7099290002105405,-0.27471943042415903,0.0,
2022-08-04,160.0,40.1251254700328,-19.511360081394713,-0.486262905170643,0.0,3.729366675048362,0.8607587525183336,0.23080561058190166,0.0,42.2235290906101,-12.385018765935076,-0.2933203129316191,0.0,20.886879758392748,-2.935718415831916,-0.14055323005592965,0.0,34.995126525260275,-22.8151249038373,-0.6519514906559583,0.0,3.2108105085062504,0.11295824090668383,0.0351806002277085,0.0,
2022-08-05,197.0,24.64173708800808,-3.0711244671630147,-0.12463100536275015,0.0,4.7773512208877875,-2.174117106457544,-0.4550883964636626,0.0,56.52299651168141,-20.215134259646597,-0.357644419213847,0.0,11.596426667289045,2.204058336902931,0.19006357735353877,0.0,11.301432110398302,0.7975799196124802,0.07057334962695898,0.0,3.3475824560155085,-1.5646874551568148,-0.4674081895563519,0.0,
2022-08-06,131.0,8.629781613795782,-3.5400978713584204,-0.4102187088603879,0.0,5.189944653495328,1.2189963358105351,0.2348765578818966,0.0,24.11925258035626,-4.348882848004838,-0.18030752957688048,0.0,4.409459425565724,-1.9457501480138935,-0.44126727569655727,0.0,3.234692791193079,-1.3015357037718984,-0.40236763976953804,0.0,2.8303353534938607,0.04066167304693556,0.014366379940363404,0.0,
2022-08-07,208.0,10.951857830186775,-0.4166586525290211,-0.03804456367033714,0.0,10.600970325365772,-3.0037170577963623,-0.2833435964450474,0.0,45.866193596193625,-5.4262197886403225,-0.1183054307146743,0.0,7.8556332894295275,-3.614095401680665,-0.46006416905225966,0.0,2.013565704255591,-1.103278902059008,-0.5479229705428891,0.0,2.0902631464195953,-0.5071813477265961,-0.24263995114459405,0.0,
2022-08-08,142.0,13.043524421140315,2.9716291782077717,0.22782409740357434,0.0,5.612799570815691,2.88804606123987,0.5145464442123593,0.0,48.72263220808236,-7.272681500567657,-0.14926700736339174,0.0,6.38616395767894,0.7904293195777206,0.12377216194508779,0.0,4.2351321342866814,1.4900444225478322,0.3518295003088017,0.0,3.038486629411632,0.05671461785148291,0.018665416297212748,0.0,
2022-08-09,151.0,50.365423573988664,-4.228060302520893,-0.08394767684837826,0.0,26.37650704011321,5.421684838002065,0.20554976554540766,0.0,24.5520569809305,1.183274057239334,0.04819449784424902,0.0,12.30834933716687,-4.836701130039063,-0.3929609891258069,0.0,2.247647227886766,-1.2139753069149204,-0.5401093605139707,0.0,9.623846228329052,-7.073340088076011,-0.7349805805556938,0.0,
2022-08-10,170.0,37.11502586683491,-21.824924289088212,-0.5880347320083761,0.0,18.73436916561331,-5.272948424412584,-0.28145855234298534,0.0,47.121971007902175,-12.626407745233825,-0.267951604637175,0.0,26.00271849878481,-10.051676313993573,-0.3865625170869469,0.0,1.9000330006237995,-0.9620116365660278,-0.5063131199564376,0.0,10.513653414956927,-7.126148135924362,-0.6777994151668121,0.0,
2022-08-11,105.0,14.769564915251975,-5.520995063887882,-0.3738089168887133,0.0,5.69162770498951,-0.6621608291183518,-0.11633944864979047,0.0,42.608041110957856,-3.241431428043536,-0.07607557971516112,0.0,10.902990226830294,-4.130057589187344,-0.3788004486167489,0.0,8.276346393628042,-3.7526798645543566,-0.45342228153277203,0.0,3.4299347749983964,-2.121198116111008,-0.6184368669552907,0.0,
2022-08-12,130.0,14.348226828376934,3.3053531079094576,0.23036666115232846,0.0,5.162244987877779,-2.112145331652789,-0.4091524785461802,0.0,41.985649188987736,-2.6187179433157324,-0.06237173877026978,0.0,9.420214818463132,-2.739401971287206,-0.290800371762024,0.0,3.6673697610312903,-1.527562825218853,-0.4165281727112489,0.0,2.395733525976533,1.0983026522246115,0.45844107465037404,0.0,
2022-08-13,194.0,17.702131140358684,0.5431813332229689,0.0306845163961407,0.0,15.22577560538775,0.7332570178119635,0.0481589271256891,0.0,41.29403222387191,-6.538848281350696,-0.15834850532156594,0.0,6.477091756350995,-3.620023767371735,-0.5588964775467611,0.0,1.5430758051297677,-0.36380710116287607,-0.23576748462612376,0.0,4.4978351576137285,0.6746921573794059,0.15000375374747071,0.0,
2022-08-14,106.0,11.102419692630063,-2.47857911858751,-0.2232467504568238,0.0,6.698999561609522,-0.13353054177276608,-0.01993290797300539,0.0,12.446278079267357,4.4186890249593676,0.3550209144306272,0.0,7.47994285244931,-1.3180696416894304,-0.1762138652246291,0.0,1.2857928282173785,0.5707693362726151,0.4439045884739682,0.0,2.437265276363174,0.12002013195396281,0.04924377051522837,0.0,
2022-08-15,183.0,25.21858624124434,-12.991503789666568,-0.5151559118099691,0.0,10.076006630173644,-3.9943510067298633,-0.3964220304072018,0.0,56.254334400757216,-31.02761574875033,-0.5515595567749296,0.0,12.103685155554551,-3.36854027092746,-0.27830699721907337,0.0,4.444844619829375,-1.5128757127679593,-0.3403663889663784,0.0,5.1392552246325005,-2.312261263198019,-0.4499214695770173,0.0,
2022-08-16,146.0,20.742480734857963,-8.589466083238811,-0.4141002319362949,0.0,3.068114983245317,0.2090758665046411,0.06814472979219632,0.0,54.88042864514864,-25.109296147914083,-0.4575273329271584,0.0,8.215404229616974,-2.825870234008055,-0.3439721473254646,0.0,0.5792941591644134,-0.16619393564554719,,1.0,12.114222660493393,-6.314913066222128,-0.5212809144425063,0.0,
2022-08-17,172.0,47.16681521567807,0.4174338871199419,0.008850160546374742,0.0,4.021383019855413,0.29798283530612873,0.07409959057241024,0.0,41.94805807790544,-5.7751246134463,-0.137673229180736,0.0,36.61072287996649,8.33570909552978,0.22768490867715446,0.0,7.856956009985872,0.2253660354600142,0.02868363208010623,0.0,6.89454540631413,-3.3148840589215522,-0.4807980604327779,0.0,
2022-08-18,183.0,24.734567841995155,-4.004007525861905,-0.16187901690620082,0.0,7.243184355334954,0.05622219447813792,0.007762082493002897,0.0,42.83877002772351,-1.0695685642860004,-0.02496730330011387,0.0,20.881925327405042,-10.156889147312029,-0.4863962009280016,0.0,4.97349109307833,-1.127990215305865,-0.2268004896752913,0.0,2.1765474756102705,0.5187510078745848,0.2383366380414629,0.0,
2022-08-19,142.0,10.158086770432414,-3.277404846086565,-0.32263997346687867,0.0,10.482145122725337,0.8862795358538361,0.0845513514149292,0.0,44.22235634224489,-10.92231261587435,-0.24698621962485623,0.0,6.705165480736463,-1.8545858850603614,-0.27659062112463517,0.0,3.8123266530528728,-0.31746770279379943,-0.08327400343293628,0.0,0.8081786878174116,-0.2713314631830799,-0.3357320197540035,0.0,
2022-08-20,131.0,7.813593933249646,-0.06837591323574399,-0.008750891564095743,0.0,2.7323134056496152,0.3455273263615022,0.12645962415843437,0.0,23.15632177410589,-7.9267457809283846,-0.3423145462502734,0.0,4.171512829489071,-0.49980470901097007,-0.11981377726511425,0.0,0.4120076444814873,0.11391107230635976,,1.0,1.300926737931145,0.4427717191869226,0.3403510023101373,0.0,
2022-08-21,69.0,13.020883641605906,-4.348351194860786,-0.3339520814828886,0.0,10.448415557708355,3.5430568170258834,0.33909991399719747,0.0,13.615060888929293,-7.225908742232282,-0.5307290801841238,0.0,2.7673476868148974,-0.09943668228368488,,1.0,1.2420762343972434,0.3797622233965041,0.30574791858955075,0.0,1.4444990981282868,-0.6050961442901265,-0.41889686540765675,0.0,
2022-08-22,163.0,28.92058881126286,-3.9985181579819384,-0.13825853215079603,0.0,7.927043943622258,1.0156303832883777,0.12812220930167897,0.0,31.08114318979642,-14.697068408893305,-0.47286125607240154,0.0,6.302437200283742,-2.007562984328084,-0.3185375626174746,0.0,17.77404675857542,4.210821322190293,0.2369084193029201,0.0,4.8929568299426975,-2.7366600907094107,-0.5593059954999563,0.0,
2022-08-23,166.0,46.61150050256401,18.487176085438797,0.39662263360137595,0.0,2.5763825839385315,1.3859509825901537,0.5379445549858679,0.0,25.620911693651575,-9.8940112808124,-0.3861693681752928,0.0,17.696018401366015,5.927164365582586,0.33494338845878735,0.0,41.73669849887665,21.64122091560335,0.5185177959436783,0.0,3.7018949513658224,-0.7866441434629772,-0.21249769477460267,0.0,
2022-08-24,176.0,47.16620269238774,-0.39159786130657004,-0.008302509825955755,0.0,1.9427521865436506,0.41731575692079914,0.21480647908225772,0.0,25.254889469884798,3.050078036066327,0.12077178321066871,0.0,19.229116227259507,0.36145128537754445,0.01879708256509185,0.0,24.992977750087444,6.376121376836079,0.25511651475037905,0.0,2.5910217273340024,0.44029857862292066,0.16993241468336126,0.0,
2022-08-25,146.0,26.05269558175496,-0.797235961894325,-0.030600901138715168,0.0,1.6586106427566791,-0.028015541261819765,-0.016890969188077067,0.0,16.291921703239492,4.459751459680622,0.27374004987968015,0.0,5.926418198541792,2.181305552849376,0.3680647365361579,0.0,27.614026169387216,7.422275068829297,0.26878641395138525,0.0,4.742018918652314,-1.878443846570068,-0.39612744672556544,0.0,
2022-08-26,157.0,21.53106106582709,7.209881653981439,0.3348595608892014,0.0,4.362743250530906,1.3971924492146055,0.3202554835296759,0.0,30.23505715760257,5.866253783215612,0.1940215873460173,0.0,11.557960875623388,3.0495301211756485,0.2638467246940884,0.0,15.750372155103829,5.227282179215773,0.33188308998285465,0.0,5.3478204524581034,1.694317411826322,0.31682391488060074,0.0,
2022-08-27,195.0,8.695161800780618,2.9990850973752203,0.3449142369157494,0.0,7.240479093219614,3.4932314227777814,0.4824586022282748,0.0,36.675570451312524,-9.27753077980799,-0.2529621398015902,0.0,8.200059262941062,1.772607814168991,0.21617012235265495,0.0,6.8699282377274296,4.0941484304846245,0.5959521393543651,0.0,4.552208884837449,0.6897057221103174,0.15151012169226183,0.0,
2022-08-28,113.0,8.670523029904867,-2.0755642854995395,-0.23938167032609942,0.0,3.782207781914617,0.8063157226525862,0.2131865220383042,0.0,24.646545993658947,-14.46319463557684,-0.5868244028716204,0.0,12.562843170766428,-3.3768754742833536,-0.2687986651096066,0.0,3.1641096195962706,2.300053620330661,0.7269197015443921,0.0,1.2924194716615565,0.4489572325369157,0.3473773355950206,0.0,
2022-08-29,181.0,36.19054158293875,19.191663778874023,0.5302950146488418,0.0,3.8680697342497226,1.8752719492491463,0.4848082061821688,0.0,14.70180240973422,2.340122422450121,0.15917248492611363,0.0,14.10380682263348,10.19949796419107,0.7231734022209619,0.0,33.16775632122881,3.2003703441007767,0.09649040812725702,0.0,7.152545830540468,5.067225654297836,0.7084506376263151,0.0,
2022-08-30,154.0,30.067218043732282,-4.474042330237437,-0.14880133984228322,0.0,3.103645742623479,2.262834983311267,0.7290893262188217,0.0,32.97231443709461,-18.558560781574283,-0.5628528387651027,0.0,15.3521112380331,2.1969586399314256,0.14310465875785944,0.0,11.784830127529853,2.4093974456325706,0.20444906032239854,0.0,6.660279242896642,-3.7654416828296418,-0.5653579295260902,0.0,
2022-08-31,173.0,28.845366294539414,-7.397819596226279,-0.25646474794902246,0.0,10.897000251970889,8.277001076491988,0.7595669344868525,0.0,45.44935394219647,-25.467046048295636,-0.5603390112142235,0.0,17.680560150925878,-7.560186976268406,-0.4275988380307341,0.0,6.496156700697604,-4.03804601156105,-0.6216053887874066,0.0,3.1607776291057164,-1.221857769740517,-0.38656872235780126,0.0,
2022-09-01,152.0,39.482232226211636,11.75050477869453,0.2976150059442068,0.0,51.78199768431659,43.933852175576995,0.8484387265901756,0.0,27.9176288965391,-23.485087194349084,-0.8412278593351633,0.0,2.5719825371488634,-1.5357601133007008,,1.0,9.007631698004836,-3.0395735226347513,-0.3374442500028068,0.0,3.3985619570812498,-0.16372141234669657,-0.048173731835480106,0.0,
2022-09-02,158.0,17.54808552883332,-4.161684979431135,-0.2371589181391358,0.0,7.1740016745316035,5.378643426505852,0.7497410330416501,0.0,19.098717590175504,-5.112442491617516,-0.26768511903895514,0.0,6.20171248941187,-2.813242823639956,-0.45362354808336913,0.0,21.494176744046854,11.818348943348695,0.5498395720888436,0.0,1.9472664556669703,0.6402657282488546,0.3288023199832471,0.0,
2022-09-03,183.0,9.936939867664474,1.62177477332559,0.16320666069470374,0.0,3.9571777898308875,1.0896204898384512,0.2753529276947187,0.0,29.25274035053735,-0.8821979501072655,-0.0301577882802033,0.0,8.282173828265508,-0.9739521633071454,-0.11759619919872112,0.0,8.585988171231287,5.625335511763868,0.6551762475765394,0.0,4.601021263653813,0.8635252322685816,0.1876812087546906,0.0,
2022-09-04,182.0,9.963824631464373,-1.4697230750314252,-0.14750591558890389,0.0,8.076626337337068,0.8703086456789901,0.1077564578734663,0.0,28.002696543597267,-2.6657413045319567,-0.09519587873909488,0.0,8.768187906454838,-2.145481473998058,-0.24468926725653636,0.0,7.715646047807235,0.8070250848693575,0.10459591845827503,0.0,2.0809785832388967,0.36952241655090046,0.1775714654284259,0.0,
2022-09-05,90.0,48.600680928720976,22.48840523128002,0.46271790439031296,0.0,1.0170059829542835,-0.2920825006202694,,1.0,6.4218122005113365,-2.3579049592759294,,1.0,3.8228907334560027,-0.6538778604631772,-0.171042780464733,0.0,63.60685562057188,23.59241319931243,0.3709099116618196,0.0,1.398522329072871,1.0523432237707402,0.7524679455553456,0.0,
2022-09-06,177.0,41.228638760872855,9.563380597254962,0.23195964952233353,0.0,3.0667714008668483,-0.38506449355589945,-0.12556022057824648,0.0,27.155283957356,-11.147179902212724,-0.41049763720821275,0.0,4.626016049660386,-1.852981347856308,-0.4005566189058818,0.0,72.53028799591993,2.903320212630801,0.04002907327203943,0.0,3.5345026022114254,0.3599464044257067,0.10183792316364394,0.0,
2022-09-07,152.0,27.535551175526052,-3.8015847923712993,-0.13806096591776948,0.0,5.736873764057231,2.431420045375608,0.423823173626198,0.0,51.21152642733068,-39.85751393674507,-0.778291855707582,0.0,8.01189204288675,0.26592609411486645,0.03319142253682329,0.0,12.2892312507829,-2.068760283546996,-0.16833927536477947,0.0,1.226618154956662,-0.02224806643420918,-0.01813772798348581,0.0,
2022-09-08,176.0,28.401743361755504,1.527030127325064,0.05376536601556978,0.0,1.2249725456931553,0.023347056496042407,,1.0,41.1290855427651,-5.928735937641596,-0.14414947133889058,0.0,23.351787773608518,-8.187157959525171,-0.3506009064016096,0.0,2.6582711285664042,1.985011210681991,0.7467301545544379,0.0,2.091817696600621,-0.46777392243569416,-0.22362078836787067,0.0,
2022-09-09,157.0,25.91322739078896,0.1582986750250006,0.006108798129918352,0.0,5.312794974845013,0.68072625863506,0.1281295931535394,0.0,32.98827944842196,-6.637367936593057,-0.20120382292052408,0.0,18.809465450300195,-8.346717411137693,-0.4437509100506884,0.0,4.312494280558888,-0.6645437809021932,-0.1540973129861334,0.0,2.7720361492320027,0.8248038857780826,0.2975444191110552,0.0,
2022-09-10,211.0,11.091893067627094,4.524359162108174,0.4078978344384704,0.0,8.993478468037205,0.7439597422026685,0.08272213525019258,0.0,47.473361253301846,2.2975362795525793,0.04839632625323707,0.0,9.406082099361804,3.972816755440258,0.4223667955981174,0.0,4.237510418279264,1.6863322489058943,0.3979535346111709,0.0,3.3941939241049046,1.528351380299124,0.45028404813439504,0.0,
2022-09-11,141.0,7.014374551225043,3.25835761949852,,1.0,3.8227304652536938,1.42189669556367,0.3719583968809338,0.0,22.426235275808722,5.223205553950434,0.2329060357083085,0.0,5.868879310073676,-2.4956668288262858,-0.425237374457945,0.0,1.3834903637834892,0.37195836020833045,0.26885504225061624,0.0,0.9785229549161111,0.24600344318041312,0.2514028331624607,0.0,
2022-09-12,146.0,26.957497559400508,4.062382336505254,0.1506958250688457,0.0,5.923820748554129,-1.3754818113718121,-0.232195042651744,0.0,36.01984583151352,-6.245152352607308,-0.17338087402760247,0.0,15.803337624158297,0.9269492918148942,0.05865528623509773,0.0,3.9774398316003436,-1.3721102216708805,-0.34497321889563437,0.0,1.6505882456840415,0.36249777629291197,0.2196173256660292,0.0,
2022-09-13,165.0,23.00871946511324,6.440106906460477,0.2798985365624206,0.0,2.668348793551551,0.11725393039131843,0.04394250507080612,0.0,47.61236202236614,-16.498865444850114,-0.3465248255715541,0.0,28.602843180902706,3.510549485474543,0.12273428425529515,0.0,5.571436555568647,-0.2308314230505695,-0.04143122168731395,0.0,1.5619541550040534,0.5974236161728146,0.38248473187182896,0.0,
2022-09-14,148.0,14.129149208347368,3.1110224469342276,0.22018469768132004,0.0,2.072660452715347,-0.4049267419466271,-0.1953656911898625,0.0,43.525621619293815,-13.27195862634724,-0.30492289673501444,0.0,19.670820283732603,1.7280387838516589,0.08784782530298009,0.0,2.1097088695023487,-0.04685140975377716,-0.022207523716212447,0.0,5.228012502790072,3.7010042235495013,0.7079180131214986,0.0,
2022-09-15,137.0,21.473679476461257,1.5844694193234607,0.07378658236285515,0.0,8.273361213519816,2.3313089214987457,0.2817849796874654,0.0,43.90283715282567,-8.383138747992955,-0.19094753987791882,0.0,19.49095453457266,1.6983283431061291,0.08713418011897103,0.0,3.562421861366596,-1.2718266006861296,-0.357011788659482,0.0,5.519891538271617,-2.5108330987547096,-0.4548700062938011,0.0,
2022-09-16,166.0,15.9597062752,0.036017777017591346,0.0022567944795801064,0.0,11.216176044086746,0.41148497098545955,0.03668674326865595,0.0,39.62058854427596,-10.502081040254737,-0.26506625535152445,0.0,9.822285591137183,-1.5633273171530817,-0.1591612565779699,0.0,2.645252333910314,1.5786922880265586,0.5968021529699872,0.0,2.620826349637349,-0.3635208672060233,-0.13870467505652356,0.0,
2022-09-17,172.0,12.08453062002081,1.033995066015028,0.08556352733319877,0.0,12.558587614606944,4.041430559664461,0.32180613646106637,0.0,31.505640766612487,-4.660543836422229,-0.1479272829569349,0.0,5.085810841119377,-0.8436526523762984,-0.16588360808767558,0.0,2.7685430297642535,1.6488781623196824,0.5955761368318293,0.0,3.119503838395751,1.2212398939380036,0.3914852993308203,0.0,
2022-09-18,154.0,5.394533363927616,0.059497852331043655,,1.0,14.57790952089999,3.2294545373057804,0.2215307025109321,0.0,28.931513773233746,3.119573096048388,0.10782612760948891,0.0,3.171738113262103,-0.019782807161482688,,1.0,1.7588252458081057,0.3112713897203958,0.1769768716148828,0.0,2.813269959391613,0.00534823235905485,0.001901073283493717,0.0,
2022-09-19,143.0,15.523250297155752,4.688959102624545,0.3020603941098392,0.0,12.287598242044618,6.540530961365019,0.5322871754534754,0.0,29.51470444991719,-10.422033071838815,-0.35311324528164323,0.0,8.224802319120496,0.01277441725369588,0.0015531579675779842,0.0,3.5360430165455847,0.8900203096340394,0.2516995142506819,0.0,2.594826471919072,2.0990411009930523,0.8089331304843099,0.0,
2022-09-20,183.0,27.882801528881828,-0.8378209144214575,-0.030047945991137866,0.0,5.812494043362669,-0.11238638403118684,-0.019335311691118497,0.0,47.46064673202636,-5.6659124813570685,-0.11938127420277483,0.0,18.074752913053082,-9.341650808448074,-0.5168342191666584,0.0,2.6130757759819896,0.051617362103574205,0.019753488428469506,0.0,4.343949113354021,-2.283969923133968,-0.5257819241281315,0.0,
2022-09-21,158.0,27.629150932458284,5.038160684552912,0.1823494575301683,0.0,4.6994888057379205,0.38481203810030673,0.08188380779425711,0.0,31.619800189204398,-0.494466525727729,-0.01563787635497296,0.0,26.24640547009767,-6.199523483054708,-0.23620466772555876,0.0,0.969670761936861,-0.06999046110687845,,1.0,5.186949954841105,-0.7921934933908399,-0.1527281929241416,0.0,
2022-09-22,152.0,26.122191140486393,14.397948725958688,0.5511769150040221,0.0,12.88819749561662,5.724464081340484,0.44416328065172966,0.0,31.688312314319774,2.8872280242914248,0.09111334158956463,0.0,15.864170876659038,5.633143651544619,0.35508591626636254,0.0,1.7985755007175543,-1.2224770784086538,-0.6796918327425999,0.0,2.79570178885478,-0.4896703731701254,-0.17515114634980866,0.0,
2022-09-23,154.0,23.15922297968063,-4.884960109780876,-0.21092936123404604,0.0,5.163433324596547,1.2158596682336105,0.23547503991999616,0.0,41.26366561249597,-25.14592816788926,-0.6093963731684143,0.0,11.823532758455253,-1.1804425291581873,-0.09983839460452532,0.0,2.3846323088655415,0.34859372836931857,0.14618342923281016,0.0,3.148862196045224,-0.3125954428027017,-0.0992725064930762,0.0,
2022-09-24,123.0,11.109533015332996,-3.572765351269152,-0.32159455724539854,0.0,2.834725460459591,1.3398099637784775,0.4726418774822926,0.0,29.29597333993297,-12.504864863594614,-0.42684585756873933,0.0,10.383206648402844,-4.834402173604821,-0.4655981853494608,0.0,1.0609333957909217,0.4346584129477538,0.40969434525502674,0.0,2.5780556431127444,0.9407120239800143,0.36489205595430774,0.0,
2022-09-25,196.0,12.722679788967069,0.18915545094129582,0.014867579321247147,0.0,6.085044551087771,-0.3219078692594596,-0.05290148109136109,0.0,46.67538444098318,-11.923754505613058,-0.25546130253494903,0.0,11.101664634734329,-1.8045990256090079,-0.16255211132597802,0.0,1.5051304577282214,0.02158584534794077,0.014341511220576525,0.0,5.386272639698285,0.8034040181435336,0.14915769621875966,0.0,
2022-09-26,167.0,14.777536779372888,-8.137074493772356,-0.5506380809777737,0.0,5.6924775937077285,-1.9468111565419413,-0.3419971575634975,0.0,48.072848689655075,-31.3131572350872,-0.65136887221384,0.0,10.46765194167528,-5.063499142098841,-0.48372826784002343,0.0,2.896167084494657,-1.1891748658079129,-0.41060299047470467,0.0,1.2568136141417128,-0.4271499469044474,-0.3398673773884533,0.0,
2022-09-27,190.0,37.14500391371985,6.369812431429464,0.17148503864006098,0.0,10.543301341596809,0.17410732222049652,0.016513548895125057,0.0,32.37472076356062,-9.458054731718098,-0.29214320644777936,0.0,19.7010047462827,1.5014485965988242,0.07621177782225175,0.0,17.557695176248668,0.1660834657960626,0.009459297711281234,0.0,4.390042534178058,-2.256743086049785,-0.5140595036335592,0.0,
2022-09-28,166.0,41.06859618202725,11.53636650330665,0.2809048172032548,0.0,3.19563226051104,1.908924617387341,0.5973542828992686,0.0,23.938751323024913,-4.912405204427849,-0.20520724486172215,0.0,27.626956543645065,4.024920648375943,0.14568816662875528,0.0,5.846765611298899,1.2906263084675365,0.2207419271217912,0.0,2.5855347295218887,-1.4423235490087114,-0.5578434250138355,0.0,
2022-09-29,144.0,24.836456629083838,2.888005475542817,0.11628089782183028,0.0,6.474761907760687,2.039757087830428,0.3150319837067002,0.0,20.403539671868202,-4.424237621232928,-0.21683676912849276,0.0,11.906620486661264,-5.258829723988272,-0.44167274247798766,0.0,23.127790846105196,-2.438424034701364,-0.10543263949967809,0.0,5.004218550944637,-0.3222935662045511,-0.06440437461383702,0.0,
2022-09-30,139.0,20.390265251153323,-5.323521396840987,-0.26108151763939785,0.0,2.8954641102245597,-0.20658098568731023,-0.07134641557387106,0.0,24.102769082281153,-3.231215149419215,-0.13405991396210995,0.0,5.851700262763183,-2.4081168945092744,-0.41152430684687147,0.0,31.248352650043667,-11.144444926112739,-0.3566410380387577,0.0,1.1434046222493581,-0.11680514568672262,-0.10215556541737444,0.0,
2022-10-01,178.0,10.26698960149951,-4.8168315372154495,-0.46915714578224016,0.0,2.346395920401839,-0.04486146087385107,-0.01911930569081802,0.0,46.707362275745254,2.093763308780706,0.04482726505555592,0.0,12.501670323617867,-1.8589963301400243,-0.14869983626332325,0.0,14.479868077156423,-3.7386280834575283,-0.25819489953472874,0.0,3.509071878470415,-0.3148759263407239,-0.089731968237133,0.0,
2022-10-02,182.0,28.649060241106778,12.030459465632932,0.41992509926629856,0.0,3.5424015503813218,-1.0722231353379121,-0.3026825502666384,0.0,38.84316637273878,-5.266465873904584,-0.13558281586438167,0.0,6.775641543295926,-3.432533331403559,-0.5065990149375356,0.0,31.93395528414112,16.707606941456913,0.5231925326129006,0.0,1.796299670779256,-0.0522540089898829,-0.0290898060273064,0.0,
2022-10-03,141.0,54.92654214883078,36.48865011313628,0.6643172623950262,0.0,0.2808017890347341,-0.1778460760958726,,1.0,12.082218994648425,1.7668026114275324,0.1462316327994139,0.0,3.682207989128068,-0.9633876424696719,-0.2616331411245996,0.0,73.66665480037773,44.766244109502765,0.6076866695088919,0.0,0.42321345561503526,-0.11920937036411063,,1.0,
2022-10-04,,,,,,,,,,,,,,,,,,,,,,,,,,
2022-10-05,84.0,50.88803004483634,19.16553487826018,0.376621670388377,0.0,0.11218572655343009,0.04490214268908669,,1.0,4.250098385789894,1.2870397700099012,,1.0,3.231116567912973,-0.9627238924289486,,1.0,69.30168297844648,21.322729674609516,0.30767982476329037,0.0,0.26781884308729387,0.17637759870366154,,1.0,
2022-10-06,133.0,59.496434471104294,21.98445629847442,0.36950880324016117,0.0,0.493419973674457,-0.07332601369185479,,1.0,11.170569155852712,-1.7883620900776422,-0.1600958791916746,0.0,6.919442326543498,-1.6636770505988934,-0.24043513509996373,0.0,94.96042482128541,30.957343304684102,0.3260025780523362,0.0,5.674190362158691,-0.46067025373367854,-0.08118695784440003,0.0,
2022-10-07,161.0,38.28569476495613,12.770396606125608,0.33355530530465066,0.0,4.307335294390206,1.2841358501520044,0.29812767346541125,0.0,17.854881110892162,-0.044775936010081896,-0.002507770045176434,0.0,13.051999558927484,2.2823458156681595,0.17486560625165282,0.0,69.93064116565802,11.108256748713353,0.15884677393989727,0.0,4.706778622756239,2.1235496775654923,0.45116837815541116,0.0,
2022-10-08,170.0,30.65183099618298,6.112776613711821,0.1994261489459809,0.0,3.286589292722048,0.2684409026834977,0.08167765387599349,0.0,32.135021206428064,6.041645494058798,0.18800813776498365,0.0,11.282610012800426,0.6694821913664132,0.05933752833846668,0.0,39.41156856469752,7.789710772434027,0.19765036145786838,0.0,3.0700158441395553,0.708180794581377,0.2306765927391692,0.0,
2022-10-09,147.0,21.498208786026222,10.746272158940474,0.4998682572068759,0.0,3.5853886707773155,1.1769632180381964,0.3282665635753877,0.0,29.772073518470275,11.003860346251859,0.3696034251502564,0.0,5.39071846222941,1.8550677505523498,0.344122543877975,0.0,29.535591170446423,14.997821027616034,0.5077880764622374,0.0,4.396859128246428,1.3136355111366833,0.298766795301125,0.0,
2022-10-10,150.0,26.03893864973361,4.386839203706245,0.16847227387861005,0.0,8.49311961505736,0.3490975305663062,0.04110356928770849,0.0,33.89236608732608,-8.138726397706403,-0.24013450039859707,0.0,11.168615549337115,-2.9178989174787335,-0.2612587840085442,0.0,26.51982989082171,7.850695964901833,0.2960311584660237,0.0,4.24764444942411,-0.8154277592744164,-0.19197175492995205,0.0,
2022-10-11,151.0,37.989010082579625,-2.8895814885398297,-0.07606361635269054,0.0,3.7639661480497977,-0.0754682903648014,-0.020050204331381504,0.0,34.680611588744796,-25.70196862722458,-0.7411048262933709,0.0,9.966696493007468,-5.950120993290318,-0.5970003197614036,0.0,41.97159607640788,6.173198516437171,0.14708038515378521,0.0,6.357530877823585,1.2627858010449815,0.19862833941551836,0.0,
2022-10-12,162.0,39.61153496211773,9.935860221440146,0.25083249692147125,0.0,6.60597789493476,3.796898689696227,0.5747670897608604,0.0,47.39966397090029,-28.532930749203697,-0.6019648317912274,0.0,7.819925373594735,-4.880220929320907,-0.624075128107971,0.0,43.72135308373254,8.44802072845268,0.193224137237325,0.0,1.977505102324351,0.4366261385580811,0.22079646623660923,0.0,
2022-10-13,124.0,40.10736097757763,-2.308592067630816,-0.05756030841623947,0.0,2.325578924399446,0.5527740500178676,0.23769309405855368,0.0,48.622458866710076,-23.803319166919675,-0.4895539987430971,0.0,11.3688243459037,-2.043416714414621,-0.1797386125638298,0.0,46.146442128789204,-9.162948875164554,-0.19856241245190387,0.0,0.7292323779838576,-0.2733406418275195,-0.37483338655811876,0.0,
2022-10-14,185.0,42.15428069873451,2.145030125184962,0.05088522659216806,0.0,6.581812102798715,-1.078237552236231,-0.1638207738834938,0.0,41.902898100510356,-18.514950790745495,-0.4418537053531386,0.0,15.18220535181171,-5.095573517916755,-0.3356280197664889,0.0,34.91874121557339,4.434795770558973,0.12700331157931607,0.0,3.6897290582492057,-0.38357191425464887,-0.10395666136977971,0.0,
2022-10-15,187.0,18.40831025540683,7.178485563121091,0.3899589622036412,0.0,5.881991552363608,1.0339342848121487,0.1757796276325277,0.0,41.938016694402904,-10.583329543039982,-0.2523564626376918,0.0,6.877371978698642,-0.7594750606043905,-0.11043099936381524,0.0,10.15320065374544,5.392766214828983,0.5311395291729639,0.0,1.6210683359022307,0.4490445433430728,0.27700531396361533,0.0,
2022-10-16,192.0,29.78963665091578,5.543769595061021,0.18609725455951798,0.0,6.9621541992237255,-1.51935864018977,-0.21823111018701327,0.0,33.207208080159035,0.23164329913360415,0.006975693306538728,0.0,8.654104793764413,-5.706038598860047,-0.6593447542917956,0.0,28.932082608887868,10.578664064583666,0.3656378356024024,0.0,3.6186912783814407,0.18039885939831998,0.049851961806205346,0.0,
2022-10-17,157.0,22.55889940560155,8.16536979143514,0.36195780851824777,0.0,8.74043630535743,6.0389148805158195,0.6909168683964072,0.0,30.028667415259402,5.198668816971356,0.17312352709762918,0.0,7.809315207152389,-3.5803913656010384,-0.45847699454131813,0.0,19.361065932396738,9.489988131670403,0.49015835000028957,0.0,2.3068366891893612,-0.05787801702113299,-0.02508977652920534,0.0,
2022-10-18,170.0,42.32145043021592,-10.321177707218343,-0.24387580298640738,0.0,1.5243669080955369,-0.6889395893249142,-0.4519512891982408,0.0,28.33164341795782,-3.4184740098528517,-0.12065922048440278,0.0,46.74590165900736,-28.51091459734744,-0.609912603789807,0.0,17.392653188144315,5.475596029524256,0.31482235460525887,0.0,2.6234394106431793,-1.0756330933055427,-0.4100087423180982,0.0,
2022-10-19,126.0,45.17351695918478,-8.407239851549809,-0.18610992496213935,0.0,2.190933321639017,-0.6058976702208861,-0.2765477453086613,0.0,10.594132822443495,0.620138369874746,0.058536019914814844,0.0,59.446933882871235,-31.35699376184478,-0.5274787396710436,0.0,11.054439588675447,6.447105327803763,0.5832141264228721,0.0,2.026355559173675,-1.4264358312235783,-0.703941529296696,0.0,
2022-10-20,163.0,33.96364274920779,11.553133644129279,0.3401617938758574,0.0,3.319947338939521,-1.2148923431304035,-0.36593723306420645,0.0,29.471368035417978,-1.3306450044934974,-0.04515043220573814,0.0,39.8136942480196,-11.433127776735237,-0.287165710007027,0.0,11.66306106792035,5.297356390080837,0.4541994901022509,0.0,4.047651165914424,1.3024726810224927,0.32178481485527055,0.0,
2022-10-21,173.0,21.581310353765726,2.0623011877390653,0.0955595908651216,0.0,5.565814234796555,-1.013274417889777,-0.1820532226093627,0.0,35.453143132079276,-0.7713005285354873,-0.02175549078009918,0.0,17.561084653214486,-6.524720710300883,-0.3715442889290189,0.0,11.262191457666624,6.292414342786289,0.5587202425423865,0.0,2.56909016932331,-0.34543494357048454,-0.13445808469286658,0.0,
2022-10-22,126.0,8.727710780891353,-2.4012438283430164,-0.2751287122850535,0.0,3.7387876955472117,0.3007873084046414,0.08045049168287101,0.0,31.29520776643767,0.44510047447941903,0.014222640022117506,0.0,7.65367746637639,-2.4752520567594667,-0.3234068939583062,0.0,5.424301166174697,0.3602392132260149,0.06641209663512494,0.0,0.8700050554834842,0.04169761927217841,0.047928019509042935,0.0,
2022-10-23,170.0,14.829498061590126,4.605847770141598,0.31058689586205224,0.0,5.77576406761363,1.4308187290579337,0.2477280429581509,0.0,28.812489582807757,-5.45772303773733,-0.18942212619467363,0.0,9.922537884238402,-0.3858822755034168,-0.03888947364125231,0.0,7.483453991742858,3.5445177464399578,0.4736472958009671,0.0,3.465275046117308,1.3912785056518002,0.4014915085054123,0.0,
2022-10-24,182.0,20.523596200800963,-2.8871144358342917,-0.14067293117575652,0.0,7.8103435806260615,-2.7703585772353745,-0.35470380382591415,0.0,48.0176740600873,-16.47189921998165,-0.3430382571086098,0.0,17.669307367548747,-8.356068385553723,-0.4729143147342824,0.0,10.043476921746327,3.100961821957161,0.3087538156475373,0.0,3.396178059731022,0.912238811472635,0.26860747446937,0.0,
2022-10-25,192.0,31.72171503136633,1.6933075344120363,0.05338007521780267,0.0,5.297900277510045,-0.3996610975593695,-0.07543764069247559,0.0,41.70308688971272,-8.217480883957986,-0.19704730505177703,0.0,28.06757624995225,-4.057277498886022,-0.14455389602416863,0.0,5.5687373433538525,0.29901353542283393,0.05369503300055964,0.0,5.595030797361679,1.8759971204406003,0.3352970141514183,0.0,
2022-10-26,161.0,31.62204934735928,-15.456993984054941,-0.4888043091155867,0.0,2.5001344891788833,-0.9453429671695829,-0.3781168458181867,0.0,17.011689344450126,-2.4217718379813302,-0.1423592794898648,0.0,42.59371519416163,-18.698339676866702,-0.4389929263420934,0.0,5.90102102375385,0.7413281248788194,0.12562709434429944,0.0,3.3850041684636314,0.9811145128870399,0.2898414489493356,0.0,
2022-10-27,158.0,16.486471206335406,-7.430039385666817,-0.45067493781274487,0.0,5.1941841015141055,0.9190125830853422,0.17693107620452841,0.0,36.20055756668444,9.78600804280774,0.27032755019811777,0.0,19.029045893701547,-4.427015994367628,-0.23264518983754898,0.0,6.486803129700996,-0.9859144205974658,-0.1519877204355531,0.0,2.540193311840988,0.48567808206283863,0.19119729187494267,0.0,
2022-10-28,164.0,16.486451491167827,-9.263307765551206,-0.5618739587784414,0.0,4.843375855940387,-1.8293485836022716,-0.37770114028185126,0.0,25.00599248051003,-6.8670929143810255,-0.2746178908808886,0.0,9.329902884492178,-1.8935846437458548,-0.2029586660428483,0.0,5.5786295977959455,-0.2157523237182428,-0.038674789199749725,0.0,2.2604569044633465,-0.37024124070363584,-0.16379044430025733,0.0,
2022-10-29,180.0,8.075929423728663,3.8551128049169705,0.4773584070199888,0.0,3.2646249257086253,-0.8760534357781917,-0.2683473463917249,0.0,24.484246464300664,2.538433032075341,0.10367617544515864,0.0,10.274134458093608,2.974380380221913,0.28950179621980704,0.0,2.4064859574136728,2.0504258921101024,0.85204149469202,0.0,4.467462997417892,1.4932889958652567,0.3342588392401569,0.0,
2022-10-30,191.0,8.292696038988646,-1.0223213686128665,-0.1232797348180081,0.0,7.002533773484171,-0.6762679768537818,-0.09657475404324953,0.0,33.5897959410504,-0.846234218895373,-0.02519319320607073,0.0,5.958460189722241,-2.54558465000269,-0.42722189440714464,0.0,1.2586300789844187,0.6523884925367938,0.5183321957975152,0.0,3.4610357481433254,1.6889545632117489,0.4879910772715334,0.0,
2022-10-31,163.0,34.43291666005098,-6.710125120155144,-0.19487530453498358,0.0,6.676456836677965,-1.6202516103332245,-0.24268135778728714,0.0,44.99328240111936,-11.43254247124595,-0.25409443057129627,0.0,9.840400115026561,-4.157991174522502,-0.4225428972317025,0.0,31.003673371975307,0.38019561912548516,0.012262921704921256,0.0,0.8453261696267802,-0.031433032477911384,-0.03718450180217345,0.0,
2022-11-01,166.0,19.25017605444736,-1.3755211437562391,-0.0714549903266185,0.0,4.687085040102822,-0.1759018865443268,-0.037529058047657694,0.0,36.61121257490595,2.5735650146360474,0.07029444898528217,0.0,9.262185101317293,2.524365775432949,0.2725453818747292,0.0,10.157731856750608,-2.372093784569427,-0.23352593059374618,0.0,1.5791313804656895,-0.5808812887521125,-0.3678486134452026,0.0,
2022-11-02,191.0,30.046201707868022,8.590109022660997,0.28589667027401855,0.0,2.205669575938365,-0.6373404123496744,-0.2889555259329942,0.0,37.321109378914116,10.873802900445096,0.291357976260712,0.0,38.975389195511525,7.970595510265785,0.20450329489419677,0.0,13.156278773210936,2.578840299006861,0.1960159360759324,0.0,4.823477333178735,-1.3039564091299083,-0.2703353450342813,0.0,
2022-11-03,157.0,15.591667432468965,-1.9899815891091048,-0.12763109511719414,0.0,6.098635786569496,2.100490529852465,0.34441973637418977,0.0,37.46358875284204,-9.630261318555707,-0.2570565618283203,0.0,11.430709805776125,-3.4296136506979726,-0.30003505547528925,0.0,2.5990537715115285,-0.6338296220289225,-0.24386937622314253,0.0,1.4703147505133467,-0.0912454732020142,-0.062058462768027525,0.0,
2022-11-04,172.0,15.351355151775346,0.927874225024905,0.06044249617387027,0.0,4.791923478253004,0.8591452536453094,0.1792902698768739,0.0,37.30354445649573,1.3568547548609846,0.036373346678715224,0.0,14.579172996527625,-2.2664534917574555,-0.15545830290217869,0.0,11.72699951956019,-8.33809612532729,-0.7110170092033911,0.0,4.277595966115761,1.625195590147877,0.37993199989470333,0.0,
2022-11-05,149.0,3.9272109890371167,-0.0750395009688608,,1.0,6.724966395027873,2.45033687692239,0.36436418161643974,0.0,25.20540921506472,-5.2434765223919575,-0.20802981128582695,0.0,7.625380601180947,-3.925116509250806,-0.5147436848782239,0.0,1.2501891656793254,-0.39650734648794805,-0.31715788088156616,0.0,3.0540826460128248,0.271711920434704,0.08896678706106076,0.0,
2022-11-06,196.0,7.8702526119668565,-2.6436052995093373,-0.33589840502574075,0.0,6.884576745782391,-0.739027233482542,-0.10734534028330538,0.0,43.5034263440175,-11.46430198025333,-0.26352641489880896,0.0,8.733656716722175,-5.306931934258254,-0.6076414618057024,0.0,5.202280325545865,-0.9629323623527185,-0.18509813045333728,0.0,1.3236092293227495,-0.3008487765871582,-0.2272942571888029,0.0,
2022-11-07,166.0,20.028897988318924,-8.144698716607571,-0.40664737128111844,0.0,8.288136097165982,-2.284523117877243,-0.2756377418390132,0.0,33.1740718623696,-2.2201095749930793,-0.06692303508003851,0.0,10.000028689246385,-4.658064909888058,-0.4658051546289209,0.0,2.464909367445209,1.394502648866265,0.565741956797226,0.0,4.067838955510519,-1.6290190991119675,-0.40046302641976733,0.0,
2022-11-08,97.0,20.091700451273937,-11.03930047751251,-0.5494458024737549,0.0,6.350943511381043,0.0425176610842103,0.0066946999304934186,0.0,33.70048366612173,-15.898300795956386,-0.4717528968861227,0.0,9.956423027004345,-4.932770622904992,-0.4954360225078893,0.0,4.893182525061999,-2.6089563382219096,-0.5331818964159432,0.0,1.2269922050327253,0.67702642843878,0.5517772856761735,0.0,
2022-11-09,182.0,31.68929281950841,-12.000155253919306,-0.37868169928146295,0.0,4.193796719613594,0.6365653715501175,0.15178736932408327,0.0,39.591316565376474,-13.577083367051184,-0.34293083799402263,0.0,30.28484041475167,-22.60218294769119,-0.7463200280455077,0.0,8.70930113366921,0.22793952476826068,0.026171965037133836,0.0,2.77445710936444,-1.5573697480457853,-0.5613241389781443,0.0,
2022-11-10,190.0,27.23374129370495,-14.324582277336102,-0.5259865738919689,0.0,10.208375073365453,-0.431059906215207,-0.04222610387228817,0.0,41.177015033899806,-12.12665258166013,-0.2945005258801936,0.0,17.774778896484342,-13.291144759525384,-0.7477530289929079,0.0,2.6250587751273926,-2.1501754831648245,-0.8190961297849332,0.0,2.609901148745842,-1.0397999118134906,-0.3984058600507358,0.0,
2022-11-11,207.0,9.583047614134552,-1.8887131837731506,-0.19708899087461343,0.0,9.763985796562332,0.40099873579567313,0.04106916418670491,0.0,52.30052143109788,-3.402382002852721,-0.06505445662401495,0.0,4.377377110737136,-2.050927433191159,-0.4685288430280547,0.0,3.2910930530779234,1.7139486337097567,0.5207840088589484,0.0,6.6399672388724795,0.2665270053919054,0.04013980729175463,0.0,
2022-11-12,186.0,11.10074184105906,-2.459949638723829,-0.22160227432954505,0.0,4.57820370906847,0.7269173508931299,0.15877785198881775,0.0,29.28886714567488,2.0872297784703178,0.07126358858773892,0.0,5.462204282754096,-2.0028633239429725,-0.36667675177705167,0.0,1.5771614234108653,0.1373145131432551,0.08706433666522884,0.0,2.680958014338097,0.46693262079270864,0.17416633095165793,0.0,
2022-11-13,179.0,5.863127876189534,0.04061206043550131,,1.0,6.6826036540151055,0.9493276580768538,0.1420595485273872,0.0,25.596006899722852,-1.5625498713096855,-0.06104662643010166,0.0,4.4897192480202595,-1.3447750136151342,-0.2995231860451213,0.0,4.027614741942665,-1.3132714911299677,-0.32606681007839616,0.0,3.2838725774345168,-0.07252308321878495,-0.02208462158889328,0.0,
2022-11-14,177.0,14.944700466970964,-0.17503114320949242,-0.011711920462797221,0.0,6.20134556541597,0.664061790693114,0.10708350045778661,0.0,49.96463595681416,-6.606955951868656,-0.1322326446564973,0.0,5.919769997897668,-0.5509589697378132,-0.09307100950433536,0.0,12.782037519806174,-4.56710623784414,-0.35730658987405284,0.0,2.3200446745031438,1.2457100928872027,0.5369336662251909,0.0,
2022-11-15,173.0,24.10006026015617,-1.3948388468795525,-0.05787698585906,0.0,5.448859083400742,0.8571188091640073,0.15730243635316446,0.0,47.724471988018195,-28.90355453910705,-0.6056338254798007,0.0,13.952374797663648,-2.4458178950589167,-0.1752976056426232,0.0,9.073399077424249,-3.4191826373163456,-0.37683591431833957,0.0,2.9442485533800147,1.243636762802048,0.4223953040154662,0.0,
2022-11-16,138.0,32.14902689712471,0.1162401161254838,0.003615665148977802,0.0,11.977106141581313,0.9675451428891915,0.0807828812278897,0.0,15.046824995879428,0.9209274819761887,0.061204106662261615,0.0,17.48331045807572,-0.5557338054518741,-0.03178653189191495,0.0,5.659235050305138,1.2805085385744914,0.22626883795990207,0.0,3.8740070458952633,-0.03360250808799825,-0.00867383762856138,0.0,
2022-11-17,122.0,27.18845005536423,-8.084580329926567,-0.29735348331603384,0.0,5.956762200672524,-0.3766093040431967,-0.06322382719939318,0.0,20.138722407631576,-16.21580091173951,-0.8052050464529232,0.0,14.29178516584943,-3.9961575424777744,-0.2796122035214111,0.0,7.356303873297289,3.8566536918140746,0.5242651416037033,0.0,20.878362810864928,-16.402593660262475,-0.7856264310018936,0.0,
2022-11-18,128.0,13.262522639059167,-8.820963315475247,-0.6651044869470624,0.0,3.918871628338815,-1.3955761791951402,-0.35611683962883883,0.0,37.63867300313723,-15.558892099243153,-0.413375150020467,0.0,13.068387634259123,-7.690528241858165,-0.5884833276369338,0.0,4.831751736186556,-1.3543610707656994,-0.28030435848399454,0.0,3.466486262608665,-0.3352448277850429,-0.09671027155110032,0.0,
2022-11-19,194.0,13.583334215312785,-3.332679006847649,-0.24535058580025573,0.0,5.484205093365738,-0.5947994510135799,-0.10845682115957168,0.0,36.97761410593375,-0.6589596082376721,-0.01782050097526248,0.0,11.05919212480512,-3.5738382104810515,-0.323155450248951,0.0,2.3545885849234707,-1.0028256542652334,-0.4259027078812698,0.0,5.821896361827379,0.6675010297350673,0.1146535404016625,0.0,
2022-11-20,210.0,4.279530179497663,-1.4546448270771277,,1.0,2.637722104373091,1.775675900587311,0.6731853585498677,0.0,39.84821074164938,2.9728552891801376,0.07460448622032875,0.0,5.53417315048136,-0.8907959767316459,-0.16096279471381644,0.0,1.1578829233621886,0.012465623343913712,0.010765875454589837,0.0,3.338713424360316,1.1906987135800848,0.3566339970637695,0.0,
2022-11-21,168.0,40.07034643352381,-21.547667987236863,-0.5377459868729653,0.0,5.325846897467265,0.3629002734415363,0.06813944907318223,0.0,25.887857775203884,-17.32976201683054,-0.6694166109576464,0.0,12.43963170103961,-8.12722983576465,-0.6533336380919893,0.0,30.46839391927642,-9.686532322634395,-0.3179206737413889,0.0,1.8043290041023212,0.43613022819165853,0.24171325029973642,0.0,
2022-11-22,169.0,40.66996082319383,-0.7938437860943983,-0.01951916771067244,0.0,11.038925604509126,3.142319563149118,0.2846580976925471,0.0,22.394490010781738,-1.5895746367006909,-0.07098061335334703,0.0,14.49525412896764,1.115481927140098,0.07695497555374997,0.0,29.95579016661941,-5.271830146655692,-0.17598701677815337,0.0,3.1239720892481206,0.08266062894342968,0.02646010482229516,0.0,
2022-11-23,182.0,28.913845747076262,4.842127205289101,0.16746742192808203,0.0,7.455177400202949,-1.418028260626674,-0.19020717878397794,0.0,16.397169671385193,-4.700478265612916,-0.2866640011547695,0.0,31.558753163015353,-0.9692773019868752,-0.030713421946048244,0.0,5.3166471880031105,-1.173679826229852,-0.2207556350322122,0.0,1.8940375009769848,-1.2367201258419511,-0.652954403069646,0.0,
2022-11-24,151.0,22.014986417489126,-12.712452889469331,-0.5774454114298392,0.0,3.3197411208748178,0.16627828783435444,0.05008772725944872,0.0,18.044724129984385,-5.924456623578271,-0.3283207091946491,0.0,11.747511692621625,-9.049548220311124,-0.770337451631988,0.0,3.047808765055373,-1.946432993847916,-0.6386335705063676,0.0,6.879712574242143,-1.6135822927342827,-0.23454210845603995,0.0,
2022-11-25,164.0,10.861024537487534,4.071575714401138,0.3748795245188729,0.0,5.919974726275536,1.240523498793236,0.20954878291747253,0.0,31.503027699058293,-0.8703389637869517,-0.027627152923240087,0.0,6.501282705023181,-2.999303240929306,-0.4613402273080527,0.0,4.919728331136861,0.4456020123272537,0.0905745159762273,0.0,4.2806536674324835,-1.657930211553326,-0.3873077198856279,0.0,
2022-11-26,194.0,16.091929463545963,-6.241488073671436,-0.3878644936774464,0.0,7.480456905585009,1.711859252412586,0.22884421018915155,0.0,40.916004480066476,-3.5770050891591505,-0.08742312781058086,0.0,8.531274317676427,-2.0283010799012775,-0.23774889944620892,0.0,1.8319619419780724,-0.08158415702065962,-0.04453376194735171,0.0,11.793976937682595,0.81632158279597,0.0692151245597034,0.0,
2022-11-27,213.0,13.669191752371258,-0.35611008861617,-0.02605202231905145,0.0,10.732186534864006,-0.13692579226874935,-0.012758424559985009,0.0,29.833430248996592,3.5958727634465535,0.12053165638126698,0.0,6.490961249852256,-2.7335721314321404,-0.42113517955362323,0.0,2.4467917041547405,-0.3568926699403848,-0.14586148438151406,0.0,12.684672730829327,2.9185657832533387,0.23008601366276812,0.0,
2022-11-28,158.0,27.60327879219403,-8.68319936324179,-0.3145713025112555,0.0,3.450286855528241,-0.3377066259112844,-0.09787784032223064,0.0,38.11516271177243,-22.43349488760315,-0.5885714054862013,0.0,7.083443272960716,-1.7243838965699128,-0.24343865407270496,0.0,13.686497463866539,2.564087416988737,0.18734430951075215,0.0,2.3757479814958,-0.4990139717632573,-0.21004499452381814,0.0,
2022-11-29,188.0,29.58282458636677,4.098232569748702,0.13853418755818775,0.0,4.015371003210014,1.1760464761421217,0.29288613062204044,0.0,30.94514824153157,-8.586570216644397,-0.27747710722291313,0.0,10.375356402611937,-4.191343962499244,-0.4039710830024207,0.0,33.53932478448405,8.324331859899313,0.24819616713781645,0.0,3.8751331587191014,1.175725953924222,0.3034027234080519,0.0,
2022-11-30,179.0,37.83647792520787,10.808308285546211,0.28565841426655014,0.0,8.438382577711302,-1.7349031025806592,-0.2055966397118733,0.0,22.03272148116957,-0.8157119194943037,-0.037022749104846535,0.0,34.494828698720085,5.840149942496124,0.169305086089986,0.0,28.8397814321288,3.4045126583936827,0.11804918377782517,0.0,4.601015297557744,2.30876394248244,0.5017944503918408,0.0,
2022-12-01,161.0,22.614242112496868,9.285081827381141,0.41058558501282283,0.0,2.918178814463311,0.9136451776503787,0.31308745479272804,0.0,23.493023413204355,-3.2899679430934863,-0.14004021045858003,0.0,11.420942682569143,1.9218461529045485,0.16827386375362047,0.0,22.54161479941831,0.851947460461475,0.037794429016835995,0.0,3.6118817686583435,0.42266818547197565,0.11702160052403333,0.0,
2022-12-02,103.0,19.86106627981644,-0.5549275055996321,-0.027940468944689552,0.0,5.2636051106965125,3.818072373066305,0.7253721152651351,0.0,9.620252705441086,0.5140423571457396,0.053433352832301814,0.0,5.838353630533671,-0.2550981770713034,-0.04369351245480919,0.0,30.070579270352027,-6.246040668076056,-0.20771268195136885,0.0,1.5448519377314327,-0.018899390531447846,-0.012233787633526238,0.0,
2022-12-03,75.0,9.66398273326922,-4.166678077395288,-0.4311553727275489,0.0,1.1989598805157549,0.2875545498292548,,1.0,5.6148760636860935,-0.9147521666023187,,1.0,2.150213431654262,0.6895956451810619,,1.0,16.88885548338294,-5.454247024686973,-0.32294947576841093,0.0,1.3266757306919286,-0.217387552749324,-0.16385884487081512,0.0,
2022-12-04,55.0,11.79171894301544,-3.287960190067622,-0.27883637711829723,0.0,0.08294448751257481,-0.029252315494557684,,1.0,2.9389314996660665,0.4558915726472918,,1.0,0.9273116318654478,-0.73214882447965,,1.0,44.35928627419344,-9.201018635745324,-0.2074203488954269,0.0,2.383966130742917,-1.912223546940444,-0.802118588129663,0.0,
2022-12-05,93.0,20.129729005602712,6.577960563042693,0.3267783963317066,0.0,3.7320179254165806,-0.597602033707885,-0.16012839317784858,0.0,12.600333747133842,-0.3323491094585611,-0.026376214799402397,0.0,1.8910912637875255,-1.0022520337093408,,1.0,27.374700377687986,4.302737894516393,0.15717936032729626,0.0,1.5140464746873432,-0.03292645995531625,-0.021747324475040106,0.0,
2022-12-06,168.0,32.801433304382954,-1.8446923459058906,-0.056238162789654725,0.0,16.822087374079267,-0.03864959514062516,-0.0022975504930606502,0.0,30.63599648387753,-17.094523444763308,-0.5579881644704933,0.0,8.476882679271505,-2.4350785696618704,-0.28726109134627525,0.0,16.39579745865921,3.121391376887385,0.19037752721438175,0.0,1.6850472471924085,-0.5870618445150747,-0.34839488654886397,0.0,
2022-12-07,190.0,27.072444121942677,-5.686318969974601,-0.21004084242862073,0.0,11.618948351322608,1.160425060624599,0.09987350193294434,0.0,53.805509327037726,-23.189086443378372,-0.4309797775991995,0.0,18.54548200839781,-4.260480454793736,-0.229731449032411,0.0,3.3580144250081423,-2.2252869187629676,-0.6626793804667983,0.0,1.2744826259295152,-0.3061971559704567,-0.2402521225011904,0.0,
2022-12-08,172.0,27.8121252438068,5.0356339667419805,0.1810589418319736,0.0,14.736332402651893,7.3758181676556545,0.5005192585319486,0.0,33.23185045963328,-10.65526988755201,-0.32063426321970734,0.0,11.587505460222015,-5.2858344873746335,-0.45616673109842554,0.0,4.687657534253951,0.2828606598645519,0.06034157951975254,0.0,1.5679055306318257,-0.116506352583882,-0.07430699765242421,0.0,
2022-12-09,165.0,34.74851556963404,13.176719796289833,0.37920237973574555,0.0,23.368580087975708,10.714812937153082,0.45851364938798245,0.0,43.56986228606547,-20.633419832524186,-0.4735709215019294,0.0,10.070796468018667,-0.9290099984644942,-0.09224791717464507,0.0,3.7980610145314073,0.4526619616507519,0.11918238277870317,0.0,1.4551658146010533,0.5248507373746603,0.36068105236416154,0.0,
2022-12-10,174.0,20.229619833866302,10.809958292443447,0.5343628986218788,0.0,14.006781728647177,8.09121321413535,0.5776639752718433,0.0,30.247009202081244,-7.1936314018181315,-0.23782951080410125,0.0,5.5914425951777895,-1.347626417576931,-0.24101587285169668,0.0,8.217393761275156,2.9159230262840348,0.35484766958904357,0.0,4.086051270656748,2.332563878577651,0.570860159129315,0.0,
2022-12-11,139.0,17.104621815073184,4.136058296972145,0.24180939758207967,0.0,12.883100058475971,2.24116426632046,0.173961566404661,0.0,16.321763333813575,-2.9021680983909968,-0.17780971571733395,0.0,5.520351314677095,-0.6942409143437843,-0.1257602777015276,0.0,8.11568863290449,0.6896493450634678,0.08497730460817987,0.0,1.452091864404787,0.2725766542390943,0.18771309234682856,0.0,
2022-12-12,175.0,40.70449077254307,18.52051538528456,0.45499931417339945,0.0,26.50015591319243,14.02839277150106,0.52937019757372,0.0,33.64141552045476,-3.5983729846694428,-0.10696259146650797,0.0,12.825363828058464,4.860468162993386,0.37897312139870704,0.0,1.9598481003340487,0.9010193941419702,0.4597394022467327,0.0,1.0129880768290536,0.24877200404929595,0.24558236147065468,0.0,
2022-12-13,175.0,36.180120284843724,18.53065630640585,0.5121778523817831,0.0,17.883456114599536,7.420016067413532,0.4149095130082851,0.0,41.66492197220214,4.080078872412913,0.0979259933604351,0.0,23.800524376478275,16.78136060165149,0.7050836500995865,0.0,6.984788995301635,-0.8364053429281245,-0.11974668719280399,0.0,5.07559636205405,0.5442092915827114,0.10722075846127263,0.0,
2022-12-14,203.0,23.172224833600918,-0.27602966709625404,-0.011912091699369187,0.0,10.685058846160238,2.3901522568364753,0.223691070985107,0.0,47.64746752384963,6.208191073483203,0.1302942505889895,0.0,32.46339721369441,-16.12714388932737,-0.4967793044938708,0.0,3.4211342316775615,-1.0493990927576975,-0.3067401106454458,0.0,1.8701910012168719,-0.7606753651330551,-0.4067367261622522,0.0,
2022-12-15,97.0,10.126578483366753,-1.220751931285214,-0.12054929839237806,0.0,6.542642811196853,-1.8019468637474079,-0.27541574800073426,0.0,22.56439222859626,-3.7756281153929594,-0.16732682525381906,0.0,3.7567299762958974,-2.296177520933885,-0.6112170785289965,0.0,1.5160002952907188,0.5897212315916095,0.38899809810295616,0.0,1.2082135764430815,0.6522551361419878,0.5398508582085242,0.0,
2022-12-16,123.0,22.253761515865335,-7.810952362153829,-0.3509947006749929,0.0,10.611139253262078,-5.944007937408454,-0.5601668016543225,0.0,29.63730535894865,-8.714431570550902,-0.29403589378342987,0.0,29.125409526248404,-14.653255848988426,-0.5031090064427289,0.0,4.759304338564101,-4.296922307517609,-0.9028467191518174,0.0,0.6313028386211903,-0.14218967875759925,-0.2252321232518952,0.0,
2022-12-17,161.0,11.544278919798668,-5.799383502564189,-0.5023599605357881,0.0,6.258291350372012,-2.7284034330689884,-0.43596618954258237,0.0,32.71725835613324,-5.2235546424571195,-0.1596574684100296,0.0,21.70903328683198,-15.77037878167305,-0.7264431618536819,0.0,4.215086199357751,-3.5694624948182887,-0.8468302487769205,0.0,2.5370889207333622,-0.023359693954172756,-0.009207282316072896,0.0,
2022-12-18,215.0,10.538415738425094,-5.8198591806818865,-0.5522518113858005,0.0,6.500413142268364,-5.118754873312275,-0.7874506990991114,0.0,38.029434613126796,6.023506473935869,0.1583906396509168,0.0,14.070842627137605,-9.991685175996171,-0.7100985662881195,0.0,2.516939344088307,-1.2711882253216151,-0.5050531822736748,0.0,6.388971508487879,0.6778947410257188,0.10610389170230636,0.0,
2022-12-19,163.0,9.705651716030836,0.26476813835833346,0.027279789766308595,0.0,4.73625950570567,2.143451747905164,0.45256214219744373,0.0,46.487616938582505,16.04229375471877,0.3450874622356568,0.0,13.41919705303007,-2.536163366090817,-0.1889951653640967,0.0,2.874709948824596,1.5567168936956324,0.541521378298405,0.0,1.5510977730154918,-0.4954292218772365,-0.3194055400608768,0.0,
2022-12-20,162.0,19.24534697017225,2.8175955352024387,0.14640398739338606,0.0,8.25005720733315,0.9925734010002005,0.12031109313011082,0.0,33.35224647879659,8.623181711692895,0.25854875224596974,0.0,12.994866268069012,-6.260359843118222,-0.4817563885594713,0.0,2.433499790924536,-0.8002233171880073,-0.32883640268733544,0.0,0.7169079727682334,0.030731187780372933,0.04286629378901873,0.0,
2022-12-21,171.0,28.054598820926913,10.312372536514488,0.3675822492539842,0.0,6.193850336188909,-0.27349207707642054,-0.04415542227077784,0.0,28.28690249875217,2.1877768834912477,0.07734239843290576,0.0,29.59727961200406,4.185274628416324,0.1414074091700935,0.0,4.834917168533133,1.0500379989785888,0.21717807407591228,0.0,0.9197426564132845,-0.2858188800324278,-0.3107596217696743,0.0,
2022-12-22,122.0,20.68199139967328,5.028628938198083,0.24314046171963508,0.0,11.74660872359527,-3.037300357666112,-0.2585682752474017,0.0,15.933294881368052,-1.8287310252071498,-0.11477419070085852,0.0,23.335411363201274,4.137180551635582,0.17729194858590325,0.0,2.241671010146088,0.3996639408025417,0.17828840137273125,0.0,1.4509281171049175,-0.617789709256835,-0.42578932889489396,0.0,
2022-12-23,153.0,46.52377203144715,23.990446631893303,0.5156599644516628,0.0,6.8094733806356045,3.8064160278165953,0.5589883115838393,0.0,17.3537995639781,0.5268100038403648,0.030357040940698837,0.0,7.314563942498347,-0.0013193624780156732,-0.0001803747275145201,0.0,2.1091629420334295,1.3806995181993333,0.654619655353991,0.0,0.8832603399059675,0.20910179914333882,0.236738580570254,0.0,
2022-12-24,133.0,18.76374542991107,0.883463966221878,0.04708356172928878,0.0,5.546599546563808,0.5771127722003536,0.10404803291737234,0.0,18.39301703858655,-0.4611287588220622,-0.025070860199534653,0.0,11.517529389922853,-2.575849502512659,-0.22364601081603253,0.0,0.5521762014395751,-0.16928581354735625,,1.0,3.2126050453589374,-0.06755957866686135,-0.02102953139678988,0.0,
2022-12-25,91.0,6.868234010333252,-0.3923426557857671,,1.0,2.8275844583695267,1.1136752897127438,0.3938610167474621,0.0,13.248305833316408,-2.435198156252067,-0.1838120426030708,0.0,6.993743293001897,-0.22161455978681854,-0.03168754563933899,0.0,1.6057417118354325,-0.7242207157959117,-0.4510194326135403,0.0,1.0530711795217917,0.31975010336250437,0.30363579364854093,0.0,
2022-12-26,182.0,8.298159770529306,1.4529343713243201,0.1750911541236381,0.0,5.027546873636307,2.4019927059529245,0.4777663473509535,0.0,23.808324659330538,3.81823507810504,0.1603739504034638,0.0,8.27333268438087,-0.1974378299399987,-0.023864364878344528,0.0,3.4397731062926997,-0.10237111148433625,-0.029761006996961274,0.0,1.364265559990594,0.589502914374367,0.43210276038811046,0.0,
2022-12-27,145.0,28.702085111792258,16.25823945112375,0.5664480259116802,0.0,2.445595074139414,0.5126719872139188,0.20963077356308632,0.0,23.583317119264393,8.940682962771884,0.3791104922839099,0.0,5.073397331478185,-0.004877893465946581,-0.0009614649015722484,0.0,1.1319184046733364,0.6845732710058547,0.604790299529954,0.0,2.363037551738665,1.737184721072518,0.7351490118277385,0.0,
2022-12-28,158.0,24.968037674327206,0.0265412581341814,0.0010630093754412995,0.0,3.8224946309055605,-0.5658405514595717,-0.14802912916728475,0.0,25.36707245912112,-8.60050292727707,-0.3390419978945827,0.0,10.685093592917832,-3.9041907339943567,-0.3653866669527431,0.0,2.9723267944791525,-0.1405650594807805,-0.04729125335137048,0.0,3.336642164220388,-0.5253789325861797,-0.1574573798233277,0.0,
2022-12-29,152.0,18.01819312271982,-3.6376431266098845,-0.20188723152395582,0.0,6.084613195031119,-1.639070803058994,-0.2693796220929063,0.0,37.973850794835016,-11.759364932613387,-0.30967006733519975,0.0,21.837059715951906,-6.741947450354735,-0.30873879258706993,0.0,1.0879213845255364,-0.5816790746198737,-0.5346701359984345,0.0,0.6993894943079744,-0.11689562700265915,-0.167139523761826,0.0,
2022-12-30,156.0,11.901819458886164,-2.097770007252815,-0.17625624506399087,0.0,5.218257504740899,-2.473580978658936,-0.4740243225658439,0.0,27.716508159290242,-6.555881815772362,-0.23653346872177722,0.0,6.841789007608891,-3.260409259906819,-0.47654338014236514,0.0,0.8921495716494916,-0.621107866947827,,1.0,1.6783445452965629,-0.6958943044864472,-0.4146313737764035,0.0,
2022-12-31,154.0,5.370665862028541,-0.6624930681864017,,1.0,3.218775280271071,0.023847310909863362,0.007408815103070831,0.0,29.804620938637527,-2.50587549900306,-0.08407674448073729,0.0,3.8398434534974464,-0.15700049187830728,-0.04088721162194944,0.0,0.6945008482434734,0.06459097913995626,,1.0,1.0598239533792317,0.048524175340402126,0.045785127978739834,0.0,
2023-01-01,180.0,3.003968320255803,-0.9967036406728204,,1.0,3.7813756226169017,2.1490105311007617,0.568314482763164,0.0,40.49869506043615,-2.1732903886583794,-0.05366322014611041,0.0,2.4576781013165556,-0.9603389561675404,,1.0,0.20525902970984536,-0.05305262037522786,,1.0,1.6817982172287826,-0.16278034908666916,-0.09678946464510696,0.0,
2023-01-02,180.0,9.916431134799492,2.4217761783393805,0.24421852432784008,0.0,12.075991240286381,3.1874942499089323,0.2639530111015004,0.0,36.84279749325651,-0.3302364779767544,-0.008963393130969463,0.0,4.249598203830823,1.009013099974525,0.2374372944399649,0.0,2.928604199056275,0.5421352908270499,0.18511729615143957,0.0,2.3575778349841077,0.3192527351045698,0.1354155652327474,0.0,
2023-01-03,181.0,13.283103176654542,-3.1729209632566935,-0.23886895411858267,0.0,6.302656938758439,2.0986491986853193,0.33297849130572105,0.0,52.0598700792616,-22.730644941581595,-0.43662508006597006,0.0,5.739731679204845,-1.8086554062160134,-0.3151114907982207,0.0,1.103688152106763,-0.8673523805105073,-0.7858672568468469,0.0,3.0680181058996765,0.47164770739373085,0.15373041850267152,0.0,
2023-01-04,142.0,19.38013553042401,-14.148779381309966,-0.7300660699249718,0.0,2.0353409585659334,0.8708665596426,0.4278725664992256,0.0,49.524186108785216,-30.695241922866916,-0.6198030565397179,0.0,9.418168671531017,-5.0777528217078975,-0.5391443919513557,0.0,2.2407838088547516,-1.866782627984457,-0.8330935901123617,0.0,0.388297005920317,0.10577194241811638,,1.0,
2023-01-05,176.0,27.19771613699413,-2.115963296145835,-0.07779930070185993,0.0,6.861244748128222,2.4470993843917768,0.3566553117143003,0.0,34.35592255942174,-7.468752712557754,-0.21739345522274525,0.0,20.328905618109275,-2.8706980334820638,-0.14121262046318941,0.0,6.146592415476327,-3.2390660574366206,-0.5269693902724166,0.0,1.7898874133388676,-1.0685629930972254,-0.5970001158362922,0.0,
2023-01-06,180.0,11.729723652322713,2.7840783013072006,0.23735242055390615,0.0,7.256430047695169,-0.16189038757372676,-0.022309921891295204,0.0,36.464306281515746,3.0467409599982878,0.08355406343059164,0.0,12.3447987766558,-4.698530551725893,-0.38060811170214337,0.0,5.554081097878218,-4.31734803507831,-0.7773289512692987,0.0,2.2919383129046693,-0.4278111929785094,-0.1866591219186551,0.0,
2023-01-07,141.0,6.031820121737834,-0.8969342162830024,,1.0,1.6388402191514564,-0.3875046413090675,-0.23645053177283265,0.0,31.047455979467486,1.1510947728592118,0.03707533311651884,0.0,8.29556190264702,-3.964351077428011,-0.4778881917767417,0.0,2.8354931059802717,1.4711399854199847,0.5188303869676981,0.0,1.3953334479010617,0.4384557965240699,0.314230119820907,0.0,
2023-01-08,179.0,5.870682870387094,-2.4734560235129135,,1.0,4.08297384991601,2.716714303298977,0.6653763661393183,0.0,35.8365649436455,0.16467621703421442,0.00459520094331515,0.0,5.536837459105295,-3.7639293768801028,-0.6797977012473689,0.0,2.824026172296721,-0.9776566297923247,-0.3461924819900721,0.0,3.945573632452573,0.312571231507911,0.0792207320469182,0.0,
2023-01-09,74.0,5.272704858856738,3.687401925290175,,1.0,41.575172245371505,32.28864670890938,0.7766329028860253,0.0,13.480899576708907,10.63829900179517,0.7891386580888913,0.0,1.905904699080562,-0.6862584652952379,,1.0,0.27849149082612407,0.004400089510516157,,1.0,1.2891981916618498,0.5356029599491898,0.41545432146376743,0.0,
2023-01-10,183.0,13.440731843598762,-5.575699444499597,-0.41483600070148424,0.0,15.471536267148618,6.233013587444241,0.40286972669152893,0.0,44.677227192005375,-5.56094959010299,-0.12446944315062769,0.0,11.251545056875322,-5.566121560087911,-0.49469841981272605,0.0,0.3692800367061782,-0.04310398285313463,,1.0,5.435385634562401,-2.0538037368928923,-0.3778579616933183,0.0,
2023-01-11,193.0,22.925980535132105,-7.632800902681792,-0.3329323642661729,0.0,6.015041129634475,-1.9205407761709268,-0.3192897163593685,0.0,50.32128514214128,1.9714707074974722,0.03917767008391594,0.0,46.827357675661915,-20.277437537880967,-0.4330254480367569,0.0,1.5978814175832587,-0.36762443309848347,-0.23006990947707678,0.0,3.875623081032237,-1.684367409301807,-0.4346055780153913,0.0,
2023-01-12,144.0,14.580755319388114,-2.5734641917560364,-0.1764973168663002,0.0,3.727577456011198,0.9884621934853528,0.2651754940440823,0.0,43.1994569235103,16.60645987666641,0.38441362598770845,0.0,15.174295158518357,-7.617427066732052,-0.5019954460590464,0.0,2.478253555666009,0.14301528497734511,0.05770809231782218,0.0,0.7028254895849326,0.05004503128812626,0.0712054870373033,0.0,
2023-01-13,151.0,12.712897365963723,-0.8907051187525519,-0.07006310938505955,0.0,8.748267726849004,3.413504216598782,0.3901920155143989,0.0,35.43317557047703,21.571194760957987,0.6087852531888542,0.0,5.3480020155475305,-0.20568295856143975,-0.03845977581225385,0.0,0.6853937576452092,-0.21444474288994286,,1.0,0.4706592995862528,-0.01982350630044677,,1.0,
2023-01-14,184.0,7.8583234807519995,-2.575076592707521,-0.3276877821350643,0.0,8.614836829146947,-3.23295325959488,-0.3752773643554908,0.0,41.051508199365344,-0.6287657018791588,-0.015316506736502302,0.0,6.425833600645995,-1.302684350831505,-0.20272612579020796,0.0,3.4825369143218206,-0.8635787489664377,-0.24797404025065692,0.0,1.9381753339912324,0.18126209720571912,0.09352203282478626,0.0,
2023-01-15,180.0,9.068876595658361,-2.8961955709385103,-0.3193554946292947,0.0,6.7148679918464,-0.4038306117024538,-0.0601397692691516,0.0,28.171220321513825,0.04597680008763394,0.0016320485787590228,0.0,5.5629257135296895,0.06285154399231627,0.011298289286778344,0.0,2.0437490202457353,-0.5068295890182403,-0.24799013185939062,0.0,2.583372999048146,-0.35362268038495676,-0.13688409707589666,0.0,
2023-01-16,167.0,16.75133092163014,-4.202451249591869,-0.250872678072729,0.0,20.97663087253022,3.555193328250267,0.1694835243016047,0.0,26.69782675433089,-2.9524929203212062,-0.11058926059748501,0.0,7.935594054375537,-3.2613838594146403,-0.41098169047802724,0.0,1.8193591497765673,-0.4769359272419,-0.26214501259988815,0.0,2.0837762024093474,-0.49133962922847996,-0.23579289784592652,0.0,
2023-01-17,174.0,17.149843468258037,-4.354887939020326,-0.253931643579174,0.0,11.936882602982216,1.3169659213000946,0.1103274586089231,0.0,55.24392664748302,5.902115459602534,0.1068373632682651,0.0,4.407836702499473,-1.253847526964559,-0.2844587065245775,0.0,5.64541629210725,2.3265795299520695,0.41211832920183694,0.0,1.3954460116365155,-0.37697738686942983,-0.2701483136759465,0.0,
2023-01-18,137.0,16.131579275315744,-2.6394110259125885,-0.163617645914642,0.0,6.40566291406139,0.7310471360960118,0.11412513363624767,0.0,52.45437345339451,26.47438771333473,0.5047126859089665,0.0,8.450981106630927,-0.7156311529834157,-0.08468024528204272,0.0,3.0952729294876855,-1.0650073981167834,-0.3440754409637984,0.0,1.0969037126415002,-0.763954598636257,-0.6964645937760076,0.0,
2023-01-19,155.0,21.394383729326357,-10.120041738021477,-0.47302328807674077,0.0,5.101332005840954,-0.2619714431932254,-0.05135353725130452,0.0,37.29275358200539,-0.8463939578785933,-0.022695936249850904,0.0,30.25349759931123,-16.29561471682878,-0.538635728425654,0.0,1.2721154696191597,-0.8629490188637519,-0.6783574600520327,0.0,1.5986696512700231,-1.082736446390931,-0.6772734101324674,0.0,
2023-01-20,129.0,8.97181859573174,1.7875215315276696,0.19923736892964672,0.0,3.0248792098500363,1.3509862034771465,0.44662484342444997,0.0,35.06689429979451,23.948545481415252,0.682938878951581,0.0,9.550668344971196,-2.9016790240494323,-0.3038194730714611,0.0,2.8850879334786383,-1.798951220965868,-0.6235342777912554,0.0,2.9867199111322353,0.4513201256215833,0.15110895532567445,0.0,
2023-01-21,160.0,11.662977191102978,2.0564969322307336,0.17632692738175962,0.0,16.729403677964,3.4951564481231148,0.2089229547809251,0.0,31.666972538158007,6.064048606449701,0.1914944221189018,0.0,6.011656617345575,-0.730278131151964,-0.12147702000225284,0.0,1.3027471597597418,-0.2294047057174653,-0.17609303846785826,0.0,3.1540038704479185,-1.539812992441553,-0.4882089736379667,0.0,
2023-01-22,187.0,9.85643446356698,-1.7403989502375552,-0.17657490207749182,0.0,10.4159033128526,0.27061877984356175,0.02598130682622931,0.0,26.247093441415927,-0.8416774394671607,-0.03206745315803453,0.0,7.142809376950022,-3.085275994139633,-0.4319415276705936,0.0,2.1753728223266022,-1.8047891193805146,-0.8296458891355729,0.0,1.1663957582932136,-0.08474550695288485,-0.07265587717576487,0.0,
2023-01-23,179.0,12.47783927236014,0.6217779956058278,0.04983058220529721,0.0,9.265098399147966,-0.7206844253306015,-0.07778486469143996,0.0,38.420224947156385,9.615806213457326,0.25027979994086486,0.0,9.024164026428473,-4.646947059388029,-0.5149448797449627,0.0,1.9608886760324755,-0.08833083831716865,-0.045046329960908876,0.0,2.524971567843744,1.3894312084676792,0.5502759817823276,0.0,
2023-01-24,162.0,9.131250969883691,-3.269389467159864,-0.3580439830142471,0.0,6.432378802688611,0.715727470061575,0.11126948396795516,0.0,40.63142148707993,-5.968241720880686,-0.14688734733975478,0.0,18.344476960563043,-11.988935312184347,-0.6535446793036488,0.0,2.90897669707919,-0.4090719032077029,-0.14062398767870463,0.0,1.2585941596043926,-0.27512250789101517,-0.2185950934155717,0.0,
2023-01-25,161.0,12.718037045691737,-8.549041834179373,-0.6721982176546167,0.0,1.1793523946034776,-0.6888725709442098,,1.0,33.52434883257956,2.6241214681955354,0.07827509137613337,0.0,31.210650911787525,-16.336134531383003,-0.5234153743718697,0.0,5.678905710861721,0.2469329976700504,0.04348249649536453,0.0,1.18105206634936,-0.20136652181434697,-0.17049758224188394,0.0,
2023-01-26,142.0,14.829345656806252,-0.19012469183885639,-0.0128208416095281,0.0,5.792060144725833,-0.1677404969943459,-0.028960420438155842,0.0,32.0985249329824,12.281878316656629,0.38263061440672475,0.0,21.43929676964035,-2.4217775972391236,-0.11295974971849553,0.0,1.5301733920932692,-0.3884923871131512,-0.25388782024349255,0.0,1.7989301910492892,0.03473651605475814,0.019309540874677768,0.0,
2023-01-27,144.0,10.316672457352976,0.9474608035727198,0.09183782925059703,0.0,4.8105924466872185,1.0581926772477532,0.21997138376926326,0.0,35.33219624976482,16.774233692633686,0.47475774146775096,0.0,13.390971139640893,-8.530550788165758,-0.6370375008062726,0.0,6.025605394468579,-1.654551897741376,-0.2745868322642288,0.0,1.6898074414202653,0.26724778364013824,0.15815280314751087,0.0,
2023-01-28,178.0,9.48999550592998,-0.7316628658297639,-0.07709833638725881,0.0,4.85661324235843,0.31450291232117983,0.0647576606632266,0.0,24.658562008829904,0.014698468346054039,0.0005960797041121341,0.0,10.865525109278671,-7.053089140361565,-0.6491254743259985,0.0,0.7197793016457522,-0.1478393668556115,,1.0,1.2264397821709228,-0.22348294314771489,-0.18222088552291366,0.0,
2023-01-29,170.0,6.756364033382847,-3.802357025357161,,1.0,9.390790649180413,0.24139409453779548,0.02570540687741381,0.0,25.507602640805995,-7.009308833053588,-0.27479292867140676,0.0,6.08802860393916,-2.4692529904313156,-0.40559155534085795,0.0,0.29586714432661654,-0.17962021569245157,,1.0,2.964501373353409,-0.9244366975227962,-0.31183547622279706,0.0,
2023-01-30,145.0,19.391518136042574,-0.3103652409896158,-0.016005205926231583,0.0,10.476835148750975,3.840057629713945,0.3665284005324593,0.0,27.833606596279424,2.299935475972901,0.082631601047359,0.0,3.266529135275044,0.1329991620650932,,1.0,11.069459924256076,-0.9411686591189673,-0.08502390049370169,0.0,3.087409446852684,-0.1326526043826114,-0.04296566641584838,0.0,
2023-01-31,161.0,15.177507582113318,-2.6492296575210577,-0.1745497172831706,0.0,8.90225626037863,5.4318915178575455,0.6101702039328305,0.0,31.17869052705646,-6.501846223540603,-0.20853493567660855,0.0,8.266357715234328,-0.22167856054553847,-0.02681695713905535,0.0,8.446885678320534,1.2514073287845116,0.14815014390408143,0.0,4.338652537073351,1.514847475751522,0.3491516001355956,0.0,
2023-02-01,178.0,11.71268274222529,-6.392995967917072,-0.5458182475027465,0.0,12.46747482857608,3.768760731204697,0.30228741449443375,0.0,25.2752394689669,-0.9249662501059186,-0.03659574625362493,0.0,20.36879203702119,-15.264872750005212,-0.7494245472318939,0.0,16.29033268222701,-0.039009006864831774,-0.0023946108177024016,0.0,2.2457608851254847,-0.4010545026545724,-0.17858290493476245,0.0,
2023-02-02,169.0,14.67533941534202,0.6444947801742003,0.043916856839469554,0.0,7.084835649591691,3.259416244238533,0.4600553076240206,0.0,26.791576764706406,1.4270587809360133,0.05326520321924217,0.0,12.188954426266715,-5.7523689337892865,-0.47193292653495844,0.0,17.050582145908262,5.430957370139848,0.31852034866992207,0.0,1.4942936044753807,-0.1500544431094056,-0.10041831314809581,0.0,
2023-02-03,141.0,11.25181180790241,-2.2872259054127935,-0.20327623181596596,0.0,5.567969460091257,-0.3683107976308554,-0.0661481353787488,0.0,24.36601060211251,-6.834170425264502,-0.2804796622994158,0.0,9.643572829292676,-5.791193683722756,-0.6005236634011629,0.0,0.9232965857809119,0.1475126822305891,,1.0,3.737903647597699,0.836771099484392,0.22386106715783688,0.0,
2023-02-04,144.0,8.238362849529944,-2.5466566835774604,-0.309121694454471,0.0,3.343117905402319,-0.2679919423807783,-0.08016227664232724,0.0,14.608635570752082,-5.243419617323249,-0.3589260332991733,0.0,5.659824368834957,-0.9080996229448812,-0.16044660819250978,0.0,2.9130580757118825,0.1347301510279596,0.04625041709648536,0.0,5.333011818016526,-0.6238468435217854,-0.11697833509654756,0.0,
2023-02-05,54.0,6.040872876983483,-2.7501220613390256,,1.0,3.814399477618279,-0.9356593320194729,-0.24529662860684456,0.0,7.328648640919708,0.6362329486567083,,1.0,1.729433668762793,-0.8078553844626849,,1.0,2.287984771413901,-1.5706878480668938,-0.686494013286749,0.0,1.1493521954616859,0.3804496282359872,0.3310122256156335,0.0,
2023-02-06,160.0,19.34901299318153,3.4243046432656485,0.17697567542449594,0.0,4.589893604323144,-0.9439184240075666,-0.20565148244798215,0.0,35.23658560261538,10.921928850848753,0.30995990854568184,0.0,5.5151893038346245,-0.7112993587569179,-0.12897097807002972,0.0,3.5658064687449875,0.6748527098156613,0.18925668449224076,0.0,1.1505548267959893,-0.030371950259956648,-0.02639765576798719,0.0,
2023-02-07,163.0,23.245656248189334,14.745296191025973,0.634324797441437,0.0,13.03122054311097,5.695744099742347,0.4370844680971526,0.0,31.904617198022606,15.288894861630471,0.479206340785623,0.0,12.403007775967122,3.460860685011684,0.27903398494336784,0.0,2.6876579122108457,-0.7662124941078978,-0.28508557232182036,0.0,3.2557775793975385,1.0999982620778976,0.3378603836572416,0.0,
2023-02-08,145.0,11.183512912088183,-3.0243993625224452,-0.27043375246192924,0.0,9.388607774242693,-1.0019126834821404,-0.10671578870627141,0.0,21.563830190207224,4.801571339708739,0.22266783300349285,0.0,15.587164562050019,-1.8822733580328257,-0.12075790632348785,0.0,0.46408519518444613,-0.28899403625629305,,1.0,2.792748522508185,-1.4154797070290732,-0.5068410906392037,0.0,
2023-02-09,160.0,10.513340402845639,1.6357162404780685,0.155584826306521,0.0,4.9001301049793184,1.6637310324705585,0.33952793024412575,0.0,23.688321087385702,7.249571196788696,0.30603989071429694,0.0,25.75917486338585,-3.59604574215322,-0.13960252070281365,0.0,1.2132514390905205,-0.35276648860273807,-0.2907612364895932,0.0,2.351418808044394,0.1228380049930624,0.05223995171460892,0.0,
2023-02-10,130.0,57.07267322705593,44.637609063021564,0.7821187713678114,0.0,4.162671114136169,1.2636464404757015,0.3035662452852539,0.0,12.281785930230395,-5.185589170405599,-0.4222178435500807,0.0,3.7871939387114204,-0.4886357252802336,-0.129023158884356,0.0,3.0492014425471954,0.19567634344510454,0.06417298008413751,0.0,2.8307195669985905,1.5201700127960323,0.5370260023347587,0.0,
2023-02-11,184.0,22.20995537943963,12.36123025822363,0.5565625885798385,0.0,5.4770526851643755,2.273491431383952,0.4150939496240615,0.0,24.070964295977316,1.7314188270988273,0.07192976591254294,0.0,4.26138108359009,-0.8121735269487357,-0.19058927399764564,0.0,0.8558543996114106,-0.18854162269364824,,1.0,3.522161347857031,2.113472151551785,0.6000497827385657,0.0,
2023-02-12,216.0,11.534897487195844,5.289872399746032,0.45859726153769315,0.0,9.782604780804824,0.2390692550415453,0.02443820029514438,0.0,31.278781506778614,5.492520179574731,0.17559891770030792,0.0,8.291740000517159,-1.6033613331802496,-0.19336850083097726,0.0,3.6406284554177475,1.219600045188572,0.3349971193499964,0.0,8.293028636056981,2.078102762133142,0.25058429837054086,0.0,
2023-02-13,139.0,22.62476786261686,-3.154086968228815,-0.13940858917895665,0.0,12.597656627767716,3.2673115971257323,0.2593586802424773,0.0,42.59287105867406,-18.430245634555213,-0.43270728590158947,0.0,9.648672670940861,-4.92062492274659,-0.5099794645916588,0.0,4.1622192916474825,1.252037374160719,0.3008100454181355,0.0,1.8505426377014305,-0.1987284160839335,-0.10738926628071385,0.0,
2023-02-14,195.0,36.83101298866677,-13.43798701026496,-0.3648552108626485,0.0,21.23901834902062,10.249723318117491,0.48258931508433534,0.0,35.78570085315732,4.816161085532318,0.13458339422483032,0.0,40.42051754472777,-32.77620830190621,-0.8108804709300749,0.0,9.518422323191764,0.19546053010513348,0.02053497139214881,0.0,1.1163775497916424,-0.19405357391617592,-0.1738243248911567,0.0,
2023-02-15,161.0,28.179556215560297,-18.742565397089866,-0.6651121562638564,0.0,6.52556809157249,-1.0488979787003845,-0.16073665372597892,0.0,48.92882835708588,-1.0713397724521054,-0.02189588037206605,0.0,38.423840139490494,-32.416606023153676,-0.8436586740281895,0.0,5.5330917980900205,1.3531085661706235,0.24454836744940792,0.0,1.0927025212295056,-0.18020999083659728,-0.1649213645392028,0.0,
2023-02-16,166.0,10.5417890491517,-1.2830092941314637,-0.1217069785924722,0.0,9.119499441156217,3.403502891342418,0.3732115905377921,0.0,30.11867683098535,3.436311141824305,0.11409236737415746,0.0,21.81102216158615,-4.331306955799953,-0.19858340080128412,0.0,1.5940753167014865,0.43602292009325105,0.27352717624126077,0.0,1.6769673371090836,-0.6206046221126171,-0.3700755574538945,0.0,
2023-02-17,141.0,13.26994277646008,-8.221246407085374,-0.6195389494572102,0.0,5.73858418664167,-1.4693709022951251,-0.2560511189703447,0.0,32.47008892260055,-17.534011968241337,-0.5400050492635677,0.0,11.071737011392536,-5.899917868168795,-0.5328809618669528,0.0,3.3694502254438636,-1.5332022676324093,-0.4550303951827743,0.0,2.195369788329112,-1.2363982180428725,-0.5631844915675417,0.0,
2023-02-18,175.0,6.114533069528985,-3.1180306749093982,,1.0,7.0692161796177935,3.0659110012308313,0.4336988604296147,0.0,24.132444886126905,-6.28811343182778,-0.26056677893596464,0.0,4.216899317325437,-2.3895236950570613,-0.5666541966604538,0.0,1.2140361550773326,0.8477744834473113,0.6983107380301282,0.0,3.903354765905528,-0.3632347215842962,-0.09305706075118449,0.0,
2023-02-19,182.0,3.4155216006620273,-0.9799554245497271,,1.0,2.665110334179184,-0.7151183233981163,-0.2683259729351365,0.0,31.021123200254806,5.213222623608852,0.16805396084323698,0.0,6.119593519360929,-2.2294283277175024,-0.36430987134425263,0.0,0.45142909558489375,-0.03116418767364513,,1.0,1.7316281759631194,0.23705437958163894,0.13689681357245817,0.0,
2023-02-20,155.0,19.3399133294879,0.4243355311464838,0.021940922067085592,0.0,10.807107550906942,3.040141873244205,0.2813094862731401,0.0,29.356525930292264,16.758581333755338,0.5708639153539138,0.0,9.14201009082171,-2.5225551144025147,-0.27593002953858914,0.0,5.631793300213753,-0.05324821051352424,-0.009454929837624408,0.0,1.1073304910023518,-0.029673250657429116,-0.02679710429590807,0.0,
2023-02-21,153.0,13.792361800988143,-6.562503890014435,-0.47580711590267805,0.0,2.7779060038155823,-2.1867985709444913,-0.7872111467921601,0.0,33.1249862001132,-10.480289301832949,-0.3163862239374196,0.0,3.6423668280185613,-1.0933342722043569,-0.30017137861952475,0.0,3.4395640897637296,-0.46512991765135125,-0.13522932136534252,0.0,0.851112435535464,-0.17912204763212924,-0.21045638643434628,0.0,
2023-02-22,161.0,13.350219336563892,-4.799351778766262,-0.35949609948517364,0.0,2.801403097895666,-1.2924892972388147,-0.4613721239223644,0.0,30.835956298549718,-14.592215694674701,-0.4732207930701019,0.0,11.36260741466685,0.1634885189842301,0.014388292494660967,0.0,1.5016981739463446,0.17342225208738668,0.11548409333924049,0.0,2.0183973139137317,-0.5894961967378176,-0.2920615245938706,0.0,
2023-02-23,160.0,15.800853935666963,-5.254548338168208,-0.3325483774207429,0.0,6.072695378155907,-1.1300408655756717,-0.186085551012577,0.0,21.423641294793924,-3.331110575430949,-0.15548760033806341,0.0,23.882448507094523,-1.3527884476678755,-0.0566436245959461,0.0,0.8291451892291595,-0.3380840283072864,,1.0,1.231821143592236,0.013824010179675772,0.011222416705206247,0.0,
2023-02-24,154.0,29.173851429768547,2.8431564047044136,0.09745564145169056,0.0,6.485407773732726,1.461871416773597,0.22540932934001245,0.0,19.607754728334836,-5.2533483386339626,-0.26792197329164047,0.0,17.593336773497864,-1.3619270650023707,-0.07741152701936233,0.0,0.61482469937618,-0.36099562581815,,1.0,3.828294335529785,1.1352100186480316,0.2965315409821888,0.0,
2023-02-25,93.0,13.726351888908539,6.623734298103268,0.4825560609046836,0.0,10.750709539832314,5.582515301502904,0.5192694752675812,0.0,19.649226553738117,2.609969278903973,0.1328280923305577,0.0,6.222739001052103,-2.3226698965748933,-0.3732552331348286,0.0,1.327670940925597,0.059333204168931175,0.044689691052186876,0.0,2.2140039429796134,0.6885575610845299,0.31100105456807225,0.0,
2023-02-26,162.0,6.376665787625821,3.671485065085032,,1.0,8.904289700338264,2.844575980119065,0.31946130189486116,0.0,27.574826005162322,10.060512126163246,0.3648440836681908,0.0,6.600407401987464,-1.123939487343788,-0.17028335054065843,0.0,0.46257727184274156,-0.2303404865004364,,1.0,5.711526238985238,1.9556476302212698,0.3424036848281604,0.0,
2023-02-27,149.0,20.76651430391211,0.8019116312353276,0.03861561066530357,0.0,11.80148050951538,0.390158945996139,0.03306016950005204,0.0,22.149137912696457,-10.982153642369635,-0.49582758866991306,0.0,4.9530496259248995,-1.1079540083942108,-0.22369127952908785,0.0,1.3363204826382509,-0.7252234581711052,-0.5427017452724529,0.0,2.0104454761749304,-0.41209206484437644,-0.20497549907616594,0.0,
2023-02-28,167.0,11.679831546593046,-2.8571936472081676,-0.24462627186105249,0.0,7.660913999730832,-0.34003261021164144,-0.0443853840708287,0.0,31.61650030891178,6.547998387975947,0.2071069955244305,0.0,11.09484590067586,-2.693967418562445,-0.2428125133669804,0.0,0.5974424517844392,-0.03210766669210918,,1.0,1.3703651206087608,0.16985208397214152,0.12394659015889699,0.0,
2023-03-01,189.0,15.813745226179883,-2.290833975401832,-0.14486346799171415,0.0,6.419056700615322,-0.8908396936085573,-0.13878046809014208,0.0,44.822479882859625,23.2974448255691,0.5197714380475004,0.0,16.231477965498918,0.13616510368158585,0.008388952871144193,0.0,3.1422466587173323,1.2401870729578286,0.39468164267666817,0.0,3.1547473464379374,1.0055275196792792,0.3187347223905687,0.0,
2023-03-02,156.0,13.156186933352725,-5.4228801038046495,-0.41219238760258947,0.0,7.7408744037238595,2.703258718007792,0.34921878033666975,0.0,42.335711665888084,13.942525250300507,0.3293324879084215,0.0,13.681450501659125,-3.17360516204522,-0.231964086093091,0.0,3.5799955019319833,-1.4959541761181128,-0.4178648200286299,0.0,3.6840230860398098,0.44226672844391407,0.12004993402995599,0.0,
2023-03-03,157.0,13.107740374642155,-0.732787119940877,-0.055904915644995924,0.0,6.224542792588177,1.8351565311715468,0.2948259161069218,0.0,24.38070531465928,5.301104082709837,0.21743030048939826,0.0,7.155735223292136,-2.263445990102224,-0.31631214955168246,0.0,10.921011687845747,-2.799255696612273,-0.2563183500414738,0.0,2.6899599423268175,-1.1418948458272793,-0.42450254662139664,0.0,
2023-03-04,181.0,8.42394299637817,2.6479789808173386,0.3143396129289839,0.0,5.588327541896428,-1.1449554948404541,-0.20488339064891453,0.0,24.169234159613552,2.2523702620500554,0.09319162730500308,0.0,4.0041728281794295,0.6444237079746838,0.16093803530145898,0.0,3.2757859153425617,2.3077193947064414,0.7044780868914367,0.0,3.7213855208174165,0.13740817608698944,0.03692392935865651,0.0,
2023-03-05,150.0,6.211362823123633,-1.3270158973897812,,1.0,23.212547391070984,13.77217888515878,0.5933075182630078,0.0,19.920847430315916,3.3095203141530343,0.1661335104206734,0.0,3.979403752869981,-2.048623771963188,-0.5148067145701671,0.0,0.5759602186299118,-0.3214591890622646,,1.0,3.282746663302528,-1.6858583611191744,-0.5135511612775984,0.0,
2023-03-06,142.0,18.809668354791935,-2.1130957144933866,-0.11234093417468768,0.0,24.069155490549747,8.229278417537367,0.3419014190493066,0.0,34.81058147708245,0.8667489806603874,0.024899008976078486,0.0,5.662345216383979,-0.349713418084731,-0.061761232266947665,0.0,2.674096716058552,0.10798386295725682,0.04038143508751551,0.0,0.9749486302243849,-0.032037625836049424,-0.03286083475872564,0.0,
2023-03-07,155.0,11.449153391258728,-1.0155231616648965,-0.08869853752158081,0.0,5.885503321464053,3.532142212624107,0.600142760899074,0.0,22.790185402118368,1.85404855650039,0.08135293872282646,0.0,7.885302208596836,1.0421844392070723,0.13216797677974165,0.0,5.523441706020089,-3.7312665145406907,-0.6755328856777691,0.0,2.679613668231462,-0.05320008644059851,-0.019853640497255125,0.0,
2023-03-08,145.0,20.796601442940297,-0.9773354625774118,-0.04699496046308,0.0,6.993368228781032,0.2890279593064511,0.04132886326748301,0.0,21.878706004041305,-4.24058625309341,-0.1938225346741308,0.0,17.112156790273726,-0.5784564170111133,-0.033803828710820286,0.0,2.764152685274888,-2.0045505046610397,-0.725195288718898,0.0,2.3402489886429914,-0.24238935709556858,-0.10357417448821103,0.0,
2023-03-09,178.0,12.33012275037617,-1.2875472191167883,-0.10442290358200267,0.0,16.84928794606821,-0.3750210463348089,-0.022257382480208626,0.0,32.6874331230938,-12.514605094462318,-0.3828567708983151,0.0,12.743302425769794,-2.8512821915060984,-0.223747510358082,0.0,2.4646142028504916,-0.2792778026509772,-0.11331501795614651,0.0,6.9479367797102825,1.8668428687990508,0.26869024978043843,0.0,
2023-03-10,152.0,8.94720911050535,0.4303093464208854,0.048094253873606066,0.0,16.539070187704052,4.266164288333367,0.2579446268693533,0.0,31.468819096699008,-5.855555495552187,-0.1860748405448242,0.0,2.009744595343358,-1.1873944392531384,,1.0,2.3657906891457916,-0.7285624012061197,-0.30795725274799324,0.0,2.53572156522568,-0.6449496655829076,-0.2543456168167686,0.0,
2023-03-11,157.0,7.015321554143153,-0.8202904017682369,,1.0,7.339197241912184,1.1626106748268406,0.15841114995349673,0.0,21.869926419232797,5.088891336535573,0.23268900127895778,0.0,2.7817400805797616,-1.153415204549599,,1.0,2.5458047577558274,1.0932300959158632,0.42942417032780045,0.0,8.40290149789507,0.8609344852268649,0.102456810358009,0.0,
2023-03-12,41.0,1.2587693698515052,-0.9289859903490603,,1.0,1.029034389583101,-0.23002735840154723,,1.0,6.024012882146051,3.1504497428952334,,1.0,1.184176387221667,-0.7416823919591763,,1.0,0.9069750792041288,0.38595637468117916,,1.0,0.5803347700202702,-0.25952867789011513,,1.0,
2023-03-13,169.0,8.129334577759431,-1.761075182330329,-0.2166321444252462,0.0,5.7133574868857915,1.0676992958619849,0.18687773315650882,0.0,20.957215985079525,2.1233861691533393,0.10132004988950262,0.0,2.8736951329192326,-0.7713909370641818,,1.0,1.066464102885214,-0.42096078635042267,-0.39472569701273075,0.0,2.471161159999605,1.1684147720732576,0.47282014260593364,0.0,
2023-03-14,159.0,10.35615580514422,-1.573879689214802,-0.15197528106259348,0.0,6.013949033076635,-1.1013462693913627,-0.1831319592723473,0.0,29.31623513194063,-5.756929810689966,-0.1963734355649807,0.0,5.288795401385864,-2.742529644847806,-0.5185546871654668,0.0,2.6406338422311753,1.3487769124036548,0.510777712090526,0.0,2.001341983079322,0.6430009765397663,0.32128490881424804,0.0,
2023-03-15,173.0,26.750488512938315,-11.839013646820062,-0.4425718670929665,0.0,4.694123106695763,0.47632430118700697,0.1014724774703014,0.0,39.316542115295306,-1.9215367927916067,-0.04887349419378546,0.0,11.773157306430216,-8.670424236129996,-0.7364570106775367,0.0,8.19515330724243,1.3539859329501234,0.16521788942661322,0.0,2.408937480446177,0.3501091735501295,0.14533759235847135,0.0,
2023-03-16,172.0,10.66286490950733,-0.8332533172935532,-0.07814535065061169,0.0,9.090887850499707,-2.6214155941012707,-0.28835638907999256,0.0,18.225050423512577,2.777848330864818,0.15241923979980043,0.0,5.12880225352273,-2.366243788325957,-0.46136381778039826,0.0,6.975040897952561,-1.0434129251882829,-0.1495923737873084,0.0,8.10072465595294,3.2058973369957373,0.3957543890397306,0.0,
2023-03-17,146.0,12.754095905234857,-7.268919666722905,-0.569928258398889,0.0,9.716440298063386,-4.7386325295834775,-0.4876922395671951,0.0,17.56848188926233,4.116527877151565,0.23431323793933176,0.0,14.794821671501264,-8.009491544009123,-0.5413712798875785,0.0,8.707395434372296,-4.218331196588553,-0.48445384482445364,0.0,2.785613853448007,-0.9980556842744335,-0.3582893167475633,0.0,
2023-03-18,180.0,5.085553381562926,-2.475545131960252,,1.0,9.314688249571185,-3.585930661947657,-0.3849759182345947,0.0,19.989809183054604,-1.7338323149079473,-0.08673581118411676,0.0,3.1652524484888938,-0.9056493400242791,,1.0,1.400299319975596,0.4921802273366196,0.3514821583611118,0.0,8.265924885192359,2.5407371537178007,0.30737481758021984,0.0,
2023-03-19,210.0,5.034206746640841,2.022741671678511,,1.0,6.367350439599243,-0.12126096833665856,-0.019044180069393297,0.0,32.2871681913457,7.478557861915475,0.2316263172290235,0.0,4.5766058691297005,-0.9103986420129546,-0.19892441430314348,0.0,4.88859737591701,1.3290823806474052,0.2718739708847661,0.0,10.27190775826602,6.606105279816553,0.6431235010361617,0.0,
2023-03-20,182.0,10.893860173258865,-1.7505010868046025,-0.16068694282505605,0.0,5.107306867124855,-0.4801820603948528,-0.09401864287531445,0.0,24.265392681700177,-7.094091699987343,-0.2923542921000151,0.0,4.997783157916267,-3.1026650385447154,-0.620808254481836,0.0,2.254992244554153,1.6226094821516603,0.7195632207029943,0.0,2.1837243836052878,-1.5905381594388166,-0.7283603056228498,0.0,
2023-03-21,164.0,10.893525421182854,-1.1535414163079225,-0.10589238760712115,0.0,6.3231426034981215,0.5463215391347729,0.08640031917555269,0.0,15.297526200913119,-3.2093191370641656,-0.20979334141441766,0.0,8.318700093106594,-5.342813679233676,-0.6422654524666748,0.0,2.3955313206897633,1.361221594239011,0.5682336868161106,0.0,4.014070698693098,-0.05787814573777017,-0.014418815731525144,0.0,
2023-03-22,226.0,3.371651711480802,-0.9277688952705495,,1.0,7.440180194374984,-1.8672265334098368,-0.25096522995794107,0.0,35.44834431403433,-8.052306813159277,-0.2271560765102164,0.0,6.8691644085774834,-2.9752817193741397,-0.4331359016038288,0.0,2.6243774933100146,-0.2156889076309486,-0.08218669310370798,0.0,7.978397501399735,0.6112831476709171,0.07661728405530975,0.0,
2023-03-23,,,,,,,,,,,,,,,,,,,,,,,,,,
2023-03-24,198.0,8.437824708118564,-4.308851486100565,-0.510659042484581,0.0,6.4198873129716905,-1.1554872372302363,-0.1799855949021907,0.0,28.87863823096268,-10.395759406935529,-0.3599809424458787,0.0,12.176778955734333,-5.457743843718953,-0.4482091580671071,0.0,1.4610881677290244,-0.6489648004168457,-0.4441653931299262,0.0,4.767054009178532,0.8589443667219518,0.1801834770632202,0.0,
2023-03-25,198.0,7.123500523201066,-2.6808799402049805,,1.0,8.184608074545388,3.4606071799898968,0.42281892406706545,0.0,35.43003358838905,-6.633564309539761,-0.1872299751844909,0.0,10.00754003659676,-3.550209075086932,-0.3547534221301245,0.0,1.142400764598272,-0.2706196727086652,-0.23688680986118676,0.0,3.371681024553249,1.0043407441566115,0.2978753733946964,0.0,
2023-03-26,191.0,10.808416074345583,-0.23456501737635613,-0.021702071400925258,0.0,10.323298732269901,1.7800737362731844,0.17243264797799562,0.0,27.859978847380262,-4.867522031166667,-0.1747137733962914,0.0,6.300142300940927,-3.568751052974469,-0.566455626318389,0.0,0.8616179034433968,-0.6644080821349034,,1.0,2.563255925866536,0.45346396766118646,0.176909360897269,0.0,
2023-03-27,157.0,8.769381313672053,3.281325836091345,0.3741798558782634,0.0,1.145920066788671,-0.7549224620469652,,1.0,13.116922095119657,-3.0636837413298674,-0.2335672743280038,0.0,2.6928071210932045,1.2142271397628948,,1.0,0.9069022564071871,0.6908208874308709,,1.0,1.2088746169902098,0.6521468948877489,0.5394661164376408,0.0,
2023-03-28,183.0,22.868439233563546,5.2568266518947855,0.2298725592159979,0.0,9.562499453073539,0.13671777190500967,0.014297284154203681,0.0,16.11280769375298,-0.33469342902817323,-0.02077188751889192,0.0,10.550453305506377,-0.784615140982572,-0.07436790801899235,0.0,1.7148368255075128,0.12764984401071003,0.074438478409123,0.0,8.077259454679727,-0.0890299093578032,-0.011022291639551318,0.0,
2023-03-29,150.0,24.35285378903791,9.830883304240963,0.4036850625147758,0.0,10.373136516769588,3.362245159922969,0.32413004056077366,0.0,12.652556008528332,0.8987870790445434,0.07103600872730574,0.0,20.222834695443453,1.9974304099161415,0.09877103976754537,0.0,2.1212471034159477,0.36463375677174603,0.17189593620873236,0.0,2.493379887266195,-0.6116358170767064,-0.24530390262645435,0.0,
2023-03-30,148.0,15.234051231542251,5.823520687122411,0.38226999493508035,0.0,8.22439188679709,1.9980159872100085,0.24293783840936556,0.0,18.990913584544614,7.082337395908436,0.3729329484007688,0.0,6.0644055428710955,-1.2389522320290336,-0.20429904023906548,0.0,6.68490173247846,-0.2969823961245071,-0.04442584319252206,0.0,2.7892827495961634,1.864701585222425,0.668523686059579,0.0,
2023-03-31,118.0,9.516468721318232,-0.30901110574241547,-0.032471194388543206,0.0,7.193493687016595,0.924569010579276,0.1285285079554617,0.0,21.883238034744863,1.2901113905778656,0.058954318758928904,0.0,3.728603905103224,0.2664570839792042,0.0714629632862082,0.0,2.312163913440595,-0.805067900832903,-0.34818807444967376,0.0,1.6122363093672853,0.960751954921809,0.5959126148814076,0.0,
2023-04-01,197.0,6.248414845082148,-0.3319522157780213,,1.0,3.753698002503364,-0.250792817185326,-0.0668121988018404,0.0,31.13408858877665,5.620265578147197,0.18051806983594226,0.0,3.719088598358207,-0.48973953671580867,-0.13168267540923986,0.0,0.2118136114950125,0.10944064326298931,,1.0,2.797719592970674,1.6106717636130656,0.5757087907093729,0.0,
2023-04-02,86.0,62.2093218886439,28.546167570212603,0.4588728297233474,0.0,2.062658000104417,1.2402660818595994,0.6012950677217522,0.0,4.306340949988222,-0.7761567313150629,,1.0,1.3974957032478375,0.010859980126666816,,1.0,60.69089685645304,28.411264591484358,0.4681305774518884,0.0,0.5066362946890834,0.24694556748967825,,1.0,
2023-04-03,148.0,86.67627073876793,33.15211913364078,0.3824820663265193,0.0,0.2411069866357067,-0.08152558930835088,,1.0,14.681066365272265,5.674677967436529,0.3865303668172125,0.0,7.95300716502242,-3.8688635922376386,-0.48646549813924783,0.0,111.52977859883686,36.064221190837856,0.3233595694703008,0.0,0.46330546952957974,0.07691959773925766,,1.0,
2023-04-04,150.0,55.03026556396071,16.467326173792426,0.2992412630582846,0.0,3.63489133925031,-0.609786819050953,-0.16775929790977478,0.0,34.77423983014887,11.532594612644072,0.3316418897716764,0.0,7.680683311293244,-1.5985891592467067,-0.20813111209730928,0.0,77.79782606331719,24.255417030392103,0.3117749975513633,0.0,3.996594230120529,0.8093358174460337,0.20250637689121265,0.0,
2023-04-05,178.0,29.110421770215904,16.299136352625407,0.5599072552532282,0.0,3.96690938707615,1.957147924576932,0.49336844722320905,0.0,40.1556362551637,-7.306225530316013,-0.18194769680374545,0.0,16.205025556228062,5.140928519432175,0.3172428517063564,0.0,35.753881953292876,11.901527127760563,0.33287370426820045,0.0,1.9035138683684565,0.3795292125549551,0.19938347645465693,0.0,
2023-04-06,165.0,20.872970063122917,1.4736776299344134,0.07060220109921092,0.0,9.758916642946126,0.534196947490436,0.05473936985377989,0.0,34.04878423191258,-16.0922881751924,-0.4726244574721037,0.0,6.410307996207841,-0.2707460976794587,-0.04223605134724018,0.0,21.907838070314025,1.2577354342877178,0.057410294445803776,0.0,3.7368671850999755,1.4794615227581371,0.3959095813351889,0.0,
2023-04-07,173.0,9.668698297318766,2.7991464098185874,0.28950602487977317,0.0,4.958531705167837,4.059054739954567,0.8186001383684155,0.0,33.47445161943324,-0.815527217021691,-0.024362675938453468,0.0,2.7615713098202774,0.6238906209740838,,1.0,9.337496763771918,2.967929685201151,0.3178506788582001,0.0,1.447746767415077,1.135446234614183,0.7842851112985039,0.0,
2023-04-08,110.0,7.639560310082741,3.9574022714941965,0.5180144027754047,0.0,3.0041527207067675,1.3607308270063097,0.4529499507888465,0.0,12.042457352967173,1.1737925773444877,0.09747118407318037,0.0,1.8497721855965186,-0.08075750161479846,,1.0,9.400670766328403,5.652343575499356,0.6012702408156964,0.0,3.6812022002777645,1.2703055939926582,0.3450790054120927,0.0,
2023-04-09,189.0,9.874863133925825,3.665126972545467,0.37115724267141,0.0,2.194498057957384,-0.11688011890133926,-0.053260525101639894,0.0,24.669653555276454,3.2987666649430754,0.1337175918401789,0.0,3.610095530930261,0.806849392458763,0.22349807243213074,0.0,9.702379929549348,3.836198987980055,0.3953874220382377,0.0,1.4982386812698627,0.4717387835616212,0.3148622375453485,0.0,
2023-04-10,131.0,17.188006189506265,9.09531775462303,0.5291665394079252,0.0,2.468697276686721,0.5861261310732822,0.23742325015237659,0.0,18.474899572625873,4.441056520330507,0.24038325636750899,0.0,9.991566485805377,-3.0025006219396944,-0.300503492240704,0.0,10.270037648835565,-2.3476789015100663,-0.2285949654504188,0.0,2.0115240071099785,0.7092036759450832,0.3525703264978771,0.0,
2023-04-11,138.0,15.087299106824501,4.81739266394672,0.31930119697618037,0.0,3.5709495092887615,-2.6384479913417573,-0.7388645469443409,0.0,28.273652575560845,6.952696269401674,0.24590725414131456,0.0,10.494878781559233,-3.2165689303418947,-0.30648938375484563,0.0,10.365693681320405,1.6046149070811169,0.15480053302874733,0.0,1.2826809609250571,-0.5295005313526019,-0.4128076641682833,0.0,
2023-04-12,167.0,18.966095570969625,4.168080917712269,0.21976483784528242,0.0,1.9708575570475584,0.010776428069530414,0.005467887839481426,0.0,39.26663952234958,11.306895096191477,0.2879516870741098,0.0,19.206985820994305,-3.2020395971813693,-0.16671223829828424,0.0,10.169060390391671,4.580694954044159,0.45045410079108883,0.0,2.8224558604633705,-0.9854605968584434,-0.34915004718502757,0.0,
2023-04-13,152.0,12.594986238174892,-1.8886609715443021,-0.14995339699696117,0.0,1.8539465501235042,1.1101793848936337,0.5988195208862289,0.0,43.808098148481804,3.260185980869053,0.07441971047953463,0.0,8.541965867530957,-1.1917881781690371,-0.13952153364358055,0.0,10.843298244326428,-1.7201902987163984,-0.15864087291119736,0.0,1.5081889967404944,-0.04579605856085473,-0.030364933479709373,0.0,
2023-04-14,165.0,22.11789786652662,-2.864609956215134,-0.12951547084184953,0.0,2.5461440198414427,-2.1409098182696695,-0.8408439591736022,0.0,32.34376155678183,10.35234189080765,0.32007229192044845,0.0,5.26086563814169,0.7876120392737449,0.14971149112106108,0.0,17.069047742901603,-1.4338028732239398,-0.08400016771997175,0.0,3.5607928755125555,0.7822852763536992,0.21969412535434085,0.0,
2023-04-15,209.0,13.05760631083103,-3.8701671225387972,-0.2963917758286654,0.0,4.483482697040012,1.234723369861418,0.27539380729105534,0.0,36.03751930022554,6.979957574164796,0.19368585046088654,0.0,6.7445657974822035,0.33556657586209065,0.04975362179539566,0.0,7.778133236664864,-1.1598327285909433,-0.1491145360076476,0.0,7.242667746453656,2.8384989400490284,0.3919134550164735,0.0,
2023-04-16,191.0,6.698897519949236,-0.8201171663548986,,1.0,5.781769524022816,-2.104274711463681,-0.3639499469358954,0.0,30.260680192470318,-3.536360748661015,-0.1168632273355494,0.0,3.8557099650351976,-1.6204674014983735,-0.4202773072127537,0.0,4.623171323997663,0.6789402575044924,0.14685595880479113,0.0,8.93503421304194,-1.7826036102561813,-0.19950719468474115,0.0,
2023-04-17,122.0,7.771530697238629,3.080858154308402,0.39642874413441986,0.0,2.9681405926094118,0.4163851062234394,0.14028483261885466,0.0,26.15640951853129,4.52984944617162,0.17318315202865717,0.0,6.108376373609641,-0.016169155053002066,-0.0026470462957814073,0.0,3.3528916688883292,2.7951780715292087,0.8336619096482668,0.0,0.7820754125859778,-0.041959384595001675,-0.05365132814527506,0.0,
2023-04-18,174.0,14.422118110145671,-0.025008313498591506,-0.001734025009890791,0.0,4.455399222715636,-0.2263984051396535,-0.05081439256562516,0.0,37.437829726113705,0.5708476619375049,0.015247883387303462,0.0,6.6137489593456795,-1.1998623563739932,-0.18141939824893197,0.0,3.8562249569004,-1.0560133449227105,-0.2738464059346592,0.0,3.5554909328129667,-0.027450098830146596,-0.007720480616843858,0.0,
2023-04-19,169.0,11.652639339277808,1.1864684212401002,0.1018197154048049,0.0,8.242433221508684,-2.9051235189946993,-0.35245945474132084,0.0,31.861778707854683,-3.418902148868835,-0.10730418349261822,0.0,14.226998406280469,0.5099226144205908,0.03584189720549114,0.0,2.463106815870554,1.4462441475462144,0.5871625778580202,0.0,2.396922322172025,-1.2166554716148434,-0.5075906967699911,0.0,
2023-04-20,168.0,6.19565069018426,-4.133626973272925,,1.0,5.703143023019942,0.992774579393669,0.17407499257628165,0.0,42.01417337845487,-22.38465823200672,-0.5327882576760564,0.0,10.52278994859807,-5.375137672000882,-0.5108091768682507,0.0,0.9090202703373442,-0.2695886160875843,,1.0,2.232155230849451,-0.30314168825129284,-0.13580672350279674,0.0,
2023-04-21,152.0,5.7765934701674215,-0.7286435470112148,,1.0,4.87457253326283,0.13148158645385755,0.0269729469726137,0.0,41.19554231542861,-19.795509121975,-0.4805255134257854,0.0,6.227565509419941,-1.7842380997423248,-0.28650651639769187,0.0,4.250816583313275,-0.3975971926622748,-0.09353430920144991,0.0,3.3725580534373822,1.5949331007853016,0.4729149433498149,0.0,
2023-04-22,185.0,6.271486601246574,-4.502116948166544,,1.0,1.4949196100860664,-0.25788215166922046,-0.1725056985869451,0.0,30.531923232105328,-3.3499148585001777,-0.10971843578388246,0.0,4.806164704743419,-2.1946566233297724,-0.4566336690799979,0.0,3.841854431229871,-2.5709673193225058,-0.6691995663405385,0.0,4.07067377273051,1.518574852102676,0.3730524568870211,0.0,
2023-04-23,203.0,10.520291615066522,7.521649753231857,0.7149658990877978,0.0,9.18075792186573,0.8403875561983148,0.09153792784327437,0.0,20.024838062745403,3.7237883953433153,0.1859584773507419,0.0,5.851956235659595,-0.8603823597778272,-0.147024742689459,0.0,0.2873802613903482,-0.06513609242612686,,1.0,1.816759597670166,0.14959339619196635,0.08234077661337619,0.0,
2023-04-24,160.0,7.930606161491591,-1.7222815324312872,-0.217168965065258,0.0,7.132201503685787,-1.7014660095087812,-0.2385611243077605,0.0,30.352656571019907,-13.721590098920192,-0.45207212972657174,0.0,2.85545552697294,-0.5894692395959094,,1.0,2.2626252375630367,-0.07870413249299646,-0.034784431458815004,0.0,1.815257691596338,1.054842348660963,0.5810978537891964,0.0,
2023-04-25,121.0,11.643694462494748,-1.861803480356187,-0.159898001991825,0.0,6.087775400352252,2.2157221292420446,0.3639625287611363,0.0,36.03827617112256,-7.972184561649513,-0.22121437007127487,0.0,9.77793350008869,-0.16377467564927636,-0.016749415983222923,0.0,3.228202859019799,0.07618246862264348,0.023599033874152284,0.0,0.8688994802359912,0.49162428289386634,0.5658011013659973,0.0,
2023-04-26,145.0,19.008995588650578,-3.514979336352654,-0.18491136577733183,0.0,6.174539743609779,-0.38028371377647247,-0.061588997652827444,0.0,35.88919494390575,-15.900982557758647,-0.4430576551692406,0.0,24.664795548225808,-12.235901921008429,-0.4960877091838932,0.0,8.503695668267023,0.5153310742124474,0.06060083689677329,0.0,1.5030874805815932,0.703524686073994,0.4680530542385846,0.0,
2023-04-27,175.0,18.394190243321642,-1.0124948765624033,-0.055044275565759616,0.0,11.84525082581967,-2.7591702394713193,-0.23293472464568007,0.0,31.9393518075085,-1.4341947760978355,-0.04490369074304996,0.0,7.6008284703857445,0.8321513838657353,0.10948166862440764,0.0,16.695193294937777,3.695900260579119,0.221375110505595,0.0,4.399000320787303,0.5327976044772046,0.12111788261516836,0.0,
2023-04-28,146.0,13.098328437437882,-0.3130553949769169,-0.023900408091931506,0.0,12.959783988844716,-2.06802876261928,-0.15957278025616475,0.0,31.633832598119625,1.6145233065412241,0.051037865915658745,0.0,3.6897462397391734,0.8137846070158467,0.22055300124741714,0.0,6.7729655360890275,-0.18068891890859984,-0.02667796225240157,0.0,4.169454545371986,0.44129303594926217,0.10583951237436776,0.0,
2023-04-29,181.0,19.34123202969931,-0.3853871049635142,-0.019925675074459342,0.0,15.170510404626835,6.039099108664076,0.39808147172307523,0.0,26.416024982449017,7.812273380632629,0.29573993005469806,0.0,3.2596419224573703,-1.3368425984346688,,1.0,4.887053788974294,0.7843687072711112,0.1604992989929289,0.0,4.053714264147851,1.8602897971788412,0.45890994676949703,0.0,
2023-04-30,179.0,5.584016257882462,-0.4050295277160243,,1.0,6.085160466653173,3.313415318674042,0.5445074680990974,0.0,31.92599955839978,-2.687279549903755,-0.08417213515862271,0.0,4.1612933821015705,-0.8067976941972215,-0.19388147388679572,0.0,0.30975398225563805,-0.03002593314062306,,1.0,5.5602754041756235,1.3013901661522662,0.23405138622719224,0.0,
2023-05-01,163.0,8.591619591687046,-0.9398964623983603,-0.10939688988415777,0.0,8.043500616156956,0.4851097039228583,0.06031076854130151,0.0,31.410416709106357,-13.446036806006349,-0.4280757218387408,0.0,3.722857552194904,-2.429209927471768,-0.6525121881280594,0.0,5.124740651408496,-0.7909061802167106,-0.154330966972804,0.0,0.6386209233096392,0.0974778756493908,0.15263808636931878,0.0,
2023-05-02,170.0,14.838508382497817,-0.21921078760841706,-0.01477310130895492,0.0,6.254707987412979,1.1037616883801782,0.1764689399731205,0.0,38.405124272816465,-19.0023919127224,-0.49478792928089765,0.0,8.534939121869678,1.3397430986839614,0.15697160572019112,0.0,1.2726069294367273,0.5752466773280683,0.4520222733524484,0.0,3.242372505519591,0.3324379607723892,0.10252923135958923,0.0,
2023-05-03,132.0,26.133422178587352,4.953156174338533,0.18953339292842192,0.0,20.20153166652744,4.973322672383857,0.24618542566375365,0.0,27.88428971474059,-10.919704894264626,-0.3916077836650828,0.0,7.799440557952034,-1.7271072354224348,-0.22143988694952452,0.0,2.082746049949487,0.9196695447131137,0.4415658571218601,0.0,0.49224665968358283,-0.1460811051370901,,1.0,
2023-05-04,176.0,14.771850427852762,-3.4713899029704014,-0.2350003420306093,0.0,12.915453984809568,-1.4032304589961733,-0.10864739719150207,0.0,22.507056363545416,-3.1788893693734668,-0.14123967692737913,0.0,9.991316030835147,-5.304755690285215,-0.5309366327632622,0.0,3.1481377195159377,-2.030507241858939,-0.644986789895314,0.0,2.5573746428854003,-0.15928309250069442,-0.06228383195392156,0.0,
2023-05-05,164.0,5.4695322984189225,-0.2626305228813456,,1.0,4.935797712241761,0.353255312467549,0.07157005474341169,0.0,22.572640877740923,0.9920447997347188,0.04394899139661513,0.0,5.376324840864976,-1.6192795047002742,-0.3011870660032057,0.0,3.4444004782490034,-1.762083355489627,-0.5115791170675369,0.0,1.5052220174475175,0.24746419934751523,0.16440378660362212,0.0,
2023-05-06,177.0,3.27086160852195,-1.2021128541651152,,1.0,7.931841385718139,1.3241121250003993,0.16693628384760192,0.0,26.137009291640425,0.4438180398554843,0.0169804446600336,0.0,4.517449579972885,-1.0451927487624721,-0.23136788363861402,0.0,0.12822712354681595,-0.00185238296827284,,1.0,4.199591844888341,2.0345061113951513,0.4844532960676908,0.0,
2023-05-07,155.0,13.01499652391794,5.254128646509564,0.4036980445483745,0.0,11.664585874234033,7.861412889585553,0.6739555929671426,0.0,28.195520904584555,3.899201960560024,0.13829153835303035,0.0,6.3366239300157705,-0.20822456790565674,-0.032860490097782795,0.0,1.2146272574755081,-0.7670365993421941,-0.6314995770277786,0.0,5.403663987774049,1.6431685581451068,0.30408414769364356,0.0,
2023-05-08,138.0,8.095628350914918,6.518227959913238,0.8051540507262278,0.0,4.1919991652102855,3.321219264853055,0.7922757457625713,0.0,29.96617797226645,15.786659529208912,0.5268159170588718,0.0,4.449511633785729,0.2362401513849661,0.053093501226328624,0.0,1.6200844461636685,1.3396829328691666,0.8269216682139701,0.0,3.3360240882684544,2.357257647595769,0.7066069024757226,0.0,
2023-05-09,159.0,12.954795358717089,1.8142325824339696,0.14004332235269154,0.0,8.171941668137146,0.6961968449604677,0.08519356515661117,0.0,26.351040855399333,-15.470168551925429,-0.5870799805145301,0.0,11.244093023189631,2.7980945557224306,0.24885017848497756,0.0,2.1456806701826228,-0.9044148610683816,-0.4215048742511183,0.0,0.689397846064816,-0.02786443108967183,-0.04041850616262596,0.0,
2023-05-10,136.0,18.28894190301071,-11.958077956079558,-0.6538419783656828,0.0,3.1969334337336415,-2.2341394082768966,-0.6988382631626099,0.0,31.02655135243549,-6.295633583306969,-0.20291116185598182,0.0,23.71648002119036,-13.747955375246695,-0.579679419667804,0.0,0.6903451588295808,-0.4380809637164711,,1.0,0.6968544429109846,-0.26400444567358966,-0.3788516358893521,0.0,
2023-05-11,155.0,10.39699480421404,-1.3822378832018074,-0.13294590496876732,0.0,3.8771356525539824,-0.5701933060069782,-0.14706560644360617,0.0,41.36239035720064,-5.008017048599432,-0.12107658685464737,0.0,10.507938768932942,-0.11061260078345114,-0.010526574546711373,0.0,1.658804326667444,-0.845672829665858,-0.509808671264334,0.0,2.2329774109239167,-0.07750902897768064,-0.03471106720493446,0.0,
2023-05-12,149.0,15.188919292166243,-3.954298185875272,-0.2603409834374931,0.0,8.65241539356793,-1.0727214077136078,-0.12397941602654122,0.0,32.505203050910495,-17.84834277948177,-0.5490918715852114,0.0,14.68824609967123,-0.10038457976278718,-0.006834347619286833,0.0,4.678845343369171,-0.4066792870877449,-0.08691872828497914,0.0,1.7815733952811514,0.6837561231481225,0.38379340697340086,0.0,
2023-05-13,153.0,6.849233553009977,-4.351353832041697,,1.0,3.9542187866390988,-1.3338908559562586,-0.3373335993605967,0.0,35.268509847461246,-17.504736814959042,-0.49632765576624144,0.0,6.091091648573633,-1.709560595108261,-0.28066571539907686,0.0,5.377067160123256,-0.8741496180996075,-0.1625699646421321,0.0,3.7747693234778072,-0.6177841108232697,-0.16366142083990626,0.0,
2023-05-14,174.0,7.565912477744856,1.3069871479675788,0.17274679713941757,0.0,10.806983975126055,5.199555363539422,0.4811291823423633,0.0,28.75583563494729,-7.294321627576388,-0.2536640464974531,0.0,5.389612028433472,0.712038595605951,0.13211314503706678,0.0,2.9791599155942046,-1.7876339661051077,-0.6000463274052066,0.0,4.278801408487194,-0.13244034801951704,-0.030952674680534528,0.0,
2023-05-15,144.0,12.60254323975823,0.6097993171268296,0.048387004553418066,0.0,4.07425167003384,0.22276944784981312,0.054677390080805396,0.0,27.86015513028542,-11.599785195540138,-0.4163575235419481,0.0,17.85315736566554,-5.2592506511875134,-0.2945837838914639,0.0,2.2427632981343724,0.04126087257148925,0.018397337162513686,0.0,2.8592034936664223,0.9587618669343505,0.3353248095345981,0.0,
2023-05-16,189.0,17.135387281356085,0.42353480006660815,0.024716966889183133,0.0,4.077916437308881,2.621267531115564,0.6427957932471525,0.0,42.104330070491415,3.494959610065217,0.08300713024560484,0.0,18.352988526516125,-2.959853375375826,-0.16127364603859876,0.0,1.9601522211814806,0.9155406949563558,0.46707632451346776,0.0,1.9764109852694598,-0.917050632276845,-0.4639979432981224,0.0,
2023-05-17,160.0,20.604475579348218,-9.90919864444807,-0.48092457419202744,0.0,4.450911296255065,0.5151524299305139,0.1157408889195244,0.0,33.27027634506521,-4.197906397289334,-0.1261758800483178,0.0,20.062757966610658,-9.617261886870185,-0.4793589148050166,0.0,3.1998948705368027,1.044178632818503,0.32631654321922626,0.0,2.3665167775616216,0.3364652517086879,0.142177420797908,0.0,
2023-05-18,136.0,10.515814752143338,-4.7868176924172925,-0.45520178942308215,0.0,2.9156081414694164,0.7389691955892215,0.25345285090910524,0.0,11.882579109616923,-4.210100933733592,-0.35430868121266984,0.0,14.655243700603021,-8.856376774450608,-0.6043145344683823,0.0,4.662629475227728,0.6864021385868171,0.14721352881107766,0.0,1.2303802918540856,0.16257169881643568,0.13213126046700002,0.0,
2023-05-19,170.0,6.210922357749945,-1.3747091415154498,,1.0,5.468427161184076,0.07981731265711445,0.014596027395897807,0.0,27.748064009436348,2.138617482657078,0.0770726736802176,0.0,5.92872931832971,-4.05225235285925,-0.683494242236865,0.0,0.30614397150201855,0.02239094318327373,,1.0,2.2515988297091045,0.30430505844524247,0.13515065580512722,0.0,
2023-05-20,186.0,5.196035217748426,3.657384247871518,,1.0,2.4976487580352065,0.41303487170489694,0.16536947814464265,0.0,19.714483973883034,-1.787387877761009,-0.09066369072245917,0.0,5.8979059945486325,-2.1065363003232314,-0.35716681518326654,0.0,1.1358515190295242,0.9944554743876061,0.8755153800712197,0.0,1.6997326196069436,-0.2927157689819974,-0.1722128325393242,0.0,
2023-05-21,179.0,5.134208744937491,0.5833973025847154,,1.0,11.768426469046968,2.8738543790250004,0.24420039387455433,0.0,22.270170051895548,4.895372544969179,0.21981747483569417,0.0,12.379831479061972,-6.685833558475078,-0.5400585274349525,0.0,3.3746543793386032,-0.9005339625534291,-0.2668522050930514,0.0,4.310777478276572,1.448921515936676,0.33611605406177164,0.0,
2023-05-22,186.0,11.56084175223804,1.759248816906247,0.1521730730866269,0.0,5.2407938695177965,-2.1552305104215472,-0.4112412287300758,0.0,26.144344068321516,-0.885014751344543,-0.033851097928935786,0.0,10.042804120021167,1.3449090499923038,0.13391768214528008,0.0,2.738567295025853,-0.5647466143687353,-0.20621973226456863,0.0,3.0067743729450673,2.075990198687764,0.6904376388755697,0.0,
2023-05-23,163.0,12.691908857916129,1.3179016375989425,0.1038379374097812,0.0,3.60172931660781,-0.8855957621723953,-0.24588071016021532,0.0,33.470353324737516,1.3565158093647902,0.04052887629250709,0.0,8.919672397663811,0.5883576058003755,0.06596179540792045,0.0,7.2101050478449835,-3.0734549374941373,-0.4262704797085803,0.0,1.8994368654384681,-0.3308824843224264,-0.1742003065977374,0.0,
2023-05-24,157.0,23.03473816287442,6.598540773818656,0.286460420221041,0.0,2.711033797000704,-1.8131242484557968,-0.6687944098895813,0.0,16.104511929414002,-1.490212116683068,-0.09253382674462042,0.0,14.444711848373114,3.384935145423886,0.23433732572554752,0.0,6.009004074185209,0.6843932088477415,0.11389461554667722,0.0,1.5472426793203276,-0.6383354450646692,-0.41256323497040365,0.0,
2023-05-25,156.0,23.18156821087905,7.5486496435641355,0.32563153514444176,0.0,57.04861523791624,42.08506064446833,0.7377052093018609,0.0,16.626205097214548,-1.502841623341269,-0.09038993652213792,0.0,7.688060915606904,-0.29008822119243355,-0.037732300039864296,0.0,12.982047211837191,-3.315700160137774,-0.25540657078449674,0.0,2.5211550806488887,0.7680535911111788,0.3046435330402202,0.0,
2023-05-26,178.0,11.578683468025696,0.5908871332054197,0.05103232460211412,0.0,13.136896122348839,1.1779067995686736,0.0896640110874278,0.0,29.0323329691455,0.1685935114624325,0.00580709485667609,0.0,3.7023520157963437,-0.2296585701961107,-0.062030452322268746,0.0,18.77006792169413,-6.164576460071975,-0.3284259005236236,0.0,2.3127233921040826,0.5088317170884058,0.22001408332082376,0.0,
2023-05-27,216.0,6.475041980382224,2.9157437545582576,,1.0,4.510224959667534,1.7853616345684635,0.39584757978459445,0.0,24.43764387133706,1.9089985713972006,0.07811712869898506,0.0,7.1690420401209805,0.7575826339636431,0.10567417930092911,0.0,5.408683679692325,2.9334091028758262,0.5423517581347435,0.0,3.4060367849306155,0.8350512019116747,0.24516799278451878,0.0,
2023-05-28,176.0,4.337780672576624,1.5504464124668924,,1.0,6.1730048866302205,3.0326830168203767,0.49128148649107695,0.0,22.18315119863837,4.295419122087155,0.1936343075708204,0.0,4.0812495053469275,0.21009811323621555,0.051478870125671504,0.0,2.1082830300874726,1.8664497499359343,0.8852937311071063,0.0,2.8946229141074538,1.0098995532727413,0.3488881223011185,0.0,
2023-05-29,162.0,10.678032009083832,9.064829615958864,0.8489232480523927,0.0,7.319914260624497,0.2580073503401399,0.035247318637053,0.0,22.13617819765932,3.866521262543774,0.17466977488248717,0.0,1.960718210211775,0.8234321549372353,,1.0,8.598323160382275,6.741404634598684,0.784037132456297,0.0,6.235336932644709,4.786517731400026,0.7676437990608843,0.0,
2023-05-30,165.0,11.295663597360543,0.9896773900264799,0.08761569265020762,0.0,8.841726701517468,3.8067807083248484,0.430547203825188,0.0,19.98133783596859,-4.3020424614566855,-0.215303024090436,0.0,2.935646384605201,-1.6161912437510757,,1.0,11.55816858487378,3.7462257743562324,0.3241193227843149,0.0,6.531285450349964,4.932933338668075,0.7552775600098378,0.0,
2023-05-31,201.0,18.34528088832303,2.0943822517744337,0.11416463255722244,0.0,12.275975557968188,6.0729904892934705,0.4947053259120873,0.0,32.89302220529498,-9.395719441378018,-0.28564476023931706,0.0,13.553948729138932,-2.6058590885472404,-0.19225829613366022,0.0,17.105971621545898,-1.787371808996487,-0.10448817807842002,0.0,6.143178030899428,1.1435775834602009,0.18615406841672938,0.0,
2023-06-01,157.0,9.691067339721481,-3.596510410723742,-0.37111602722875153,0.0,2.2987571806224825,1.0880374898525602,0.47331553720603475,0.0,33.46588345472992,2.5681072574787858,0.07673806851543974,0.0,11.317231296648966,-7.111617591436392,-0.628388464017886,0.0,13.27471225490444,-3.184955149197868,-0.2399264924195372,0.0,2.2045157768370647,0.07910627529274547,0.035883741964524936,0.0,
2023-06-02,173.0,10.934241210961769,-4.667798600991938,-0.42689735034493187,0.0,2.1814618091666436,1.2952776918112947,0.5937659263015534,0.0,26.177158614154905,5.11214344089489,0.1952902343698439,0.0,2.7339235099352615,-1.3758789784776546,,1.0,26.481604634878746,-2.0962465916828297,-0.0791585940725766,0.0,3.3140104475314676,-0.6060753411681148,-0.18288274909319213,0.0,
2023-06-03,155.0,11.216476744972168,1.6413282351344693,0.1463318894563038,0.0,3.354764916883137,0.6663928624858565,0.19864070329702638,0.0,27.687212855598773,-6.532159910166364,-0.23592695820393716,0.0,3.064811400559843,-1.7745731483132687,,1.0,19.76670633456524,2.4244352873724377,0.12265246654334748,0.0,1.4648320418855247,-0.6460766109591771,-0.4410584916804185,0.0,
2023-06-04,72.0,52.06405999325216,18.5662900439305,0.3566047297567038,0.0,23.970170983142452,19.003792343711446,0.7928100453299344,0.0,2.2649590062937897,-0.9672419195565427,,1.0,0.41492002680024237,-0.06951058887192411,,1.0,43.4869963017627,0.7237637046154406,0.016643221334330317,0.0,0.6431962174246987,0.052228735512534055,0.08120186981455416,0.0,
2023-06-05,169.0,100.11334514562623,35.563635361968046,0.35523371344985727,0.0,8.226114162534936,4.086426634417696,0.4967626942291832,0.0,7.401962630494374,0.802279997035427,,1.0,2.2731639492849274,-1.380666112164369,,1.0,102.2223422358802,41.403146513191345,0.40503030558283154,0.0,0.8597418606077476,0.33810607677216903,0.3932646440329931,0.0,
2023-06-06,161.0,48.32990819169936,1.9769114845415212,0.04090451562002046,0.0,3.384452494450663,-2.1533804734965316,-0.6362566698830414,0.0,19.72433032222034,-9.823925705097547,-0.4980613052312583,0.0,7.875696966235403,-2.3096405932274875,-0.2932617396440406,0.0,55.660145807916706,-0.4204517289798486,-0.007553909945382258,0.0,0.4247960811117012,-0.015159961141105328,,1.0,
2023-06-07,175.0,26.331181978603126,1.310720535475133,0.04977826428529613,0.0,10.15969468989351,-4.117903456247808,-0.4053176381711693,0.0,28.161862385182758,-3.865627760417193,-0.13726463497141,0.0,8.97309358984057,-0.1384003958884492,-0.0154239331734094,0.0,11.51536087210115,2.6266010857413957,0.22809542096982785,0.0,1.989991681286477,1.130451197712604,0.5680683031708942,0.0,
2023-06-08,164.0,18.982200804559394,-7.964388091722899,-0.4195713749803926,0.0,9.403019767822109,-3.4424592149172457,-0.3661014546303113,0.0,25.06042468779924,-11.486527344926683,-0.45835325969232044,0.0,9.875565544745763,-1.4891044193424,-0.1507867486267325,0.0,9.029233565299359,-1.9256621882305964,-0.2132697281894659,0.0,9.242759878492501,-4.950846843939239,-0.5356459443958556,0.0,
2023-06-09,145.0,17.253806545762927,3.8817246603079942,0.22497787082591592,0.0,8.5594698825007,3.237805166522346,0.3782716933372049,0.0,28.17246478353627,-17.26832503601039,-0.6129504524610087,0.0,8.51660985107446,-6.013118033573438,-0.7060459664962603,0.0,11.532073297828896,-0.7119312703583779,-0.06173488946626889,0.0,4.92415540227375,-3.286938655822501,-0.6675131849625913,0.0,
2023-06-10,200.0,7.799369537264279,-3.436130303517765,-0.44056513633575417,0.0,4.373244398382662,-0.006530647040156046,-0.0014933185628892012,0.0,31.11319586224272,-2.6647107294028425,-0.08564567719758388,0.0,5.544888905351394,-3.952668453809091,-0.7128489896333821,0.0,1.8264333630140703,-0.7321928006150177,-0.400886676427503,0.0,6.748004955166829,0.7945332295448899,0.11774342710530017,0.0,
2023-06-11,163.0,6.851283580428567,-1.2893269825933076,,1.0,5.870146059314715,0.13134957675417613,0.02237586176339707,0.0,22.042473823668843,-3.2435085266680446,-0.14714811743068598,0.0,5.218105432337319,-3.0746120309986504,-0.5892199900647571,0.0,8.102720582726757,0.35418248942016684,0.04371155167009055,0.0,2.074681199606852,0.005440350244590164,0.002622258420050801,0.0,
2023-06-12,161.0,12.521190296516576,-1.0414303832531884,-0.08317343308350779,0.0,8.03368865998345,2.6062231943398935,0.3244117745465708,0.0,28.643514704788686,-6.130060924169838,-0.21401217648562523,0.0,2.904801011587545,-0.8220860414486595,,1.0,4.849847571589629,2.189806863363267,0.45152076040309785,0.0,2.634171200363192,-1.8463158781963103,-0.7009095984124895,0.0,
2023-06-13,173.0,17.962957203162656,1.0242431754184391,0.0570197414509291,0.0,6.731765805474417,-0.22095041150283407,-0.03282205856346821,0.0,48.00311583971779,10.323219322658353,0.21505310940913794,0.0,7.76417878444044,-1.236597371392943,-0.15926956420312052,0.0,11.212380983459292,3.5964459071543837,0.3207566628765046,0.0,2.2743120211889547,0.13123280756124933,0.05770220019882937,0.0,
2023-06-14,174.0,7.6760805517842465,-5.165758691687467,-0.6729682755200798,0.0,5.81958763283182,-1.3757194507064259,-0.23639466187349062,0.0,42.30446357346227,11.742543336324351,0.27757220738500243,0.0,14.03202549424895,-11.292493921658417,-0.8047657785603843,0.0,1.354678479343413,-0.5861679331042291,-0.4326989333943901,0.0,1.3922437073269907,-0.3914002048967805,-0.28112908884913634,0.0,
2023-06-15,160.0,8.696980075939786,-0.4815367327205837,-0.05536826904464874,0.0,8.938551167098916,3.2787270872438583,0.3668074418270626,0.0,40.73890979866701,5.701824007610861,0.13996015199693504,0.0,15.306335995330299,0.7589607134688398,0.04958474148877861,0.0,1.227131558771355,0.8469384549561609,0.690177388807557,0.0,2.219960640170023,-0.12342682070923067,-0.05559865273096806,0.0,
2023-06-16,157.0,8.286301245214414,0.7017328445923677,0.08468589589325387,0.0,6.322149636063836,1.9341024280361783,0.30592481028974006,0.0,29.03893225264619,8.100119541530345,0.2789399923887428,0.0,6.226653753110436,-1.4319979630932729,-0.22997873655299023,0.0,4.571684936709056,-0.4495316725761249,-0.09832953906480744,0.0,4.048053933744081,2.4941275592942036,0.6161300220097026,0.0,
2023-06-17,195.0,12.503308791005107,-3.6380594542422804,-0.2909677362251106,0.0,5.332510117266786,-0.009285811936605048,-0.0017413585220471283,0.0,36.09724932296376,10.83413319900218,0.3001373623255525,0.0,4.933452732948348,-0.9107110940615247,-0.18459913236409223,0.0,4.557180771567794,1.0707137667695956,0.23495090944159341,0.0,4.966900030020035,1.0868681891835417,0.21882223975004336,0.0,
2023-06-18,192.0,4.4453553836719895,2.7837281756335703,,1.0,3.4552809051601754,-0.3594625303842286,-0.1040327950898004,0.0,31.807945873384597,-1.4667445450018914,-0.04611252014953895,0.0,3.8656696001780744,-0.23391854312808869,-0.0605117786365687,0.0,2.1126440956286334,1.1599450030228664,0.5490489408144801,0.0,6.59440456888114,3.8263870828925075,0.5802475481939869,0.0,
2023-06-19,138.0,12.409426278049065,-6.373040096349737,-0.51356444315423,0.0,4.847118997851789,-2.171909734058721,-0.4480826105200423,0.0,38.71053182188189,-20.071886482834834,-0.5185122895027964,0.0,5.5170064857302314,-3.4202237241816777,-0.6199419437022787,0.0,1.7164871670756783,-0.3545963759603704,-0.20658259657395772,0.0,1.9736391741025676,-0.43443048231945974,-0.2201164670928258,0.0,
2023-06-20,186.0,11.189205754402787,-3.310276884707056,-0.2958455637840524,0.0,5.957474336617446,-1.9128522139328188,-0.32108442367523554,0.0,53.31208399203024,-15.312124057720606,-0.2872167604629685,0.0,4.785839894982923,0.2492674732660678,0.052084373638863084,0.0,0.33537269952648074,-0.1075917464617536,,1.0,3.273292419122293,-1.3065009118282416,-0.39913968706119124,0.0,
2023-06-21,180.0,5.670928091501987,-2.227154732297417,,1.0,5.0725791957011035,1.0111969128740737,0.199345712282036,0.0,43.5673956835235,-2.8417101956295863,-0.06522561541828116,0.0,6.742063403267816,-3.0325412755684367,-0.4497942386745565,0.0,2.5989362766413184,-0.1263390846431175,-0.048611843921925316,0.0,1.2478358432563192,-0.04134933408526577,-0.03313683791720684,0.0,
2023-06-22,169.0,14.010563436997469,0.41265769764755594,0.02945332637785697,0.0,11.131879853506685,1.6095904234801106,0.14459286703252272,0.0,33.98894777680107,-3.295301712169155,-0.09695215438291212,0.0,18.93042718047945,-6.061178770277123,-0.3201818275145554,0.0,4.470141764257272,1.1689805413385412,0.26150860598775016,0.0,2.298558501708606,1.1623307972050443,0.5056781440807531,0.0,
2023-06-23,146.0,1.5566234474026672,0.45353981043631153,,1.0,2.6283486382817447,1.4504789137872143,0.5518594042894742,0.0,37.138581973486,-19.351522541113802,-0.5210625046193,0.0,1.8861842796468355,-0.6368915904132295,,1.0,0.9499739282327881,0.42379313228061244,,1.0,0.0995843599375755,-0.031518220667072494,,1.0,
2023-06-24,192.0,9.79353412703494,-0.022344800017101596,-0.0022815869866036438,0.0,12.729593772062797,3.5395299779076392,0.27805521851574905,0.0,28.818800151333562,-4.065117493255657,-0.14105783280042444,0.0,5.6224652717501105,-0.1195969397386506,-0.021271263397492454,0.0,2.119381985394278,-0.9726583411528011,-0.4589348913295841,0.0,5.342288052786894,1.5363356598399045,0.28758008640856597,0.0,
2023-06-25,143.0,4.430434356690962,1.5042662239324445,,1.0,7.488435518200272,-1.3563965039372228,-0.18113216046804012,0.0,38.07539836392971,-1.9089730510635734,-0.05013665340589101,0.0,2.1493826689838853,-0.9854919952974643,,1.0,0.48778540287457406,-0.09357085219132771,,1.0,5.819610761114742,3.477832022353632,0.5976056071639155,0.0,
2023-06-26,150.0,20.762720753162284,12.892999384252347,0.6209686840915908,0.0,5.9060464611684385,-1.5510502051430324,-0.26262072527552993,0.0,27.28932138023083,4.830742772648169,0.1770195273579686,0.0,4.662814895986225,0.5303214970779772,0.11373419466736298,0.0,2.1236675019390474,-0.6315056601031444,-0.2973655996178961,0.0,9.8370528490268,2.357715741986004,0.23967704333511408,0.0,
2023-06-27,118.0,17.341088074928848,6.044662649788412,0.3485745890725034,0.0,12.13292031268065,-1.9025223337223065,-0.15680662896416592,0.0,21.4661248876655,2.1723351687086803,0.10119829173065654,0.0,17.096946313504304,-0.7517093053259967,-0.04396746012662195,0.0,4.617535100987876,1.4654537770268268,0.31736711145158536,0.0,2.7083755385538044,0.559170339204895,0.20645967711829064,0.0,
2023-06-28,141.0,15.280025530220879,4.344674220834624,0.28433684304006657,0.0,5.6549586027322185,0.6787498258024499,0.12002737305176892,0.0,20.685609681000642,-0.12801830355004928,-0.006188761439680058,0.0,18.041915961337505,4.526567711986,0.25089174130320196,0.0,2.3896243624185405,0.8603156942846054,0.36002131038448204,0.0,1.1118591830963804,-0.37081581347365056,-0.3335096917947628,0.0,
2023-06-29,180.0,6.482668998745788,-1.0155892691425157,,1.0,11.721513684628002,-3.785746762747043,-0.3229742219822515,0.0,27.025776576192584,-3.357350860832267,-0.12422772945550835,0.0,11.283567542668603,-2.051363523318939,-0.18180096991148817,0.0,0.8695210840596647,0.2299157985300347,,1.0,1.6899530914743022,0.6941076002566358,0.410725956689781,0.0,
2023-06-30,176.0,12.917828047953657,6.657492506586199,0.5153724358206508,0.0,4.459304182135377,0.4492044006850427,0.10073419133070603,0.0,41.50233397932607,-7.761140521864672,-0.1870049170181802,0.0,9.948483144384221,-0.8267141019816031,-0.08309951275821094,0.0,5.998532034172961,2.3208525651200373,0.3869034210200765,0.0,1.7168120556525472,0.0006981510699282656,0.00040665550293034474,0.0,
2023-07-01,155.0,1.2046781020471784,-0.1886488978553254,,1.0,4.778733163257126,1.7193278291979412,0.3597873684217322,0.0,28.697082336992025,-9.396159367860806,-0.32742559879506183,0.0,3.4972338762017863,-1.9277992668182051,,1.0,0.9542428455097206,-0.6482092639534965,,1.0,0.47843900304723813,-0.12292078035116621,,1.0,
2023-07-02,166.0,4.520196081932223,0.017680892691138983,,1.0,1.3598939308139915,-0.3355539490669457,,1.0,27.025745241582626,-2.82226301499316,-0.10442868419594,0.0,2.7564975626737533,0.06233972067312235,,1.0,3.7281855615292407,0.2537820035569163,0.06807118352038762,0.0,3.7176598648438777,0.7462433670541917,0.20072932817524716,0.0,
2023-07-03,182.0,35.56249662135815,6.575648819172384,0.1849040265419154,0.0,4.070415317786677,1.0250549687218922,0.2518305599535908,0.0,27.326374939919333,-9.953173164146296,-0.36423320641796325,0.0,3.7312085498560856,-1.5953516842440238,-0.42756969033680986,0.0,32.99418062069162,2.419302815369449,0.07332513703499073,0.0,1.5985024531546446,0.44313205374930614,0.277216999495237,0.0,
2023-07-04,167.0,22.292296057465133,-0.4229204305052314,-0.01897159581117289,0.0,5.506383300176816,-0.4513263383952283,-0.08196420659287117,0.0,25.034195210697362,-0.872649317522571,-0.03485829323363586,0.0,5.044919206491608,1.0361948693734218,0.20539374902973392,0.0,20.287915397486355,-0.21853630186670017,-0.010771747495249144,0.0,1.2012261782438087,-0.0692345301826135,-0.05763654791792358,0.0,
2023-07-05,193.0,40.660351587641344,17.589922065449404,0.4326062461003371,0.0,6.358704619953634,1.503765732755412,0.2364893201732615,0.0,34.24884712420317,-17.529184622376683,-0.5118182389850157,0.0,12.968644077045605,3.8848862015920336,0.29955993691493554,0.0,37.039073119391105,11.508421167114646,0.3107102904551256,0.0,5.005915680929313,1.8071243071249437,0.36099775192167516,0.0,
2023-07-06,176.0,31.46071653569379,9.336078341569037,0.2967535189790346,0.0,2.754503216594452,0.004804178619070787,0.00174411799199511,0.0,30.816417486654245,-2.435128672336709,-0.07902049851808042,0.0,14.288105914267359,-0.9185797006239222,-0.06428981602849657,0.0,24.86805048436508,7.760144754540218,0.3120527988078172,0.0,1.9250985912440162,0.33830003824911137,0.17573127931619276,0.0,
2023-07-07,179.0,16.535266120175944,1.839745108402434,0.11126189896379232,0.0,5.878982036527297,0.2030527246529907,0.034538755755908646,0.0,33.45531111775199,6.036347914929246,0.1804301832281049,0.0,8.265065287385363,0.8142765555794848,0.09852028111892622,0.0,8.481218267894286,0.22301867619655386,0.026295594471467936,0.0,1.8876263966667404,-0.9376505209172162,-0.49673522396855846,0.0,
2023-07-08,207.0,7.5663400909761505,-2.637990050549431,-0.34864809390415574,0.0,5.684983815794107,1.8003289333420065,0.3166814526965417,0.0,30.38997557503899,-5.198940731521255,-0.17107419907870672,0.0,2.3890586995839787,0.694953077055436,,1.0,3.8417321675224168,-1.6341708496268976,-0.42537344571857433,0.0,3.3499201991216925,-0.3952594329314448,-0.11799070110239548,0.0,
2023-07-09,170.0,7.178078139593704,0.6995411364920356,,1.0,5.96876245149178,0.3968270045645962,0.06648396678367,0.0,30.970766153135628,1.8891047344584675,0.06099638365798728,0.0,2.7423605288349737,-0.010140980079380302,,1.0,2.307543027658534,0.023697157466332885,0.010269432544613658,0.0,2.663256744352106,-0.0001780572910442292,-6.685697555139223e-05,0.0,
2023-07-10,187.0,17.723236298632397,-5.878966016302792,-0.3317095093268287,0.0,8.899174540783854,1.6800248286098873,0.18878434408837969,0.0,36.785350126410776,-11.810237331088404,-0.3210581737159818,0.0,8.095693937873868,-0.09022070993258025,-0.011144283692655809,0.0,9.037542695063161,-4.921763431881199,-0.5445908913459138,0.0,2.750247371608559,0.055194850979980586,0.020069049624324643,0.0,
2023-07-11,181.0,26.192284741307954,10.731075034529068,0.40970366428572946,0.0,16.157703171629684,7.925418705813877,0.49050404142400833,0.0,30.82527942013985,9.641642649215036,0.3127836253421152,0.0,12.715321651172413,-2.026722735816056,-0.15939217201235192,0.0,10.505353675420336,4.53126261681476,0.43132889732372165,0.0,2.0779699618578826,0.6436309151680631,0.3097402402258992,0.0,
2023-07-12,181.0,21.680913106647495,-1.3940656962771585,-0.06429921514005468,0.0,7.882751608005485,0.6319095039563133,0.08016356919258563,0.0,40.113232844436425,9.288591058643643,0.2315592735859967,0.0,24.94570035221113,-15.479007777568176,-0.6205080458362898,0.0,6.379266910531435,0.9066078316276686,0.142117870962722,0.0,3.762715043085329,-1.3266874715975006,-0.3525878139604351,0.0,
2023-07-13,180.0,8.63523324393463,1.5440986516209743,0.178813774683567,0.0,4.171382981672643,1.9898207438612847,0.4770170355020736,0.0,49.79084022137977,1.0036540505497458,0.020157403371529874,0.0,10.479741295748674,-4.968454701840113,-0.4741008925340237,0.0,7.474473755828506,-0.31493570929742354,-0.04213483378035014,0.0,2.446912617146147,0.8635176654380613,0.3529009002557634,0.0,
2023-07-14,152.0,16.708156483284252,3.045057096511117,0.1822497353048828,0.0,7.011052473579178,-0.6505492646824549,-0.09278910222595242,0.0,26.01089767947269,6.104269468798252,0.23468123030661975,0.0,15.325204104985456,-0.08349173190990133,-0.00544800130151223,0.0,2.064284252970531,0.6558309678715354,0.31770380795560804,0.0,2.1641310868726515,1.6329881500332202,0.7545698871656722,0.0,
2023-07-15,189.0,6.003470458905209,-2.686298529891893,,1.0,6.616822834970657,0.9015362216370665,0.13624910990095512,0.0,21.37641458321013,-1.1594590978911912,-0.054240110911858694,0.0,4.975975089066191,-0.5842870518233809,-0.1174216191530473,0.0,0.9560126492215151,-0.28549080339720484,,1.0,1.3674630707609992,-0.25157946459930847,-0.18397532626552277,0.0,
2023-07-16,201.0,11.02457726696593,5.61473440085847,0.5092924893984347,0.0,17.441800385269737,9.910949232887832,0.5682297133303971,0.0,34.66591870065167,1.7492492107884985,0.05046020057606651,0.0,2.7688648166586,-0.5644435038843114,,1.0,0.39945035822892594,0.0311561195976694,,1.0,2.0314517268270658,0.6864020394523027,0.33788744787177266,0.0,
2023-07-17,148.0,24.070469689642774,-2.859585639004191,-0.11880057497318532,0.0,8.71059349455754,4.048611401962839,0.4647916820469753,0.0,41.26361845242354,-12.909760838303484,-0.3128606099629455,0.0,4.341944319683529,1.01672547837206,0.2341636381109019,0.0,2.842322663542286,-0.26764102107437704,-0.09416278612816799,0.0,0.7110028429160535,-0.294336584450762,-0.41397385029234496,0.0,
2023-07-18,174.0,21.651950951549225,8.19752309647367,0.3786043629425055,0.0,9.654617114225399,7.33710551056395,0.7599582069135856,0.0,34.84601371844474,-7.235525388679607,-0.2076428439460118,0.0,13.847804834811537,2.0705584805676382,0.14952250593267533,0.0,3.169757675561407,0.34517196784460746,0.10889538039638089,0.0,1.1984290744512633,0.21621220151569312,0.18041301410739918,0.0,
2023-07-19,181.0,15.926750680933763,0.20813978817542722,0.01306856573228057,0.0,4.660059049536352,-2.6197912654640936,-0.5621798431341223,0.0,43.54002426713123,-8.470998417133364,-0.1945565846532658,0.0,9.972576231833951,3.5026217424413995,0.35122536654676134,0.0,0.43882261042744486,0.04384177747989511,,1.0,2.1679354068837653,0.17505960946662374,0.0807494581760893,0.0,
2023-07-20,159.0,16.86656219654833,0.9337383222929926,0.05536032247781223,0.0,15.969389554680673,-1.804120249316643,-0.11297365144354252,0.0,19.518435999634672,2.8263456930849635,0.1448039019692902,0.0,21.87956123056938,-3.470816562744565,-0.15863282294232015,0.0,1.0795782330751484,0.6997948622100923,0.648211348441832,0.0,1.190916020859726,-0.004215213367920641,-0.003539471544666655,0.0,
2023-07-21,182.0,15.24889413661003,-4.979253660646583,-0.3265321154464724,0.0,7.960270641095116,-1.7259990417717708,-0.21682667833694663,0.0,21.33150981744256,4.941305542242708,0.23164349755507005,0.0,10.855427677874099,-2.586964132518465,-0.23831065981778896,0.0,2.0725156620464924,-0.455994039727558,-0.22001958686154852,0.0,3.0819776754287815,-1.894130127441726,-0.614582689077462,0.0,
2023-07-22,208.0,12.682450206324571,7.6587622348224,0.6038866394289548,0.0,12.117499240703175,4.251168376495364,0.35082885437413647,0.0,22.977991703504813,1.7358828284936072,0.07554545457638208,0.0,7.9287881441341534,0.5943371784572424,0.07495939702928534,0.0,1.6129750523614288,-0.08632052173038965,-0.053516340258341025,0.0,4.222088600581621,0.7861062461354583,0.18618895065990962,0.0,
2023-07-23,195.0,10.575931431892963,4.565040836934285,0.43164432998949565,0.0,9.64730247668194,1.9649964885254863,0.20368351601652282,0.0,30.713482456179918,-5.642825043703135,-0.18372469002022046,0.0,5.676903963329092,-0.7549513361162801,-0.13298645546815907,0.0,1.358337565412507,-0.26558947293914376,-0.1955253831609142,0.0,2.2461193844355813,-0.5926441086049355,-0.26385245268423646,0.0,
2023-07-24,179.0,5.036446005869941,1.6852904586903006,,1.0,2.8987107802822654,1.648459390995773,0.5686870874490115,0.0,42.85415677870333,-1.5615005789954797,-0.03643755230231197,0.0,3.116980582795798,0.24718112157303732,,1.0,5.4381177084578605,0.7688274224209712,0.14137748824840995,0.0,1.9828434200244307,0.9458054681749887,0.47699453150129995,0.0,
2023-07-25,201.0,18.53456738861132,8.072349763700485,0.43552944044761416,0.0,14.438735469244415,2.727167387703185,0.18887854781412505,0.0,35.35028794631944,7.535420668230991,0.21316433630395804,0.0,10.801761846851145,0.5219452392222395,0.04832038019560608,0.0,2.2098588266016965,1.4050526895797724,0.6358110629810916,0.0,3.011625002422072,0.9071542136091041,0.3012175197375283,0.0,
2023-07-26,184.0,15.635986216911984,-4.597716532217846,-0.2940471082818509,0.0,12.12521224146621,3.320855364871092,0.2738801844238502,0.0,32.87044679070823,0.3892034792717384,0.011840529024441429,0.0,23.102929926732028,-11.85327157707436,-0.5130635644338396,0.0,0.29717520429402816,-0.12360084809797667,,1.0,1.281280265066009,0.027077169838615384,0.02113290165849891,0.0,
2023-07-27,172.0,13.286901320869216,5.552554242579198,0.41789685258353043,0.0,15.634936642454697,3.070098085083411,0.19636140237031388,0.0,23.12452793246484,12.062140067638806,0.5216167051222094,0.0,11.527688767811918,5.592861609381371,0.485167644792596,0.0,2.56686614210775,1.697831688423141,0.6614414599076007,0.0,2.1812821742932944,1.3535872445858161,0.6205466035243056,0.0,
2023-07-28,184.0,9.182202244657669,-0.4036809583870746,-0.043963413964437745,0.0,6.291428804455784,3.897131338992856,0.6194350218558918,0.0,32.56477429521328,2.625206884128397,0.08061492643338473,0.0,8.82956241637293,-1.440400135134399,-0.16313380745385755,0.0,3.8893681927875083,1.1992715912826384,0.30834611994477207,0.0,8.142878373095295,2.782615338150533,0.3417237997001787,0.0,
2023-07-29,218.0,3.062917637915228,-0.22359982937175127,,1.0,4.450309473002556,1.1780506460581441,0.26471207299283195,0.0,37.08773271960672,14.490160597501832,0.39069955305845633,0.0,6.150072833494045,-2.014215749867131,-0.3275108774155433,0.0,0.33519617119599665,0.047105735389184486,,1.0,3.5261446191143415,0.513958845397519,0.1457565984706009,0.0,
2023-07-30,172.0,2.8633212692002363,0.09705123271887547,,1.0,3.3434369464011917,1.0316416609082437,0.30855723539774904,0.0,30.137928195952554,0.7367566058821107,0.024446159705863762,0.0,6.314030944573455,-2.848586981418177,-0.45115188798153943,0.0,0.5060748438409001,-0.043804573502590365,,1.0,19.43953207166487,12.23230399908913,0.6292488910738226,0.0,
2023-07-31,180.0,15.806596206391983,2.4112420078687373,0.15254656830505117,0.0,5.855057521126575,0.020983086214040103,0.003583754068739317,0.0,37.67438325137482,9.028171079933774,0.23963686464872166,0.0,6.899247764195019,0.4927604499154845,0.07142234440003158,0.0,5.739719943579978,1.7320067123138294,0.30175805254246296,0.0,4.963760046957753,4.005567020329019,0.8069622589399738,0.0,
2023-08-01,181.0,22.05147100603062,7.60037327596641,0.34466513702817675,0.0,6.193098882446058,0.510682877323418,0.08245999087321468,0.0,26.352065963408673,-1.0523617586965663,-0.0399346965872744,0.0,14.773418807817503,2.2654386646533338,0.15334559279227597,0.0,6.752959488097979,5.9103277608474585,0.8752203787486583,0.0,2.2266984463349146,0.7162973355960025,0.32168582897922643,0.0,
2023-08-02,169.0,23.56984491908224,8.007368151418877,0.3397293524377872,0.0,6.611675364430987,0.38603482288950636,0.05838683867726909,0.0,32.50399066647515,13.805355558942638,0.42472801880236766,0.0,34.656812116038054,6.74845297236007,0.19472226556109307,0.0,6.848902624005853,4.1933103179831335,0.6122601748322871,0.0,1.2613244160893304,-0.35259378984266004,-0.27954250733991054,0.0,
2023-08-03,149.0,27.445895976612515,7.330748414209228,0.26709816361819566,0.0,5.08587699390045,-0.6341540083476309,-0.12468921468375642,0.0,16.94817219222022,-0.01799492582344442,-0.0010617620365991262,0.0,19.347775468027976,-3.64546875897197,-0.18841797936905325,0.0,22.62770992047444,7.397837903607503,0.3269371018811607,0.0,0.630390125341358,-0.21083869544410858,-0.3344574842918722,0.0,
2023-08-04,157.0,30.256660262159127,8.90158342447093,0.29420244492759856,0.0,8.8121077254691,-0.21051488927012757,-0.02388927777876446,0.0,16.83771692326991,2.1209515947546245,0.12596432191014248,0.0,13.602977037575323,2.916933921425171,0.2144334959448776,0.0,29.665399764657195,5.67583095842063,0.19132831525778762,0.0,2.0678488141638747,0.1619208306036335,0.07830399857791608,0.0,
2023-08-05,180.0,17.813377220583785,11.781827698677851,0.6614033685349495,0.0,35.37143933847983,23.556776073190658,0.6659829657416215,0.0,24.915198989168854,6.703719091565814,0.2690614309153243,0.0,6.0731910592585265,-0.9128060893924181,-0.15030090120429412,0.0,9.24799388290557,3.947945360689874,0.42689748832851665,0.0,9.951952340328711,4.442217142517378,0.44636640034096586,0.0,
2023-08-06,195.0,27.426503130918714,15.832330988241733,0.5772639301724716,0.0,28.355285541314515,20.06827720496289,0.7077437882162322,0.0,26.592855979986776,2.799916175762857,0.10528828411171838,0.0,5.173573311243666,-0.7978193927926761,-0.15421051269512015,0.0,10.046498555871944,1.0228233928892405,0.10180894240923612,0.0,3.2061048474715714,2.1478762232581676,0.6699332446822648,0.0,
2023-08-07,183.0,11.9482447708724,-1.2398708317774025,-0.10377012318997492,0.0,9.058550269859545,2.2372274457584735,0.24697411606826158,0.0,29.055818494387495,5.53577442710716,0.19052206112095815,0.0,7.620400314634019,-0.9768247329714299,-0.12818548798487148,0.0,9.634867037450014,-2.494279159198235,-0.25888049617116216,0.0,3.5412882894306614,1.6519361183137915,0.46647885834207975,0.0,
2023-08-08,177.0,13.992086723083045,2.018140598760335,0.14423442612251433,0.0,9.644618299622373,3.2987894988635382,0.34203422016117524,0.0,31.114872775244294,4.669610008642849,0.15007646158071702,0.0,9.302689671741968,1.6002273805081941,0.17201771068093094,0.0,6.818982145930926,2.7662466594830524,0.40566855877951635,0.0,0.7545299797638958,0.05669282909409326,0.07513661566082945,0.0,
2023-08-09,177.0,11.43971278423123,-0.05371827844534072,-0.0046957716035832,0.0,15.286933858813422,0.9349057074487064,0.0611571761926413,0.0,35.18998007661867,-10.77718613862298,-0.30625723899695195,0.0,12.966889725910729,-1.7070780697363137,-0.13164900032466476,0.0,4.447855552622053,-2.0645856951708654,-0.4641755270028436,0.0,0.737721578116173,0.3440766554316946,0.4664044886830069,0.0,
2023-08-10,161.0,13.623210391880999,-1.0554762959684434,-0.07747632647569429,0.0,10.673242267796006,-3.103309172184217,-0.2907559946941073,0.0,58.554992422577925,12.783618640988646,0.21831816745414648,0.0,6.188371223855932,-0.8457508087806136,-0.13666775605191184,0.0,4.375191287021146,-1.7598844541841057,-0.40224171670042,0.0,0.9768842022312966,-0.13208985645090424,-0.13521546990850955,0.0,
2023-08-11,173.0,12.442652109544717,4.432033631524739,0.35619686160998915,0.0,9.630535231728565,1.3448398001759834,0.1396433082706869,0.0,49.69662363087991,12.794785580182145,0.2574578441226713,0.0,7.043331294415106,-0.07001431178207906,-0.00994051093941808,0.0,7.434188759536477,4.601452404792402,0.6189582419318748,0.0,1.89928094993956,-0.8662495633638354,-0.45609343019599163,0.0,
2023-08-12,169.0,12.900008018863442,3.3476991327088004,0.25951139935831996,0.0,25.510132002891623,11.484413081045755,0.450190264783576,0.0,29.661533636259264,7.507998189237917,0.25312238676896615,0.0,5.485346216490138,0.5962648763863674,0.10870141151598893,0.0,3.6991341786997456,-1.458461694650607,-0.394271098098761,0.0,2.2717753348115313,0.3616875857337789,0.15920922293303483,0.0,
2023-08-13,178.0,11.398470806598194,-1.792816167062998,-0.1572856743226641,0.0,16.19611657306086,7.737712945406963,0.47775112697553485,0.0,41.500516972490004,-1.679189043426154,-0.040461882548095976,0.0,7.534494002946297,-2.5290306597890786,-0.3356603189013255,0.0,2.15949403890408,1.3268966780570612,0.6144479466729378,0.0,3.682638555575971,0.4526590106902877,0.12291703458242077,0.0,
2023-08-14,185.0,12.783995229263379,-0.3091069135300134,-0.024179210644763697,0.0,12.772554338807817,4.538083474860396,0.35529960213768624,0.0,49.08028558886144,-12.212119079238827,-0.24881923429578237,0.0,6.737886629125562,0.9975065307456804,0.14804442188650124,0.0,1.96438151432084,0.7138689378379559,0.36340646286562467,0.0,1.5527572798382532,0.42863623591689026,0.2760484471607438,0.0,
2023-08-15,144.0,14.509581498423355,-3.071945692828307,-0.2117184215934906,0.0,5.8082406735411425,-0.2888802393284591,-0.04973627223204163,0.0,57.8127217660076,-4.139050252152067,-0.0715941081083251,0.0,8.463428656563332,-1.1524239142897983,-0.13616513602865918,0.0,1.0182933271425951,-0.5311779258597261,,1.0,2.1715323217504134,-0.03803983430233959,-0.017517507762296033,0.0,
2023-08-16,187.0,19.22375470254337,-2.0918004878164425,-0.10881331561829022,0.0,10.443896739052427,4.322052804151342,0.4138352678258557,0.0,42.901920089061605,-13.328583328034874,-0.3106756830548749,0.0,11.584906898780893,-0.7860129137673093,-0.06784801299093939,0.0,1.1344153275494977,-0.6127278159805757,-0.540126531350874,0.0,0.8792355880213949,0.14962684776996193,0.17017833423539833,0.0,
2023-08-17,173.0,17.120824788391474,-2.7902168057452332,-0.16297210211724725,0.0,8.543388496211259,0.9599998939443486,0.11236758042433401,0.0,37.7094683139876,4.040398121722704,0.10714545450708453,0.0,12.373581100357107,-4.506669736471185,-0.3642170928463968,0.0,0.4414056992900378,-0.05787010019657634,,1.0,1.8902558578338295,-0.006418918671728946,-0.0033957935615577532,0.0,
2023-08-18,138.0,13.468289851072766,-1.1545904243813625,-0.0857265797772683,0.0,6.055405760314892,2.2099760856311317,0.364959207211939,0.0,30.202612103981664,8.47691440684963,0.28066825404588447,0.0,8.197758153495666,-0.9771027474767083,-0.11919145810126819,0.0,1.8628841436075114,0.8481175723784,0.4552712391099126,0.0,0.41521385748637374,0.040811641728403965,,1.0,
2023-08-19,204.0,8.7621169400154,1.2173933203007292,0.13893826442113083,0.0,5.4987220307229965,3.363555673406311,0.6116977098702434,0.0,27.034941673569847,1.1188335481476186,0.04138472209989723,0.0,1.8852835819416163,0.39078277835353725,,1.0,2.327146001262003,-1.7459563864048318,-0.7502564881868202,0.0,2.852053738395619,0.5339441129141954,0.1872139033448079,0.0,
2023-08-20,153.0,18.811118208541302,-0.5921047936406587,-0.03147632092236866,0.0,17.65017916949,-3.426975878970975,-0.19416096834273652,0.0,18.950001902732765,-6.588355324901748,-0.3476704307851097,0.0,8.548908493517953,-0.7579265943982838,-0.08865770349196828,0.0,1.6275901644039508,-1.1229717607186407,-0.6899597855028147,0.0,3.3211347371252433,-0.3167873024566136,-0.09538526062053808,0.0,
2023-08-21,148.0,30.25480270495609,8.479287078141235,0.28026251437931965,0.0,25.66255875599745,6.858128965618555,0.2672426015981661,0.0,19.874460511884536,-5.638735421618345,-0.2837176595684946,0.0,6.792279407854944,4.251796281575667,0.6259748791633438,0.0,6.921018523600646,2.5030390028505924,0.36165760780949213,0.0,2.4608689791275493,-0.22998556649310742,-0.09345705457860015,0.0,
2023-08-22,174.0,19.968366919347318,-6.081843026572066,-0.3045738818370459,0.0,19.626010205058265,2.4004093403572404,0.12230755590550832,0.0,24.555310660420215,-9.331342442167001,-0.3800132106334066,0.0,13.184814887339597,0.4068078269902958,0.03085426913205458,0.0,0.41996749993267635,-0.024289549080855066,,1.0,1.1969745269452634,-0.2540561096991024,-0.21224855164417394,0.0,
2023-08-23,156.0,17.64835202351969,11.714408250314742,0.6637678257269081,0.0,52.41589414715418,36.963971693703684,0.7052054018181921,0.0,20.900404536623682,-11.511286855751834,-0.5507686148170319,0.0,7.837655795876339,1.7365739487565086,0.22156802926586544,0.0,1.4475170425066548,-0.6161498553418743,-0.425659828000983,0.0,4.136222258945049,0.4573701112171037,0.1105767733414202,0.0,
2023-08-24,188.0,9.706020793884813,3.363743887924771,0.3465626088545026,0.0,13.311980640632097,1.3566667016018987,0.10191321173206572,0.0,30.488619323987223,-12.709417094856606,-0.4168577448457086,0.0,2.8507160869121373,0.337869721746474,,1.0,4.196576981834363,0.47197810517199157,0.11246740074471018,0.0,7.036736733483844,-0.4113808796582924,-0.05846188300619005,0.0,
2023-08-25,173.0,15.045318771539312,-1.708404001886088,-0.11355053540758567,0.0,22.242450594254475,-3.280729328685707,-0.14749855528658176,0.0,28.209842111129547,3.4312987826963908,0.12163480990709447,0.0,10.581248145870628,-1.9199534827490166,-0.18144867753605096,0.0,3.1072788924211574,-0.6447418303977361,-0.20749403343558917,0.0,5.063485486505664,-0.07644770213663254,-0.015097841662698133,0.0,
2023-08-26,195.0,7.811491654538253,0.19145770673046897,0.02450974989126917,0.0,8.158801802564989,5.16922282951882,0.6335762229073519,0.0,39.464979685260914,2.0679662991141976,0.05240003455231794,0.0,4.514976949452824,0.8389107454168114,0.18580620782980523,0.0,4.146228571880777,1.0736092034370432,0.25893632847888115,0.0,4.516243728852708,1.782798102688706,0.3947524114562352,0.0,
2023-08-27,206.0,14.91746773364866,5.2433273372833815,0.3514891019644201,0.0,7.94309388220426,3.2495330796030486,0.40910168352451626,0.0,30.49877466532052,-4.057191631767776,-0.13302802083983783,0.0,4.965659623441747,-0.038653744481750074,-0.007784211446808509,0.0,0.7708123098054714,-0.05532667343508686,,1.0,3.4105417344471727,-0.6028838195488927,-0.17677069113673122,0.0,
2023-08-28,144.0,12.34835201258829,1.2186679366747988,0.09869073504160322,0.0,18.0582978740058,2.1214460274732883,0.1174776295238227,0.0,28.08353291550884,9.133682817201915,0.32523268509988407,0.0,6.762550585037382,-2.319479018138115,-0.34298878640111397,0.0,0.3944205248335435,-0.0168053803491224,,1.0,3.581058975345509,-1.0244738025610345,-0.2860812428988805,0.0,
2023-08-29,191.0,19.864352117299855,2.3273603975993327,0.11716266323996721,0.0,19.1488514507655,3.16232918189954,0.16514458791590458,0.0,32.64044094691053,-5.985933248961178,-0.18339008528399664,0.0,18.649531925155312,1.396594376394733,0.07488629644966825,0.0,1.8189031510846623,-0.8017373685035872,-0.44078068039273505,0.0,5.281725733024352,1.059443469612467,0.2005866118697198,0.0,
2023-08-30,172.0,29.88503410402336,14.523697999849912,0.4859856592197971,0.0,9.50508413542411,3.7213379629120187,0.3915102601820342,0.0,24.272140503293482,2.282188063577829,0.09402500217350666,0.0,22.356507834687363,10.571166597775031,0.4728451632939416,0.0,6.68957813904853,1.0765026829446966,0.1609223572202431,0.0,1.175344104900426,-0.06143065059885085,-0.05226609836449147,0.0,
2023-08-31,167.0,17.777908272837518,5.753571434368659,0.3236360175825306,0.0,15.307073413649045,1.5626930848624527,0.10208960541529952,0.0,29.21831546989415,-6.39776317966335,-0.2189641352272841,0.0,11.40660014718014,5.634109794126758,0.493934189103629,0.0,6.812150485020533,3.2364709619958796,0.47510268146786605,0.0,1.7540881047098025,-0.3589053330725617,-0.20461077873391045,0.0,
2023-09-01,168.0,28.489467772298667,3.0928045388511767,0.10855957589556733,0.0,8.082166371670604,0.6520145991356374,0.08067324639852277,0.0,26.140967875311613,4.624357962490581,0.1769007935952508,0.0,17.022387057273587,5.932690348598965,0.3485228204856236,0.0,10.497182588842401,3.73933872033444,0.3562230806872917,0.0,2.7611212136689516,-1.7894020952351712,-0.6480708222358086,0.0,
2023-09-02,176.0,7.957208809435539,-0.8936936838950525,-0.11231245846349086,0.0,4.587013921351167,4.191495991320577,0.9137744212657449,0.0,33.77465203974862,10.780217789438842,0.3191807209960846,0.0,3.5860359525395276,1.4326002396865696,0.39949410955348713,0.0,1.8759808765898875,1.657701911342589,0.883645420925569,0.0,1.8267383054553599,0.04944296451361886,0.027066254846664518,0.0,
2023-09-03,183.0,7.97679528440494,-2.2005619510756036,-0.2758704307452668,0.0,4.757235320634204,2.8091759841556287,0.5905059966176168,0.0,20.59068858687533,-3.618864905307058,-0.17575249560200484,0.0,4.762553834567365,0.9536465936104207,0.20023849109876798,0.0,2.383156100491755,1.6418033030069223,0.6889197491797296,0.0,2.00734945233125,0.9798103335568333,0.48811149071175597,0.0,
2023-09-04,192.0,26.715630402482926,-4.233381198154177,-0.15846083863178204,0.0,7.902384737739332,5.2266720249290355,0.661404398594778,0.0,29.999394178274084,11.97447630282615,0.3991572706990932,0.0,11.327109986479622,1.4868871784572402,0.13126800924790466,0.0,21.997004841701706,-4.6845374188584605,-0.21296251251341095,0.0,2.5478440496590267,0.9262179341758724,0.3635300733181948,0.0,
2023-09-05,184.0,51.039573961541464,33.40208542687145,0.654435036076909,0.0,3.2239203287390334,1.6062916870385848,0.498241743978472,0.0,24.092614539811617,-2.1069042198471406,-0.0874502107841225,0.0,12.315701065665046,6.547936789368084,0.5316738977712834,0.0,47.458580792204884,31.139990881002905,0.6561509080380608,0.0,1.2194494328359649,0.743964667590004,0.610082425361281,0.0,
2023-09-06,175.0,47.011738110937586,17.274385321621306,0.3674483440892458,0.0,7.209357137879117,0.5838346965816835,0.08098290671634542,0.0,22.3425864528981,6.238382256535898,0.27921486483614816,0.0,17.53945896960067,0.7567408823537654,0.043145052744520004,0.0,42.077941236311744,15.808779067168858,0.3757022944251477,0.0,2.6356470725077026,-0.3334869898442693,-0.12652945582997613,0.0,
2023-09-07,128.0,30.388332725786313,6.369739666319633,0.2096113572204812,0.0,10.727288132839018,6.678482270876338,0.6225694871038066,0.0,17.59845313873666,-4.298234565736543,-0.24423933921075863,0.0,13.811371645424515,6.657839726459078,0.4820549252734585,0.0,12.07551926122687,4.18016454509302,0.34616851289493256,0.0,1.5187144823648802,0.6664692771938893,0.4388377703201266,0.0,
2023-09-08,178.0,28.77947243637027,3.0728015405672227,0.10677060002962206,0.0,19.56441474583698,9.235473904529288,0.4720546985181072,0.0,29.725230190335424,-6.697641350243835,-0.22531840148445484,0.0,12.620859742717581,-2.2619663636829306,-0.1792244276375956,0.0,9.64321419939369,0.4028769222054812,0.04177828199966893,0.0,2.938504433972406,2.074133797069512,0.7058467474441078,0.0,
2023-09-09,193.0,11.564317221913365,-1.3393398777061842,-0.11581659790240385,0.0,11.448635275184635,1.8534735520335033,0.161894715613046,0.0,50.84503040016716,-12.874316330801452,-0.2532069747913677,0.0,12.80226233152643,-7.155483934333341,-0.5589233956495706,0.0,2.5657970728861907,-0.3433227424256364,-0.13380744177069412,0.0,2.580666604670107,1.7976720428627504,0.6965921284096097,0.0,
2023-09-10,169.0,6.62481155467685,-0.20075546787879078,,1.0,3.50809223040414,-0.2783392010866991,-0.07934204200059865,0.0,28.45697317518352,1.0693978885418691,0.03757946714707027,0.0,4.016870995808853,0.020293254318696927,0.005052005488817197,0.0,3.6026439239649286,-0.5771754510078797,-0.16020885305052934,0.0,5.17071237944037,2.196520152826733,0.42480029667874586,0.0,
2023-09-11,158.0,9.080642848966814,-1.3729074121873097,-0.15119055280800056,0.0,5.942855192159181,-1.1567640935406749,-0.1946478680932481,0.0,24.733051428149338,-1.7079224924935013,-0.06905425711239453,0.0,5.102420459224954,0.12964509485357134,0.025408547941042112,0.0,5.654591131351475,-0.6551478378179436,-0.11586122189905533,0.0,2.6338990379372205,-0.4471720611067893,-0.1697757031176864,0.0,
2023-09-12,180.0,23.410049827296454,-1.6081836317143774,-0.06869629255719106,0.0,10.673648631440296,-1.07396825459587,-0.10061866299705514,0.0,26.578070440926236,5.897908917123453,0.2219088451222388,0.0,15.399218654965802,0.831735527971089,0.05401154088443821,0.0,11.225978912269051,3.3332301397658477,0.29692111180815667,0.0,0.9063613944017488,0.4237562016130451,0.4675355815356068,0.0,
2023-09-13,167.0,30.326456113398308,3.03708136773517,0.1001462668891727,0.0,6.263492527265036,-2.5169557297313485,-0.4018454111304546,0.0,48.22278536844533,6.627363966230714,0.13743221001430045,0.0,17.030837499587502,0.7019474135483099,0.04121625924534313,0.0,10.709358885462272,3.509717369307742,0.32772432102094445,0.0,1.2194956886378288,0.017486855759690955,0.014339415811484905,0.0,
2023-09-14,168.0,11.57566081502591,1.551820585545675,0.1340589198615182,0.0,2.642465525830624,-0.049278591540055594,-0.01864871691166738,0.0,31.247605248805485,13.54046069790838,0.43332794913703016,0.0,12.830677289457519,2.538529235425367,0.19784842048137086,0.0,3.7302194848743904,-0.12063490543533811,-0.032339894723219034,0.0,2.3830140097343184,-0.25822241313843053,-0.1083595866762108,0.0,
2023-09-15,178.0,9.60023497082147,3.923910033084625,0.40873062430354923,0.0,6.385455838739284,0.33957161353744425,0.053178915039601586,0.0,35.99768483026128,22.390707590678947,0.6220041009930813,0.0,7.832926003458846,1.5716099392253444,0.20064148934017204,0.0,1.425794927301461,-0.27078107527770967,-0.18991586384039466,0.0,1.320934945164475,0.4237369361100915,0.32078562056462995,0.0,
2023-09-16,189.0,8.20576424154569,-3.025675929293381,-0.3687256713974816,0.0,6.251899095586845,-1.7122959648204277,-0.27388413322747335,0.0,25.57639687765186,8.865586001706804,0.34663154642604777,0.0,4.975623229765911,-0.7373381374508259,-0.14819010672669353,0.0,1.665397074786591,0.09134370436749661,0.05484800336832685,0.0,2.371313703282789,0.3359069451724077,0.14165436850779645,0.0,
2023-09-17,182.0,10.88847473024361,-0.9884259069873528,-0.09077726049562486,0.0,2.8373295875498963,1.510340856570632,0.5323106850885266,0.0,32.935401867762266,2.9512834513990955,0.0896082417105061,0.0,6.8795232787015195,-0.8037836910166756,-0.11683712060472688,0.0,2.85223654883884,1.8425789831021249,0.6460119809670933,0.0,0.8785787765154905,-0.22203550704262254,-0.25272122771190997,0.0,
2023-09-18,159.0,22.04151911260487,10.9499044613922,0.4967853806015704,0.0,0.9629010872522415,-0.009656236928456713,,1.0,31.459115582452796,16.385893186448566,0.5208631229158984,0.0,13.748694456597145,4.214907988302604,0.30656787097920646,0.0,7.585763682560349,2.1389006332301177,0.2819624658420938,0.0,0.5591193394575311,-0.016961278615308037,,1.0,
2023-09-19,183.0,28.773806898861945,7.069012409196457,0.24567525715466065,0.0,1.71086658380954,-1.09309653567979,-0.6389139550822377,0.0,33.81008008448407,15.344799257184372,0.4538527923873898,0.0,16.280402009404494,6.9922362705694,0.4294879368783574,0.0,7.304906972938618,-0.8796678599894121,-0.12042150067730971,0.0,1.3713704641559097,-0.883529402828597,-0.6442674871027042,0.0,
2023-09-20,164.0,10.22653626470855,1.00321762737503,0.09809945434184808,0.0,5.914760604187897,1.0175856064125794,0.1720417231581759,0.0,32.71374607498001,-0.10496364650238466,-0.0032085486713080077,0.0,13.020823418089996,0.5337570120201685,0.04099256973860908,0.0,2.5513090344393206,0.47123305585171266,0.18470246038041077,0.0,1.170049585132794,-0.014379382503079269,-0.012289549678740574,0.0,
2023-09-21,164.0,11.68068182779097,0.8918052470787963,0.07634873205406477,0.0,3.026618080504698,0.23406071168570788,0.07733407567785279,0.0,22.503032486332813,-7.327237524279598,-0.32561111613422705,0.0,4.27520965908479,-3.0583249659519036,-0.7153625692842888,0.0,1.8331883788414363,0.9771926854369081,0.5330563387350774,0.0,1.0627234174680718,-0.08601211715352665,-0.08093556210368422,0.0,
2023-09-22,182.0,18.973545962006025,6.958677652596859,0.36675683430663986,0.0,5.381672054019866,0.9548137031427819,0.17741952567131608,0.0,30.038661276106723,-2.448651293405719,-0.08151665851212282,0.0,10.117912313318806,1.19039327210792,0.11765206450158053,0.0,4.356849053103353,0.5033118742317199,0.11552199034144052,0.0,2.5527755686853135,-0.41352299761070066,-0.16198956253082059,0.0,
2023-09-23,219.0,3.0869044940773116,-0.7716050514705918,,1.0,2.675460346363246,-0.7797470329438725,-0.29144406270262346,0.0,28.963655344501603,-0.9585593813684175,-0.033095248854712954,0.0,4.535476135686617,-1.6701495228086354,-0.36824127673550083,0.0,0.7995288035599457,-0.07482492013164968,,1.0,6.478330189180263,1.285191589242114,0.19838315610843169,0.0,
2023-09-24,200.0,4.503861066703388,2.8785037359979544,,1.0,12.305848866541051,-3.2953530956868042,-0.26778754813466743,0.0,34.59412576480827,1.3116249090470824,0.03791467135097732,0.0,4.397242442777491,-1.065136096121598,-0.24222819414269353,0.0,0.6850808128219739,0.10755323084145374,,1.0,3.278305786167034,1.1520344070190394,0.3514115162411337,0.0,
2023-09-25,147.0,21.60870206736581,3.1339903530144158,0.1450337157337864,0.0,6.216881332555198,1.505579766468954,0.24217605032685194,0.0,20.585958150521034,3.056902363938572,0.1484945389273125,0.0,17.739860328510982,0.7981481874582974,0.044991796591292044,0.0,3.8423509726126146,0.009714288088509604,0.0025282146679860306,0.0,6.088941929032438,-2.872755638207412,-0.47179882345567165,0.0,
2023-09-26,172.0,15.566935458504297,-1.16707749686522,-0.07497156392638858,0.0,12.391261195523832,0.6199456320224246,0.0500308743589693,0.0,27.92010393699456,2.0174781584210306,0.07225897736533285,0.0,14.1835980689284,-2.538716032235171,-0.1789895638538054,0.0,3.744971678010182,0.9881474185081264,0.2638597841234301,0.0,4.185002458980302,-2.4397021337872067,-0.5829631302968584,0.0,
2023-09-27,189.0,15.043414722618762,2.4326757947498305,0.1617103456632185,0.0,2.81392233159567,1.6605975319013069,0.5901362355511939,0.0,16.63577063578122,4.767934464432636,0.2866073696746861,0.0,18.277960238992815,4.20951193816366,0.23030534496860355,0.0,0.20927328470133288,0.002609816211268394,,1.0,1.7769880251143997,1.0204933380538672,0.5742826195962516,0.0,
2023-09-28,164.0,28.200371939157776,11.691662996827501,0.4145925104127077,0.0,3.092641654846368,0.8167352073016456,0.26408982948986964,0.0,25.640630055771908,11.328013310135283,0.4417993350980569,0.0,25.62044901517947,10.09367668884997,0.3939695468596089,0.0,4.114378307844157,0.5690660524641591,0.13831155277559712,0.0,0.7405156676322735,-0.001793939799977995,-0.0024225548200944107,0.0,
2023-09-29,159.0,12.920424013515,-2.0103201652108664,-0.15559242971500276,0.0,2.917430746521854,-0.7674669430071104,-0.26306260874301146,0.0,38.30975786568888,-2.79145638166166,-0.07286541437949819,0.0,10.364756928604034,-0.9822553764703169,-0.09476878070913052,0.0,3.2339203455194308,0.12362623535595835,0.038227977855806325,0.0,0.571854828616773,-0.06562573772636708,,1.0,
2023-09-30,182.0,10.931060306189462,0.1671672285644289,0.015292864908061508,0.0,8.325426909388622,-0.38570803207887605,-0.046328919378766195,0.0,32.454983062736574,5.792074258913965,0.17846486771284678,0.0,6.068427459642402,-1.5495512278045902,-0.2553464201574062,0.0,1.348975788765523,1.053907162651837,0.7812646983207092,0.0,2.2820553252022315,-1.0439941724786745,-0.45747978190938804,0.0,
2023-10-01,184.0,3.8203348580718686,-0.6174442834749525,,1.0,7.412442624037788,-0.48789325000052236,-0.06582084675007599,0.0,28.15853384976799,9.310315176080334,0.33063920251505013,0.0,3.3966112600392027,-0.8556607141760779,,1.0,2.021787407618825,-0.258091895951951,-0.12765530885164658,0.0,2.023040592030151,-0.34951508978460083,-0.17276721542885962,0.0,
2023-10-02,163.0,13.913542234389748,-3.2266839145426465,-0.23190959284022827,0.0,9.598481663611889,-1.1772732266034573,-0.12265202642065078,0.0,25.941547963229823,1.3905807933376124,0.053604387652913206,0.0,9.270408264012069,1.6517656967511007,0.17817615467522524,0.0,5.659556043094193,3.861350479393587,0.6822709148900854,0.0,2.004287570263835,0.43140666628354307,0.21524190075516694,0.0,
2023-10-03,134.0,10.43030923244805,-5.232071424785996,-0.5016218894555249,0.0,6.773396954995401,-1.3635538333557524,-0.20131019079726714,0.0,13.983132819965245,-1.8218901810133274,-0.13029198853149818,0.0,5.994496014289321,-0.019320721999389168,-0.0032230769614882697,0.0,8.89371249652322,0.5426730748480664,0.061017609357196016,0.0,1.0839217289903849,-0.11144747036108515,-0.10281874362357558,0.0,
2023-10-04,179.0,22.018360438145464,-2.5659646658515274,-0.11653749937739008,0.0,2.9634705638527454,-1.171786517740814,-0.3954102099186702,0.0,25.83056063354161,-7.206829170433125,-0.2790039779885723,0.0,13.95513951977045,3.0323832187496085,0.2172950843274327,0.0,19.90117020704929,-5.138457008454345,-0.25819873680765904,0.0,1.3171430177098893,0.7652095273136724,0.5809616093506222,0.0,
2023-10-05,174.0,20.957872848914114,0.31554912781990874,0.015056352812840842,0.0,5.058341200201533,-1.2198537767872255,-0.24115687900583385,0.0,44.31604351468559,-19.302196095265877,-0.43555774758794646,0.0,6.041850012727075,1.0913303619870751,0.18062850942810607,0.0,18.195470511658634,5.913823290252693,0.3250162333787108,0.0,1.6148783374883302,-0.3429133589804627,-0.2123462498814656,0.0,
2023-10-06,165.0,8.791135971820035,-5.744461153525898,-0.6534378687737005,0.0,6.429371933641955,-1.0676983785865652,-0.1660657354414028,0.0,23.116640701453434,-7.117039507064378,-0.3078751622685775,0.0,3.0655914752132896,-0.7168783508604094,,1.0,2.672515309524891,-1.1797304871686962,-0.4414307685962046,0.0,9.382171647070205,0.06507679193897842,0.006936218435025127,0.0,
2023-10-07,225.0,7.554644029463811,-3.6119979206005564,-0.47811622976720414,0.0,5.067222556375777,2.187095301659773,0.43161619157774794,0.0,18.607973205231243,6.430732914350669,0.34559018563842314,0.0,3.567283452110127,-1.8799561468539339,-0.5269993741994061,0.0,2.027373134777002,-1.6711092440645967,-0.8242731519910409,0.0,2.318727141304401,0.7391175349822874,0.31876003080142346,0.0,
2023-10-08,207.0,9.333791340541204,0.0169127134875868,0.0018119875268827411,0.0,5.739990982299781,0.23489977113417904,0.04092336936739651,0.0,29.58922856715799,3.718351777420387,0.1256657222063404,0.0,5.344273536968098,-1.4996946730126544,-0.2806171245986518,0.0,5.432945354317774,0.6038820179212724,0.11115186672020246,0.0,3.8548116702222557,-0.7448992555862141,-0.19323881925034891,0.0,
2023-10-09,153.0,28.038302129549265,18.684378873413884,0.6663876716601401,0.0,1.3861606375648916,-1.070549270171612,,1.0,12.998645557629056,5.7927945304858355,0.4456460101788049,0.0,10.523289363249198,-0.7316932011547563,-0.0695308449570978,0.0,4.17394969852466,0.5509498640344173,0.1319972457332579,0.0,6.539691333287914,-1.7245827751418312,-0.263710118299234,0.0,
2023-10-10,159.0,15.726892936792861,2.231261867065159,0.14187556792258382,0.0,4.961031251892558,-2.6895213533831073,-0.5421294922012628,0.0,24.617036534502397,-6.811510433057274,-0.276699042287665,0.0,9.664630048733667,-4.54216255319174,-0.4699779019256809,0.0,3.381831557031539,1.1849184341086285,0.35037772110350496,0.0,8.068892799150483,-0.30378074946964206,-0.03764838089082371,0.0,
2023-10-11,179.0,13.083410266204734,0.7785254430665066,0.059504779505194186,0.0,3.90655581610917,2.169340103935876,0.555307592173733,0.0,22.18866450826317,0.8738756899927816,0.03938387953305374,0.0,7.214749346625462,-0.7676749816565616,-0.10640355538001114,0.0,5.327004986887908,-2.8829136979596552,-0.5411884736462174,0.0,7.424799345535571,1.5488791630226713,0.20860889176136332,0.0,
2023-10-12,164.0,23.68413876170962,-6.258675957696923,-0.2642560078146218,0.0,13.23362597470986,5.445499492569672,0.4114896025455383,0.0,37.222343808360165,8.341500796173289,0.22409928937091225,0.0,15.167596551385937,-9.608830359163065,-0.6335104132424368,0.0,9.966992947644023,-2.096442243367038,-0.2103384896908742,0.0,6.076759486852092,-1.6665170524111903,-0.2742443659349905,0.0,
2023-10-13,189.0,24.17498763318144,12.055546603146338,0.49867850135316993,0.0,6.580938992512522,2.3204896968420288,0.35260769010048126,0.0,32.798802959543536,-6.152549079335911,-0.18758456175747995,0.0,13.658336847904133,6.307532976378983,0.4618082748008131,0.0,3.38176962767465,-2.1428766864974,-0.6336554296783578,0.0,6.445023602187568,0.7076894425307327,0.10980401100323806,0.0,
2023-10-14,216.0,10.244453130770122,5.297437229432623,0.5171029787350289,0.0,4.378937418645357,0.5366527862508704,0.1225531984005577,0.0,22.38328752348025,-4.120487229845752,-0.1840876692274684,0.0,2.3816793637233733,0.4654893193123655,,1.0,0.19437760328582288,-0.003434249948572974,,1.0,4.085703534685302,0.3431337597877747,0.08398400835370556,0.0,
2023-10-15,187.0,3.128220963597409,-0.16285453913389636,,1.0,7.601290760430852,-1.6891613489315858,-0.222220331015971,0.0,22.998035414304468,-4.873250098137604,-0.2118985387380745,0.0,1.570899430364074,-0.15255941502218748,,1.0,1.1884258827922118,-0.6522203860273477,-0.5488103174721785,0.0,3.951768200298825,-1.157142939811323,-0.292816501667234,0.0,
2023-10-16,193.0,10.864980694976106,2.380595449883745,0.2191071955594469,0.0,5.190888095188705,3.9460014535322934,0.7601784860647904,0.0,25.51205477920302,-0.5301268565106456,-0.020779465280185733,0.0,5.666892297173028,-1.0087349480673327,-0.1780049620089917,0.0,1.4165162388817332,0.32559199653202686,0.22985405150671978,0.0,11.608999218442472,-2.8437766698900036,-0.24496312010877544,0.0,
2023-10-17,176.0,11.859500190315877,-3.706834536220553,-0.31256245851300263,0.0,5.946178995174699,1.562765261688651,0.26281840202873624,0.0,69.69672986574005,-46.0329669579433,-0.6604752769121116,0.0,5.836318678768286,-3.3718610954022035,-0.5777376598143217,0.0,1.880763599983758,-1.273541452946596,-0.6771406321121879,0.0,17.285038121546673,-3.3200855067159605,-0.19207857589722677,0.0,
2023-10-18,184.0,28.65911058439087,12.580606955782018,0.4389740888411946,0.0,4.998851333031773,3.393878141481196,0.6789316015571181,0.0,27.58910409027885,3.6860618108442083,0.13360570893431112,0.0,13.3221137580258,3.9746926126831235,0.298353000498033,0.0,4.238886488892597,-1.7854688335516105,-0.4212117588499195,0.0,4.358398160155041,-0.5685745107940403,-0.1304549263057266,0.0,
2023-10-19,173.0,27.449830487821597,-0.7757818810308932,-0.02826180953558445,0.0,7.381208783364849,2.1467409460667253,0.290838670070527,0.0,14.338680543682127,2.7430490636936207,0.19130414791912329,0.0,7.576899243445944,2.7357445655931425,0.3610638702843482,0.0,3.030117275884543,-2.4157883479649715,-0.7972590259760695,0.0,22.0789012158275,-2.343020244830202,-0.10612032826844582,0.0,
2023-10-20,156.0,15.596929993567752,-0.2650892087360447,-0.016996242776326415,0.0,6.004956514057991,1.6792332716530538,0.27964120434875095,0.0,14.22314839156024,-2.2633331454285934,-0.1591302490221936,0.0,4.380903184173798,-0.3405856087605174,-0.07774324025029762,0.0,1.6903868953522712,0.5476030857642301,0.32395133165659773,0.0,4.7553881341373145,-0.766364963721301,-0.16115718467223053,0.0,
2023-10-21,200.0,13.653542031570394,-6.869720927178098,-0.5031456973797415,0.0,2.4540994770577473,-1.5535379585549915,-0.633037891527343,0.0,16.43185274093412,0.6904272819018458,0.04201761619868292,0.0,6.106010232986587,-2.5664750132772762,-0.42031947464030955,0.0,1.4977498155494633,0.3571368821475156,0.2384489575226532,0.0,8.185209415882124,-1.2627616195201354,-0.1542735873159144,0.0,
2023-10-22,174.0,5.74041297825897,-0.026975657960902177,,1.0,19.727298441968742,11.590173853154871,0.5875195677324684,0.0,23.709797469782643,2.452264219603336,0.10342830733702664,0.0,5.970179951007591,-1.597172382604631,-0.2675249985279045,0.0,1.531449822839927,0.1990563740244289,0.12997903754711201,0.0,4.437759265812925,-0.2080018401371696,-0.046870915630676295,0.0,
2023-10-23,163.0,11.264130814364758,-5.077309275519142,-0.4507502051595694,0.0,7.919270430204045,-3.9500226868818595,-0.4987861851284304,0.0,12.347860110123289,-2.895079404990265,-0.23446001000746344,0.0,3.2357723772438427,-0.9405584933963778,,1.0,0.8453546327218583,-0.04872612587145308,,1.0,13.880382824965631,-10.56892389454347,-0.7614288473033984,0.0,
2023-10-24,177.0,11.639372601544887,-3.0622803183404033,-0.2630966825423175,0.0,3.2518798844976047,0.06364334313720921,0.019571246601269132,0.0,31.449584083326044,-5.642040807705853,-0.17939953650125226,0.0,8.877399722223338,-0.8415402659149788,-0.09479580645763866,0.0,2.3399483923276345,0.0038758110364674227,0.0016563660331893081,0.0,7.513444112439169,-1.9356836928266823,-0.2576293459908735,0.0,
2023-10-25,152.0,16.60519853008736,-6.210060462110944,-0.3739829096808921,0.0,3.5444148624446763,-0.6344233217641946,-0.17899239970081157,0.0,24.487373147188915,-4.4883460804192605,-0.18329226468844456,0.0,10.75260284219257,-4.773838565364636,-0.44397050978507074,0.0,0.5093615353907753,-0.052861010029137526,,1.0,10.01709188664972,-4.024757438834291,-0.4017890106606975,0.0,
2023-10-26,187.0,12.125698793053742,-4.648704062171241,-0.3833761782730634,0.0,4.868200456650805,-1.9287573381034533,-0.3961951351999971,0.0,32.04376674081141,-4.70763506877491,-0.14691266188688104,0.0,12.422563021929813,-9.316797822050717,-0.7499899823895904,0.0,1.2932797934045022,-0.8136569219543442,-0.629142221276363,0.0,2.7200895063942823,1.3329987987324639,0.4900569615811911,0.0,
2023-10-27,193.0,11.2450520078637,0.2864633849176775,0.025474616277217102,0.0,5.03772163291432,0.6454611541286579,0.1281256093849034,0.0,34.50743654680264,0.08149719877702388,0.0023617285702022157,0.0,4.297977966867613,-1.447917553654832,-0.33688342863006376,0.0,1.4375265447524659,-0.11538753148625316,-0.08026810489688889,0.0,4.524599566990212,-1.7397692077847742,-0.3845134098666941,0.0,
2023-10-28,198.0,14.943191373124133,-1.575223448350158,-0.10541412533759381,0.0,7.213536100956839,1.1780345231757678,0.16330888300670007,0.0,22.94909556292987,2.8295114978136606,0.12329512028283271,0.0,11.620427477195332,-0.4088894911326373,-0.035187129899917034,0.0,0.29914287567952946,0.04402712745283076,,1.0,4.89086219041928,-1.4504387188698349,-0.29656094618881357,0.0,
2023-10-29,181.0,10.298160755555724,-0.47496654684954764,-0.04612149277173687,0.0,2.1715605737845127,0.21773956561049693,0.1002687045616364,0.0,21.174556035068235,1.8973617571775754,0.08960573973949018,0.0,8.687804508765108,-1.8768576714817633,-0.21603359854474227,0.0,1.2334797644289157,-0.4578316631522483,-0.3711707936807688,0.0,3.175644510571141,-1.0489532607268135,-0.3303119279362156,0.0,
2023-10-30,183.0,15.314419531539894,-3.71889871596912,-0.24283641363683978,0.0,7.599517211318009,1.7176711580325663,0.22602372101670193,0.0,25.09209783143887,-10.44584527587272,-0.41630019721925016,0.0,9.543706558572008,-0.7275446829807986,-0.07623292674766172,0.0,1.4761700856470192,0.799192608873033,0.5413960197701333,0.0,9.975173342696504,-8.300824383341883,-0.8321483846112284,0.0,
2023-10-31,184.0,21.877733595742026,2.4679651720990776,0.11280716813278172,0.0,8.534461375216772,-1.0913924675326867,-0.12788064993790726,0.0,27.565348487754818,2.8318935691764326,0.10273382070371528,0.0,10.98251369014178,1.449228243210553,0.1319577907297691,0.0,1.8314076988244703,0.391817456687024,0.2139433272768924,0.0,6.893642554125102,-0.28208395149727755,-0.040919433997702814,0.0,
2023-11-01,193.0,18.908417482321962,-1.9029158104180768,-0.10063855487626973,0.0,10.470244207695934,-1.3722907340003836,-0.13106578096733504,0.0,30.017924391882843,0.7711737974785562,0.02569044372991657,0.0,11.38887520100979,-3.5313243420661236,-0.31006787586477547,0.0,1.6260504822348523,0.34344253196300556,0.21121271185318696,0.0,3.5084590773840256,-1.492667017021798,-0.42544803405110804,0.0,
2023-11-02,182.0,14.887793702539053,-3.2145563234613346,-0.21591891906139893,0.0,6.806157475963113,-4.533847768503357,-0.6661391224806754,0.0,16.07706760727887,2.290182434820693,0.14245025839064185,0.0,8.084121283609413,-4.953940333121438,-0.6127988632686117,0.0,0.6450575205817517,0.1597318879237596,,1.0,2.989226912017323,-1.1691039911595125,-0.3911058027945178,0.0,
2023-11-03,197.0,8.087077080883313,1.0049458754458522,0.12426564819338741,0.0,8.279651711352919,-0.09644290093523228,-0.011648183317058058,0.0,28.184002917565515,-8.976299397077884,-0.3184891593764156,0.0,4.975939249481593,-1.8582171991881862,-0.37344049153770925,0.0,2.1454036565264625,0.7321502107474026,0.3412645487575974,0.0,11.925029628066108,-4.823012372236487,-0.40444447709256043,0.0,
2023-11-04,196.0,4.779928277042924,-1.859578665169089,,1.0,4.917102983657966,-1.5959840692368639,-0.3245781254818398,0.0,16.674506708717672,-6.610809540912124,-0.3964620756940232,0.0,4.970506885088976,-2.35086047643616,-0.47296191933432513,0.0,2.3037529089633564,0.6535593561226559,0.28369333949826453,0.0,6.7571456631412685,-2.180374213600348,-0.3226768109342094,0.0,
2023-11-05,177.0,8.515047282111476,2.1185322552049777,0.24879864844152047,0.0,2.031754723851913,1.094938392992431,0.5389126847538891,0.0,29.55795512245095,1.8748396248596264,0.06342927367920588,0.0,4.833177745094867,2.1687658710317854,0.4487246249598082,0.0,4.03778354076348,1.547132309678328,0.38316375656575935,0.0,6.3214188934289215,-3.152655156950258,-0.49872587311488326,0.0,
2023-11-06,188.0,23.521071626819317,11.736818760770577,0.4989916678536007,0.0,8.39167594683385,-0.32619973147663317,-0.038871821736599255,0.0,25.15302922036789,-1.4118302581571003,-0.05612963137711692,0.0,4.085684590412706,0.1247132148400194,0.030524435276444526,0.0,21.42543534081778,9.408232254858124,0.43911510338996096,0.0,1.4702211388648658,0.36090090808608954,0.2454738940597299,0.0,
2023-11-07,188.0,17.775492810629657,-2.269948048624216,-0.12770099106713925,0.0,7.684629085248155,1.527310116982102,0.19874870992980156,0.0,29.133533037107554,-11.019760823926006,-0.3782500670237994,0.0,7.287615488901787,0.5276153979443051,0.07239890726230049,0.0,9.04685047923703,2.855906302976466,0.3156796179544376,0.0,3.053153302222192,-1.143506212856537,-0.3745328516665878,0.0,
2023-11-08,193.0,15.386538715749333,-7.412669844646455,-0.481763311527563,0.0,12.12414415021339,0.7733288495624655,0.0637842011758706,0.0,35.55874037630565,-18.39889914604434,-0.5174226913365113,0.0,8.761037482465321,-6.357396044331745,-0.7256442010498966,0.0,1.0745549924686124,0.45360487816792555,0.42213277249388914,0.0,2.0527207074992404,0.15350523449103848,0.07478135429249343,0.0,
2023-11-09,168.0,8.669684498097919,-1.35901516827017,-0.15675485867661396,0.0,10.482767687331936,4.761927974012501,0.4542624730458471,0.0,28.34150366083486,-9.817455484413093,-0.34639853981988405,0.0,4.699055044868141,-0.4747268616819308,-0.10102602696692863,0.0,4.041518818004983,-3.5185456839301907,-0.87059985178222,0.0,3.467618316237343,1.7960336395646321,0.5179444436415019,0.0,
2023-11-10,171.0,11.986105109172055,-2.467668498102447,-0.20587742854133056,0.0,9.209641807741713,1.9490930963392117,0.2116361457945938,0.0,24.481738515081815,-3.038278076306508,-0.12410385293653865,0.0,6.085608964371199,-0.7395019686314492,-0.12151651099519159,0.0,4.826544490693773,2.4213435020580474,0.5016722640238215,0.0,6.22485216900531,-4.816625678752468,-0.7737735046521005,0.0,
2023-11-11,189.0,4.039448879833794,-0.574934823754718,,1.0,1.3152658200997343,-0.048543605790626415,,1.0,19.82052261667559,-2.428833668533154,-0.12254135350042208,0.0,1.3215865251040622,-0.1996327022631812,,1.0,1.2804211385082402,0.9127074239112112,0.712818147453083,0.0,3.3887793668181945,0.09899561004902277,0.029212763456469018,0.0,
2023-11-12,177.0,3.795757722371487,-2.5340597978468877,,1.0,5.700485354129338,0.16969120156772577,0.029767851511942618,0.0,22.026309276989195,2.214368999585945,0.10053291142603214,0.0,2.52037828545144,-0.11455915918692283,,1.0,0.2517316676748992,-0.043904126409147155,,1.0,2.2659349536261253,-1.3487218696793222,-0.5952164988324102,0.0,
2023-11-13,177.0,6.889165964101261,-0.16334134114495452,,1.0,7.215714893231045,1.4483459794343514,0.2007210651841335,0.0,43.15208672465815,-16.241179371827126,-0.3763706602523702,0.0,4.561556047076004,-0.5366081498608911,-0.11763708355723514,0.0,4.222048235365939,1.3178335926089275,0.3121313445853388,0.0,2.861889312167471,-0.2605460109792943,-0.09103986302739571,0.0,
2023-11-14,159.0,7.664417379419315,-0.3689211967438518,-0.04813427798628089,0.0,7.186161435558455,2.6903324802414237,0.37437684977812513,0.0,61.75585095711722,5.114671930391148,0.0828208477597165,0.0,5.105575134431995,-2.6828196165843803,-0.5254686388789868,0.0,3.5829240447274,1.439156106804734,0.40167083891230787,0.0,0.3171114651340694,0.09503293439941844,,1.0,
2023-11-15,174.0,16.19606753901462,-5.008961594973227,-0.30927023383343927,0.0,11.461880584451132,3.807089442246642,0.33215225147357,0.0,38.63374884783116,-5.217234024434196,-0.135043431715198,0.0,12.746346383923079,-4.69485800471147,-0.3683297051014617,0.0,1.9869170833262546,0.4900524507086434,0.2466396080747654,0.0,3.7275966102606555,1.2028335792290323,0.3226834083704468,0.0,
2023-11-16,178.0,13.92030183792667,-11.110498916960154,-0.7981507187357787,0.0,8.129887210743611,-0.8006211022056378,-0.09847874656214424,0.0,20.40353386217611,-9.278514476168422,-0.45475036524770096,0.0,12.766702643173629,-9.741252390342561,-0.7630202302511698,0.0,1.2131438916694548,-1.005929256609099,-0.8291920385674945,0.0,2.877485974437145,-0.6851072138786048,-0.23809228610145228,0.0,
2023-11-17,190.0,17.628903599390462,-4.5003217368531505,-0.25528086369527564,0.0,11.336832450120703,-1.1199890830382355,-0.09879206453530245,0.0,30.413882591717993,-4.8385531601755565,-0.1590902820639264,0.0,7.843325998815993,0.049150355334202644,0.006266519502265015,0.0,11.757529277740097,1.4249590252796522,0.12119544775256916,0.0,3.807092595670832,-0.24785883724046354,-0.06510449404942549,0.0,
2023-11-18,188.0,8.857833408656,3.5279838126999525,0.39828970019376936,0.0,3.41538695833878,-0.36858349171379273,-0.10791851588408861,0.0,22.151066080929013,0.5891183171749519,0.026595483712729927,0.0,3.046946706504963,0.07347881362467445,,1.0,7.469134192273483,3.3628322510185495,0.4502305306681012,0.0,6.844946885656096,1.3180174123553905,0.1925533440029107,0.0,
2023-11-19,204.0,8.601449994595889,1.2661804613130947,0.14720546676532553,0.0,21.35974229736894,15.680191985550803,0.7341002418124803,0.0,29.9721376701782,-0.8260099171154329,-0.02755925940969168,0.0,6.021309703122819,-1.5278609323496766,-0.25374229323518854,0.0,3.1903610765148125,-0.1319887242248305,-0.04137109281969316,0.0,7.38873471267288,3.277198766552372,0.44353991501839196,0.0,
2023-11-20,148.0,11.967275458315267,-0.8320160886961472,-0.06952426988032888,0.0,22.549060048637326,16.9080900564466,0.7498356924845913,0.0,12.108763139316576,-2.9948651231655963,-0.24733039111496138,0.0,7.930882399283287,-2.576552586423137,-0.32487590367699565,0.0,20.737594743390215,4.566187227241127,0.22018885428824997,0.0,0.5132585282772143,0.013584152721710218,,1.0,
2023-11-21,161.0,13.973026196130371,-0.09769601387570725,-0.006991757726952717,0.0,13.583680463532797,8.363677469790671,0.6157151217038769,0.0,22.941399903087586,-10.559713598673834,-0.4602907252077781,0.0,5.903151300772148,-2.127157206396782,-0.3603426539513809,0.0,14.458444478303132,-4.894318106430646,-0.33850931293302244,0.0,2.315313930361294,0.4242816870058128,0.1832501767652759,0.0,
2023-11-22,165.0,16.85288564872462,-8.59945457575441,-0.5102660016212234,0.0,7.236146331852064,2.6732112632622447,0.36942471042843694,0.0,17.61169319417968,-4.417310596091674,-0.2508169173394134,0.0,6.8573264501246705,-1.8652706770821041,-0.2720113575821073,0.0,37.339954724142444,-25.85286000027783,-0.692364524576203,0.0,0.5254800132461183,-0.03126753805959108,,1.0,
2023-11-23,166.0,24.998745146469446,-14.210799348512733,-0.5684605073274933,0.0,5.867113610845985,0.13383558443481802,0.022811145873740824,0.0,16.04793773237179,-1.4114124800737309,-0.08794977296220681,0.0,7.693951994762751,-3.4335356060785105,-0.44626423565102924,0.0,36.645764457134646,-27.710081345147053,-0.7561605483100275,0.0,3.291674917716586,-1.4111485533575197,-0.4287022833762772,0.0,
2023-11-24,161.0,20.292157510419198,-7.180879129960254,-0.35387460038555113,0.0,9.401719431902162,-2.9420475012871803,-0.312926536746475,0.0,14.79418916419672,3.987726152472507,0.269546786796749,0.0,2.824298230843846,-0.41075984058740556,,1.0,43.51063783306017,-6.589738286207389,-0.151451199393827,0.0,5.870918603170133,-0.6750553234756338,-0.11498291308469558,0.0,
2023-11-25,177.0,6.83996875127195,-1.7179313124986202,,1.0,26.70232471922645,15.497750339529457,0.5803895541862925,0.0,19.997110841039103,-5.600217267218041,-0.280051318999792,0.0,4.660482069048153,-2.8761409419443535,-0.6171337855896462,0.0,6.660770928443521,2.259930370492556,0.3392896099822267,0.0,2.6685827319160986,1.3238590504194452,0.49609069060747707,0.0,
2023-11-26,176.0,7.222440370751423,3.7642722279264897,0.5211911811927987,0.0,23.50021378578094,20.502006848386465,0.8724178867169041,0.0,19.752114140283084,-3.714809242431487,-0.18807147508607133,0.0,3.976081859982508,-1.214571551825411,-0.3054694532447967,0.0,4.431037605667366,-1.1602137765614153,-0.2618379440241003,0.0,2.259782548986544,0.22362503646181148,0.098958652708466,0.0,
2023-11-27,177.0,15.346512746669756,-0.41405887122148866,-0.02698064883250697,0.0,25.590052078085133,18.77433961210556,0.7336577336700136,0.0,23.43003966502146,-14.852894577074224,-0.6339252852076048,0.0,4.665620135681814,-0.5958154507883282,-0.12770337778501084,0.0,28.603736281111193,-15.175740150010803,-0.5305509742107459,0.0,3.228666561124549,1.0401704161838148,0.32216718465394023,0.0,
2023-11-28,161.0,22.605044030948193,1.0157205647838983,0.04493335927120036,0.0,17.312891421403034,2.8844903759138205,0.16660939560609003,0.0,17.387340185247005,-4.352850019821113,-0.2503459398300877,0.0,6.093512441271736,-1.2018906354310168,-0.19724102428847726,0.0,31.14883782488323,5.999108420820777,0.192594935790137,0.0,3.479556196834886,-0.8027441829125559,-0.23070303725594585,0.0,
2023-11-29,174.0,23.98822844978713,3.403159732089343,0.14186790571937974,0.0,9.969135004314008,-0.7609293054847502,-0.07632851848785961,0.0,19.309244068965192,-7.9469186773528975,-0.4115603204853365,0.0,12.757424456176519,-2.8119745679483916,-0.22041867287616754,0.0,29.172751472920933,2.0349804357078076,0.06975620512164375,0.0,1.9582075360958635,-0.5305153916770814,-0.27091887958657623,0.0,
2023-11-30,119.0,38.72409132939356,3.044514037307077,0.07862067082245867,0.0,6.973571016686034,4.224709463913114,0.6058172281897506,0.0,12.078296802661495,-1.7036652027232981,-0.1410517749777344,0.0,2.8533821655728344,0.7684781512205359,,1.0,62.71871014863427,3.758301378695592,0.059923129314824256,0.0,2.0794921534907145,0.6601284364276123,0.31744694747681335,0.0,
2023-12-01,169.0,38.89658555200731,6.351462611070026,0.16329100667660662,0.0,7.711297629342876,-2.177291900895495,-0.28235090973670984,0.0,9.861932020721717,-3.142460877234976,-0.31864556261715177,0.0,2.4642284406581823,0.4019529702455905,,1.0,57.73350343165657,7.350038617816443,0.12730976263232022,0.0,4.911087065920577,3.7573670118835993,0.7650784768115867,0.0,
2023-12-02,152.0,8.738940668030406,-3.003498895841507,-0.343691416378324,0.0,8.552280476607843,2.950213093086842,0.3449621537970195,0.0,18.149940517585488,-6.413140387623683,-0.3533422261858097,0.0,6.1145248769826095,-1.9228768695296918,-0.3144769067451389,0.0,15.306431004384647,-4.523435619142162,-0.2955251696392443,0.0,5.53973145403142,2.2788261319652134,0.4113603973179687,0.0,
2023-12-03,199.0,2.5962855962643463,-0.9912838789740916,,1.0,18.174797850471805,12.171266489822791,0.669678231909844,0.0,30.597353211123846,-5.174891179839724,-0.16912871986451306,0.0,3.418082991192926,0.09491305259347199,,1.0,7.2505934809960255,-0.4611696411611621,-0.06360439905642186,0.0,5.692110264877549,1.4650978860979218,0.257390988213655,0.0,
2023-12-04,165.0,13.689878890916585,-0.5037713726258438,-0.036798818794525845,0.0,16.49197754332271,6.463950934343391,0.3919451695446021,0.0,16.148945669861856,-9.604465080921043,-0.59474254711535,0.0,4.092677238921163,-0.9694112665957237,-0.2368648222187348,0.0,20.455703198647825,-7.705176631084194,-0.3766762040032692,0.0,2.0380390704012763,0.9961605229863936,0.4887838204153055,0.0,
2023-12-05,155.0,16.614584781535083,-2.2084158077437763,-0.13292031289269046,0.0,9.43015868566726,1.7348012898518403,0.1839631068444835,0.0,17.041814721160332,-7.608524312188728,-0.4464620955385369,0.0,8.024318600699186,-2.0856766177693142,-0.25991946750314504,0.0,21.62558007441839,-10.442795624993169,-0.48289089074407276,0.0,0.9371131401203392,0.38389478006320454,0.4096568105041263,0.0,
2023-12-06,171.0,15.748901680657578,-9.74266192503955,-0.6186248490588555,0.0,16.73982062134018,11.023423612426114,0.6585150379911052,0.0,24.390038367855595,-9.45370440119554,-0.3876051467657745,0.0,16.982122391978915,-9.02288923874279,-0.5313169361566095,0.0,12.08954957456444,-1.2881716859206405,-0.10655249626759154,0.0,3.4722537828056312,0.05536618438827418,0.01594531616970045,0.0,
2023-12-07,155.0,19.150281509202607,-1.3219869893323877,-0.06903224836131579,0.0,14.236103222930973,4.370391032328056,0.3069934913992754,0.0,29.13356979831587,0.4705893783960886,0.01615282238509927,0.0,10.720805902812568,-6.012447496995991,-0.5608204785629637,0.0,10.843596656588485,0.24868348117093797,0.022933671275926684,0.0,1.8821578141723818,-0.5736801322830114,-0.3047991661290468,0.0,
2023-12-08,162.0,14.8371102016099,0.1418380913674775,0.009559684429120663,0.0,6.406178314857238,-0.24779261595492907,-0.03868025580559432,0.0,20.559253521460047,-3.491593110531014,-0.1698307337319635,0.0,12.64472249709797,-6.269985694285131,-0.495857911925242,0.0,10.415738456664254,2.2316729829103084,0.2142596986469478,0.0,2.137541389740358,-0.555074419805127,-0.25967891076605093,0.0,
2023-12-09,97.0,8.766879803719345,-0.7770096658021087,-0.08863012647583725,0.0,4.824433482557649,3.5758370311088017,0.7411931461045017,0.0,15.392328881527646,-3.3823704355250186,-0.21974390370415003,0.0,4.262610178193423,-2.444119323893711,-0.5733856068747005,0.0,5.000017578771801,-1.323181829003364,-0.2646354354074869,0.0,0.6579238758786196,0.18314322307640674,0.27836536990214783,0.0,
2023-12-10,145.0,4.760884582567083,-1.0286136268440105,,1.0,10.195240591958278,5.17552130886737,0.5076409195237311,0.0,11.64519646861299,-2.3215906878104127,-0.19936037095361495,0.0,3.2073435780621327,-2.870865110080957,,1.0,1.488034014226283,-0.3274297582392186,-0.22004185059537684,0.0,2.0983741908057665,1.2504762331773793,0.595926235967095,0.0,
2023-12-11,184.0,7.9894125784194285,-0.2321752241393265,-0.029060362305792762,0.0,4.197008315015404,-0.4622772147207418,-0.1101444600590564,0.0,20.164978329979924,-3.7182560954801813,-0.1843917724400492,0.0,9.017620002123289,0.3694054545060316,0.04096485041718895,0.0,3.594245576910901,-0.6204583796445889,-0.17262548325310764,0.0,6.927608987942216,1.5969047591920302,0.2305131196018002,0.0,
2023-12-12,140.0,11.27221536913566,0.20777354427812866,0.018432361117498814,0.0,32.927855515808915,22.120969903975265,0.6718011105629037,0.0,17.594797309728165,-9.380065976497125,-0.5331158871214098,0.0,8.83593141733581,-1.6889155021162325,-0.1911417622371576,0.0,6.218965645457496,-1.4803228105218382,-0.23803360476884236,0.0,1.2130596143251697,0.30622202263636905,0.25243773596957286,0.0,
2023-12-13,142.0,19.38143629404658,1.274298506032073,0.06574840412748466,0.0,24.552672682562843,13.367092727679136,0.5444251589429758,0.0,18.008322732697707,-4.235549715922768,-0.23519956737738165,0.0,15.615002568825728,-1.6269652593815689,-0.1041924426339636,0.0,4.577892977053119,0.7252550511606269,0.15842551470643776,0.0,1.011668298262515,0.5410117891668039,0.5347719110067619,0.0,
2023-12-14,165.0,12.540722663114135,5.356257416665675,0.4271091515658795,0.0,11.744906428073588,4.758651908703712,0.4051672899946833,0.0,30.121895245523774,11.346958712518006,0.37670135361765483,0.0,14.170247145040774,5.175890862542867,0.3652646851931794,0.0,5.825127610136401,-1.6329604335480963,-0.2803304138275966,0.0,3.854023968131509,-0.03924656685841221,-0.010183270053050439,0.0,
2023-12-15,155.0,11.057869812415444,2.077954411048558,0.18791633888793782,0.0,40.798036839398264,12.75256247796695,0.3125778460411587,0.0,19.447221287970024,4.479842402163952,0.23035899760831974,0.0,3.614799506161938,-1.6391254164041975,-0.45344850070109727,0.0,1.3671939492414762,0.818363999506581,0.5985719875081456,0.0,3.0880001851473877,1.487617209035863,0.48174129528585513,0.0,
2023-12-16,116.0,9.599987197027072,1.6946802920368387,0.176529432514415,0.0,32.70323341921903,5.246025834479407,0.1604130627461572,0.0,18.870600718350033,-4.4111059334585,-0.23375545904954045,0.0,3.664673777006097,-2.743739189004451,-0.748699435736947,0.0,0.806368644676691,-0.4171114255837054,,1.0,1.380495506782604,0.4581605952717258,0.3318812651114811,0.0,
2023-12-17,142.0,11.568979210547692,1.37141589610493,0.11854251538930766,0.0,25.874679499553167,11.80856343238009,0.456375254139245,0.0,22.671037686122872,-5.864300224133602,-0.2586692459923521,0.0,1.4917941442399707,-0.42063377192318613,,1.0,0.7853526481630928,-0.041298374880424184,,1.0,2.584349888915308,0.19724935915331973,0.0763245565158781,0.0,
2023-12-18,148.0,50.32045478706277,13.770889430992714,0.2736638507991618,0.0,83.31158559236792,28.57663884862781,0.34300918228167393,0.0,4.866213034278182,0.4706016084082586,,1.0,2.5746230761869753,-0.24624302654492708,,1.0,1.284903187617595,-0.19068949678561037,-0.14840767664307655,0.0,7.428898684425797,-1.0897212985201188,-0.14668678963204176,0.0,
2023-12-19,172.0,48.15901598056371,21.438119951586415,0.44515278219635,0.0,93.18472355762788,45.22936488388244,0.48537317230877886,0.0,3.6838340297472243,-0.07578255822677674,,1.0,2.6341519625420844,1.1740091200208969,,1.0,1.5854594907505022,1.2797392504206786,0.8071724682255325,0.0,3.976769305518239,2.137377318882015,0.5374657554100889,0.0,
2023-12-20,186.0,30.07066933473834,15.712284162030612,0.5225119529973153,0.0,60.375560505723115,32.60947753784178,0.5401105557396964,0.0,11.898842091468389,0.44172212011097556,0.037123118091271716,0.0,8.40595042909262,-3.263701756727216,-0.3882608854593872,0.0,2.22311160300159,0.8283794622051416,0.3726216268615054,0.0,3.4749427729911906,1.700188681702797,0.4892709874008354,0.0,
2023-12-21,157.0,27.70767809402605,4.922737582002623,0.17766691114633656,0.0,45.94685707932513,25.50669429868325,0.5551346908156769,0.0,13.511702434290779,-3.882015894798263,-0.2873076811509894,0.0,9.831539772458193,0.5541191072813154,0.056361375746412534,0.0,10.749750320537709,1.4095535132403432,0.13112430253820412,0.0,2.300611541912069,0.28717187322394067,0.12482414696801368,0.0,
2023-12-22,197.0,41.09438598592533,12.553170922156163,0.3054716750471847,0.0,63.58922183652612,20.790556307945046,0.3269509471493925,0.0,13.474040080887782,-1.319875253855956,-0.09795690423454578,0.0,3.1319051132158995,0.17607185688632163,,1.0,11.975270695053034,1.2955362322127324,0.10818429622204001,0.0,2.325713574209649,0.266563555530658,0.11461581446943428,0.0,
2023-12-23,190.0,11.542992967450115,1.5479937795651681,0.13410679395979266,0.0,42.546543824180844,21.73095378251643,0.5107572044469071,0.0,19.83914017534698,-4.367843557252251,-0.2201629465111564,0.0,2.5289573638074154,-0.24163608995315924,,1.0,3.9043784476962107,0.4817557065083545,0.12338857847978742,0.0,3.349708906323934,1.6456188669625977,0.4912722009532903,0.0,
2023-12-24,168.0,15.844056191970589,9.2459302762927,0.5835582861021618,0.0,46.55917208013125,27.890187801601947,0.5990267127946602,0.0,18.5337671051966,-5.129326672308242,-0.2767557530638255,0.0,1.298129062262882,-0.5309975508634835,,1.0,0.8093802373696181,-0.5095254366337801,,1.0,1.8046002258561153,0.7454662181026853,0.4130921671302744,0.0,
2023-12-25,204.0,7.670684129945579,4.62148706316478,0.6024869470407417,0.0,31.116659231847734,7.318827641406712,0.23520608645274912,0.0,15.58446620775794,1.7155538031815127,0.11008101145790357,0.0,2.422539686449448,-1.6808484428516528,,1.0,1.3965809833971379,0.6592282765940772,0.4720301109861355,0.0,7.09362050453637,3.1476258049223516,0.44372627530743225,0.0,
2023-12-26,206.0,19.410749138267416,5.5528766982488476,0.28607225093139765,0.0,43.86950211462681,10.5632249756959,0.24078743697831817,0.0,26.547841079009228,4.029539569702664,0.15178407757189452,0.0,5.468826314972822,-0.046183981441961564,-0.008444953045138183,0.0,3.118099731400427,0.8951365785620755,0.2870775971492241,0.0,9.023207157151768,-0.8227615591243662,-0.0911828294302484,0.0,
2023-12-27,175.0,26.663925391047087,-6.938482648464915,-0.26021984935476306,0.0,43.41155500501918,10.91025675276984,0.25132149151322525,0.0,12.694944484974254,-2.2091001270253576,-0.17401416206585624,0.0,9.036274019432305,-4.4724278609918064,-0.49494159333525634,0.0,2.7552374331935354,0.08668941688348586,0.03146350141701075,0.0,6.7253383333518215,-1.6073496247965176,-0.23899907263036316,0.0,
2023-12-28,158.0,15.80118940111424,-1.4589114527698919,-0.09232921748707189,0.0,32.714481040253304,4.926720574181763,0.15059754633184352,0.0,14.56607161092688,-6.35101369116544,-0.4360141746386284,0.0,10.842807199456725,-3.494915982898231,-0.3223257518655632,0.0,1.3858430767504557,-0.8837944543017094,-0.6377305404404394,0.0,6.392375869480015,0.6090208219124205,0.09527299932723778,0.0,
2023-12-29,144.0,11.838059176807288,-2.9827638289573963,-0.2519639228363652,0.0,28.065400173982198,13.634465563240884,0.4858104811874589,0.0,19.556258456374053,-6.867269396003088,-0.35115456319635674,0.0,5.150578550739733,-2.929715037266946,-0.5688128058635619,0.0,2.7365692957537204,-1.577909050255954,-0.5766011672733315,0.0,2.7318648841173814,0.5283218905160025,0.19339239418010026,0.0,
2023-12-30,182.0,4.148164742495278,0.447925030257449,,1.0,8.236200684965292,3.529863025138231,0.4285790451393191,0.0,25.464483958727214,-4.691397715712441,-0.1842329781085,0.0,5.467060477647461,-1.7321080461839762,-0.31682620912386944,0.0,0.24504001547028947,-0.10789783185912001,,1.0,1.7129253085513434,0.06618855836339688,0.03864065644483584,0.0,
2023-12-31,191.0,6.900971277085767,-1.452608015967806,,1.0,35.646698837401345,13.24111451420114,0.3714541583387311,0.0,30.175208652231955,5.639756068689639,0.18690031720037456,0.0,6.046122080195341,-3.0524158118471894,-0.5048551404288831,0.0,0.3085883157545987,-0.03974892295399496,,1.0,0.8383289523553626,0.20437401351115558,0.24378737360429686,0.0,
