date,z_Supply Shock and availability risk,z_Transport logistics and chokepoints,z_Demand and macro economy,z_Inventory SPR and refinery,z_OPEC producer policy,z_Geopolitical Normalisation and Peace,z_Supply Shock and availability risk__decayed_L10_lambda1,z_Transport logistics and chokepoints__decayed_L10_lambda1,z_Demand and macro economy__decayed_L10_lambda1,z_Inventory SPR and refinery__decayed_L10_lambda1,z_OPEC producer policy__decayed_L10_lambda1,z_Geopolitical Normalisation and Peace__decayed_L10_lambda1
01-01-2017,0.370751749,0.184194717,0.461120659,0.026913263,0.600724711,0.401279395,0.370751749,0.184194717,0.461120659,0.026913263,0.600724711,0.401279395
02-01-2017,0.139959091,-0.168404959,0.235712928,-0.375279893,0.605195033,0.247117699,0.2182540303621089,-0.04878776454176365,0.3121810651726979,-0.23883842630102384,0.603678504731934,0.2994160725482602
03-01-2017,0.357725855,0.0,0.0,0.483364642,0.642266053,0.0,0.29674064017789614,-0.021332855643026793,0.13650376606443212,0.16757534634927918,0.6253933267221581,0.13092216691761482
04-01-2017,0.408715962,0.0,0.437834585,0.517983656,0.588541697,0.245297085,0.3552944345849399,-0.01017754371258715,0.2940747605777646,0.35080979290353625,0.6061229846931897,0.19073075089612906
05-01-2017,0.369908029,-0.618362875,0.0,0.29165789,0.356601188,-0.131100084,0.3626682115262578,-0.317057757061963,0.1456895223548401,0.320962725489672,0.480218431812188,0.02834025873107103
06-01-2017,0.480683533,-0.566849838,0.375901097,0.072358161,0.348978572,0.648875326,0.4211638312955125,-0.4408700079244354,0.25979647532298383,0.19773908049435182,0.4151679210625976,0.33591543537055835
07-01-2017,0.332938919,-0.391181183,0.311045302,-0.368128299,0.322765869,0.147661709,0.3778275841872354,-0.4164627612701956,0.2849699978473854,-0.08021606788982823,0.36977985484289005,0.24344484182978737
08-01-2017,0.227754975,0.38309643,0.490984816,-0.328908756,0.37891304,0.130585478,0.30445056105624185,-0.025523511328629178,0.3856995990636319,-0.2018127351750744,0.3742454661370655,0.18826299222287124
09-01-2017,-0.535477387,0.0,0.0,-0.733744096,-0.158819936,-0.054491793,-0.10525956959215474,-0.013073346781469375,0.1975584216101423,-0.46128459564109436,0.11422042939535106,0.06984915089355975
10-01-2017,-0.246427634,0.0,0.269591686,-0.207651156,-0.124261181,0.366658439,-0.17403706163345983,-0.006703974161766865,0.23265323777174535,-0.33771364530259307,-0.001968505614601164,0.21445550032645355
11-01-2017,0.373385143,0.25336301,0.0,-0.261578677,0.366304359,0.575362643,0.09233084458825443,0.1198830547146986,0.11916224601604976,-0.30084654699895164,0.17708141797132898,0.39017467456210675
12-01-2017,0.284095868,0.0,0.821634629,-0.327334783,0.609413473,0.504952688,0.18572979140338897,0.06165442884968712,0.4613365714843567,-0.3137055417346824,0.3874494104048632,0.4461835566711013
13-01-2017,0.051654887,0.0,0.034283141,-0.109116016,0.108218333,0.0,0.12030146469751948,0.031654439235606284,0.25356093955881837,-0.21452313719885174,0.25124922222043705,0.2290782762257921
14-01-2017,-0.063211101,0.042962416,-0.172164102,-0.433507274,0.101846387,-0.323878608,0.03071478242804506,0.03718334517272745,0.046032204306074714,-0.3216670231414343,0.17825059410613675,-0.0403339840651844
15-01-2017,0.285698426,-0.402811145,-0.066584099,-0.067077236,0.271365126,0.337557811,0.15473324576144357,-0.17677679273350383,-0.00880624519890677,-0.1980104179100678,0.22350568230328313,0.14383227664507617
16-01-2017,0.001571144,0.5525504,0.28018288,-0.131564423,-0.101463557,0.386612492,0.07991012454858075,0.17879539660466282,0.13175156765699403,-0.16580537257999373,0.06510192558148002,0.26180236221500147
17-01-2017,0.254370106,0.08635635,0.0,0.0,0.189409461,0.016885368,0.16475064984538795,0.1341122270172686,0.06745065259788703,-0.08489906579190387,0.12550515919854263,0.142548860200397
18-01-2017,-0.15241633,0.629641285,-0.083101539,-0.569048799,0.239428305,-0.403297937,0.010186909090471652,0.3753810490803659,-0.006161417801547893,-0.3206269320413867,0.1808517268465799,-0.12338187115916312
19-01-2017,0.104647612,0.0,0.353924961,-0.242897634,0.066263203,0.0,0.05654676732563531,0.1927270567582735,0.16926989420271843,-0.2825008462943087,0.1252344712873498,-0.06331257823627237
20-01-2017,0.200694426,0.434941779,0.635395255,-0.051388278,0.442728399,0.0,0.12696377985858948,0.31085427145933403,0.3963053246652547,-0.16994853917398153,0.280073132379461,-0.03273310107622511
21-01-2017,0.170559922,-0.04832483,0.464943345,-0.189070332,0.498038285,0.600925734,0.14805115839777083,0.13589681370689893,0.42999168958137607,-0.17920791880257314,0.3862129233959381,0.2756102903517758
22-01-2017,0.392697692,0.156483303,0.0,0.080607195,0.448395302,0.456308322,0.26715931002263044,0.14601087145835612,0.22025565561947547,-0.05253339558042641,0.41636996808203425,0.36350469816658193
23-01-2017,-0.434635654,0.0,0.0,-0.184610562,0.026292786,0.089756029,-0.07462362057867583,0.07496448097158731,0.11306176755223118,-0.11684669267770365,0.22651429265478285,0.2303589335733926
24-01-2017,0.174187737,0.04402049,0.29131337,0.127381315,0.62603692,0.124940719,0.046590921223067516,0.05990832073457077,0.20008331615951877,0.002338243164173061,0.42124017800475577,0.179342516868281
25-01-2017,-0.064608827,0.096068482,0.22566886,-0.515613233,0.458769142,0.397731499,-0.0077341739493262535,0.07781255696034972,0.21271400965590664,-0.24996618448420904,0.43961732570481593,0.28564416651102326
26-01-2017,-0.116555589,-0.007031426,0.39182089,0.103428844,-0.009446058,0.0,-0.0607580538194704,0.03618196927905446,0.29993357050993674,-0.0778645103194412,0.2211678244168992,0.14641489334960756
27-01-2017,-0.336014223,-0.417840452,0.275884514,-0.021221518,0.054984452,0.095117748,-0.1950590501465481,-0.18505018608447385,0.28840276823056976,-0.05031615792680489,0.1402224926389327,0.12150308707248289
28-01-2017,-0.328391787,0.267735481,0.092697079,-0.110607595,-0.059254209,-0.249108899,-0.26004558759185104,0.035043175487133246,0.19328473071728466,-0.0793686913660994,0.04297535208348311,-0.058734758864681796
29-01-2017,-0.079878464,0.537632366,0.174190877,-0.355844054,0.192684818,0.473160238,-0.17249376140673878,0.27992782042635905,0.183882547682019,-0.21396690010274963,0.11589980062417111,0.2003696150471376
30-01-2017,-0.40999366,-0.290930608,-0.339326478,-0.327662572,0.14481608,0.487328231,-0.2884357917734775,0.001707818393277466,-0.0713063649697537,-0.26946056628546666,0.12978525230831298,0.34030092367451586
31-01-2017,-0.309939099,0.587742556,-0.145088265,-0.581017985,0.200952576,0.0,-0.29919685719152067,0.2872566707947596,-0.10758561289408165,-0.42130209232394444,0.16422985138328378,0.17434372731717312
01-02-2017,-0.03155241,0.135521971,0.05914585,-0.271046094,0.084712142,-0.337834926,-0.16922869917205602,0.2134121667524867,-0.02642026507693206,-0.34840813167991286,0.1253124004689014,-0.0753660307317238
02-02-2017,0.123210183,-0.031094069,0.220154318,-0.328441037,0.572113182,-0.071040173,-0.02658706372500122,0.09442033886215319,0.09369520840853053,-0.33878166456397396,0.3430564374727494,-0.07336084102680346
03-02-2017,0.496264695,-0.079253725,0.112801836,-0.556065516,0.725390796,0.019683913,0.22802334901840962,0.009837078697086846,0.1028814836415892,-0.44493202513286245,0.5291553936102983,-0.028152119025034596
04-02-2017,0.493544021,0.103023832,0.229647814,0.094099788,0.340772523,0.08247394,0.35756723455680617,0.05518447011909426,0.1645662769514557,-0.1822703316562497,0.4374183521546914,0.025481158059370415
05-02-2017,0.034441796,0.311422115,-0.061919574,-0.111345579,0.278714118,-0.448671618,0.20043355079355304,0.1800627726111917,0.05408080599171893,-0.1478927279543173,0.36037425688944275,-0.20551165599859916
06-02-2017,0.158174006,0.275450498,0.057713038,-0.547285969,-0.073972893,0.0,0.18017719170884028,0.2269066686471603,0.055712914851396275,-0.34255681803295746,0.14894841181837967,-0.1055721782927214
07-02-2017,-0.243875023,0.215465723,-0.008640461,-0.537090127,-0.03665602,0.2508108,-0.026106953600077684,0.22130729148840492,0.024336831424149268,-0.4374778282997468,0.058650484239196374,0.06814764367046824
08-02-2017,-0.361557502,0.0,-0.617290981,-0.630370296,0.17024983,-0.001627577,-0.18950609756828937,0.11328960334048534,-0.2883590212578082,-0.5315062157014326,0.11293890502790528,0.03390183266322116
09-02-2017,-0.148502829,-0.054161346,0.060753753,-0.394230415,-0.191887035,-0.448325218,-0.16939247662559956,0.03195764224679386,-0.11823865967372263,-0.46475143522821183,-0.03559294539779162,-0.20132172897312495
10-02-2017,0.475009319,0.617337557,0.592986179,-0.026479179,0.590375094,0.198730654,0.14464909785963237,0.31681183744278507,0.22828880030088144,-0.2511518269531017,0.269233840597786,-0.0065398687831706714
11-02-2017,0.199026267,0.203455472,0.423233662,0.077647667,0.537384897,0.022131586,0.17125106338198348,0.26169669143898067,0.32337137842770775,-0.09094742102049927,0.39999222524928624,0.007634360644905171
12-02-2017,0.048177215,-0.525056362,0.237825171,0.125685947,0.181552641,-0.098420745,0.11131891290632256,-0.12143014779526917,0.2817570148364771,0.014744240064351578,0.29346110342664766,-0.043987215001624044
13-02-2017,-0.318805237,0.554589448,-0.109360682,-0.479868468,-0.264264288,0.0,-0.09847750366715634,0.2079024170662654,0.09130809148785449,-0.22587859186491993,0.021467858951361662,-0.02259599383457083
14-02-2017,-0.190421454,-0.361408787,0.058634024,-0.158419304,0.08243851,0.631787743,-0.14363993563239114,-0.06940263134716518,0.0753034157636342,-0.19321062686589813,0.05097495892410133,0.2961565216208337
15-02-2017,-0.638820602,-0.442666879,-0.169167331,-0.52949844,-0.288477193,0.279637507,-0.38500381435926045,-0.25149418280512725,-0.04371836143149349,-0.3571017875070469,-0.11454832324519829,0.2885702260535826
16-02-2017,-0.164482872,-0.331030946,0.329188091,-0.343678123,0.018324195,-0.105953419,-0.27790215614488334,-0.29057144741507446,0.13789985744369956,-0.3504438190033391,-0.04983760347009246,0.09653607984056933
17-02-2017,-0.214421517,0.469935313,0.054621228,-0.373363418,-0.118555389,0.587596518,-0.24699530178046447,0.07963590207020163,0.09741712620753755,-0.3614945878960407,-0.08332528166589362,0.33568650011903517
18-02-2017,-0.061803633,-0.310334538,0.107157361,-0.318968397,0.092414299,-0.147833765,-0.1566983493948043,-0.11030945515224132,0.10260573806711576,-0.34060899261552424,0.0021383293606699882,0.10032316415787333
19-02-2017,-0.039260605,-0.447821153,0.0,-0.138109338,-0.178091085,0.493885572,-0.09948741983908485,-0.27478095069317104,0.05264187323086034,-0.24191732429751797,-0.08554966439880499,0.29240809420438585
20-02-2017,0.092707344,0.026139899,0.39240261,-0.270430468,-0.127310454,0.0,-0.006205776978652329,-0.1287245775185776,0.21783926335803971,-0.25594258924145846,-0.10631473692618304,0.15000410216321228
21-02-2017,0.501068814,-0.281776605,0.0,-0.206456155,0.560763486,0.577730164,0.2408126306516695,-0.20349793286676743,0.1115799890597537,-0.23203949064611668,0.2182886020632902,0.35847276987948135
22-02-2017,-0.226640542,-0.194634118,0.0,-0.356811322,0.400677288,0.002467399,0.013187523685975089,-0.19898008029327324,0.05713961757141653,-0.2930504910227967,0.30717167837295534,0.18530920464316544
23-02-2017,0.127161291,-0.590001736,0.14603435,0.322901168,-0.067790979,0.011605933,0.06892172076527882,-0.3899542059424872,0.10055262538929273,0.00715878373605125,0.12484308781460407,0.10079536233058045
24-02-2017,-0.230961539,-0.399434995,0.0,-0.294373952,0.549536904,0.0,-0.0770214758303432,-0.3945909730196681,0.051589084332229515,-0.139646179606289,0.33178144385783587,0.051358336620663025
25-02-2017,-0.282125227,-0.118268791,0.176804936,-0.860340592,-0.064423454,0.0,-0.176600287819541,-0.25993619278090546,0.11273148767344013,-0.49052887544112744,0.13913384344481172,0.02619486533269685
26-02-2017,-0.119132135,0.208170147,0.0,-0.407687922,0.150893902,0.669436493,-0.14860914959873933,-0.03182934003560267,0.05767416883928263,-0.45025957370653924,0.14493828393085545,0.3396659953813568
27-02-2017,-0.015222245,-0.14783746,0.0,-0.066526141,-0.002731112,0.0,-0.08358185557310831,-0.08865994346806674,0.029577038759249448,-0.2633512059055856,0.07315669845808874,0.1740260087878165
28-02-2017,-0.069426409,0.0,0.0,-0.688635939,0.047005196,-0.344756858,-0.07669878395480115,-0.045327115748011015,0.015118917154976905,-0.470516681862576,0.06040367000368838,-0.07852695153168227
01-03-2017,0.021784986,-0.677042335,0.0,-0.358429686,0.552892932,0.0,-0.028740417289315583,-0.35285105129694255,0.007762310888600677,-0.4161136739190626,0.30049374662474065,-0.04062330553442354
02-03-2017,-0.390772969,-0.405790616,0.0,-0.659342857,0.385986637,-0.096548951,-0.20519903203526038,-0.37887834747056826,0.003742001552474239,-0.5347059682540747,0.3424113835798549,-0.06789563055740433
03-03-2017,0.243267566,0.723266451,0.655811554,-0.046402372,-0.045719346,0.698309814,0.012857292516182936,0.15802960155674875,0.32143450639747506,-0.2970065593119002,0.1531775768965408,0.30500158517640813
04-03-2017,-0.278954495,0.366481704,0.0,-0.626660468,-0.490206112,0.44959829,-0.12916576402072444,0.25980673525190867,0.16502997823225493,-0.45757782273069353,-0.1604342872449018,0.37563710135383344
05-03-2017,0.355297431,0.177339024,0.246937553,0.318518082,0.225407068,0.478826741,0.10670718458991478,0.22015513370139694,0.2049473650389356,-0.07994555914855564,0.02749130283365754,0.4261371048340147
06-03-2017,-0.486406193,-0.354161116,-0.654514265,-0.644502409,0.091986787,0.645498055,-0.18205001499521822,-0.05926925046104635,-0.2136577700510515,-0.35486634807927536,0.058590006120727366,0.5332746166734806
07-03-2017,-0.163442917,0.238111892,-0.196783292,-0.464513129,-0.041506811,-0.117423156,-0.17292253294752097,0.08565228961642296,-0.20567857414904928,-0.40797316937283085,0.009898817497097003,0.21658341382258178
08-03-2017,-0.503331431,0.039134849,-0.332984443,-0.759252798,-0.100534464,-0.596268626,-0.33393206189203817,0.06291289223916006,-0.2678298912204006,-0.5791178041796758,-0.04399202012292921,-0.1797212497906764
09-03-2017,-0.276907159,0.0,-0.331713983,-0.613578718,0.088453137,0.0,-0.3063469730870507,0.03239221967589036,-0.29912046956385185,-0.596225084405382,0.020510063051529713,-0.09227196629646588
10-03-2017,-0.550794251,0.097038098,-0.354734913,-0.572904747,-0.073143068,0.311617521,-0.42558929675186996,0.06390796401213447,-0.32640145227956197,-0.5848060505311292,-0.025134442902651752,0.10466071641754099
11-03-2017,-0.506956122,0.003131114,-0.449611101,-0.525163213,-0.05990199,-0.001454763,-0.46550883681803,0.03475671778859159,-0.3866319308897261,-0.5558882467539246,-0.04243168791661999,0.05302583872931312
12-03-2017,0.125936702,0.277099559,-0.010848623,-0.260784081,0.264448968,-0.022403202,-0.17740118664551485,0.15310000865260118,-0.20378893279869528,-0.412048492841803,0.10681582864292297,0.016369331437655885
13-03-2017,-0.481003382,-0.015417881,-0.441867086,-0.596854328,-0.1288656,-0.117548844,-0.32557788789233255,0.07064408130432485,-0.3203142811469908,-0.5023131457509091,-0.007914273142844291,-0.04929881775358738
14-03-2017,-0.270717379,0.464950965,-0.015706335,-0.516276869,0.105010695,-0.0670437,-0.2988785961577679,0.26256811474215147,-0.17210700755815048,-0.5090392131969406,0.04740213599807031,-0.05825350767428049
15-03-2017,-0.021402953,-0.095262959,-0.137641984,0.18162987,0.069449412,0.40858884,-0.1640972641875426,0.08828461832987805,-0.15557536829665847,-0.17305633582028446,0.05803326450773671,0.16886043714612742
16-03-2017,-0.049498336,-0.14223934,-0.049148178,-0.181933139,-0.173782203,0.399147965,-0.1080644911852108,-0.02375299539810727,-0.10341437375287789,-0.17708882904735368,-0.05492895850938398,0.28076166123364993
17-03-2017,-0.122262208,-0.569092945,0.122736895,-0.23023659,-0.18561082,0.0,-0.11494732382430402,-0.28960657111853827,0.00682507451844739,-0.20280436099679966,-0.1186058641011643,0.14422064922974623
18-03-2017,-0.006204014,0.01314914,-0.04312161,-0.191655318,0.090951408,0.193492253,-0.061726456487394735,-0.1423069369155195,-0.017298403217900334,-0.19702749956257518,-0.01652015575815291,0.16868504428581266
19-03-2017,-0.336656818,-0.270552011,-0.173354289,-0.139449504,0.01725209,0.268839084,-0.19553991049207997,-0.2048765451386097,-0.09313433781107106,-0.16871705784110136,-0.0001313059692185821,0.21758497400799248
20-03-2017,-0.60433593,-0.051906215,0.0,-0.458600294,-0.331212192,0.0,-0.3944862528873354,-0.1305361512727372,-0.04759681679681811,-0.3096984057433011,-0.1613896081569202,0.11151863800991245
21-03-2017,-0.342008452,0.558655093,0.0,-0.557028086,0.158176617,0.0,-0.36884918069349043,0.20515695193220043,-0.024158247782153426,-0.4300645513170388,-0.005758938186581561,0.05725647984349084
22-03-2017,-0.775396436,-0.062762386,-0.198599956,-0.815869216,-0.293721749,0.138544641,-0.567226969821041,0.07458126370876131,-0.10915500835447112,-0.6181346664814978,-0.14622279537217156,0.09690970012250977
23-03-2017,-0.176791642,0.232020574,0.154605038,-0.286133302,-0.135118288,0.501691385,-0.37705920250138436,0.15134195637419462,0.019555946028922626,-0.4563958294315238,-0.14082340904302548,0.29425348658567063
24-03-2017,0.030367047,0.0,0.0,-0.148227078,0.040509797,-0.325479137,-0.17862588259150908,0.07741326726801837,0.010050095883053833,-0.3062179882949873,-0.05262976778098788,-0.0074580367831138805
25-03-2017,-0.073589093,-0.506709776,0.211345426,-0.195048501,0.494859893,0.035581939,-0.1275491359235305,-0.20706611570245725,0.10821334051237125,-0.2523583711183485,0.21403309630243736,0.013253202828000795
26-03-2017,0.209713167,-0.430701953,0.0,-0.687725274,0.351808955,0.02007703,0.036717646214577904,-0.3160623414340048,0.05558905491548584,-0.4645140597498739,0.2813983533106955,0.016338524621954797
27-03-2017,-0.406917708,-0.199187452,0.0,-0.660780347,-0.127419375,0.069943665,-0.17932421774222257,-0.2589636681870332,0.02846427175775086,-0.5602808256672664,0.08251072577237789,0.04246523549488817
28-03-2017,0.483234962,-0.277765658,0.020716492,-0.247580552,0.490033981,0.702598542,0.14336920403387404,-0.2682927707203543,0.024733916357561572,-0.40816090099977104,0.2810520088866661,0.36399046322406675
29-03-2017,0.42223064,0.517043878,0.0,0.123584043,0.537190167,0.500314254,0.2795289386058161,0.11432693212625206,0.012806301093435684,-0.14925982528327789,0.4060068294577124,0.43046680784075353
30-03-2017,0.297844616,0.189395525,0.44897699,0.094064437,0.413298869,-0.540742075,0.2890004134894041,0.15100363885044438,0.2253178710995118,-0.0305197355251077,0.41001663092488233,-0.0424420851850863
31-03-2017,-0.092261463,0.001149161,0.116013621,-0.049964972,0.502246324,-0.164717685,0.10363976207294975,0.07774134439082203,0.17220422621322456,-0.03966705991439444,0.4551073545400549,-0.10204142886849114
01-04-2017,-0.118735452,0.33538869,0.092285858,-0.042236792,0.504075578,-0.018446388,-0.004157060149612785,0.2033549980584394,0.133497674557052,-0.04043777155263942,0.4794291127767386,-0.06146285233613344
02-04-2017,-0.028648089,0.0,0.108698533,0.452036185,0.596045588,0.415605492,-0.015982121945920857,0.1042620773201777,0.12140237336137918,0.19964931291492238,0.5366260374506484,0.17061706115611813
03-04-2017,-0.355154281,0.0,0.479012774,-0.479881641,0.394167945,-0.243269822,-0.1812565233759485,0.05352993536207898,0.29570647508640713,-0.13120445242264323,0.4675276473864754,-0.030722238529553136
04-04-2017,-0.164787144,-0.290706795,0.563685723,0.064686862,0.449575092,-0.315773529,-0.17329935092052368,-0.11383583611094109,0.4263190514449339,-0.035726048345122885,0.4587641632901602,-0.16964116791498712
05-04-2017,-0.048318218,-0.37956084,0.053749803,0.119247056,0.225189067,0.029001618,-0.1126456586277407,-0.24310136497835452,0.24506655971512875,0.04018155901458769,0.3450320117727317,-0.07297945534080667
06-04-2017,-0.150516755,-0.326617035,-0.028938212,0.098603759,0.210245355,-0.012200701,-0.13091410929390315,-0.2838176705816473,0.1117225859097147,0.06907964300188311,0.279656494568619,-0.043456485996713756
07-04-2017,0.311201556,0.396834204,0.0,-0.242260295,-0.171793764,0.627190322,0.08410513881915023,0.047794152243514076,0.05734744332358694,-0.0824097422675847,0.05957817349258106,0.282822014523881
08-04-2017,0.493601539,0.016812918,0.464468045,0.094033924,0.376821523,0.741524963,0.28340332912722516,0.03240905538017083,0.25573334312553825,0.003426403206654674,0.2138439229499832,0.5061685747931178
09-04-2017,0.009057596,0.282506934,0.135137642,-0.279305911,0.005977458,0.385074528,0.14973233504695152,0.1541601336329846,0.19685894934815634,-0.13437780193317037,0.11244710771960557,0.44782031953232315
10-04-2017,0.523691112,0.326003258,0.704210874,0.188116177,0.155909253,0.783496368,0.3320761837253964,0.23797747573802744,0.44409241097808616,0.022689865098372716,0.13338030389949454,0.6117424602742245
11-04-2017,0.489514028,0.0,0.0,-0.22592534,0.76837444,0.211711482,0.40905987703453595,0.12197375863885372,0.22794742614559102,-0.09839593022528378,0.4425214535003107,0.41723693937918044
12-04-2017,0.638512064,0.268040937,0.0,-0.152975873,0.776768495,0.55935147,0.5211210431183999,0.19321374076232906,0.11696471437399904,-0.12532872219069013,0.6052723956936099,0.48647656406320144
13-04-2017,-0.444095037,0.072892768,-0.403018367,-0.708727922,0.211524261,0.121957911,0.05140827608188725,0.1347128109629246,-0.1365970379719373,-0.4093426773521235,0.4135680492122227,0.30933448016706255
14-04-2017,-0.128511623,0.537904053,0.052347941,-0.411280124,-0.09658828,0.196350134,-0.03611517481303601,0.33141253141880506,-0.04497669098142512,-0.41058051995949096,0.1649960746367096,0.25467576399735253
15-04-2017,-0.145341791,0.609940121,0.001029504,-0.419901206,-0.108175795,-0.231800056,-0.08932313400829187,0.46755280955134176,-0.022623552299122496,-0.41545009480442385,0.03186862279629698,0.01780325288703795
16-04-2017,0.36715656,0.432521644,0.44734358,0.054531814,0.197144429,0.115341924,0.1331130440535514,0.45097793352734095,0.2063497183201441,-0.18679226958325318,0.11228087775424915,0.06534298085068493
17-04-2017,-0.628655863,0.128398056,-0.104314962,-0.756746666,0.575595062,-0.278446776,-0.23813340600745542,0.29384964867321567,0.055120924656029656,-0.4644413192561851,0.33818503247937143,-0.10250075246408821
18-04-2017,-0.121183427,0.37106836,-0.018471905,-0.495876019,0.355986275,0.28916626,-0.18160873396486027,0.3316426010135106,0.019012475894631047,-0.4801026684090638,0.3468338938524196,0.08779723446967079
19-04-2017,-0.455823391,-0.387569058,-0.53513588,-0.699714253,0.219645126,-0.500577005,-0.31532513236236326,-0.018728947870829765,-0.2510422178908308,-0.5872225720931676,0.28507849731924906,-0.19904472937004247
20-04-2017,0.154005678,-0.115512852,0.031471174,-0.287617232,0.490460603,0.013847854,-0.08718601091952412,-0.06609609240156125,-0.11399315715016518,-0.44173471196818104,0.38522134617308584,-0.09593204867325858
21-04-2017,-0.1689076,0.0,-0.504358645,-0.401363057,0.169211871,0.0,-0.12735857892200708,-0.033934865340121564,-0.3042510387998133,-0.4221993325888096,0.2797433341239519,-0.04938442371211949
22-04-2017,-0.180468573,0.212008267,-0.307328656,-0.130256337,-0.114550684,0.215533627,-0.15370878614495836,0.08570211056162423,-0.30593910790484835,-0.28013078190273977,0.08733396940981597,0.07930698693917251
23-04-2017,-0.364303466,-0.225204905,0.013767081,-0.223794395,-0.30903352,-0.33261744,-0.256131078946153,-0.06576475054994335,-0.15011712959059323,-0.2524177866921571,-0.10585442741523056,-0.12141023822289392
24-04-2017,-0.022501128,0.27352053,0.429291411,-0.385342935,0.174323706,0.296449161,-0.14238501455253844,0.09916173277782603,0.1320468639436947,-0.3170808064503304,0.03064342972682913,0.081975056579466
25-04-2017,-0.154534213,-0.152031328,0.15408844,-0.064354553,-0.211933848,0.628410867,-0.1483023061201774,-0.023536956253001923,0.14286681879111782,-0.1938880880413414,-0.08745485412505735,0.34839472482504735
26-04-2017,-0.133194895,-0.157859109,-0.204990982,-0.308926998,-0.224025391,0.102869067,-0.141261531853193,-0.08926187062031334,-0.026799299666309048,-0.25008940796441986,-0.1541688777128459,0.22891840933244453
27-04-2017,-0.336096295,-0.429020029,-0.001266193,-0.539976454,0.247615366,-0.151262962,-0.23588339624734805,-0.25492799059031473,-0.014311433644225803,-0.3910090777512603,0.04112909957622053,0.044007520273228115
28-04-2017,0.210701957,0.055553792,0.144267645,-0.090202393,0.617822296,0.16715357,-0.018376829275143197,-0.1040484991092098,0.06295133485227304,-0.2443901642898394,0.32190048294852197,0.10385262829180747
29-04-2017,0.177689766,0.089661206,0.065054714,-0.074433275,0.420816491,0.461373379,0.07741861724424112,-0.00949677521871306,0.06434693984815637,-0.16130435793529901,0.3701560515812425,0.2784125441333608
30-04-2017,-0.071659514,-0.148957809,-0.055226643,-0.224313451,0.468103314,0.234119485,0.004739831263497862,-0.07737686372528467,0.006110726093345082,-0.19192425366595384,0.41780165050195184,0.2569968750296261
01-05-2017,-0.672113939,-0.669648771,-0.678876382,-0.492368032,0.042888588,-0.381675753,-0.32491762974107574,-0.36598143760905605,-0.3273004807766947,-0.3381714787924519,0.23529704809937887,-0.05400694307030876
02-05-2017,-0.478210649,0.213403064,-0.431762334,-0.383289031,0.136149829,-0.105704472,-0.39969199796976346,-0.08406199281102521,-0.37820698299386757,-0.36028179541520583,0.18720915065323418,-0.07936125318144199
03-05-2017,-0.123485831,0.618936278,-0.261886121,0.071759874,-0.27791798,0.086759723,-0.26514549113119223,0.2585283247274526,-0.32177815634947915,-0.14987446243562805,-0.039094456000044936,0.0017303967952336519
04-05-2017,-0.701313908,0.111233311,-0.378762758,-0.650634537,-0.430035075,0.0,-0.4777984608928796,0.1867564695063747,-0.3500069065399697,-0.3937002311797055,-0.22969418979535133,0.0007046076991470973
05-05-2017,-0.089193124,-0.025798116,-0.70114084,-0.506181401,-0.183098537,0.471572247,-0.2886692430144211,0.08340931541910639,-0.5213929360632052,-0.448705589140895,-0.20700366403398146,0.22972349539474599
06-05-2017,-0.120382217,0.268057306,-0.034321757,-0.451637839,0.075066273,0.0,-0.20677571281069534,0.17351994797625384,-0.28428661832632696,-0.450220856855347,-0.0695678153659496,0.11788019318011661
07-05-2017,-0.039183472,0.085570273,0.330896242,-0.082747769,0.079723269,-0.346823804,-0.12504410232623434,0.13104420363102304,0.0152567811444696,-0.2711312471784961,0.0029705722806267765,-0.10835807032850171
08-05-2017,0.182496062,0.0,0.0,-0.310357967,0.432132086,0.142404396,0.024582188318529097,0.06724589242685546,0.007743642224036396,-0.2903548007774551,0.2116780843596671,0.013643307723638615
09-05-2017,-0.15715243,0.0,-0.101492178,-0.06090485,-0.001144695,0.058012375,-0.06405437834046274,0.03446959963888123,-0.04551190210371042,-0.17869999464888736,0.10786053427206771,0.034982440020995015
10-05-2017,-0.108918846,0.0,-0.140485986,-0.193237824,-0.170373672,-0.429958715,-0.08590776220422983,0.017789640984245948,-0.09177752888984778,-0.18575458568878178,-0.0279193428557407,-0.19166171566929802
11-05-2017,0.156096516,0.0,0.0,0.109761401,0.212945588,0.741762315,0.03236089275944561,0.009548709148734506,-0.04669923014468184,-0.04158822666333458,0.08938684971775886,0.2632230046473492
12-05-2017,0.061802276,0.664000655,0.0,0.065225103,0.279898983,0.660283503,0.0470213905328221,0.3282732068428368,-0.02370847821608678,0.01066340362933385,0.18217592130590837,0.45690078206287454
13-05-2017,0.204313345,0.0374101,-0.025551612,0.128212527,0.173959122,0.131571656,0.12376020850652028,0.18638363415223644,-0.02445878086583342,0.06789579712311976,0.17845794519072478,0.29862898342346045
14-05-2017,-0.014445632,0.219763186,-0.057412349,-0.140692971,0.108356899,0.078525337,0.05693749201738938,0.20269284453111655,-0.04029417580541416,-0.03328374708274544,0.1446817958332373,0.19157900517018314
15-05-2017,0.635551066,0.0,0.0,0.325909162,0.660444711,0.620488595,0.33893031560055925,0.10408197191660738,-0.020252990674141713,0.1420092952972553,0.3961662238652002,0.40037140180046854
16-05-2017,0.357708188,0.0,0.0,-0.341108903,0.440287178,0.130870319,0.3483637376722209,0.05327126235364147,-0.010376951574044158,-0.09299921812303384,0.4178611730832837,0.2693179321484349
17-05-2017,-0.132894962,0.009742742,0.0,-0.191357087,0.115871099,0.285228148,0.1141333890761841,0.032044014103901695,-0.0055328704741508215,-0.14092581445951127,0.2709403855836204,0.27745146255099506
18-05-2017,0.109976636,0.250049833,-0.129226469,-0.377041858,0.14000867,0.243608586,0.11206581990438763,0.13827695215146016,-0.06580018240515413,-0.2558571852406034,0.20705012866223066,0.26104684790296406
19-05-2017,0.21067818,-0.2474395,0.556956138,-0.313025395,0.500800882,0.383241386,0.1602769725205715,-0.04955949050725769,0.23763064041610282,-0.2838305799719277,0.3502954382723879,0.32070627032306387
20-05-2017,0.083625635,-0.367837987,0.281697266,-0.068217206,0.206498737,0.23613018,0.12309912740644686,-0.20465642919650456,0.2593344727062896,-0.1788392866440488,0.28056009763024004,0.27996598832558867
21-05-2017,0.057136202,0.254544668,0.036100445,-0.163881931,0.12696655,-0.070219845,0.09094133867320495,0.018940789178763615,0.15073499976618301,-0.17173096076282093,0.2057707970665385,0.10906810264768083
22-05-2017,0.38687867,0.0,0.690568081,0.234741184,0.347801487,0.436847426,0.2351409353431107,0.009312824492797134,0.4138367092189012,0.02615653167608048,0.27492260101039356,0.26842137285548257
23-05-2017,-0.068040116,-0.232115521,0.036112907,-0.391273523,0.190970689,0.257958095,0.0874493583660137,-0.10832918961595883,0.23008100723209282,-0.17727988433045933,0.23408358549874497,0.2634084844689299
24-05-2017,-0.092156795,-0.333813419,0.0,-0.243384939,0.127903192,0.130987391,7.895499855720134e-06,-0.2183891901595163,0.11816312530728056,-0.20950914447077199,0.1824301430333908,0.19900717540219293
25-05-2017,-0.253316636,0.0,0.0,-0.195061898,-0.1513167,0.332752463,-0.1238066102927557,-0.11212474883955977,0.06066697137115115,-0.20280237981292498,0.019531325483255632,0.2639069374662616
26-05-2017,-0.441856706,0.0,0.0,-0.316223823,-0.293054484,0.705517336,-0.27906009708978097,-0.05756676552145974,0.031147461661809168,-0.2579758828839798,-0.13302227273074704,0.47914329635351205
27-05-2017,0.401504059,0.230209717,0.319731408,-0.13970026,0.251081976,0.198986334,0.05242211456614487,0.08259704075404974,0.17176571302265076,-0.20039296072426538,0.05396011412939218,0.3427702418994498
28-05-2017,-0.041633228,0.151458952,-0.346520229,-0.445922108,-0.017295683,-0.018418101,0.006562392210457044,0.11604293852496457,-0.08055808265585583,-0.3199059484501323,0.01919072951796269,0.16685971279866568
29-05-2017,-0.4171164,0.467071266,0.0,0.23295699,-0.248188322,-0.085710842,-0.19998170714262511,0.28729033215777194,-0.041705228723980206,-0.050553781132819206,-0.11137573612554261,0.04367243972814347
30-05-2017,-0.505402973,0.0,-0.100007571,-0.414997423,-0.288213805,0.409731262,-0.34895968252647924,0.14772784557819293,-0.07031081918702599,-0.22810083279068616,-0.19772885020275244,0.22189803410674747
31-05-2017,-0.668868637,0.0,0.0,-0.541814893,-0.576783924,0.097681511,-0.5050720486706652,0.0756881793196492,-0.036121161615002347,-0.3809830541195218,-0.3826069070916988,0.16156050445753348
01-06-2017,0.04122999,0.564327331,0.132016405,0.038280668,0.198697949,0.154379107,-0.23946514167590707,0.3138015258771496,0.04534538065250156,-0.1770983159148073,-0.09984636429418227,0.1578910203089904
02-06-2017,-0.432585983,0.712368674,-0.490409557,-0.584860292,-0.2126745,-0.058443948,-0.33366046672196115,0.5083230864492844,-0.2156702605968978,-0.37562834276470414,-0.15499687610739254,0.05242994913370471
03-06-2017,-0.319496916,0.209571484,-0.184642076,-0.266738325,0.130020975,0.181962587,-0.3269096833053492,0.3632925864629369,-0.20068696093595606,-0.32265880403295577,-0.016310755897531504,0.11548991944232939
04-06-2017,0.164377127,0.356787695,0.307551257,-0.16305791,0.4266015,0.53958148,-0.08759894872849902,0.3603486370279291,0.04680374664581316,-0.24497989774814308,0.19956109273092115,0.3219738531527078
05-06-2017,0.084695467,0.528266444,0.0,-0.582032265,-0.236621043,-0.036384131,-0.0034369569343007597,0.44238210882553763,0.02402984476282472,-0.4091486190882949,-0.01264267702268708,0.14714299097635525
06-06-2017,-0.653620603,0.181785872,0.0,0.068847512,-0.643842138,0.762136603,-0.32045939848203525,0.3155504168618087,0.012139090318269076,-0.17643457847061575,-0.32032840980834104,0.44673752505597386
07-06-2017,-0.720810383,0.218491656,0.0,-0.841968137,-0.07399329,0.357141291,-0.515684444745351,0.2683648477259144,0.006447270026169974,-0.5005173755336598,-0.2005011117964883,0.4033743897906643
08-06-2017,-0.491423024,-0.196389578,-0.289284046,-0.621701975,-0.138197922,0.487167094,-0.5039253251452056,0.041811934093775135,-0.13762989076371457,-0.5600136420327899,-0.1701172487658384,0.444501687227558
09-06-2017,-0.438589899,0.050830888,0.0,-0.64789776,-0.388716018,-0.1576443,-0.4720927990922521,0.04623191938969483,-0.07059953422504822,-0.6029209547486583,-0.2765459821526762,0.15115596762261246
10-06-2017,-0.351941875,0.397074395,0.00761154,-0.230032849,-0.018703002,0.317865083,-0.413432911913053,0.2171920603299101,-0.03253864501511949,-0.4212866714756015,-0.15073797461991473,0.232410289883405
11-06-2017,-0.226556932,0.011571412,-0.168184129,-0.236044708,0.223276134,0.191659678,-0.3226682953879333,0.11679784713267542,-0.09872754900810002,-0.3313211934196424,0.031266127108832656,0.2126048548577496
12-06-2017,-0.284303871,0.318814367,-0.093003137,-0.0160875,-0.400633848,0.310778908,-0.30390888375216657,0.21485161154402116,-0.09569574386358141,-0.17758121799495416,-0.17900554767190327,0.2606035980493503
13-06-2017,0.025901273,0.283752365,-0.052264963,-0.018328148,0.200950466,-0.293927294,-0.1432147499595611,0.24842353309940174,-0.07448099148863094,-0.09993737840984426,0.005918522577160953,-0.009516707417690284
14-06-2017,-0.205797368,0.380680425,-0.356563717,-0.301700448,-0.395758509,-0.549463486,-0.1738959001671375,0.3127922868189258,-0.21214938853997056,-0.19819779674059718,-0.19004053327745152,-0.2729208080329399
15-06-2017,-0.551841225,0.120583921,-0.113305079,-0.465331021,-0.762592778,0.0,-0.35819229758651727,0.21901421067361526,-0.16412369228617574,-0.3281078922262316,-0.4689607727438426,-0.140099655699057
16-06-2017,-0.42618207,-0.050133355,0.015708843,-0.333793082,-0.260583098,-0.18836715,-0.39113393800689994,0.08790781567718929,-0.0766105192069903,-0.3311238578525544,-0.3673301309925869,-0.16417513382456905
17-06-2017,-0.174641178,0.589021965,-0.134856723,-0.318820222,-0.290487857,0.500422332,-0.2854536253538444,0.3319711223868636,-0.10503574018849705,-0.324812751403746,-0.3300742292530552,0.1592954544518963
18-06-2017,-0.21087225,-0.055795649,-0.139530858,-0.425536636,-0.164441927,0.097581921,-0.24898965472051493,0.14337762220146633,-0.12172762238953141,-0.3737016407823579,-0.2494966585353747,0.12902515070718884
19-06-2017,-0.814827909,0.0,-0.877257543,-0.530556708,-0.467735043,-0.283615014,-0.524550141838997,0.07358100900350371,-0.4898994745956817,-0.44995187620611,-0.3557367146225386,-0.07183659517328808
20-06-2017,-0.806959432,-0.118800084,-0.426451239,-0.707122669,0.43056528,0.0,-0.6622477928000352,-0.02034819558807493,-0.4592957816600412,-0.575382591891925,0.027142935445735622,-0.03707922390648319
21-06-2017,-0.559341771,-0.434601105,-0.429268515,-0.471721988,-0.791129664,0.638814582,-0.6123818211248294,-0.2221932104433404,-0.4448469081262164,-0.5250892438019248,-0.37164346634281503,0.29207638125428936
22-06-2017,-0.538928158,-0.143078791,-0.143090194,-0.070913822,-0.416101901,0.021371192,-0.5767984010281785,-0.18398387633210567,-0.29804831233814033,-0.3041292526103869,-0.39328577023233546,0.16017642864930146
23-06-2017,0.006164171,0.0,0.112219977,0.12875367,0.07882112,-0.729987843,-0.2931510308475303,-0.09463640696735179,-0.09831680039806198,-0.09340463773396508,-0.1636423634260748,-0.27323263819599375
24-06-2017,-0.308718928,0.419164277,-0.15341068,-0.281301334,0.012189846,0.063984314,-0.3007899176414158,0.1553940712576573,-0.12499857789934624,-0.18481930544646535,-0.07783247981351796,-0.10876828549771808
25-06-2017,-0.389045057,-0.260433592,-0.681777249,-0.384096519,-0.02723249,0.115798568,-0.34363241895715246,-0.04717679374531694,-0.39627001805234197,-0.2817338182276236,-0.05275544489654117,0.0005738997365989512
26-06-2017,0.307285279,0.04634015,0.295270678,0.180757167,0.0,0.0,-0.02645223779655434,-0.001613233284925679,-0.05960481688657451,-0.05637458516334705,-0.02692397896091687,0.0004114434017450132
27-06-2017,0.007670426,-0.257156992,0.201596882,-0.032109453,-0.088722369,-0.012753071,-0.009735694913376312,-0.1264811087087242,0.06770006990064843,-0.044389817713901145,-0.05686891678942983,-0.0063123685461634015
28-06-2017,-0.254329895,0.218176882,-0.355840088,-0.515432329,-0.113924065,0.0,-0.12877799054191374,0.041393440792022645,-0.13852143874124231,-0.27364677802048865,-0.08459965254462554,-0.003301381878934214
29-06-2017,0.15919249,0.379977524,0.199360392,0.275808887,-0.334767702,0.683829781,0.011947438252258052,0.2063782572528779,0.026553612267834162,-0.005791085990402622,-0.20624469891533945,0.33164472461807637
30-06-2017,0.04615963,0.093680403,0.514673923,0.483540175,-0.366092922,0.0,0.029123465251567057,0.15167315511792562,0.26464812599791926,0.23304737647703727,-0.2845180605183904,0.1702720790557701
01-07-2017,0.016263812,0.246933781,0.1200451,-0.046782561,-0.242560885,0.202888779,0.02322307136825015,0.19844791758686925,0.19462736042290185,0.0971503948912414,-0.2637622875870725,0.18587251941704208
02-07-2017,-0.402556094,0.129710808,-0.048449054,-0.231688644,-0.403368012,-0.448853339,-0.18386922667980757,0.1651707547535905,0.07640921882839798,-0.06295673738358884,-0.33168414776687927,-0.12326577113225046
03-07-2017,0.382964422,0.490553702,0.284497665,0.138084829,-0.105288579,0.388541615,0.09217595092047194,0.3238006850926959,0.17776831195147058,0.034872432788392686,-0.22163809337925444,0.1264644641319032
04-07-2017,0.018114922,-0.358480394,-0.284255987,-0.181217103,-0.515793878,0.0,0.05634176918506004,-0.008667771722156742,-0.04712593064192458,-0.07021098076723646,-0.3650966287335201,0.0648893485832072
05-07-2017,-0.425684818,0.213818598,-0.105803125,0.27587962,-0.6024323,-0.300459887,-0.17822683409409343,0.09988433804245675,-0.07532012716888337,0.09859998642514148,-0.4809367450669742,-0.11314142812799285
06-07-2017,0.44336567,-0.226752574,0.074171633,0.565189831,0.129762126,0.0,0.12431381138220891,-0.059220917575196874,-0.0027170840634969454,0.32587297735675624,-0.18370067245270416,-0.05808874607270717
07-07-2017,-0.597301928,0.220816159,0.050646248,-0.484812779,-0.254544286,0.105547448,-0.22718715558715466,0.07733668804245404,0.023155005733469358,-0.06887352357837787,-0.21827477674208923,0.021607174646258737
08-07-2017,-0.552246504,0.136254876,-0.278044248,-0.720386984,-0.506986138,0.425455734,-0.3855401873246054,0.10595447550561839,-0.12335515906919059,-0.3860158983572931,-0.3590004932994053,0.21837676583014065
09-07-2017,-0.012003217,0.380580293,0.163797425,0.023292639,-0.291070769,0.21155504,-0.20388963878343835,0.23958307070546597,0.016346322426218737,-0.18700993892035825,-0.325919958898057,0.2147646058927853
10-07-2017,-0.212524523,0.462192943,0.201102756,-0.212713687,-0.010289548,-0.042988895,-0.20825161778893536,0.3481297128578599,0.10605121634088488,-0.19994864161694056,-0.1721189951583747,0.08931951040595046
11-07-2017,0.105447916,0.0,0.382705355,0.168219098,-0.124888639,0.495637459,-0.05555549798007142,0.1785826476521965,0.240829241633853,-0.020671214524084547,-0.14906455196185955,0.28720838164731355
12-07-2017,0.219189369,0.725039466,0.066663976,0.189347682,0.425456364,0.504296208,0.07851615232120523,0.44484830280804644,0.1561547785521516,0.08178144073370965,0.13100138722150564,0.3934305837824559
13-07-2017,0.046073288,0.138643731,0.343745532,0.311059614,-0.236315313,0.0,0.06252112702204944,0.29563620503845855,0.24746996331558097,0.19345152453510478,-0.047809871622702935,0.20175308906009345
14-07-2017,0.118149185,0.54162332,0.443854485,-0.316839255,-0.03127798,0.279656655,0.08965081206907571,0.41588741622756165,0.3434787606408918,-0.05493132302630724,-0.03946532134381625,0.2398330263785092
15-07-2017,0.032669757,0.016332318,-0.167975573,-0.334469815,0.205784955,0.17217725,0.062209000129792004,0.2213482978320881,0.09457528865614095,-0.19132840329783155,0.08037038434456915,0.20720593342063903
16-07-2017,0.031628373,-0.275890981,-0.239490393,-0.305439476,0.342844112,-0.153415555,0.047073700634940395,-0.020630290322595043,-0.06816983330275997,-0.24739271487087444,0.2082177243396242,0.031638568262488564
17-07-2017,0.522604988,0.282538773,0.669042396,-0.130292097,-0.058084139,0.314878962,0.27915346131721097,0.12692485585662655,0.29092844183211575,-0.19019374508888903,0.07876160782937071,0.16958828705934442
18-07-2017,0.449535544,0.257456537,0.39018871,-0.147952482,0.429022523,0.807259535,0.3626796017927894,0.1905144860990816,0.3396411141610215,-0.16928494252350926,0.24977292731000994,0.4801049301443605
19-07-2017,-0.025860897,0.0,0.261166497,-0.136186717,-0.006062215,0.008525344,0.17361385432796458,0.09757742704775448,0.3015170806927326,-0.1532787947210058,0.12546464082056027,0.25051649182895186
20-07-2017,0.080426339,-0.273477436,0.215247574,-0.030498724,-0.065719139,0.505473992,0.12845204323427853,-0.08342765557358253,0.25954858581069207,-0.09342313527783398,0.03240351838238576,0.37491451072044185
21-07-2017,-0.493705794,-0.079292418,0.04650213,-0.436922706,-0.027570912,-0.200744208,-0.17465080343393077,-0.08146468351034386,0.15567537117635305,-0.26093935262447043,0.0032813272597943706,0.09437705476406434
22-07-2017,-0.057130455,0.430744322,-0.332960994,-0.488769321,0.19855122,0.414768276,-0.1176387405480895,0.1675849779671709,-0.08233449896391147,-0.3722179684987833,0.09815562603629056,0.25021842814601897
23-07-2017,0.173107537,-0.07363661,-0.364159452,0.138228959,0.309669386,0.57800187,0.0239121859707533,0.05007906237301697,-0.21990461950063245,-0.12395039228094999,0.20141312810457354,0.4100706186327847
24-07-2017,0.032459899,-0.540305562,0.0,0.0,0.026071666,-0.43072915,0.028018226797623797,-0.23786281836494236,-0.11317799969900064,-0.06344180318139361,0.11613053287295795,0.0005113837491358408
25-07-2017,0.410076544,0.0,0.072195036,0.072302602,0.346689944,0.077737304,0.21415526734696513,-0.12213296947162791,-0.022829740737557024,0.0028613120322396324,0.22840416081956605,0.03802963882603695
26-07-2017,0.329145473,-0.103821323,0.164985399,0.300354353,0.312655033,0.623747429,0.2702920026900712,-0.1131161472723703,0.06880867853205205,0.1479919438633081,0.26938047476750476,0.32351175366230334
27-07-2017,0.054428947,0.367551268,-0.025977593,-0.022670876,0.069424431,0.100580793,0.16496645154883677,0.12082109881127154,0.022256367588876363,0.06501706578204051,0.1721643461768845,0.21490449308115472
28-07-2017,0.148818619,-0.10460537,0.396776512,0.279446263,0.427207205,0.336281611,0.1569227388820723,0.010907948602985003,0.2044955430775325,0.16961964275373187,0.296262709639958,0.2736724999384751
29-07-2017,0.037376362,-0.223040126,-0.042597926,0.022743396,0.559228418,0.498591681,0.09879272746379383,-0.10306547130277849,0.08407574769887477,0.09825071704262762,0.42456781926582754,0.38341817931314676
30-07-2017,-0.157492224,0.576827184,-0.062346203,-0.055224293,-0.178753877,0.329639697,-0.026058659427306882,0.22828587079652304,0.012657216373296951,0.02355707388293855,0.13093172511703122,0.35714146776008104
31-07-2017,0.144825961,-0.668118067,0.445210315,-0.228358611,0.048028767,0.0,0.057486780907971734,-0.20825402986044816,0.2233773606667468,-0.0988914696460533,0.09063943905226307,0.18348701107515267
01-08-2017,-0.21224921,0.272178757,0.649161623,-0.109576449,-0.079810349,-0.023469846,-0.0738583130689271,0.025418024132325134,0.4311656400674302,-0.10385548638784581,0.007528897349097313,0.0825136261491077
02-08-2017,-0.558499444,0.766357273,0.317528238,-0.67115375,-0.339493552,0.409282134,-0.31013000972297133,0.3864672006262031,0.3762942930114945,-0.3803949521484995,-0.1617287868921876,0.24140897665991137
03-08-2017,-0.228420255,-0.063683953,0.290599148,-0.293659378,-0.343274874,0.471712209,-0.2705331956217728,0.16772687554616972,0.3347766829163379,-0.33837298448355857,-0.25029501125076503,0.3540301284704319
04-08-2017,-0.229818855,0.283173185,0.472204335,-0.043809925,-0.098749909,0.188302075,-0.251119049381488,0.22407664952024972,0.4018946439149583,-0.19511563572736557,-0.1768319452712529,0.27345824832944843
05-08-2017,0.186526917,0.019898816,0.405132451,0.133499299,0.371668237,0.488126377,-0.03825644212655957,0.12480392136464133,0.4036190040056966,-0.03532068934706489,0.09009544363906068,0.37782799558776536
06-08-2017,0.049773441,0.102661312,0.446043888,0.078267349,-0.128391108,0.555255125,0.004574505458839983,0.11386546675169532,0.4245548941850844,0.02001189041314621,-0.016339023855550784,0.46444291151138084
07-08-2017,-0.663932527,0.163264629,0.119722143,-0.236614923,-0.468816661,-0.36631288,-0.3212135031614022,0.13806834111073946,0.2760567136321978,-0.10517829766929099,-0.23706245858907582,0.059775734807218234
08-08-2017,-0.257267428,0.140471386,0.130278257,-0.385212071,-0.028699278,-0.208851453,-0.290281125935259,0.13946300998372207,0.20523060079537347,-0.24169088285753393,-0.1360410352253197,-0.07137229274083927
09-08-2017,-0.555710205,0.173621919,0.0,-0.135167144,-0.530280853,0.068913076,-0.4196812793697717,0.15583415062274525,0.1054075603696564,-0.18990782215016935,-0.3280893391352946,-0.003273492421188441
10-08-2017,-0.163253067,0.172747887,0.722195267,-0.005720523,0.331064048,-0.026628669,-0.295098719548641,0.16458544806609207,0.40569763883447213,-0.10014739299938966,-0.007181094405337762,-0.014654232123848433
11-08-2017,-0.30976672,0.273111031,0.187420226,-0.29402835,-0.099591795,0.144488035,-0.30229638133517567,0.2173927169074218,0.2992012925163011,-0.19460091349849493,-0.05215882444054804,0.06288580977202661
12-08-2017,-0.28113552,0.292454856,0.239936316,0.0,-0.317911959,0.152724959,-0.29182789426126354,0.2536228346595041,0.27031586011378844,-0.09949530431005466,-0.1814563690262092,0.10644092845252268
13-08-2017,0.26626249,-0.055365027,-0.017115981,-0.208940792,0.16617369,0.222549954,-0.019963948662707204,0.10327978874038646,0.13026565389642206,-0.1526970768785168,-0.011989659545911843,0.16278310431407722
14-08-2017,-0.644807928,-0.344253254,-0.290123371,-0.55937462,-0.625886558,-0.554111556,-0.3242596383296136,-0.11487115230007379,-0.07476111569363669,-0.35089907347394,-0.31102822202026403,-0.18650588423885567
15-08-2017,-0.066222199,0.191465011,-0.404758328,0.018092277,0.206625697,0.297712724,-0.19885974996344435,0.034293156924200874,-0.23583426727242013,-0.1714257550272709,-0.05924901823289688,0.04898853882858442
16-08-2017,-0.115425065,0.106780488,0.186120276,-0.205562493,0.028508612,0.188532461,-0.15836428875864417,0.06956680532907833,-0.03067957063909306,-0.1882120906074779,-0.016450375013681358,0.11666084311912689
17-08-2017,0.142479507,0.505808397,-0.047763017,-0.171108738,0.0,0.0,-0.011478847523064314,0.2820468835207431,-0.039095929159679285,-0.17984927616309848,-0.00815522333320733,0.06012279928051226
18-08-2017,-0.273408916,0.655290297,0.078220701,-0.197519233,0.274308,0.469310377,-0.13893954307579318,0.46397994258309394,0.017956057435832465,-0.188330799309273,0.12947441951699487,0.2596469509888949
19-08-2017,-0.25286335,-0.396435172,0.037107646,-0.124954755,0.409750103,0.093791379,-0.19418514285357474,0.044963224293730814,0.027297900461401754,-0.1574867690882699,0.2664346172850621,0.17895989426248507
20-08-2017,0.0,-0.170495629,0.0,-0.290879039,0.355643252,-0.492729797,-0.09959675465777595,-0.06008818685586474,0.013567426033674442,-0.2225699711702363,0.30985725163764943,-0.1481618079270935
21-08-2017,-0.309610869,-0.340561616,0.113328035,0.000481196,-0.12574938,-0.438686942,-0.20178593082579915,-0.19694225204341292,0.06206329110416686,-0.11385448662837677,0.09788230333608774,-0.28988795115993027
22-08-2017,0.092229805,0.16251664,0.314732634,0.234581149,0.200681759,0.310011912,-0.05849140900177607,-0.022116274471774777,0.18505424393046166,0.05583377634685919,0.14822430276137794,0.002110575318425567
23-08-2017,-0.02563406,0.020131116,-0.110369407,0.026899064,-0.284013802,0.48637251,-0.042684570342318054,-0.0015126075616449415,0.04124833274974012,0.041900868649857745,-0.062374489670323524,0.23790772077382377
24-08-2017,-0.29026163,-0.125943822,-0.254561972,-0.208566453,0.202409482,0.381748279,-0.1629314996339696,-0.06192334777309702,-0.10266584838923057,-0.07975473040540221,0.06697842723298225,0.30847833600539254
25-08-2017,0.419063793,0.391018685,0.0,0.05513703,0.287930408,0.721320989,0.12055833887267904,0.1585942208877111,-0.05245944143517478,-0.014095740117265085,0.17454029002268015,0.5096231536968825
26-08-2017,0.0,0.398578634,0.0,0.0,0.0,0.1821471,0.06196828212557843,0.27554745187241897,-0.02704897560877889,-0.007109539185382985,0.0895942966383797,0.35027495292012817
27-08-2017,0.364123804,0.505055195,0.0,0.146374502,-0.396859762,-0.223936902,0.20912941277100772,0.387221523719256,-0.013857792583723615,0.06777001717416745,-0.14735198598509608,0.07073444646996317
28-08-2017,0.239599815,0.384219838,0.0,0.325632229,0.101142246,0.867109758,0.22427387013380778,0.3855928827752598,-0.007163327195637043,0.1935657251655573,-0.026546314799223376,0.4584836877912985
29-08-2017,0.425121129,0.307075255,0.112202894,0.362936031,0.774201471,0.0,0.3224230793097865,0.34782374744445954,0.050964793977662404,0.2762809238889053,0.3633098208506636,0.23533522055669986
30-08-2017,-0.024996502,0.317381353,-0.021587733,-0.151998924,0.532896237,-0.098600738,0.15335915992810437,0.33331349825331563,0.01564859131801991,0.06797339160466542,0.4459375701202541,0.0730920719762708
31-08-2017,-0.253502298,0.373845195,0.113775757,-0.280119769,-0.563119772,0.0,-0.04457787137772862,0.35347848232033696,0.06339586789819576,-0.10157676259451817,-0.045323641624984284,0.03779872047490263
01-09-2017,-0.371174201,-0.176240786,-0.02590679,-0.459110975,0.274370446,-0.261999813,-0.20378137915872016,0.09551611456747425,0.019731516373537084,-0.27597690025881877,0.1102797178222871,-0.10843277859420418
02-09-2017,-0.127497485,-0.147055381,0.205432819,-0.226297527,-0.105918044,0.098071345,-0.16672610063800003,-0.022618683379477346,0.11028639834135556,-0.2519607574024986,0.005192012888098237,-0.008192165922464065
03-09-2017,-0.127497485,-0.147055381,0.205432819,-0.226297527,-0.105918044,0.098071345,-0.14753720902620476,-0.0831805400245366,0.15686822880055779,-0.23948446263197978,-0.049063411288477396,0.043337950900977085
04-09-2017,-0.127497485,-0.147055381,0.205432819,-0.226297527,-0.105918044,0.098071345,-0.1381251072534274,-0.114594566711756,0.1806263017071732,-0.23324242362094694,-0.07697210047728782,0.06958384945300819
05-09-2017,-0.127497485,-0.147055381,0.205432819,-0.226297527,-0.105918044,0.098071345,-0.13303294057909623,-0.13072775319265628,0.19282410305265396,-0.230003467273024,-0.0911223735283741,0.08339324754229469
06-09-2017,-0.127497485,-0.147055381,0.205432819,-0.226297527,-0.105918044,0.098071345,-0.13064430304315555,-0.13907682607377544,0.19908666307798256,-0.22843128834949775,-0.09814130063886281,0.09073501355156621
07-09-2017,-0.127497485,-0.147055381,0.205432819,-0.226297527,-0.105918044,0.098071345,-0.12934072692084733,-0.14328846136459603,0.20230196860395547,-0.22773525010465975,-0.10205371460473706,0.09382791926893978
08-09-2017,0.0,0.0,0.0,0.0,0.0,0.0,-0.06666933162284669,-0.0737571451692286,0.10379572463461702,-0.11714820756257466,-0.05287615296894181,0.048172859995881695
09-09-2017,-0.304689863,0.098089947,-0.26101407,0.084407536,0.2204634,0.392555557,-0.18265946603433086,0.009724740577893423,-0.07386292796953976,-0.018928053875687925,0.07993247618586871,0.2160481169360292
10-09-2017,0.012896986,0.108413536,-0.156869909,-0.273893281,0.508951039,0.149030596,-0.0873398684255497,0.05758044314482702,-0.11442051261392647,-0.1429859080214257,0.28935028149156866,0.18353094209731585
11-09-2017,0.211465897,0.010800968,0.222423098,-0.031329417,0.391380427,0.19115202,0.05841515662558081,0.03493432302461422,0.04963579407646206,-0.08839053315977419,0.33906895344168164,0.18752019627529845
12-09-2017,0.231586318,0.35949506,-0.173669383,0.326251877,0.16043774,0.08436799,0.14289992227892132,0.19317409839366306,-0.05925573739746707,0.11370996304783916,0.2523152117893321,0.13731960206427143
13-09-2017,0.255932507,0.056927632,0.505495932,-0.150312143,0.192848359,0.43644913,0.19813738143632506,0.1270053760240647,0.2157288053292391,-0.014711560666447798,0.22356490363690742,0.28308071423011627
14-09-2017,0.336151542,-0.576262195,0.690318202,0.050967035,0.016615889,0.290042441,0.2655801860182916,-0.2154587062602621,0.4469565251552677,0.01741843222500675,0.12294303070550688,0.28658719930854043
15-09-2017,-0.256542944,0.253397146,0.742748305,-0.405282046,0.468383673,-0.107157199,0.011443997022993133,0.012926818029184203,0.5912168937596027,-0.18837136018730036,0.2913846184432644,0.09487066757723378
16-09-2017,0.005869766,-0.101702056,0.351138759,-0.336329874,0.0,-0.109635899,0.008814363448481174,-0.04282150927535226,0.47448932547519596,-0.26043366355639114,0.14966752379103698,-0.004767511672804439
17-09-2017,0.005869766,-0.101702056,0.351138759,-0.336329874,0.0,-0.109635899,0.007464264554543862,-0.07144365487093336,0.4145593936549356,-0.2974316837430024,0.07690754133702125,-0.055923458609012044
18-09-2017,-0.356620682,-0.412313054,0.494443259,-0.247863697,0.126728083,0.17374002,-0.16991435349701953,-0.23756051596415853,0.4537360850931339,-0.27346643309941604,0.10122793935731542,0.05593458264543771
19-09-2017,0.327709357,-0.313698456,0.426548247,0.370750963,0.43707835,0.205804744,0.0726129322478923,-0.2748632557092683,0.44093325838441677,0.040176265234920655,0.2647813077029671,0.12874304625489882
20-09-2017,0.423607419,-0.199610172,0.620098866,0.265611496,0.737463638,0.746063908,0.24365549397225325,-0.23843737765129708,0.5285939205522592,0.1502036989212088,0.4949221226322754,0.4294909887421484
21-09-2017,-0.219653038,0.0,0.433157999,-0.356806833,-0.024001011,-0.014624477,0.017950186649835068,-0.12242452843725746,0.48228709704459183,-0.09670075243496748,0.2421654599445991,0.21326441815380492
22-09-2017,-0.105592089,-0.466832667,0.0,-0.240305265,0.049149148,-0.209859112,-0.0423724307861753,-0.29051998144683766,0.24772213229398424,-0.16692753280989361,0.1481780244397307,0.007197321953449326
23-09-2017,0.042270161,0.0,0.0,-0.48757908,0.273653765,0.5737086,-0.0013192718776600283,-0.14919322878638525,0.12687136038848523,-0.32316020234869136,0.20928247362116728,0.28293711683772743
24-09-2017,0.121241823,0.562136093,0.0,-0.121087866,0.200667406,0.316022182,0.05818360809728542,0.1976332840329737,0.06470990972664684,-0.22494194211837043,0.2052046468249114,0.299051851403412
25-09-2017,0.249249639,-0.265936514,0.090554021,-0.251017087,0.36401852,0.03272184,0.1514666748962235,-0.02825384673675216,0.07688083124127296,-0.2375340121961139,0.28241604915294816,0.16954695649222462
26-09-2017,0.018929311,-0.302187283,0.263799655,-0.184115933,0.246482435,0.138442093,0.08698435985713163,-0.16166947438150475,0.1677781780701215,-0.21144731197924488,0.2650841943793011,0.1545656784211784
27-09-2017,-0.059542175,0.06096385,0.197573075,0.046729767,-0.149941918,0.34227404,0.01564649896393731,-0.05323905211752156,0.1821806493880896,-0.08558525627820673,0.06304662431965004,0.24618155190324406
28-09-2017,-0.094545568,-0.077013775,0.05805604,-0.116870502,0.296723231,0.561838475,-0.03780857977196693,-0.06459952936024903,0.12151316579566301,-0.10072690144551974,0.17685506305640947,0.40001543997288613
29-09-2017,-0.536010097,0.133489245,0.218992732,-0.353384435,0.230136959,-0.049446879,-0.2807604420721262,0.03206434734518687,0.16881636312335518,-0.22411471833859314,0.2026528114324327,0.18115650602882835
30-09-2017,-0.653363014,-0.422144481,-0.058927494,-0.22456789,-0.352955606,0.0,-0.4627302299167676,-0.1890838710583434,0.05757908368077562,-0.22463915027397058,-0.06837282662999744,0.09254626874766282
01-10-2017,0.013488026,0.151319606,0.042081614,-0.135600147,-0.013425841,-0.19593633,-0.23086602432123168,-0.023355543669422288,0.04979580079528438,-0.18117714056323242,-0.04163000712957191,-0.047936844210202
02-10-2017,-0.579536339,0.222169055,-0.278930889,-0.320072972,-0.405291185,0.047819826,-0.4008168906223526,0.09653972525299584,-0.1103299247445845,-0.24881093282076153,-0.2188630777995899,-0.001183518845248352
03-10-2017,-0.707791273,-0.440367041,-0.252850666,-0.416709106,-0.290916022,0.149058836,-0.5506504312441463,-0.164982957051289,-0.17983485284667927,-0.33046336806216126,-0.25427285768042474,0.07165854304597839
04-10-2017,-0.234041222,0.420464371,-0.179419843,-0.253020846,0.208451747,0.392926233,-0.39681409653324073,0.1197978496421683,-0.17974416200546323,-0.29286296509127674,-0.029114159908611284,0.22802958407302445
05-10-2017,-0.070802807,-0.084356104,0.128330397,-0.268804756,0.305002881,0.535650314,-0.23838102644839554,0.020572616181974403,-0.02981693301164745,-0.2811676813050348,0.133424880917612,0.3780243962774135
06-10-2017,-0.49043192,-0.384992547,0.024060115,-0.531965446,0.174519376,0.63766812,-0.36134049608244106,-0.17681979116097246,-0.0037499296933730577,-0.4034172576349314,0.1533761394069129,0.5046721229511573
07-10-2017,-0.452618766,0.34136065,-0.044605961,-0.558165921,0.569647456,0.384026803,-0.40599865925867584,0.0754917954386034,-0.02377993359558376,-0.47909036209501565,0.3563728035415643,0.44599406359704774
08-10-2017,0.037590911,0.313229622,0.21381435,-0.085467815,0.394359615,0.648246274,-0.19007363949594414,0.191412914963998,0.09192595238190036,-0.2875408984797071,0.3749170732742093,0.5444601023217832
09-10-2017,-0.204924066,-0.164101722,0.383184169,-0.058430013,0.012824598,0.548836881,-0.1970943192401748,0.018241063090734047,0.2337490182927932,-0.17587658290811045,0.19859433310125182,0.5469607223148131
10-10-2017,0.05956414,0.082435651,0.32619822,0.232063523,0.177170745,0.37197823,-0.07176666985796429,0.049789905888350486,0.2789720070432788,0.02290321466992222,0.1884986765974943,0.4620478750798149
11-10-2017,0.311758245,0.535490184,0.678498577,0.222495285,0.335001317,0.51946309,0.11503492488686812,0.28636154412541637,0.47376939465421075,0.1202433295001302,0.26000038903605777,0.49042870550880924
12-10-2017,-0.52816079,-0.124146495,0.187308201,-0.587519839,-0.451079286,0.293949508,-0.1979012446611126,0.08640063344750532,0.3346713644002542,-0.22430793739125973,-0.08602719787754148,0.3949778995415163
13-10-2017,0.076545411,-0.249408498,0.146829389,-0.309550617,-0.40271165,0.239067813,-0.06387388730248021,-0.07687994099130019,0.24351848882510352,-0.2657191244429552,-0.24018974769201823,0.3191705288067218
14-10-2017,-0.001128034,-0.07908526,0.226560089,-0.270048285,-0.367887828,-0.006814038,-0.033198415861680236,-0.07826274767218477,0.23551854188168825,-0.2678361773971939,-0.30268279584407165,0.1603041678215004
15-10-2017,0.56100451,0.420713813,0.268145794,-0.164159962,0.354005368,0.240464586,0.25632229573879384,0.1648438637069371,0.2514810940810277,-0.2173242228162801,0.01688080587218435,0.1991258307675941
16-10-2017,0.781898257,0.387166563,0.441739873,0.077745946,0.174318423,0.52116383,0.5128474451532713,0.2735010457364936,0.3443167332104146,-0.07337009008680642,0.09348713058981242,0.35575177195602425
17-10-2017,0.44028682,-0.178711266,0.0,0.065735276,0.173338166,-0.020750285,0.4780943161699145,0.053139815627929396,0.1768057622734699,-0.005296962281477267,0.13209555344465357,0.1723013420925664
18-10-2017,-0.009405411,-0.282459328,0.361257372,-0.301897878,0.374258282,0.050327972,0.2408561552812197,-0.11052632808080638,0.26664817716198813,-0.14975208367476275,0.24991532812057698,0.11258046045244559
19-10-2017,-0.248004075,-0.130874816,0.251583541,-0.382686465,-0.211741217,-0.603093398,0.0029584251041104848,-0.12040695224763454,0.2592363866425658,-0.26329501503409386,0.025141918635367286,-0.2363684197868274
20-10-2017,0.197145613,-0.196036306,0.460417327,0.084207495,-0.123967764,-0.231071595,0.09753189120111883,-0.1573795622985456,0.3572108081902894,-0.0942979178634854,-0.04759901550036214,-0.2341649850440413
21-10-2017,-0.687675226,-0.336389256,0.729154211,0.0,-0.7178207,0.290076499,-0.28515612967097825,-0.24502320696931426,0.5382235087442818,-0.04855211927065542,-0.37437019580718073,0.020779719811706787
22-10-2017,-0.266269807,-0.013300215,0.125935832,0.094631133,-0.126459454,-0.000640072,-0.2758039878746002,-0.132202037832441,0.3375733304418874,0.021541354802321902,-0.253539798511313,0.010174561161668833
23-10-2017,0.149350472,0.091657091,0.497303017,0.062824192,0.215992202,0.684918455,-0.06888596454563391,-0.023064546792324128,0.41551236598015806,0.041859760546109244,-0.024689949493808358,0.3387698301127273
24-10-2017,0.266113671,0.334421526,0.177130609,0.376451043,0.128264763,0.19916313,0.09428482135438959,0.15113844339478297,0.29948923609401845,0.205067000265249,0.05004282510340246,0.27096731197708973
25-10-2017,-0.026742844,-0.138830489,0.0,-0.028721758,0.005371317,-0.364516676,0.03503040975229407,0.00969759012542655,0.15359664210035476,0.09139336860142465,0.028090270111058267,-0.03862342477403752
26-10-2017,-0.026742844,-0.138830489,0.0,-0.028721758,0.005371317,-0.364516676,0.004471219510199555,-0.0628997649422378,0.07858525311198498,0.032881390986272324,0.016930864028587157,-0.19774665111910994
27-10-2017,0.186452906,0.270389897,0.409146575,-0.116494179,0.552955083,-0.065285831,0.09286300793715391,0.09955173555774688,0.2396844169692203,-0.03991519209564719,0.2779864469803305,-0.13332109706463763
28-10-2017,0.390292768,0.237648674,0.753355562,-0.397123654,0.74820687,-0.063275256,0.23783506269313237,0.16706982474708154,0.48987111557930607,-0.21378575751800472,0.5070195147801871,-0.09930842743061033
29-10-2017,-0.130592045,0.616976048,0.209529973,-0.214662755,0.466977062,0.092203366,0.05863753829121593,0.3864501816622469,0.3534358402580202,-0.2141083095883134,0.4879563690465323,-0.005690961769907445
30-10-2017,0.366945119,0.142238,0.488402193,0.253066873,0.45635075,0.585946166,0.20876001007605052,0.26783045526197524,0.41912550849035357,0.013315834703041693,0.47293743128300475,0.28269611260021554
31-10-2017,0.223860598,0.408964052,0.170010031,0.01961379,0.435602757,0.400653714,0.21667287802402346,0.33696578944177125,0.29756349509386776,0.01639247309138305,0.4554861760873115,0.34016082341077225
01-11-2017,0.229209121,0.0,0.0,-0.030582978,0.449159534,0.0,0.22308001149034157,0.17301225137193066,0.15269610827389285,-0.006542613852558587,0.4527646419092045,0.17464478682772716
02-11-2017,0.122363052,-0.078835786,0.536267885,-0.062559566,0.303946451,0.224404877,0.17405613014511095,0.05036159693060562,0.3393597278730002,-0.03387724561500799,0.3804067921878622,0.19857166221560033
03-11-2017,0.378176822,0.048445039,0.624607498,0.432211006,0.523540964,0.257783708,0.2734472470685939,0.04925171839436575,0.47843385914634196,0.1929478915405789,0.45029851332927867,0.22741957661071685
04-11-2017,0.287061255,0.323610005,0.0,0.061037718,0.405856542,0.329370927,0.28026615850533465,0.18303649130101612,0.2456361336105598,0.1288183129184197,0.428922124095996,0.27745759015229904
05-11-2017,-0.100243647,0.25774947,0.336329175,0.014304823,0.028070412,-0.019235473,0.09507102833762571,0.21963643954844467,0.289974349452498,0.07312468689375505,0.23388861732376834,0.13330590973349796
06-11-2017,0.560437968,-0.269767325,0.640516948,0.175013381,0.096194887,0.302393566,0.3217424968377691,-0.018833968326952402,0.4606858337347006,0.12288272490293911,0.1666059998991265,0.21580904124081313
07-11-2017,0.265674887,0.086302373,0.50520888,0.077375677,0.33623086,-0.517791396,0.2943836907778178,0.03222973614801473,0.48219612724689465,0.10103397867428682,0.248887115157021,-0.14143018703927798
08-11-2017,-0.657419732,-0.187509427,0.424093361,-0.416215708,0.628938562,-0.461526148,-0.16907421023367328,-0.07519038476598325,0.45405735178353157,-0.15077583310476245,0.43391406421130685,-0.2975267313150359
09-11-2017,0.099775832,0.166304118,0.366513174,-0.299212543,0.4844634,0.138073215,-0.03842203534720321,0.042331627864333095,0.4113842785883095,-0.22334502534681033,0.4585279363618632,-0.08584894955391052
10-11-2017,0.101878225,-0.154334547,0.100200012,0.027464238,0.257372077,-0.007706493,0.029770036693263915,-0.0537120286237778,0.259924057271567,-0.10130066389391629,0.3605384302622797,-0.048079363862154605
11-11-2017,0.018523791,0.276018907,0.191686237,0.0,0.333007832,0.090548268,0.024167174650309244,0.10690054022571685,0.22683955348173762,-0.051990532621320674,0.34707049480146224,0.01943061135455699
12-11-2017,0.098488024,0.321712585,0.272153987,-0.162030122,0.119826544,0.416648601,0.06031562438787744,0.2116727562029469,0.24872502231623222,-0.10559558785940712,0.23638331850757724,0.21282928217632743
13-11-2017,-0.193285927,-0.264930383,0.339345413,-0.34943309,-0.017789235,-0.10250258,-0.06343687366324496,-0.020428474791514176,0.2926424817840177,-0.22472738562630726,0.11237166371192014,0.05917080758859944
14-11-2017,-0.120165541,-0.152785439,0.057739656,-0.234019011,-0.105405372,0.16444227,-0.09129256524368601,-0.085126487645099,0.1783785884371595,-0.2294314757568961,0.00608808808519639,0.11029183818978694
15-11-2017,-0.460289976,0.240817303,-0.544044222,-0.646364677,-0.436998788,0.033217768,-0.27106362828616704,0.0734616825737929,-0.17368584264609707,-0.43271366948928525,-0.20979875787091698,0.0728214376988533
16-11-2017,-0.470189845,-0.481985075,0.020808771,-0.645978628,-0.139981173,0.201987503,-0.3685940575749379,-0.1969407825116699,-0.07943233142038303,-0.536993787819922,-0.17597315273580283,0.13560917901533026
17-11-2017,-0.194258996,0.079196467,0.410480031,-0.439197013,0.448788351,0.574990387,-0.28405077427671455,-0.06258152998311363,0.15889190249476692,-0.4897278424053888,0.12809488879123665,0.35008211150503327
18-11-2017,0.230094807,0.879436798,0.169345192,0.0,-0.00556072,-0.105438616,-0.03332604966959968,0.3964500015924758,0.16382034248290445,-0.25117659136039977,0.06266694845124443,0.12865430884598222
19-11-2017,-0.052058739,-0.027964482,0.237066376,0.447426098,0.292322459,-0.466759597,-0.042535197737011934,0.1898167269080695,0.19938034747723168,0.08921445690404703,0.1742942550847255,-0.16143891985760392
20-11-2017,0.407678862,-0.041827079,-0.051990746,0.198508761,0.026910925,0.074184916,0.17672086234412318,0.07717257457700305,0.07697311364945011,0.1425012471528498,0.10243715669148111,-0.04673761977790698
21-11-2017,0.198082806,-0.013994591,0.0,0.647448969,0.099369407,0.401398714,0.18722655056781373,0.032632375172548966,0.0394004628640231,0.38860160275006933,0.10079957916704727,0.1715105854577736
22-11-2017,0.451625416,0.745731244,0.0,0.10629017,0.111971315,0.0,0.31609746832709773,0.3798769818493145,0.020060128252401315,0.25140005934296283,0.1062306840893948,0.08779813566486735
23-11-2017,-0.417730869,-0.020867336,0.206105881,-0.068678905,0.100623262,-0.132522043,-0.04111000098302936,0.1850329837680381,0.11050419398996973,0.0958291910041481,0.10357562790068237,-0.019424504599611522
24-11-2017,0.452311834,0.367790574,0.543891745,0.367050595,0.346402177,0.156569345,0.1993355706737085,0.2742824717523701,0.3216845864500788,0.22817356486548654,0.2220110043752096,0.06620620831438803
25-11-2017,0.0,-0.243177557,0.390060844,-0.162722742,0.293647723,-0.07049692,0.10262768842121453,0.022195188410949973,0.3555344768374133,0.03826998665256906,0.2573212287159392,-0.0003755000087793392
26-11-2017,0.381330301,0.395390883,0.215297704,0.286105712,0.276565731,0.425828094,0.23876757738011017,0.20432982484811257,0.2874182530395644,0.15944052898514582,0.2669435460292755,0.20714666072437032
27-11-2017,-0.545820715,0.640045934,0.0,0.0,-0.226036767,0.0,-0.14321763342634122,0.4166895685194284,0.14731094113246804,0.08213181276508688,0.02664935263424044,0.1059961299627812
28-11-2017,-0.508012569,-0.111683464,0.107032259,-0.263184746,-0.342204642,-0.092418317,-0.3211782535161137,0.15897777094878163,0.1276733879953414,-0.08605649591786296,-0.15303741636305687,0.009459129721701952
29-11-2017,-0.342857854,0.0,0.0,-0.35726849,-0.225374882,0.0,-0.3319074804129594,0.08163924799351438,0.06540271456471017,-0.21852254485585476,-0.18855657713959154,0.0051458845003640695
30-11-2017,0.245496688,0.06539833,0.0,0.34030062,0.293891961,0.137203082,-0.05105305462228603,0.07380317839284928,0.03361110915743332,0.053479155984093474,0.046360158957249556,0.06944172932200612
01-12-2017,0.245496688,0.06539833,0.0,0.34030062,0.293891961,0.137203082,0.09327237156464166,0.0697627491115271,0.01725651883109939,0.19285112880290006,0.1669255063192755,0.10224943407248031
02-12-2017,0.0,0.0,0.0,0.0,0.0,0.0,0.04760761058373501,0.03535501325492235,0.00885979218279472,0.09894716776306678,0.08563298687298582,0.05249660986420579
03-12-2017,0.462731406,0.311759319,0.245110802,0.669148713,0.54503903,0.394262249,0.25014565672678374,0.1700548554583418,0.12383967342713798,0.3768549542939404,0.3094476543773934,0.21912054170594802
04-12-2017,-0.216514586,0.494245076,0.042407103,-0.060116357,0.177842887,0.303988886,0.02266207834488207,0.3278786726488545,0.08390504273334083,0.1639673380374016,0.24530651555062793,0.26050742984524355
05-12-2017,0.035458959,0.167018631,-0.112871587,-0.062439248,0.192021527,0.560911162,0.028910807051485507,0.24986126445987433,-0.012154930314051696,0.05386394799774018,0.21931594092821421,0.4070702358078673
06-12-2017,-0.35882496,0.288512166,-0.242278159,-0.519926538,-0.013886598,-0.25323739,-0.16021369866252252,0.26860186337683245,-0.12441266507687443,-0.22583244464708477,0.10566348827046924,0.08535480733856964
07-12-2017,0.24536094,0.159248315,0.269145674,0.065635454,0.278075145,0.108088772,0.03762253453386803,0.21509418938620511,0.06725296401269718,-0.08396845880466475,0.18986861387363335,0.09648378373724671
08-12-2017,0.611403489,0.757867634,0.618899002,0.247785016,0.147658898,0.14661898,0.3175085969411427,0.4797376043234398,0.33599185564495615,0.07777391977494731,0.16963381924754473,0.12102692248154111
09-12-2017,0.331907337,-0.158131654,0.679253553,0.0,0.0,0.705892914,0.32493315262572653,0.16926329641711757,0.5034382794572825,0.04015197932788725,0.08723264615808415,0.40605037702880864
10-12-2017,-0.08956202,0.007093854,0.210046918,0.0,-0.113240386,0.046872616,0.12303915063223891,0.09031827134455467,0.3608093011267439,0.020403716652419246,-0.010566534018651444,0.23122461960842128
11-12-2017,-0.08956202,0.007093854,0.210046918,0.0,-0.113240386,0.046872616,0.019383313778782087,0.0497865440098437,0.2875811419817168,0.010264620523681605,-0.06077830734874043,0.14146608290095522
12-12-2017,0.685116316,0.682728234,0.0,0.151350241,0.0,0.0,0.3437423892363934,0.3581884476067465,0.14764908140435584,0.07900831002331879,-0.031204623458667726,0.07263110872383427
13-12-2017,0.001622768,0.309366584,0.082750834,-0.073469178,0.033185729,0.343484196,0.17698693669877769,0.3344310809891574,0.11597003701654121,0.004354928583590628,-0.00019074511250806794,0.20439210028800356
14-12-2017,-0.261837588,-0.062696405,0.0,-0.071852065,-0.065371538,-0.549948895,-0.03656566642974435,0.14085032382098073,0.05951470858516139,-0.03273336640569767,-0.03205740355674843,-0.16318678223661182
15-12-2017,0.283259199,0.608857517,0.31768245,0.07054486,0.091772102,0.0,0.11920928180035184,0.36884856595087645,0.1854016687800093,0.017602504795328155,0.028133756265243635,-0.084130669849207
16-12-2017,-0.073433477,0.246960795,-0.168383202,-0.156664702,0.138142827,0.351094869,0.025649564762039057,0.30951430007320596,0.013301824269422224,-0.0669677011844469,0.08175654977616716,0.12801733138529983
17-12-2017,-0.153068023,-0.268001798,0.017124804,-0.055886705,0.255178263,-0.037732965,-0.061558392236782555,0.028239944998272898,0.015005760035338099,-0.06165122562988456,0.16612638984471295,0.04727566066701923
18-12-2017,0.317126185,0.29192038,0.004788684,0.152254303,-0.188774001,-0.617449534,0.12252057931320787,0.15625342902381667,0.009653538373672242,0.042372310752339507,-0.006770663580019015,-0.2766419856892985
19-12-2017,0.601995684,0.698336598,0.111433364,0.226926111,-0.386602904,-0.280151503,0.35599242022303745,0.4205528558839426,0.058825793092018706,0.13231373176974726,-0.19183023515197034,-0.2789610347342901
20-12-2017,0.49509069,0.461310727,0.457431943,0.342067173,0.474648018,0.308212258,0.4240377598110058,0.44066656672741267,0.25293410824372087,0.2345882577113878,0.13283118234139574,0.006909476323280456
21-12-2017,-0.080747251,-0.144852644,0.181814948,0.368768057,0.183773925,-0.038501532,0.17842348041052364,0.15566873078694893,0.21831123766675709,0.30010649860483585,0.15780320687730529,-0.015239677543583501
22-12-2017,-0.090434391,-0.1513276,-0.099923505,0.098694159,0.1848124,0.25732472,0.04712097737081982,0.005772431322023111,0.06340170409593338,0.2020700537399453,0.17106000727709847,0.11754504153844371
23-12-2017,0.123312305,-0.143426115,0.0,0.006281043,-0.058420255,0.098341054,0.08426982434574361,-0.06710577264533865,0.032500212185127775,0.10685192043314697,0.05934204159301952,0.1080487136344957
24-12-2017,0.0,0.191246393,0.0,0.0,-0.119312074,-0.301904875,0.04342791783067812,0.05876142079854345,0.016686165308036252,0.05490415565196549,-0.02762143746766145,-0.091273889630796
25-12-2017,0.0,-0.229475675,0.211518926,0.0,0.140170387,0.315243351,0.02212100700389323,-0.08200960815508301,0.11142262664769664,0.028144993425154165,0.0540532003164952,0.10672590109492569
26-12-2017,0.376731995,-0.418781128,0.554308398,-0.21255622,0.54524077,0.269778542,0.1949477596656754,-0.24628964506851703,0.3273713523304237,-0.08901075092346665,0.2933090763699148,0.18601410622095507
27-12-2017,0.072252926,-0.188602876,0.136553152,-0.53370437,0.258820578,-0.517539185,0.13538625997020226,-0.21817102099688637,0.23459653193797914,-0.30568731495542684,0.27652982182066665,-0.1566203758148504
28-12-2017,-0.018787506,0.045527055,0.397598416,-0.16249998,0.146824255,0.098452939,0.06015966788877417,-0.09001282294627162,0.31415401245719665,-0.23620996637416874,0.2136253947261632,-0.03206218578416493
29-12-2017,0.274365566,-0.113580636,0.321139691,0.008423506,0.086663013,-0.038722481,0.16418545011706395,-0.10198393108830062,0.3176831484494201,-0.11731098497074884,0.1521411127408598,-0.03515327796609258
30-12-2017,0.516582281,0.24226979,0.460280189,0.404699693,0.688394712,0.164260042,0.33566904078224324,0.06538822415466025,0.3870701932584606,0.13672930870936117,0.4132054635512302,0.06178857494514114
31-12-2017,0.372306901,0.416373939,0.0,0.144128139,0.206479208,0.431769751,0.3537773039302603,0.23651984228236217,0.19861573260144266,0.14019016917884064,0.3126300845304192,0.24210666421752558
01-01-2018,0.327409502,0.362237255,0.275635128,-0.323490506,0.598090816,0.639353528,0.34120625902467927,0.29801020922632104,0.23632490985971355,-0.08569067713375823,0.4517866350375898,0.4356370573153303
02-01-2018,0.406844448,-0.316918331,0.535371388,0.056277157,0.492946084,0.502999565,0.37332047680580394,-0.0013110619998292772,0.38216775353655863,-0.01658056026100379,0.4721559824567018,0.4686654011519632
03-01-2018,0.28405647,0.63482206,0.528775915,0.580580239,-0.033188178,0.236002883,0.3300622629945099,0.30849545579889315,0.4538326325179435,0.27434763952869373,0.2263175644578335,0.3557893222043946
04-01-2018,0.605959656,0.0,0.696401653,-0.077170816,0.351203909,0.0,0.464684925041602,0.1585291301587772,0.5721632076081284,0.10325692843431267,0.28721596908190516,0.18247286817207098
05-01-2018,-0.232167035,0.528437625,0.298403115,-0.152857351,-0.259115235,0.552905586,0.12523115450700245,0.3391075761629323,0.4387975638716282,-0.021326880366625292,0.02088183226466897,0.3628946347315065
06-01-2018,-0.04945443,-0.172479849,0.274500935,-0.131626373,0.044111173,0.328111242,0.040156677213393485,0.09018788973529514,0.35893916874922205,-0.07474742448158077,0.032051705338362144,0.34649396067643856
07-01-2018,0.746413493,0.860500604,0.499284308,-0.08921146,0.301243596,0.59619476,0.38428360160101355,0.46551417826600455,0.42729175933013575,-0.08173993540799121,0.16313161579157728,0.468302710297291
08-01-2018,0.02756225,0.523086903,0.502362809,-0.143521482,0.130529494,0.651713039,0.2105560729558058,0.49392283407544074,0.46393241088756665,-0.11189598892606283,0.14729518001800118,0.5579751277891738
09-01-2018,0.073858321,0.621014059,0.552282833,-0.068955784,0.413922387,0.253101668,0.14376678445478025,0.5559980815925187,0.5069792582953074,-0.09129570133254016,0.27686123321461736,0.409684005947227
10-01-2018,-0.132697386,0.436536647,0.652584188,-0.024771233,0.776102641,0.200457178,0.00893093365121471,0.49788269408585295,0.5782327468314036,-0.059030756705041904,0.5201367398393149,0.30773439228762134
11-01-2018,-0.313697685,0.740157042,0.329776889,-0.571389941,-0.213860288,0.116368675,-0.14845213535677096,0.6160035662217166,0.45737194929903235,-0.30848966999763583,0.16248291664305542,0.21429484348559502
12-01-2018,-0.253131898,0.048469153,0.346712677,-0.400158345,-0.347527206,-0.000686855,-0.1997967215663592,0.34007758791641435,0.4034100675488181,-0.3533770820869936,-0.08620039756031167,0.10937612814004737
13-01-2018,-0.21386982,0.816419695,0.328878348,0.0,-0.268151867,-0.039703576,-0.20695318002894625,0.5719700988511622,0.36702026606017474,-0.18178982110172626,-0.17488055250261697,0.03666554968362907
14-01-2018,0.34005988,0.872164337,0.420178422,0.209635429,0.303160979,0.462102877,0.05904914457097604,0.7185802449328031,0.39271484778749943,0.008848833508579096,0.05769648501717228,0.24396258814013178
15-01-2018,0.28380525,0.054932229,0.471603931,0.200931307,0.489751005,0.464773092,0.16873153662266158,0.39536689341804027,0.4312083150306575,0.1025322367411973,0.26839113828949035,0.3513505543871086
16-01-2018,0.015920086,0.571810386,0.026535303,0.234358663,0.54450101,-0.007207197,0.09441663495346177,0.4816827593061349,0.23414760863459444,0.1669036410468117,0.4030517322877879,0.1766745829325511
17-01-2018,0.084793164,0.293803722,-0.04208331,0.079200597,0.145499989,0.320135761,0.08932379368811,0.38991266648610334,0.09940270778506631,0.12433326188312185,0.2776348971927944,0.24630917115571221
18-01-2018,0.028141519,0.694777711,0.301379148,0.070852124,-0.199210778,0.395213251,0.05955390537090591,0.5383612317570644,0.1975563698734321,0.0984431739930609,0.045405505625083525,0.31860430952134755
19-01-2018,-0.446070604,-0.056568425,0.138442803,-0.180613307,-0.234484751,0.070831464,-0.18679669708257368,0.2484585233261199,0.16853612659622935,-0.037410163594948524,-0.09118633425554198,0.1979292713645884
20-01-2018,-0.203418682,0.637167811,0.147857636,-0.219277452,-0.050690445,0.162843048,-0.19492851977945752,0.4377222059011936,0.15816138101272487,-0.1260242726056146,-0.0719943650502986,0.18083359379493963
21-01-2018,-0.23620858,0.385538919,0.525998076,-0.259680728,-0.280707383,0.024870465,-0.21496664476904848,0.41211083763072,0.33726608298311045,-0.19086594638938137,-0.1735919938837238,0.10488787354428457
22-01-2018,0.258604137,0.50187099,0.381753712,-0.227527535,0.338399091,0.336009385,0.015782082717265722,0.45606771431285886,0.3589347282018067,-0.20859781136096578,0.07595939872359984,0.21755640651255642
23-01-2018,0.102720537,0.0,0.521414002,-0.219326398,0.09190278,0.263031381,0.05828114207101384,0.23364676653312477,0.4381137393976514,-0.21395414709906946,0.08394042012200917,0.23987145563653287
24-01-2018,-0.033057152,-0.52227436,0.295657388,0.05688759,0.291605498,0.380660015,0.013606147712468899,-0.13503610807106614,0.3687197106344756,-0.08226190275431983,0.18497952723699101,0.3083262613683446
25-01-2018,-0.153721318,0.136539428,0.507235522,-0.076163896,0.041437405,0.485838812,-0.06808381260787393,-0.0028415023448064985,0.43614122587546383,-0.0794665246460129,0.11485641957665377,0.3947138910597674
26-01-2018,-0.058913848,0.289338537,-0.084945812,-0.194637991,-0.038474607,0.409569776,-0.06366826416158598,0.13915316168776665,0.18252007201587858,-0.1357729797285704,0.03988670403045491,0.4022009249523679
27-01-2018,0.102872843,0.524750684,0.273741164,0.352732926,-0.04563756,0.618047252,0.017378997520129356,0.3269215092396043,0.2271025146893863,0.10209522974484864,-0.0018464499394359284,0.50741276694146
28-01-2018,-0.365514542,0.855417249,0.308435161,-0.450145767,0.328921844,0.415038837,-0.1691745229627135,0.5841780903475362,0.26668196299395464,-0.16693882022756915,0.15942719799992416,0.4624774864600695
29-01-2018,-0.298489445,0.650004954,0.504822496,0.093364081,0.370575628,0.36107984,-0.23200544540177737,0.6166464126322792,0.38278423634765135,-0.040110010179336165,0.26254356550866764,0.41331909048219373
30-01-2018,-0.491545169,0.22326995,0.45722265,-0.117623061,-0.165395762,0.113693457,-0.35847167915893174,0.4249795306792216,0.4191965099833789,-0.07776350489732298,0.05424449381002808,0.26749591226590824
31-01-2018,-0.460127482,-0.242297409,0.175240727,-0.678302541,-0.068557434,-0.200482086,-0.4080744892093272,0.09990471704741481,0.30027432187807834,-0.37023507767440966,-0.005377282489640464,0.03964610409671755
01-02-2018,0.189935771,0.0,0.526775375,-0.355833965,0.578864144,0.725337917,-0.11713551045694648,0.050981616485775254,0.41057577475961726,-0.36330729673062534,0.2790536897539231,0.37353339759261833
02-02-2018,0.056125443,-0.076648043,0.155313125,-0.221103482,0.333869075,-0.450413341,-0.03285858696248245,-0.011168315078307685,0.2861423453822409,-0.2941144567214229,0.3058759444064427,-0.027827338004097507
03-02-2018,0.0,-0.259833495,0.090730649,-0.032820847,0.0,-0.453075242,-0.016849664598260396,-0.13200181327680227,0.19093129827270716,-0.1670290813271691,0.15686114174098303,-0.2352626298723205
04-02-2018,-0.366654621,-0.230062257,0.192627668,-0.122747019,-0.053897427,-0.152023264,-0.18719079328706473,-0.17994365086297745,0.19156165615290421,-0.145511070840224,0.05425051963333795,-0.19515527360933538
05-02-2018,-0.430413276,0.0,0.043623145,-0.465795732,-0.406069865,0.028150293,-0.30576903076393924,-0.09256554964596764,0.11965702591541172,-0.3015242301735162,-0.16996141970593143,-0.08673509953544206
06-02-2018,-0.657180317,0.38546594,-0.241658458,-0.484986712,-0.006171451,0.0,-0.4772310032652332,0.13995002893480152,-0.056472466874547336,-0.39131334518593486,-0.09023955465260178,-0.04491449331252641
07-02-2018,-0.179772293,0.847812122,0.149128941,-0.417722175,-0.006352518,0.426399679,-0.3323775211228727,0.48437889009239443,0.04347088372203919,-0.40414332605111447,-0.04962943914468112,0.18442595856509103
08-02-2018,-0.759024965,-0.279019263,-0.219954743,-0.538727908,0.081016488,0.0,-0.5402624097720531,0.11234639371992086,-0.08515690092827936,-0.4700217962304666,0.013761096859669475,0.09446356366540448
09-02-2018,-0.638362976,0.599346447,-0.243639497,-0.434808936,0.277611757,-0.430818391,-0.5880874974878736,0.3495454617227746,-0.16270637529144816,-0.45308448629398324,0.14242098956384558,-0.16146725732365003
10-02-2018,-0.256420526,0.384554731,-0.204596903,-0.772092102,-0.21275192,-0.095003442,-0.42657772237357794,0.3669690405208613,-0.1833251000143275,-0.6083662834200916,-0.030489473049334845,-0.12906170256547222
11-02-2018,-0.383288035,0.073132618,-0.167186036,-0.465450518,-0.196296532,-0.135677406,-0.4058691180439145,0.22403861200000455,-0.17590238526400598,-0.5388938841956471,-0.11164897304501914,-0.13281464670251913
12-02-2018,-0.369522314,0.384768416,0.400423521,-0.087216714,-0.284689305,0.446948337,-0.3884473001774623,0.3025330755471119,0.10467991059998463,-0.31903249152221913,-0.19623096159641568,0.1498444881489365
13-02-2018,-0.353359879,0.583668701,0.172260069,-0.391316834,-0.198587886,0.111243174,-0.37159345573680613,0.4398518555430147,0.13761380952964705,-0.35442709372111636,-0.19750093128737778,0.13141164435304864
14-02-2018,-0.160100657,-0.24196113,0.024685223,-0.362849943,0.338705339,0.134854623,-0.26855661058468516,0.10808595108764417,0.08256056304820299,-0.35867437921974854,0.06365128634573318,0.133264811974864
15-02-2018,-0.019159615,-0.122053389,0.448209685,-0.377206315,0.420663511,0.0,-0.14694931199348713,-0.003971588908006189,0.2607300223847052,-0.3676367737462074,0.23787992339260047,0.06840298178122675
16-02-2018,0.138298184,-0.190508498,0.299400483,-0.195124083,0.165603305,0.29987263,-0.007659542358306487,-0.09509437748631183,0.2798818797779894,-0.28351532789455597,0.2028178638440326,0.18121808036281867
17-02-2018,0.005766129,0.407110253,0.144165832,-0.465439337,0.168090152,0.041304052,-0.0010118009562432788,0.1489965496771789,0.21384169697575586,-0.37206602247682574,0.18602811361014476,0.11289953816849638
18-02-2018,0.077458989,0.624649355,0.273421708,-0.049467855,0.238802402,0.473030488,0.03768938798605646,0.38100136449225536,0.24313821902986912,-0.21479192040320988,0.21180501103716326,0.2884263867792821
19-02-2018,-0.224847874,-0.044937942,0.46598095,0.027935243,0.039487282,0.732135076,-0.08980035717414367,0.17334711339645587,0.35200966366793407,-0.09639812225854823,0.12781050946944222,0.5050485061681
20-02-2018,-0.385729756,0.238799353,-0.083421917,-0.212972832,0.336684026,0.228886825,-0.2338747123352284,0.20510467987122788,0.1402112429172076,-0.1527747091517947,0.22978545416132895,0.3708737817042467
21-02-2018,-0.026848503,0.010138137,-0.497745262,-0.16309079,0.169435688,0.6781257,-0.13291829943953903,0.11019823922433471,-0.17041242810963836,-0.1576068651188226,0.20064705635207833,0.5208818883585032
22-02-2018,-0.110146144,-0.252902672,-0.089170569,-0.266418594,-0.798700992,0.582024083,-0.12167693720142907,-0.06687582401570155,-0.13118509371011755,-0.21066390034268773,-0.28593729922991884,0.5507163847113485
23-02-2018,0.032653531,0.283571737,-0.022427186,-0.152380154,-0.497902828,0.0,-0.046343033123328645,0.10345989046252071,-0.07838606976125963,-0.18215587901044009,-0.38926168139564465,0.28267824543794684
24-02-2018,0.28918135,0.298575202,0.111282521,-0.037613498,0.266287959,-0.028763019,0.11719595657597705,0.19873481009631272,0.013957112560457278,-0.11162237419281937,-0.0703273497676277,0.1310348097427965
25-02-2018,0.175274398,0.326165008,0.330773289,-0.272624429,0.225544185,-0.296802652,0.14557648702102993,0.261018072167821,0.1680416262359185,-0.18989837386232367,0.07351769400576638,-0.07732760179138229
26-02-2018,0.157587995,0.120012755,0.442877609,-0.00118209,0.037286066,0.343621017,0.15143304145695474,0.19259983147860416,0.30186107077344004,-0.09795201074787645,0.055808443416201,0.12752591523087123
27-02-2018,0.089445891,0.03653758,0.369307881,-0.43286164,0.130269177,-0.067059705,0.12132303924227081,0.11643284503824691,0.3348191290314029,-0.26089310383451414,0.09201631150942098,0.0327766946670016
28-02-2018,-0.513605721,-0.287899685,-0.633774303,-0.781878605,0.177376481,0.0,-0.18798890450588085,-0.0808742508934623,-0.1370443431660493,-0.5148498472257766,0.1335130227313164,0.016534822631099285
01-03-2018,-0.422365064,0.412558027,0.0,-0.696546673,0.88777227,0.0,-0.30215479818245194,0.15950511008079338,-0.07064983443292389,-0.6037096133435115,0.5010486231628818,0.008035314633459061
02-03-2018,-0.031454038,-0.528455173,-0.008765879,-0.628304852,0.419136047,0.365902684,-0.1702167805227431,-0.17572030796129884,-0.040491872062748444,-0.6159347541106284,0.4612424886663563,0.18225240428957118
03-03-2018,-0.032973539,0.30892114,0.312255612,-0.286272099,0.17225942,0.137223092,-0.1034403663808463,0.06028317871631221,0.13165124055234953,-0.45560292585664597,0.32063002536495405,0.16000653546026292
04-03-2018,0.420704636,0.284996937,0.227398424,-0.080475099,0.158267192,0.395200725,0.15192876280586382,0.16995856099031653,0.1784364634744842,-0.2729568564223051,0.24222039998261524,0.2743321655396695
05-03-2018,0.283834111,0.466822653,0.475285081,0.122217661,0.666630938,0.553524146,0.21626738686468466,0.31452116736538915,0.3231865159829781,-0.08050144212139965,0.44945334919577196,0.4105254058060076
06-03-2018,0.148809086,0.658319985,0.43230587,0.028107812,0.109742739,0.768635186,0.1833562973444752,0.4820308394025505,0.3764811700238768,-0.02761328910871025,0.28405891891884893,0.5852699058771231
07-03-2018,-0.113078444,0.081252162,-0.196333329,-0.538116363,-0.090715845,0.479397196,0.03893743921191267,0.28686694239091487,0.09743261844147852,-0.27617995874657186,0.10150384358827827,0.5342353255747667
08-03-2018,-0.518695461,0.218635609,-0.249288279,-0.462228934,-0.503869701,-0.04529914,-0.23281650053106,0.2537278928336252,-0.07170499896135821,-0.3669940684131629,-0.19339609309280642,0.2520026331829492
09-03-2018,0.202461707,0.153980169,0.251077164,-0.524539693,-0.257357616,0.313652454,-0.020947502990865646,0.20526517603413996,0.08528196912014116,-0.4437099155335743,-0.22475901576695512,0.2822364339074389
10-03-2018,0.393108058,0.398206699,0.261787234,-0.242742585,0.385184688,0.295714432,0.181087035311411,0.29957262529158357,0.17172168523148867,-0.3455883718738873,0.07215799634821507,0.28897794913255703
11-03-2018,0.1981418,-0.020573434,0.182763581,-0.364928249,0.419369048,0.030848878,0.1897703252732671,0.14352647854424905,0.17720780175234435,-0.3547932113356516,0.2408145256962941,0.16339588929683382
12-03-2018,-0.362442366,-0.216543964,-0.090739544,-0.586033415,-0.328425125,-0.226596779,-0.07913213994207428,-0.03148424015445565,0.046778384103824906,-0.46728452623327743,-0.03663125452199441,-0.026735234770794036
13-03-2018,-0.527413241,-0.041407523,-0.526011241,-0.304072519,0.100563996,0.0,-0.29756461746841595,-0.036529954304119705,-0.23245099321349874,-0.3878793943555575,0.030081152354222727,-0.013811409769056357
14-03-2018,-0.456415461,-0.019433322,-0.047831682,-0.347904285,-0.160121772,-0.257423039,-0.3754025601157823,-0.028399781868311675,-0.14278904804962492,-0.36859400483555244,-0.06266574554038862,-0.13275330505308555
15-03-2018,-0.306764155,-0.153610761,0.367698788,0.318392469,-0.143517964,-0.418891396,-0.34237047638024953,-0.08970998870715072,0.10553888708881583,-0.03419651276947383,-0.10250936827884673,-0.27258612937814786
16-03-2018,-0.311179053,-0.115229478,0.648573697,-0.426977839,0.103053552,0.073471456,-0.32747847058735013,-0.10260695989298263,0.36990442209505187,-0.22559934923984298,-0.0024901178120859055,-0.1046314554930354
17-03-2018,-0.184940578,0.088548381,0.20448157,-0.527656017,0.493569783,0.26115264,-0.25816652890834485,-0.009589519527780622,0.2896610117648497,-0.37256846711631614,0.23924641299759714,0.07321750513691143
18-03-2018,0.054732438,-0.277350295,0.348650736,-0.024255525,0.129796821,0.120762789,-0.10555970512564106,-0.14018485565046282,0.3187351423925379,-0.20281379521890588,0.18638300802267133,0.09645518986168128
19-03-2018,-0.591575532,0.055204056,-0.000679639,-0.51344054,-0.01020528,-0.521992255,-0.3425390139808882,-0.04517320035211839,0.16315728084341138,-0.353952569782264,0.09087975455593074,-0.20498887512182296
20-03-2018,0.61086605,0.503473026,0.127103044,0.442214714,0.653782814,0.6673282,0.12150658546224838,0.2218539294730032,0.14553039805036388,0.033873495578782525,0.36494528606171633,0.21969609242471783
21-03-2018,0.548215838,0.126926822,0.688216002,0.53904831,0.242986902,0.748210455,0.3293530596161751,0.17575547875244193,0.4099053187960542,0.28024340556583616,0.30549306180721164,0.477306919938978
22-03-2018,0.077222485,0.266798737,-0.229993224,0.015391088,-0.064968408,0.185199083,0.20694324402998268,0.22035525705008496,0.09845530073183614,0.1517437036258724,0.12539620384470296,0.3354275732444089
23-03-2018,0.396001455,-0.469306731,-0.035598228,-0.033833308,0.622479959,0.0,0.29950827863357654,-0.11548777071740479,0.033531219736407006,0.06161266332715469,0.36759225353126407,0.17221425829923817
24-03-2018,0.674976854,0.110849017,0.365034923,0.201730727,0.619081153,-0.31773786,0.4829063579363457,-0.005275385405871885,0.19509123677186674,0.13013250511238678,0.4904455766520815,-0.06622545201126015
25-03-2018,0.350963847,0.349059848,0.06544532,-0.152779462,0.340404378,-0.215000226,0.4191132025237865,0.1674497445999742,0.13182034659544925,-0.00781975605880078,0.4177381447503623,-0.13849029132961424
26-03-2018,0.293258382,-0.237931222,-0.146831838,-0.14840546,0.7951082,-0.151857211,0.3582491712527228,-0.029877772889590315,-0.004260212177622735,-0.07605362942421635,0.6017890486864813,-0.14513411634727702
27-03-2018,0.019734511,-0.535326528,0.25047058,-0.423752426,0.265391941,0.473664231,0.19366063749560977,-0.2762073060500162,0.1197159451582478,-0.2451734881345708,0.4379624975679816,0.15609432999453093
28-03-2018,-0.50869617,-0.286063587,-0.065391272,-0.70478125,-0.096599493,-0.644623631,-0.1484435045060553,-0.2810086061405097,0.029389223309259478,-0.4692327039915225,0.17771341143283065,-0.23399588553458997
29-03-2018,0.013674529,-0.155967874,0.43464162,0.185268726,0.160256625,0.137935339,-0.06918437096964669,-0.22029685957779843,0.22684801463927115,-0.1503302912582928,0.1693249296452179,-0.05261134328289803
30-03-2018,0.241477344,0.520663413,0.012786357,-0.376714303,0.176606388,0.048621599,0.08174926889703901,0.14025238310651808,0.12261839668288499,-0.26099263718685695,0.17257209850324484,-0.0037367437848625437
31-03-2018,0.0,0.904990072,0.160270718,-0.067938802,0.607392841,0.156585044,0.04163156336413776,0.5128430742049541,0.14061202927819003,-0.16743229664137443,0.3843743710317479,0.07390626756499628
01-04-2018,-0.308318026,0.194724372,0.100342558,-0.327276537,0.434030204,-0.139447653,-0.12888696304963632,0.3580072712635075,0.12122241231876368,-0.24542223213490774,0.4088454438496526,-0.03010938877508483
02-04-2018,-0.380626435,0.151811561,0.15269078,-0.297078095,0.129295693,-0.216925717,-0.2518606138492028,0.25806108105007963,0.13665112632635407,-0.27072031060721924,0.27251553122627825,-0.12114551662070489
03-04-2018,-0.190458397,0.104802027,-0.194224797,-0.061443332,-0.010196578,0.727749101,-0.22251994286908874,0.18348409967543802,-0.024694191992562065,-0.16905289148337632,0.13456248700061707,0.2925603062737322
04-04-2018,-0.014827748,0.470540479,-0.547512018,-0.255056643,0.209837917,-0.489104387,-0.12168727842481573,0.32323614147146823,-0.2794684484784864,-0.2109642596822854,0.17110926735627024,-0.08795430517782996
05-04-2018,-0.133313863,-0.24733931,-0.212831669,-0.270139778,0.028679263,0.001942393,-0.1276090634135346,0.04559806117999066,-0.24708505427565663,-0.23983353290604767,0.10133005588159513,-0.044116750283078085
06-04-2018,-0.776273825,-0.016299892,-0.553011814,-0.307882155,-0.200590651,0.009282692,-0.44373178164831284,0.015801389344681956,-0.3964419622942124,-0.27287298434269874,-0.04586831509955546,-0.018421426715590272
07-04-2018,-0.550611514,0.287411273,-0.328811067,0.173527926,0.087130606,-0.077052742,-0.49576361854122425,0.14831768116289565,-0.3636972548304736,-0.05511736449829446,0.018960601432114182,-0.04659850953601608
08-04-2018,-0.625427322,-0.079913359,0.367830101,0.0,0.041775528,0.028860431,-0.5592520198189691,0.0373115202631545,-0.0077899917298495935,-0.028413070823148513,0.029988492190111047,-0.009949110667945524
09-04-2018,-0.001256881,0.090135304,0.037018861,0.038867726,0.32909391,0.615972873,-0.28789164032509584,0.06274772840922219,0.014028253825397713,0.004582286825707427,0.17562261507555782,0.2949655867235243
10-04-2018,0.541399528,-0.052994746,0.734646232,0.221353357,0.469868188,0.726987673,0.1159629299525764,0.00583544157798703,0.3650247562857955,0.11023874873740128,0.3187122041275268,0.5055338053573357
11-04-2018,0.014191199,0.0,0.71171982,-0.267040969,0.166752473,0.586068982,0.06664251358764979,0.0028752804768478763,0.5340997119952059,-0.07330175533677163,0.24460547991403186,0.5451706863549688
12-04-2018,-0.092179277,0.0,0.0,-0.162098842,-0.061086761,-0.571866057,-0.01045860468771806,0.0013820903609861376,0.2741212624079256,-0.11642520628000319,0.09574282563759218,0.0014196556506202995
13-04-2018,0.321141978,0.431784158,0.342436556,0.33878566,0.15575138,-0.358685633,0.1512097702046949,0.21101110743002952,0.3076950613964309,0.10532076282180299,0.1250448537626559,-0.17447503625171695
14-04-2018,0.487384413,0.272602406,0.606731954,0.019244979,0.338410914,-0.355703493,0.31509798345925855,0.24085765121042108,0.45391696103657664,0.06360783542810683,0.22894484528384978,-0.2625749881740405
15-04-2018,-0.124388611,-0.135720183,0.137155305,-0.338832025,0.470015237,0.498902846,0.1012568641126921,0.05769053103892037,0.3000031645985807,-0.13225510259042378,0.3465192129394371,0.10825522100501617
16-04-2018,-0.155615345,0.631547017,0.557112604,0.110288633,0.303908746,-0.362820107,-0.02334792800575887,0.33732095833769316,0.4257965277814999,-0.013978194158816147,0.32609849438869537,-0.12119268447936056
17-04-2018,0.353621304,0.66217602,0.087196253,0.37435859,0.244907322,-0.349791574,0.16063949922197326,0.49562223585921017,0.26129736797238606,0.17510435827889057,0.2866900862569163,-0.23259409723002766
18-04-2018,0.247704424,0.430503142,0.522804584,0.201461762,0.370182054,-0.30800823,0.2035451698085063,0.4642528735625063,0.3886383915080711,0.18805433223267753,0.32751947065081155,-0.26949819219585414
19-04-2018,0.288557197,-0.561494114,0.533945037,0.332617261,0.168682879,-0.404961763,0.24509026059802536,-0.035262081159731645,0.4596502272762746,0.25857831238009094,0.25013284448739836,-0.3360454577586829
20-04-2018,-0.070784413,-0.159121485,0.180089911,-0.240929813,0.228610787,0.101051547,0.09101147893798356,-0.09559574857206753,0.3232771211270632,0.015239579818958349,0.2395109927088691,-0.1237496376566096
21-04-2018,0.127896624,0.452848143,0.234630006,-0.576231496,0.242335695,-0.24346725,0.10902965996344677,0.17154844007688122,0.2798471420353159,-0.2727518279407162,0.24093230842025165,-0.18251651646451722
22-04-2018,0.446857611,0.349649302,0.447247356,0.012865008,0.524818932,-0.195780996,0.27374517717355784,0.2584260639434275,0.36157852759867853,-0.13366708206359829,0.37942995922027717,-0.18873760077492946
23-04-2018,0.117348655,0.456829194,0.478071902,-0.43661219,0.186361598,-0.075780834,0.19751894868486589,0.3549811592553609,0.4183463074332923,-0.281555756080219,0.2855051790748828,-0.13359936205745176
24-04-2018,0.272456357,0.365866912,0.53587597,0.338049881,0.531484756,-0.256711708,0.2338489466804221,0.3603358070623562,0.4754902963450416,0.020131408762237762,0.40531434202106464,-0.19344234406390604
25-04-2018,-0.227984557,0.586330054,0.506225166,-0.094449193,0.512015211,-0.852651783,0.00906443724534349,0.4707484322731112,0.49067419248367944,-0.035470025640470096,0.4572591995319776,-0.5150403776469042
26-04-2018,0.667185634,0.30776616,0.685751822,0.481683405,0.393936582,0.681099725,0.3298051072143268,0.39124329454970286,0.5856753877553307,0.2163982567751641,0.42650331790248763,0.06762818208611132
27-04-2018,-0.063381022,0.250078447,0.405624509,0.179074914,-0.036352604,-0.428700778,0.13822891337991233,0.32229938311114587,0.49826314780601,0.19811627520812647,0.20111116010705704,-0.17392591936442722
28-04-2018,-0.043316157,0.306194756,0.005344146,-0.078482571,0.272804144,-0.455098901,0.049711748258087926,0.31438607221482706,0.2580963583658115,0.06335443761292624,0.23593536144226684,-0.31083107957906214
29-04-2018,0.157187589,0.239987974,0.224521332,0.29321473,-0.549558287,-0.351063931,0.10192619926522258,0.2786821749023041,0.24156747305182102,0.1751760901161276,-0.14671773271045166,-0.3303742780120499
30-04-2018,-0.406435544,-0.364340421,0.43982421,-0.251769725,-0.021425307,0.113151645,-0.14564203641712392,-0.034328854419282046,0.3381968505768089,-0.032575155700381594,-0.08590761334769666,-0.11455465417454049
01-05-2018,0.040140195,-0.678913993,0.430216443,-0.477144568,0.435961044,-0.385573601,-0.05529799471873088,-0.3486746756673553,0.3830932785968696,-0.24883358417059104,0.16814479512933098,-0.24651594444544284
02-05-2018,-0.034905152,0.223773233,0.441996095,-0.39629642,-0.157950916,-0.600044303,-0.04567389435405185,-0.0702093701157892,0.4117511247553479,-0.32084016838997786,0.009048866137827405,-0.41878744739414586
03-05-2018,0.00804306,0.209560942,0.284525945,-0.614409953,0.192640016,-0.013029272,-0.019603916793421813,0.06576876040737997,0.3497255257856948,-0.46379644005640275,0.09838506957100634,-0.22131355752771273
04-05-2018,0.598223072,0.364848117,0.687964847,0.363580193,0.456312176,0.631647067,0.2812221047805539,0.2112950236917214,0.5144012889609471,-0.06119330471653736,0.2724996628715916,0.19427329039197136
05-05-2018,0.388959733,-0.052429162,0.310229979,-0.333148701,0.373860705,-0.166973842,0.33402791482768757,0.08257529918947515,0.41493350167829435,-0.19367014600405963,0.32173455070646123,0.018921761478051177
06-05-2018,-0.124180517,0.461034355,0.3008421,0.071372975,-0.052774353,-0.170019213,0.11058086452352855,0.26682202790989407,0.3591799228371171,-0.06495910574793705,0.1392279548127517,-0.0735414022520805
07-05-2018,0.694620799,0.0,0.810951201,0.334564884,0.694629694,0.888048493,0.39523468298764175,0.13683594050093173,0.5792554079750407,0.12953883678427497,0.40993016476833316,0.395168204516162
08-05-2018,0.166641283,0.0,0.931103799,0.0,-0.067980678,0.415167213,0.28413522795069174,0.07006406414388061,0.7510328113287559,0.06655611800325617,0.17717563293079605,0.40543897155717956
09-05-2018,0.239597937,0.0,0.741467143,0.549041922,-0.377483648,0.398914187,0.2625152415711448,0.035823290002458485,0.7466988432481836,0.30148407130036814,-0.09260538634761149,0.4027291326924487
10-05-2018,0.082449391,0.709323629,0.46922564,0.027114547,-0.44937373,0.454766273,0.17520140499957723,0.36420273016491234,0.6117033624153476,0.16815347458105753,-0.2664680960831507,0.4282613259637177
11-05-2018,0.251716858,0.433132105,0.513237085,0.472606272,-0.313411978,0.056473403,0.21256369862650487,0.39843208689148096,0.5638428328353104,0.31688386872991414,-0.2897748198146246,0.24762977009811094
12-05-2018,0.309165548,-0.013734656,0.266022216,-0.064534266,-0.310781025,-0.300528262,0.2597818392650725,0.1977315434677029,0.4188193098426223,0.13149803666467316,-0.30009083904099165,-0.018908835187020384
13-05-2018,-0.000181862,0.112645272,0.529281688,-0.107504707,-0.302298899,-0.147054586,0.13328285285082425,0.156269929656685,0.4727201681670321,0.015517690005923332,-0.3014721206350117,-0.08134546363655554
14-05-2018,-0.418709203,0.0,0.392023299,-0.218093461,-0.170437051,-0.285696755,-0.13593756138353927,0.08000543997169611,0.43327096018018474,-0.09851415251220898,-0.238101302827614,-0.18134808522741733
15-05-2018,0.34130812,0.187287391,0.507160879,0.315619394,-0.169757067,0.17667409,0.09625247172112014,0.13235563244745482,0.4693466329959115,0.10339839791672828,-0.20518322747412687,-0.006927551420630604
16-05-2018,-0.007448335,0.512595912,-0.402701924,-0.01113764,0.40837299,0.490631192,0.045865811987247505,0.3174060128902545,0.04458651475937983,0.047615963482252395,0.09364865005912805,0.2355856390645688
17-05-2018,0.45402084,-0.327475375,0.304490919,0.130863451,-0.470493794,-0.300919416,0.24431788199141177,0.0034147244389129416,0.17073752752960347,0.0879964646103761,-0.18157581820474605,-0.02620573311757915
18-05-2018,-0.019176645,0.0,0.49695341,0.082283466,-0.026092016,0.243962892,0.1159907430728144,0.0017531779837168665,0.3291994047856627,0.08526763557854097,-0.10589408951965643,0.10514754287097337
19-05-2018,0.032837348,0.287996265,0.425273981,-0.016715707,-0.055749775,0.186449186,0.07540152658327424,0.14121273050268776,0.37575159933892666,0.03529349972763607,-0.08129523955572172,0.14457579574761953
20-05-2018,0.683296753,0.085246125,0.35358938,-0.057947397,0.551203866,0.571072091,0.3715654811063251,0.11359339102665186,0.3648961447507229,-0.010128665459243721,0.22708838645599985,0.35217370501373146
21-05-2018,0.423900587,-0.263378325,0.614382281,0.084032178,0.432984329,0.692365222,0.3971376069391842,-0.07026645058524011,0.48635454083459745,0.03544746108268697,0.3277366161278771,0.5180993460024431
22-05-2018,0.722562238,0.225495284,0.44131041,0.498048598,0.222834637,0.431718512,0.555739980177684,0.07379447626267283,0.4645455219780151,0.26089007377868345,0.2770239671004783,0.4765219265548925
23-05-2018,-0.177936731,0.340638018,0.228421334,-0.423115427,-0.79163122,0.6276021,0.19863523884385995,0.20377733811483817,0.34946499161139943,-0.07213098178456029,-0.24326875375596516,0.5505152636842353
24-05-2018,-0.637744564,0.15914885,-0.221161667,-0.688793311,-0.678638653,-0.406249569,-0.2084686638975009,0.1821605569984046,0.07142763448495873,-0.3724801629669626,-0.4554273943101088,0.0848951285194321
25-05-2018,-0.798519474,0.0,0.736247647,-0.563646474,-0.725540712,-0.609747111,-0.4962840153161517,0.09340822440706413,0.3950597123728241,-0.46604358933530565,-0.5872045136494595,-0.2535934990677021
26-05-2018,-0.559579394,0.300510046,0.37747069,-0.111203956,-0.539604365,0.294843768,-0.5274248013420382,0.19404892562230622,0.38698492631638953,-0.2934467424729373,-0.5646308714317999,0.013145292120505303
27-05-2018,-0.437709731,0.194502294,0.208118109,0.01306369,-0.258892087,-0.460979454,-0.48432388445173313,0.19459316919428932,0.2998916409175926,-0.14437705268478515,-0.41573241328399213,-0.21765493495316518
28-05-2018,-0.82607921,0.0,-0.078992009,-0.333231023,-0.674689173,-0.705919808,-0.6511164798615059,0.09990746431115377,0.11517623903635224,-0.23652779346287472,-0.5421384897475277,-0.45582522017491445
29-05-2018,-0.632544025,0.368882572,0.069132463,-0.330162569,-0.410904416,0.229028667,-0.6424919982757401,0.23083629912813242,0.0925513070982604,-0.2822832190404534,-0.4785024429118436,-0.1225606421179567
30-05-2018,-0.116473295,-0.025029681,0.082537166,-0.097438472,-0.198031403,0.10965996,-0.3870361843307428,0.10626791896928348,0.08751053672575657,-0.19236541518034506,-0.3424945852970777,-0.009852162295384173
31-05-2018,0.039791502,0.492249797,0.005870256,-0.282822663,-0.357346164,0.253828299,-0.17958729853854521,0.2945486059625032,0.04740847747251424,-0.2366078247637557,-0.35021113857118913,0.11817832977623079
01-06-2018,-0.310466518,0.540687473,-0.38454705,-0.116939552,-0.496178943,-0.217029988,-0.24391139594571326,0.41451099389830953,-0.16328574467388846,-0.17876060349426137,-0.4216823840112698,-0.04533054332383718
02-06-2018,-0.233014556,0.372292786,0.138097533,-0.243999762,-0.073070565,-0.252305127,-0.2386433301245477,0.3939879636039635,-0.01669380469498806,-0.21039380394601925,-0.2516083109723474,-0.14658640220038444
03-06-2018,-0.052520265,0.488507104,-0.08722162,0.005694864,-0.267147768,0.033556598,-0.1477161757366101,0.44018357153702004,-0.050928385287388266,-0.10481815322859457,-0.25891440768033713,-0.05865920876596914
04-06-2018,-0.56039435,0.557148673,-0.133489964,-0.416246076,-0.33327662,0.267042725,-0.3483706657486034,0.4974422369691915,-0.09164070030286088,-0.2562622563038901,-0.2948545713304017,0.10036541328817425
05-06-2018,-0.425937723,0.498249844,0.0,0.05473115,-0.541753681,-0.146067298,-0.3860306059694401,0.49795780950861485,-0.04728394782490751,-0.10483530381059862,-0.4149927840640433,-0.019817903817349436
06-06-2018,-0.128578768,0.046900245,0.110721561,-0.325742391,-0.133560081,-0.097853992,-0.26056727819264225,0.2783894024575105,0.02953843899913301,-0.21253498095854484,-0.27797473889300095,-0.05756377941994458
07-06-2018,0.22268323,0.457178595,0.030601491,-0.039762954,0.154356189,0.002122932,-0.02477558857430226,0.36566862770353087,0.030123653260086754,-0.12828511106136953,-0.06709587673075522,-0.028082239048865303
08-06-2018,-0.104420132,0.421034479,-0.572109249,0.377567546,-0.054076239,0.349195095,-0.06320180683832688,0.39264103892808777,-0.26331015700678806,0.11829294669230407,-0.060539499401073435,0.15556895997408585
09-06-2018,-0.474938608,0.087279516,-0.045865618,0.163208757,-0.623281892,-0.161966523,-0.26376814531627485,0.24412698453693538,-0.15758498045915817,0.14030982040715756,-0.33462398247511177,0.0008932130481583284
10-06-2018,0.098773505,0.276096892,0.302104133,0.291503992,-0.200867726,0.29920935,-0.08732501397066823,0.2595489727357019,0.06627554687266676,0.21423441627548512,-0.2694434563862713,0.14607687605886394
11-06-2018,-0.598174883,0.168771111,-0.067699251,-0.410585856,-0.089305841,0.00854995,-0.33607420305947266,0.21514741960995357,0.0012821591707537217,-0.08997450167547498,-0.18153930262794638,0.07929849469711946
12-06-2018,-0.37980659,0.0,0.137219345,-0.038833655,-0.271877236,0.335902554,-0.35744464948461163,0.1102295353145999,0.06742632217845976,-0.06496303184032035,-0.22561946078666473,0.20452234407480524
13-06-2018,-0.459229596,0.0,-0.132265817,-0.592330095,-0.402898584,-0.186759584,-0.4072236343491775,0.05629084095722901,-0.02976838300326376,-0.3219416107096893,-0.3119646169949567,0.013994653402452276
14-06-2018,-0.155114454,-0.050053762,0.346335888,-0.297938748,-0.120899107,0.553106971,-0.28430033700040885,0.004168893406507779,0.15353502357750892,-0.31018887442262705,-0.21886373006890675,0.27649484673419933
15-06-2018,-0.421441552,0.307750772,-0.385443412,-0.060745476,-0.370960147,-0.043489978,-0.3510281167293571,0.15176852319215722,-0.10896164320833263,-0.18888558605546968,-0.29276534553652617,0.12085930995657915
16-06-2018,-0.36634249,-0.588033119,-0.110242745,0.024929294,-0.224277742,0.254067639,-0.35862724944864877,-0.20859996951127208,-0.10972201010506973,-0.08462949844611661,-0.259496697849598,0.1858944047547787
17-06-2018,-0.35295097,-0.462208732,-0.085696165,0.318528044,-0.135618225,0.180450114,-0.35622218002884576,-0.3325717003476747,-0.09810355331575842,0.11176221152876586,-0.19939934673567358,0.1833558744365289
18-06-2018,-0.463912959,0.0,-0.433209341,0.0160894,-0.176846092,0.223537106,-0.4088455661730743,-0.17100905864858573,-0.26107417068191086,0.06498533164691322,-0.18850144017287834,0.20282946201627527
19-06-2018,-0.578320236,-0.154673108,-0.258839835,-0.224653107,-0.425218969,-0.305532403,-0.49137313907166585,-0.16321028282035832,-0.2601190317828697,-0.07618826060698945,-0.3035613321938991,-0.044619734118196336
20-06-2018,-0.043236674,-0.182572429,0.204164104,0.304559364,0.156582315,0.230562044,-0.27340565752875085,-0.17291596083919386,-0.03426753183277301,0.10908511022974601,-0.07944168061505046,0.08923644481779727
21-06-2018,-0.646330979,0.0,0.0,0.0,-0.672708894,-0.188454417,-0.45489459310317026,-0.08888265775160319,-0.017551561842836516,0.056260738938763946,-0.36847707840377075,-0.04600532353757175
22-06-2018,-0.334117838,0.0,0.0,0.0,-0.124242949,-0.830189107,-0.3960983632134379,-0.04563387807478799,-0.009096352548991053,0.02890930456640201,-0.24954539426900116,-0.4282987409574014
23-06-2018,-0.648062304,0.0,0.0,0.0,-0.455803529,-0.709749419,-0.5188167855339744,-0.02342921421144222,-0.004588214226681247,0.015209794821913192,-0.3499398743897063,-0.5655720925844144
24-06-2018,-0.747821436,-0.025552644,-0.014444098,0.082657734,-0.520242117,-0.213818612,-0.6306140247524461,-0.02444724734539937,-0.009607613284747747,0.04826478895939211,-0.4330536352376349,-0.3948903881660007
25-06-2018,-0.424138101,0.095435262,-0.120627339,-0.080867772,-0.558946807,-0.335149944,-0.5301480468662605,0.033753887254065904,-0.06346371712106622,-0.01458138102410144,-0.4944276549847033,-0.36600254892282436
26-06-2018,0.31759197,0.079047977,0.080873003,0.221352957,-0.196511341,0.15977112,-0.11722820665361913,0.05620682682159259,0.006886557652869947,0.1003420176301268,-0.34944946061240734,-0.11022854911650501
27-06-2018,0.31759197,0.079047977,0.080873003,0.221352957,-0.196511341,0.15977112,0.09476360494363918,0.06765653536103841,0.042990373412519683,0.1591636175812496,-0.27507014537480057,0.021135846127319308
28-06-2018,-0.047117078,-0.173744691,0.155709455,-0.106718878,-0.240223281,0.235381613,0.025985319805905786,-0.04991289590682536,0.09820269671878369,0.02971360195615335,-0.2581535535297684,0.12539151256756112
29-06-2018,-0.047573353,-0.135917514,-0.441135913,0.002557676,-0.454903583,-0.592139651,-0.009477991663911556,-0.09174964170739339,-0.16434326701530722,0.01664087097392278,-0.35390715507756504,-0.2239245735331707
30-06-2018,-0.047573353,-0.135917514,-0.441135913,0.002557676,-0.454903583,-0.592139651,-0.028017231209276128,-0.11321204476508538,-0.2994259360754055,0.009600979013762374,-0.4034294280913305,-0.40360182720985477
01-07-2018,-0.723217485,-0.487732225,0.228872913,-0.423207575,-0.379136861,0.057805805,-0.366337445557072,-0.2957495620915984,-0.04222285180372727,-0.20125865587655936,-0.39142705707993714,-0.17893608328329277
02-07-2018,-0.519984638,-0.183906539,0.061287243,-0.403522123,-0.398829379,-0.046402218,-0.44121478226662736,-0.24144268943532599,0.008181388319132378,-0.2999267926065096,-0.3951991522752529,-0.113961401202709
03-07-2018,0.010713627,0.05770006,0.498460369,0.179712712,-0.252357075,-0.463245159,-0.22090569346537792,-0.09584917277480261,0.24705180804468102,-0.06643099319585498,-0.32556849970458823,-0.28376405809019734
04-07-2018,-0.164278614,0.114875317,0.494261511,0.087777117,-0.352127015,0.008604204,-0.19299011142088046,0.006772826224373661,0.367655230705179,0.008607207507400585,-0.3383871820343014,-0.141364757801521
05-07-2018,-0.400911861,0.101132481,-0.187320048,-0.311156129,-0.616652889,-0.14818152,-0.29414687436052683,0.0526901513439764,0.09757240918715523,-0.14712694389393108,-0.4738222909577007,-0.1445657513918917
06-07-2018,-0.552396958,0.076619028,-0.33156551,-0.582986029,-0.346130883,0.001301849,-0.4203463640804725,0.06433202706215879,-0.11149448048312001,-0.35970722824102486,-0.4117826065372062,-0.0736873299971318
07-07-2018,-0.449502623,-0.100662506,0.172917988,-0.434228742,-0.488872663,-0.285186625,-0.43500892288985316,-0.01606291423048864,0.02695282854876302,-0.3963746020066736,-0.4494745813565889,-0.17687515383051455
08-07-2018,-0.069998338,0.130763056,0.295097217,-0.008718108,0.267380151,-0.150207067,-0.2574152079986376,0.05556889357562231,0.15751372231525976,-0.20768682482217077,-0.10035061064178832,-0.16413799620451242
09-07-2018,0.256512399,0.111113877,0.686985103,-0.035804009,0.628581219,-0.031613411,-0.007158289815966792,0.0827492987276879,0.4158449020004357,-0.12407537454046469,0.25500693310430084,-0.09930625815113492
10-07-2018,0.467906567,0.211888071,0.190553406,0.182178249,0.633136852,0.171235584,0.22431975033542106,0.14580166479226087,0.3066135837121156,0.02505376621297492,0.439673097103887,0.03280808705421442
11-07-2018,-0.544732643,-0.362625769,-0.666037495,-0.177117482,-0.720425158,-0.692943579,-0.14977731271250305,-0.10151285083751649,-0.1672166524437773,-0.07316671873096661,-0.12502246335763922,-0.320795737292882
12-07-2018,-0.371908948,-0.036291599,-0.266418673,-0.203317288,-0.78130018,0.316356953,-0.2577709522622822,-0.06968578039493845,-0.2156898451957954,-0.13637162450266382,-0.4445931091487671,-0.010543223741027258
13-07-2018,-0.608680062,-0.482223946,-0.181423845,-0.467351639,-0.616314289,-0.149357253,-0.4289013610587403,-0.2707545590880539,-0.1994381453181455,-0.29782203338727364,-0.5283753602805841,-0.07789313381765912
14-07-2018,-0.189250732,0.164926171,0.28056549,-0.05115743,0.090400787,0.10572174,-0.3123069510303291,-0.05872874118408661,0.03399090829489626,-0.17788540374975953,-0.22701509895430294,0.011510936345648974
15-07-2018,-0.092951346,-0.210662863,0.214029242,-0.020352154,-0.586917073,-0.334187723,-0.2053813237449689,-0.13285060664033294,0.12184332835268015,-0.10105211378983929,-0.4021188012267448,-0.1568154428576158
16-07-2018,-0.578431209,-0.36119072,-0.082056512,-0.575759632,-0.24066387,-0.717074082,-0.38691715369683843,-0.2442284524086473,0.022783859892106018,-0.33203218502803716,-0.3234922028377095,-0.42987312084893986
17-07-2018,-0.398412314,0.234661373,-0.251556234,-0.630712297,-0.26221781,-0.038316998,-0.39247882434438197,-0.011000950330938022,-0.1109685204900228,-0.47748664027323584,-0.29353659923013076,-0.2391955477372069
18-07-2018,-0.366144276,-0.013225058,0.187523209,-0.343345753,0.008711481,-0.101387533,-0.37984850357261446,-0.012172440127144076,0.03420574598185267,-0.4124234603661018,-0.1466282401515296,-0.17211025728667947
19-07-2018,-0.136008254,0.068734368,0.369633146,-0.503498447,0.15419307,0.405951199,-0.2614433873710532,0.02716915105639721,0.1972222086205594,-0.4570289747468852,-0.0005478757096149672,0.10943585506571818
20-07-2018,-0.162636353,-0.407793388,-0.2936597,-0.527272463,0.217849628,0.300848063,-0.21375653201717304,-0.18486039595942466,-0.041932751775688906,-0.491648134989316,0.10546311993284177,0.20265412239590855
21-07-2018,-0.302066111,-0.203994001,0.022358613,-0.478296034,-0.01882183,0.115630309,-0.2565760006289377,-0.19407212402647084,-0.010222847427713375,-0.4853379712297405,0.04542320667214435,0.16081116535139334
22-07-2018,-0.007775149,-0.108670195,0.193959934,0.029509008,-0.145372603,0.140472078,-0.1352879912513476,-0.1525618843261625,0.08941444756248158,-0.23467788532236974,-0.047020473330712055,0.15080545957546201
23-07-2018,0.275341258,-0.113409255,-0.147055234,-0.407333902,-0.325254785,-0.276790795,0.06506529238798682,-0.13328220864870208,-0.02562634175304114,-0.3186521344826152,-0.1822240604023396,-0.05733457059967896
24-07-2018,0.373714459,0.118958206,-0.009283394,0.095780065,-0.04842169,0.135043469,0.21559774889677313,-0.010574842550945651,-0.017853858414464272,-0.11690541510635519,-0.11720419175618726,0.036291470521432986
25-07-2018,0.102722347,0.541251126,0.217983939,0.07106294,-0.399313667,0.297885191,0.16079583438624057,0.25840043692182335,0.09690322852678909,-0.02538655116556541,-0.25435751306103344,0.16397040140865682
26-07-2018,0.556526109,0.561345843,0.0,-0.389766277,0.777261474,-0.025218621,0.3540551200940699,0.4063804865568539,0.04980265398765395,-0.20257216630206745,0.24824177088461014,0.07234323359747173
27-07-2018,0.204690235,0.421894712,-0.179409887,-0.408797313,0.157030501,-0.321392717,0.2817506662021083,0.41404553352347695,-0.0616835115959679,-0.30278019816440876,0.20411987531243148,-0.11941745527573638
28-07-2018,0.408950913,0.451202845,0.142092724,-0.075685094,-0.307611195,0.218659579,0.34412471171156545,0.43241360483850444,0.037442347888793595,-0.19211365024887678,-0.045075832992238996,0.04528348114796266
29-07-2018,0.40051587,0.595675861,0.348696634,-0.137124239,0.0,0.194452436,0.3718963455047609,0.5121809437996604,0.18888037385399103,-0.16512958077306514,-0.023238308779871077,0.11773540518371522
30-07-2018,0.087875881,0.068905621,0.233145671,0.411138531,-0.274664005,-0.464326458,0.23385217495667418,0.29678632828264184,0.2107457452711856,0.11585446107043178,-0.1458831220639487,-0.1659603649476013
31-07-2018,-0.190592252,0.096189757,0.036349069,-0.178711945,-0.52198993,0.304146086,0.027393900113960132,0.19936559391951064,0.12589598261494933,-0.027290758041079652,-0.3292022359876755,0.06290227192154449
01-08-2018,-0.751761824,0.247690835,-0.717049863,-0.837413867,-0.899825515,-0.60243556,-0.3521912315706927,0.22310078379582673,-0.2848318896625256,-0.42202031330157935,-0.6073255391498779,-0.26130035283820935
02-08-2018,-0.386235344,0.09535283,-0.086657225,-0.411294447,-0.86396989,0.130188615,-0.36916671180834265,0.1610702553423048,-0.1883660417647832,-0.4168037460359417,-0.732538306778568,-0.07055618319321812
03-08-2018,-0.456424926,-0.234495121,-0.137856213,-0.228554505,-0.524592504,-0.355231915,-0.4121397771226055,-0.03162423707152803,-0.16386854288712052,-0.3254059854460549,-0.631650679592872,-0.20937850680179027
04-08-2018,-0.790265282,-0.960394216,-0.460871795,-0.788274078,0.266450474,-0.765145915,-0.5966828545708165,-0.4844788756780721,-0.30880615248437127,-0.5511624909281417,-0.1942372385421317,-0.48046452555739727
05-08-2018,-0.464031634,-0.200670847,0.083989028,-0.336137755,-0.443019274,-0.47200789,-0.5327698188311369,-0.3468552213315649,-0.11762666614207723,-0.4465018841005445,-0.3160469298509603,-0.4766266946143616
06-08-2018,0.089238881,-0.211771428,0.422868915,-0.221796233,0.562139053,-0.390115173,-0.2301826170867154,-0.2815186525834067,0.1457426623440763,-0.33704801457162054,0.11151451552741534,-0.4345742792361854
07-08-2018,0.634193042,-0.407548103,0.0,-0.055436804,0.459439491,0.094806397,0.19054743842835375,-0.3433748777716452,0.074738675942179,-0.20000826585361653,0.2812844475757692,-0.17706349746383634
08-08-2018,0.059546555,0.416995587,-0.518425451,-0.019996554,0.175617515,-0.298021224,0.12659323965139052,0.026497586289486008,-0.21442247631321298,-0.11234502570879598,0.2299776153848454,-0.23622480540062676
09-08-2018,-0.0068016,0.145551747,-0.184464853,-0.256240401,-0.149447315,0.269273733,0.06162689130446946,0.08447482576517064,-0.20010454108096676,-0.18277584753155143,0.045433577863541685,0.010196984521241848
10-08-2018,-0.267895031,0.138930526,-0.454239065,-0.437568544,-0.552768012,-0.458000291,-0.09876076510351006,0.1109985378677339,-0.32406622968195564,-0.30691411091705345,-0.24566015849323453,-0.21809234896227164
11-08-2018,0.151994768,-0.074612691,0.057231837,0.089046105,0.625856553,-0.031241674,0.023812941619980432,0.02048345324208785,-0.1380530393140849,-0.1136722145031979,0.17935092381257872,-0.12681985137278615
12-08-2018,0.161402573,-0.248797949,-0.184575348,0.346070777,-0.263426854,-0.083456711,0.09110125327524057,-0.11075765136689733,-0.16075071056505014,0.11050044464373135,-0.035724807708468864,-0.1058525563048261
13-08-2018,-0.189025514,-0.565278658,-0.699612906,-0.88549783,-0.068233333,-0.469193217,-0.0450378402852232,-0.33212488824672126,-0.42330013656863896,-0.3745425904279232,-0.05125994281615979,-0.2827185612864168
14-08-2018,0.292152285,0.104553806,-0.259476019,-0.430756469,0.362942266,0.033555216,0.11970423464129501,-0.1189842104691924,-0.3434612538671574,-0.4016736294512383,0.15034358914470405,-0.12832993618385813
15-08-2018,-0.528154313,-0.461531598,-0.325457452,-0.664304054,-0.093317038,0.009376558,-0.19557240197133682,-0.2858236468863776,-0.334954781553205,-0.5296685713015344,0.031999325400240496,-0.06102584028642611
16-08-2018,0.02983561,-0.566745501,0.250128839,-0.461079366,0.346927734,0.133580268,-0.08592955397639732,-0.4227355068794287,-0.05037021204129272,-0.4964426011174611,0.18510466008872872,0.03399086788977225
17-08-2018,-0.063106574,0.481576159,-0.294935357,-0.310656374,-0.025553908,0.437115522,-0.07525662993133744,0.01783835330743866,-0.1695542938925102,-0.4062004475006702,0.08230109623700352,0.2303566657084278
18-08-2018,-0.057132357,-0.091388673,-0.226343596,-0.7610382,0.0,-0.047423677,-0.0665100135230563,-0.035624861779831755,-0.19700589634649857,-0.5793178921018663,0.04214590343844359,0.09534888449828396
19-08-2018,-0.104526998,0.200237195,0.00461421,-0.269505232,-0.115231012,0.225124619,-0.08506902012140438,0.07917548398619545,-0.09878376927904362,-0.42857657999434423,-0.03440979430842867,0.1584681614571789
20-08-2018,-0.211438344,0.062898503,-0.296012878,-0.688787313,-0.312795119,0.296955462,-0.1465231649100564,0.07120824148130679,-0.1946539720869811,-0.555346431516746,-0.16971853700857922,0.22632180702297514
21-08-2018,0.275391561,0.126317071,0.019851043,-0.169180638,-0.403694161,0.582374954,0.05884982776968231,0.09814783717516723,-0.09030268111111328,-0.36760487573455386,-0.28420542345582966,0.3999516343228439
22-08-2018,0.271549671,-0.489290017,-0.079407789,0.292684543,-0.615524524,-0.108753569,0.16241422487362278,-0.18783847881055857,-0.08493620598425888,-0.04635244920878015,-0.4456379373511583,0.15240870609342877
23-08-2018,0.11462087,-0.003551553,-0.304046695,-0.105239878,-0.272921474,0.214731681,0.13934706670697186,-0.09781932736607568,-0.1913063557083739,-0.07452227992744426,-0.3617239759942533,0.18315805333968954
24-08-2018,0.749209805,0.010209177,0.0976888,0.32667087,0.198813712,-0.386461436,0.4363792246828847,-0.04531300306966933,-0.05046480703622956,0.1211610671385884,-0.08907769765322529,-0.09426946213852797
25-08-2018,0.540826353,0.049952274,0.315831565,0.19772683,0.128005459,0.143326683,0.4878642103259361,0.0013585857053413815,0.12816635595942832,0.15895114239460434,0.016688476906221154,0.021423807885448495
26-08-2018,0.144899414,0.054020827,-0.130179881,0.057374126,-0.227005072,-0.467251901,0.32105475477249373,0.02736802509385424,0.0022236965370601575,0.10984696229925446,-0.10224448826439406,-0.21672996090955968
27-08-2018,-0.137006111,0.273756092,-0.176998977,0.162511795,0.033839901,-0.035220559,0.09812435905051503,0.14712738566315683,-0.08490986408818729,0.13576614720316688,-0.035991328084957745,-0.12870345616818576
28-08-2018,0.601034089,0.344820931,0.493279281,0.124703288,0.173297974,0.222604689,0.3432397078456234,0.24359214393244746,0.19687326428849172,0.13093233638678542,0.06595271357690269,0.04240449914417414
29-08-2018,0.100899662,-0.080582657,0.350571037,0.267720885,-0.348997001,-0.231808109,0.22544856103988525,0.08568011837388409,0.27187447325337355,0.19782439924382075,-0.1360996561336173,-0.09130597413192854
30-08-2018,-0.052069141,0.225368075,-0.021696905,0.124101706,-0.613795864,-0.607975498,0.09051201189123477,0.15375062289940356,0.12919775063118227,0.16245621507753263,-0.3687250829453881,-0.3432696047156207
31-08-2018,-0.138390607,0.08410295,-0.094678814,0.181618161,-0.542025378,-0.195489755,-0.021124641597287934,0.1198350835081638,0.0201922347822592,0.17199759602229736,-0.45313580941367243,-0.2718447598427979
01-09-2018,-0.482003169,0.291273637,0.015215926,-0.290812912,-0.393502606,0.104790074,-0.24584746927778586,0.20373812235512154,0.017829517744985104,-0.053559860761703756,-0.4239816530470836,-0.08844829366306528
02-09-2018,-0.054317389,0.166519287,0.020877942,-0.345226892,0.013608246,-0.16340057,-0.15275695796401753,0.18573352339670018,0.019514292114480275,-0.19562884446762271,-0.21088024200814012,-0.12515324189569788
03-09-2018,-0.268960812,-0.239306801,0.139755549,-0.261614244,-0.246463444,-0.497843836,-0.20993106127800615,-0.021238529790411048,0.0780477119849581,-0.228100965218883,-0.22847050454038376,-0.30656716541344364
04-09-2018,0.591368293,0.187302961,0.015036107,0.320884776,-0.63492486,0.0,0.17999882460813965,0.08031935126884254,0.04720084122033851,0.03910246008475923,-0.42671727616923005,-0.1574856978279164
05-09-2018,-0.441392378,-0.254691144,-0.302399442,-0.379469536,-0.129098186,-0.764855711,-0.12272301598852077,-0.0828824316326782,-0.12301545322436291,-0.16483836422861853,-0.2818402165497569,-0.45320607220669784
06-09-2018,-0.288796361,-0.160046518,-0.177784791,-0.28716963,0.267806459,-0.12239282,-0.20362557730047004,-0.12069812610449504,-0.14966576261686626,-0.2246414803358906,-0.014246487152534681,-0.29229205638066275
07-09-2018,-0.445708116,-0.538828294,-0.242133194,-0.477947251,-0.730661516,-0.726945428,-0.32206780891767883,-0.3247009976372103,-0.19511481022907357,-0.348269393943615,-0.36340225866797765,-0.5043756965730971
08-09-2018,-0.250396485,0.120111732,0.201497569,-0.310771395,-0.682107989,0.073031285,-0.28741158410706025,-0.10813830143797834,-0.002222446272050607,-0.33038219267251134,-0.5186855502173611,-0.22323033414665375
09-09-2018,-0.286944996,0.358398654,-0.166517173,-0.548612645,-0.598879402,0.104706736,-0.2873301806079967,0.11895307748558928,-0.08225524077128976,-0.4369864985611275,-0.5576972569863655,-0.06321988477618032
10-09-2018,0.545318841,0.256909052,0.170193891,-0.052624263,0.273258542,0.721994545,0.11824650014082172,0.18618723813334534,0.04074641432371522,-0.25010765218622644,-0.15286288914143134,0.31942088325202067
11-09-2018,0.438581871,0.071022166,0.489936351,-0.079064353,0.046861023,0.488136102,0.2746869989343639,0.13001332283146988,0.25960888914262154,-0.16674962024973594,-0.05540761351911025,0.4017525068338136
12-09-2018,0.197842929,0.348773638,0.392188264,0.088769308,0.033024626,0.509714339,0.2374523371877769,0.23657135055565098,0.3243499671883894,-0.04214939294850678,-0.012365960888057009,0.4547022382023772
13-09-2018,-0.030633112,-0.059094354,-0.209669752,-0.555053404,-0.677263955,0.417933111,0.10715431751338209,0.09281721751428136,0.06428845925062027,-0.2919016456503164,-0.33616105203835833,0.43737882035650755
14-09-2018,0.093443258,-0.147510792,0.182626688,0.176951133,0.594108892,-0.110883702,0.10017402176977566,-0.024329872602851244,0.12197372686179439,-0.06385515317038037,0.11725441630491168,0.17053491138096727
15-09-2018,0.007260591,0.172325847,0.318117659,-0.174609252,0.692018701,-0.552144804,0.05524211564660313,0.07162419772679722,0.2177987462185958,-0.11761918195286422,0.3974339956663355,-0.1809767792120336
16-09-2018,0.254610307,0.148032028,0.230295299,-0.606050207,0.480529777,-0.032029007,0.15258819349062785,0.10899395812582123,0.22413237713605527,-0.3554790730833192,0.43799887537288784,-0.10844531473968837
17-09-2018,0.426757809,0.26053068,-0.278422517,0.509739108,0.583958923,0.280792503,0.2865353907061451,0.18322476008678884,-0.020424731598310375,0.06613367818949395,0.5098356411391577,0.08157597264757543
18-09-2018,0.302164951,0.0,-0.5120428,0.004796398,0.375022904,-0.052876585,0.2944830723431954,0.09399625547465568,-0.26008008472955146,0.03648366946491602,0.44489352492327744,0.016075593024815957
19-09-2018,0.115709124,0.0,-0.300970395,-0.017324349,0.394782632,-0.252995975,0.20774438751033877,0.04803706844789235,-0.2800599748560012,0.010631023978115172,0.421126523435842,-0.11507181246271349
20-09-2018,0.098739763,-0.035555071,0.050014378,0.222267419,-0.346991701,0.169290095,0.15442771045246712,0.007181227617535344,-0.11952596032073065,0.11378011212069403,0.04698877055376663,0.022951129873770425
21-09-2018,-0.055834276,-0.639998158,0.162444384,0.322596546,-0.110347119,0.424831362,0.05181127404098887,-0.30816603690592326,0.017472927029228945,0.21563565627721665,-0.02966565376966339,0.21845992013108134
22-09-2018,-0.256539706,0.643494657,0.042295478,0.184922753,-0.33657263,-0.041632281,-0.0985087654477608,0.15507850137507972,0.0293342110567283,0.2007509014241553,-0.17923049616978,0.09156165565000299
23-09-2018,-0.713658601,-0.387023217,-0.267340612,-0.552979646,-0.668489445,-0.206474538,-0.3982536415617923,-0.1089022405552599,-0.11505843677157943,-0.16600019402060562,-0.4172900845633966,-0.05384480612144691
24-09-2018,0.163624659,0.0,0.455923237,-0.234875935,0.288237099,0.0,-0.12480976468457793,-0.05582081335387497,0.16294092333532248,-0.19976929600016502,-0.07418228494548318,-0.027576093912888844
25-09-2018,0.147483201,0.353855904,0.515726599,-0.264807489,0.239768266,0.434373168,0.007770273375585224,0.14363341828492746,0.33472291741195526,-0.23147169301644044,0.07830026937346513,0.1978121804293277
26-09-2018,-0.065207502,0.123131757,0.129975021,-0.098879025,-0.076960856,-0.131037061,-0.027937759735209462,0.13364222193500686,0.23503389443218048,-0.16663990881658824,0.0024072022715686744,0.037738381078489064
27-09-2018,0.112905652,-0.185670257,0.616871086,-0.158445639,-0.435229495,0.168042995,0.04039963527877888,-0.022006422359791847,0.421384444858587,-0.16306701258767814,-0.2111712510096004,0.10107246734554903
28-09-2018,0.108367763,-0.226075922,0.176711625,-0.143386046,-0.321234728,0.536003296,0.07335160243565038,-0.1214433214682738,0.3027578882990802,-0.15358246885841315,-0.2651579559747253,0.3130674866926992
29-09-2018,-0.140565421,0.046478662,0.332670514,-0.299181185,-0.297283212,-0.076882243,-0.030895657250821544,-0.03970654076817971,0.31770573682905456,-0.22460307156967574,-0.28121865780710525,0.12343381974101643
30-09-2018,0.060505641,0.458825231,0.616853426,0.0354425,0.09754445,0.428864652,0.013554943439389275,0.20317701605306682,0.46361733898213736,-0.09818518539398817,-0.09664338745914824,0.27221217828243616
01-10-2018,0.174286628,-0.337520849,0.394214672,0.167301203,0.017929082,0.589983931,0.09190691164541259,-0.05972976358114418,0.42999089407395974,0.030899658418076,-0.0408148499826132,0.4269368729047726
02-10-2018,0.281099924,0.142922912,0.485214981,-0.187737739,0.504481202,0.0,0.18429834583611215,0.03856718919244627,0.45713661316452947,-0.07571661732274602,0.2250383533303834,0.21922251259594935
03-10-2018,0.126447043,0.558210993,0.394011853,-0.346281323,-0.260216877,0.072512296,0.15666978368768886,0.2920030427380136,0.42683124446325094,-0.20724061195333765,-0.010825393043048817,0.14800881319336823
04-10-2018,-0.309943928,0.184891545,0.150297944,-0.345935064,-0.362262642,-0.51494034,-0.07067008759844978,0.23999906005380933,0.29208537731684636,-0.27479581809541115,-0.18223207205557593,-0.1748901746216003
05-10-2018,0.373102224,0.140697734,-0.022627564,0.079386341,-0.11053114,0.20689576,0.14540181303716693,0.19154857008800852,0.13861765144033183,-0.10224343192747248,-0.14756082242170618,0.01073928233882325
06-10-2018,0.177878639,-0.418574031,0.117638535,0.061969946,0.035590661,0.286204087,0.16135520149610078,-0.10566251721660415,0.12840192352020421,-0.022240282070885953,-0.05837266054723997,0.14503444299788484
07-10-2018,-0.054255669,0.015651932,0.204139776,-0.340840147,-0.08099924,0.33000624,0.056338997778958004,-0.04650815703703807,0.16499875981509168,-0.17737861245373088,-0.06916273306220251,0.23513897509644394
08-10-2018,-0.451830714,-0.018170042,0.041966509,-0.182643751,-0.859817235,-0.753282715,-0.19127502496119403,-0.03259040731253887,0.10504982662687828,-0.17996487972618463,-0.4542156162581181,-0.24660949563905243
09-10-2018,0.073882345,-0.187701586,0.254513292,0.0811439,-0.153493742,-0.297379505,-0.06212102373572065,-0.10821005049699917,0.17772773031529496,-0.052678004138766915,-0.30780034639808906,-0.2714500281750709
10-10-2018,-0.435390473,-0.133819276,-0.262921216,-0.361533856,-0.707343633,-0.191085354,-0.24405501864661988,-0.12103851912494201,-0.03722999093562804,-0.20320811194585528,-0.5027103253415015,-0.23273034164325568
11-10-2018,-0.287319995,0.845358812,-0.36433085,-0.470061214,-0.468700628,0.318559384,-0.265393225852652,0.34992730034644987,-0.19686199096403667,-0.3334494475275032,-0.48646351428225865,0.03534950970351068
12-10-2018,0.056724417,0.065142694,-0.024382703,-0.272009921,-0.109031034,-0.505588558,-0.10879541492911782,0.21130775999714285,-0.11325248842674979,-0.30360627706080057,-0.3031917271958538,-0.2281751742300907
13-10-2018,-0.089072233,0.293300041,0.033426861,-0.071209414,0.185983453,-0.017445209,-0.09933208085352106,0.2510395473302708,-0.04210440183911779,-0.19035538882330647,-0.06489080072900481,-0.12569335707449575
14-10-2018,0.007649568,0.625248826,-0.179577884,-0.291136796,-0.559253107,0.125274659,-0.04707972416455849,0.4333964113486291,-0.10920117805004137,-0.23935991965620765,-0.3055611761301111,-0.003179663704273465
15-10-2018,0.432688317,0.395709122,0.115174604,0.010132664,0.257793175,-0.064884686,0.18640413671988,0.41521653646033785,6.167800056811751e-05,-0.11800403894001357,-0.031214220497479184,-0.033372783495922216
16-10-2018,0.10079883,-0.176909029,-0.041301275,-0.173748668,-0.170303815,0.113994821,0.1447022680871582,0.12724821269136827,-0.020163374428213872,-0.1452745739693922,-0.09902049703907588,0.038226994995859895
17-10-2018,-0.188158299,0.208149788,0.106769851,-0.503989988,-0.044826657,0.245646503,-0.01734500937391026,0.1667328888975438,0.04153978772951019,-0.31992051151755163,-0.0726282741032089,0.13910147112622848
18-10-2018,-0.413887806,0.129326952,-0.010252391,-0.415930394,-0.024211969,0.123428559,-0.21027242000794744,0.1486232530496665,0.016306222860488793,-0.36678192166296186,-0.048551627800395916,0.13201888846547435
19-10-2018,-0.51821477,0.085882002,0.328552606,-0.133349771,-0.785231338,-0.13832615,-0.36047901434235197,0.11826406463500216,0.168285874202197,-0.2533308259854928,-0.4073990603658152,0.0005722387875529977
20-10-2018,-0.455522376,0.181202637,0.045256401,-0.255492999,-0.595694709,0.426131416,-0.40673796947636753,0.14908421981860537,0.10861291833087039,-0.2543171537527025,-0.49895127376973014,0.20802474272324312
21-10-2018,-0.409265468,0.420116864,-0.089570319,-0.361564797,-0.008429199,0.378431158,-0.40804341695025,0.28070040151552617,0.012350707768569884,-0.30643474985053654,-0.25998624694467604,0.2909787095534794
22-10-2018,0.145992812,0.164953648,0.168419278,-0.29612999,-0.169813228,0.259240575,-0.13840352334458378,0.22444189860233124,0.08841054548483879,-0.3014355853027245,-0.21614728643911657,0.2760096942968129
23-10-2018,-0.621556613,-0.05646728,-0.006045712,-0.592812778,-0.453703945,-0.029266092,-0.37382770242345764,0.08753943464317807,0.042425273377751004,-0.4435381493735221,-0.33213491570376197,0.12746039339826754
24-10-2018,-0.371354683,-0.190888721,-0.382441929,-0.2741462,-0.416746845,0.141225323,-0.3728593678521842,-0.048444969964807204,-0.1644336159589081,-0.3611043919402453,-0.37321727373994384,0.13416806240464785
25-10-2018,-0.398792378,-0.041202061,-0.328631841,-0.79870697,-0.296930997,0.212713653,-0.38599347036051856,-0.04519159288540963,-0.24460483505588082,-0.5745358206524918,-0.33644162354969254,0.17255912171005336
26-10-2018,-0.379965943,-0.05995182,-0.30327939,-0.734833507,-0.174771098,-0.337001074,-0.38335866774421223,-0.05230114963573399,-0.27331730356485606,-0.6528818206220646,-0.25777828331367936,-0.07566377773271316
27-10-2018,-0.174051294,-0.03212518,0.127044892,-0.631694664,-0.332359852,0.078377919,-0.2815045360411132,-0.042632846107221366,-0.07849534186467964,-0.6426516937577885,-0.2942466773360153,-0.0008134368370349143
28-10-2018,-0.174850498,-0.137080836,-0.246915677,-0.432153718,-0.497285139,-0.263488988,-0.22946029642854301,-0.0887548021897247,-0.16059253229705556,-0.5402370412378354,-0.39333503694006977,-0.12886676411408454
29-10-2018,-0.558275244,-0.603560897,-0.584111359,-0.652893019,-0.041362786,-0.296073496,-0.3894808596545079,-0.33967811083894267,-0.36723542299201917,-0.5953756443199467,-0.22161014357394132,-0.21032450566020466
30-10-2018,-0.588922825,0.124243078,-0.541589885,-0.514322045,-0.332506642,-0.096287095,-0.486608618137739,-0.11397731891813914,-0.4524371822525849,-0.5560968324547879,-0.2754072965348854,-0.1551597694593835
31-10-2018,-0.201824485,0.37584655,0.039960767,-0.327372444,0.50140471,0.175693648,-0.3479089143636831,0.1243351414242952,-0.21276445624779816,-0.4447822602577588,0.10289224034919123,0.005702136066394775
01-11-2018,-0.524392069,0.390286307,0.049794577,-0.617673085,0.350711473,0.359566977,-0.4341982555257588,0.25388213897671164,-0.08508127640544841,-0.5291073425062404,0.22379957792713184,0.17794891530964035
02-11-2018,-0.603401364,0.004631595,-0.259827066,-0.629470727,-0.122823871,-0.090195076,-0.5165183347005322,0.13263897439590278,-0.17026693842302648,-0.5779651763377349,0.055343697405313676,0.04743686165169138
03-11-2018,-0.213048456,0.030318885,-0.229444326,-0.677767634,0.0,-0.06084473,-0.36875693208418514,0.08298892606645321,-0.1989667789178261,-0.6267776014731257,0.028672797597218733,-0.005376396845485867
04-11-2018,-0.113261297,0.242283528,0.182166937,0.597447474,-0.670145989,-0.033668616,-0.24426009179898017,0.16067472222094653,-0.013196926369869078,-0.030224978409149283,-0.3115918656844533,-0.019295670969101793
05-11-2018,-0.367234511,0.258524268,-0.460399649,-0.616570778,-0.319662106,-0.769522927,-0.30408944509794456,0.20848410112094995,-0.2308955349383202,-0.3154574802716452,-0.3156085433684773,-0.3846115874999696
06-11-2018,-0.415469022,-0.294370901,-0.664959034,-0.512471494,0.298583352,-0.688077499,-0.3584345269575355,-0.03635913496870656,-0.4425944697366341,-0.4112472046138903,-0.016362077174571915,-0.5327481310308937
07-11-2018,-0.120590585,-0.073890582,0.0,-0.685548709,0.439185456,-0.610383504,-0.242670093636841,-0.05458211468240536,-0.22708248220405025,-0.5448747335945181,0.20588019463509155,-0.5707392597919716
08-11-2018,0.022847352,0.735081513,0.412370031,-0.59865916,0.395364396,0.0,-0.1131135360291861,0.3304846879203523,0.08468201315946869,-0.57101168807801,0.29835074757801566,-0.29284373176684886
09-11-2018,-0.620772268,0.508797473,-0.796272309,-0.696446884,-0.805443574,0.327507501,-0.36015133201841454,0.4174870722029552,-0.34413318988854974,-0.6321592301111416,-0.2390299089195141,0.00927132402665004
10-11-2018,-0.136861627,0.665947334,-0.429625903,-0.27294218,0.168155358,-0.094496031,-0.2514621050812857,0.5385634536424575,-0.38602363877873047,-0.45733661453021385,-0.041107153547894654,-0.04138762048073642
11-11-2018,0.172183317,-0.03540251,0.058721137,-0.207781016,0.287021947,-0.171446833,-0.04489159683717729,0.25901750125841394,-0.16961290974213702,-0.33565298668995525,0.11851536005221622,-0.10500145177191768
12-11-2018,0.172183317,-0.03540251,0.058721137,-0.207781016,0.287021947,-0.171446833,0.06121422658640419,0.11573294158393475,-0.058311961728394035,-0.2731712141482622,0.20076189766008634,-0.13738301539636683
13-11-2018,0.172183317,-0.03540251,0.058721137,-0.207781016,0.287021947,-0.171446833,0.11544874189869683,0.042152268840633514,-0.0011869878910184435,-0.2410620569234441,0.24291252345461534,-0.1540264626234642
14-11-2018,-0.072713464,-0.500641245,-0.507734185,-0.585164305,0.127089348,0.150545209,0.023917374572460758,-0.22242239920535356,-0.248091942415542,-0.409229575978184,0.1870492595976408,-0.005712882921304577
15-11-2018,-0.116953446,-0.614372565,-0.394010125,-0.269113134,0.226020069,0.32573587,-0.044472773153510434,-0.41367986307687865,-0.31905206852711476,-0.3408358794959885,0.20635012811693884,0.1562435004589851
16-11-2018,-0.083956548,-0.113122857,-0.112191593,-0.385006893,0.174431358,-0.520916831,-0.06347935409424174,-0.26732158977834136,-0.21805456949636653,-0.36224970651154176,0.19074202292470221,-0.17314747972079364
17-11-2018,-0.226171036,0.367027785,-0.332120896,-0.537755752,0.160667946,-0.031303623,-0.14270780452677434,0.04161533955033794,-0.27376321648385205,-0.44755630755329473,0.17593580247159607,-0.10376963985389506
18-11-2018,0.114926424,-0.251833308,-0.287152978,-0.352712783,0.076435954,0.065163421,-0.017290307505093472,-0.10178366646921051,-0.2807121710943118,-0.4012545777831047,0.12732313405953213,-0.02152930107880218
19-11-2018,-0.050778567,-0.178429489,-0.076426532,-0.042460183,0.264445494,0.081472291,-0.03323170758484881,-0.13950431355781373,-0.18086394966306105,-0.22626587553586525,0.19470789127945567,0.028436960907981926
20-11-2018,-0.39589696,-0.17495155,-0.617860486,-0.54666099,-0.213544911,-0.362520119,-0.20985902084081703,-0.1572737152747819,-0.3936156945433988,-0.3823343674981057,-0.004177599375630517,-0.16196224458307706
21-11-2018,-0.396227278,0.0,-0.384599451,0.104977844,-0.236213631,0.0,-0.3008950564594394,-0.08072506714601455,-0.38950341724494153,-0.14502266754126591,-0.1174067823547277,-0.08304788667280061
22-11-2018,-0.645570808,0.132705261,-0.243433842,-0.695304863,-0.752421756,0.0305861,-0.4691154094646399,0.02323070882059121,-0.31861580792225136,-0.41308284339922485,-0.4270386848966564,-0.027630267401723183
23-11-2018,-0.841735798,0.0,-0.430438335,-0.879069493,-0.762057479,0.0,-0.6510547728004297,0.011948994245669094,-0.3733300292894067,-0.6402401894486756,-0.5907035565638012,-0.014079549954398005
24-11-2018,-0.49831818,0.824862851,-0.231274861,-0.912502084,-0.397627951,0.713115525,-0.5769996495188946,0.4083208141328247,-0.3040370029250931,-0.7729211260127737,-0.4970816130999027,0.3401099356180475
25-11-2018,-0.49831818,0.824862851,-0.231274861,-0.912502084,-0.397627951,0.713115525,-0.5389510513185067,0.6118954088969801,-0.26853128939064,-0.8412377517040837,-0.4490758447117963,0.5218482572701725
26-11-2018,-0.09671142,0.308785058,0.317184804,-0.212519739,0.198282333,0.366538087,-0.32377272584826916,0.46466869704810143,0.016734361391538194,-0.5352073824021729,-0.13406764924163322,0.44682723664253987
27-11-2018,-0.339687917,-0.059732924,0.242369204,-0.049579656,-0.136758822,0.396975159,-0.33158716938320704,0.20923924067072047,0.12688061476474224,-0.29860655995064334,-0.13556154162036727,0.42283561515699775
28-11-2018,0.10803252,0.288583009,0.146006369,-0.808736569,0.429322511,0.256674661,-0.11768002882658765,0.2481816348632162,0.13645545153826327,-0.5471098382574121,0.13952016868352352,0.3421032822642919
29-11-2018,0.122588433,0.383255394,-0.42038872,-0.380984307,0.421256359,0.238316362,-0.0006620155694429253,0.3142544757071002,-0.13470865688157477,-0.46648589407109753,0.2767054034212716,0.291699591764879
30-11-2018,-0.104754768,-0.656397206,-0.539620595,-0.790686313,0.006654316,0.55377243,-0.05113124978141772,-0.15834652717417985,-0.3316833631197917,-0.6243875711634799,0.14543969761896686,0.4197878781047186
01-12-2018,0.006895616,0.063252029,-0.435322311,-0.66996377,0.085166064,0.451521878,-0.022646421607730217,-0.05048124508065729,-0.3821437506999936,-0.6470446570384264,0.1163108446657985,0.4355090567119462
02-12-2018,0.554660092,0.448973979,-0.141749253,0.071053943,0.32427979,0.704260236,0.2590052252223975,0.19274121314261664,-0.26510885585382,-0.29715500527765243,0.21817256146013142,0.5666964785699533
03-12-2018,0.582466186,-0.60976813,0.735543223,-0.423477885,0.071151549,0.785657722,0.417278840627063,-0.19812417012560152,0.22251426010839542,-0.35833907515316044,0.1471512689928433,0.6737264032779011
04-12-2018,0.333188362,0.0,0.33567286,-0.468996408,0.090553406,0.819028439,0.3768774130191701,-0.10223178108733261,0.2779268227520493,-0.4119080517492735,0.11991440528427767,0.744493555708716
05-12-2018,0.021884394,-0.368084246,-0.42200429,-0.321704699,0.150819533,0.815920834,0.2044664287683905,-0.23233070343156928,-0.06276593270789302,-0.3676503318649684,0.13529236574853662,0.7793125890269709
06-12-2018,-0.221591446,0.0,-0.357791313,-0.188054755,-0.283159043,0.435807802,-0.0029234688693958455,-0.1194740166941389,-0.20673873825401212,-0.2802470296191135,-0.0686174347918442,0.6122119894925925
07-12-2018,0.37368861,0.0,0.0,0.474123716,0.398030101,0.424190499,0.1807718369596125,-0.06130296919210284,-0.10629348378098055,0.08714157337156517,0.158776853223986,0.5207408253165046
08-12-2018,0.652668138,-0.064592247,0.0,-0.080148732,0.568075026,0.368326651,0.4107261895467018,-0.06312245503379815,-0.054663422674232215,0.006192721593698887,0.35802036815391974,0.44664792496045924
09-12-2018,0.399482637,0.131723909,0.057963563,-0.214356872,0.392972557,0.588915088,0.4054269523169983,0.031530492832341966,0.0004355336833644606,-0.10101962089586852,0.3750099680677298,0.5160900730607269
10-12-2018,0.193905318,0.0,-0.156317698,-0.189332696,0.157410029,0.488582596,0.30268932458414743,0.01659528133794716,-0.07560024575227639,-0.14361839358652218,0.26922303601729003,0.5026649859133353
11-12-2018,0.398752525,-0.064080679,-0.153217663,-0.001715369,0.093132511,-0.033353245,0.34967499678695024,-0.022739210080847817,-0.11319263865289389,-0.07415647641190713,0.18354534048656707,0.24154705330860252
12-12-2018,0.36180162,0.196792196,-0.225157942,0.107957685,0.278970689,-0.265872069,0.35545602583560165,0.0839246534564972,-0.1677247544879054,0.014480038372997016,0.22994958844116437,-0.005955917082391543
13-12-2018,0.302154954,0.213178762,0.412494888,0.136476081,-0.00528722,0.607039135,0.32934683511947993,0.14732774246542085,0.11439989079986601,0.07418841301906226,0.11543999008202446,0.2922062323364876
14-12-2018,0.221067906,-0.184067139,-0.441837918,0.067319263,0.097177477,0.607438759,0.2765906436939168,-0.01403746100857968,-0.1567379854115513,0.07117853449780957,0.10655787098153038,0.445461791196657
15-12-2018,-0.118350122,0.248353272,-0.432702518,-0.239328788,0.192537121,0.413011539,0.08433227837880725,0.1140195881031089,-0.29102423595513116,-0.07985793743493022,0.14841976835230697,0.42942223778441135
16-12-2018,0.184185098,-0.046946388,-0.419154761,-0.188326468,0.599858646,0.317049592,0.1331705450160435,0.035667191502217456,-0.3534084032048368,-0.13263703600203747,0.3686296962657186,0.3746699982976165
17-12-2018,-0.258240697,-0.146638214,0.12023238,-0.44047781,0.182266067,0.446945629,-0.05767528046015763,-0.053130418145866755,-0.12286835857933927,-0.2829941678947898,0.27781456426322415,0.40985219179210997
18-12-2018,-0.726136012,-0.476875716,-0.654014166,-0.792714635,-0.36179482,0.0,-0.38379173019582,-0.259573254459884,-0.38172032475571177,-0.5314572341405857,-0.03398496065704795,0.21019675763648857
19-12-2018,-0.197976922,0.627948207,-0.465408304,0.043692505,0.370346747,0.805741935,-0.2937478688818353,0.17258716957265804,-0.4227659695251956,-0.2514392184960545,0.1627418978199942,0.5001132851280055
20-12-2018,-0.006342323,0.441027976,-0.648763461,-0.154026303,-0.030019467,-0.100654003,-0.154025410084461,0.3034793215034145,-0.5330378116049673,-0.20401787037614288,0.0688313055087527,0.20742486238459806
21-12-2018,-0.057713814,0.431872521,-0.563010492,-0.598948603,0.233174194,-0.532423019,-0.10744485942324963,0.3662607607169383,-0.5478760889959131,-0.3965547070946801,0.14888457182720144,-0.1528818898951675
22-12-2018,-0.453891773,0.0,-0.340248574,-0.756969019,-0.201865547,0.424009082,-0.2765257518371757,0.18792252734080794,-0.44691945432851876,-0.5724624226007623,-0.02208256481255133,0.12825112884030393
23-12-2018,0.422746664,0.232917722,-0.315308121,-0.121152273,0.341363352,0.069305295,0.06380300542764622,0.20982865755277738,-0.38333089293970735,-0.35302236733677633,0.15497893052991543,0.09923568359585024
24-12-2018,-0.291980635,0.0,-0.267194258,-0.662310777,-0.097223844,-0.294594687,-0.1096333292781214,0.10784375216392666,-0.3267125100602876,-0.5039692059263405,0.03214084308637059,-0.09295472134485247
25-12-2018,-0.33530314,-0.579555771,-0.5201035,-0.427639394,-0.130098222,0.266312669,-0.21957491350019415,-0.22714641737667074,-0.4208674464072757,-0.46694518452886136,-0.04700195248888869,0.08176768265531063
26-12-2018,-0.001889643,0.413499788,0.106654896,0.006571286,-0.357115907,0.552477825,-0.11376835952400588,0.08486654977037453,-0.16385808703249816,-0.2364193334848076,-0.19849144769048943,0.31095315259568823
27-12-2018,-0.396121945,-0.028476746,-0.070656837,-0.562153126,-0.304506062,-0.599576364,-0.2512422712298206,0.029788906136695,-0.11862631149374442,-0.39499126313021615,-0.25037815790405404,-0.13274379876194742
28-12-2018,-0.323072619,0.003168431,-0.353279919,0.005961641,0.070029531,-0.473394418,-0.2859437770329274,0.01713348085346248,-0.23261827533958634,-0.1993992399410649,-0.09420551711471875,-0.29879207763821736
29-12-2018,0.076548746,0.174382676,-0.392199869,0.220263152,0.016360551,-0.012187759,-0.10939090645113492,0.0933670226161127,-0.3102225554408579,0.004910775019360672,-0.04062544353169976,-0.15984246425672452
30-12-2018,-0.026568036,0.029809831,0.135110904,-0.132759794,-0.062809196,0.116674751,-0.06910325610393932,0.062186213259378204,-0.09304489143182765,-0.062064181185920116,-0.05144000836337069,-0.02515917047844335
31-12-2018,-0.183499057,-0.300747626,0.002683401,-0.015612333,0.114534837,-0.226035396,-0.12484428521115583,-0.11486542697253273,-0.04611439542019515,-0.03909982056051207,0.029246949995104143,-0.12271213321885985
01-01-2019,-0.560672706,0.475093057,-0.406429308,-0.194491875,-0.092822414,0.111941006,-0.3369771412833904,0.17249284418273075,-0.22147849773844713,-0.11436218088281658,-0.030082302704282003,-0.008727424557772534
02-01-2019,-0.169155398,-0.660543576,-0.123271523,-0.523532035,0.611451779,0.385649892,-0.25568495151209736,-0.23340239070768476,-0.17357359641563025,-0.31370671518762777,0.2822446621789513,0.18336596974431343
03-01-2019,0.300443657,-0.446303925,-0.159339051,0.100090841,0.412651546,0.0,0.015285030369360186,-0.3372733548475209,-0.16658043673764017,-0.11188719560397728,0.34601455790033986,0.09432588572181616
04-01-2019,0.084701673,0.189399133,0.219436636,0.080643665,0.108695154,0.258591255,0.04932239628724378,-0.08052676258802474,0.02170740034913117,-0.017889823576812014,0.2306870579113864,0.1742498148331466
05-01-2019,0.161029045,0.38876721,0.315048197,-0.244774892,0.378859856,0.331276852,0.1037779538608394,0.14780831565205418,0.16457122057345516,-0.12844405621403923,0.30324173259645415,0.2505193315305838
06-01-2019,0.056120848,0.172737244,0.253389032,-0.466902974,0.164847764,0.177171413,0.08086922649563727,0.16006306431708156,0.207989365588374,-0.29307331348256915,0.23619261052049623,0.21531109763739792
07-01-2019,0.516252626,0.119362564,0.515395508,-0.03356034,0.614327793,0.86406455,0.29323974293365473,0.14033094156811313,0.35810653759147804,-0.16682324804620416,0.4205241987443618,0.5318126874048222
08-01-2019,0.148282371,0.007840755,0.445009495,-0.052964884,0.427513104,0.250575208,0.22275044434433328,0.07576022375176751,0.4009111246421178,-0.11159112706972366,0.42417980768336094,0.39513026559728404
09-01-2019,0.557744467,-0.370319951,0.832628936,0.163728784,0.781466886,0.693040527,0.3861150927984506,-0.14154284564774008,0.6114101037863648,0.022558660524275777,0.5985530608367897,0.5404456634475889
10-01-2019,-0.32174538,-0.536416489,-0.062939145,-0.640756886,0.255635285,-0.404133572,0.04159658763002225,-0.33382772262393345,0.2832426155278418,-0.30058693802989395,0.43178262817207014,0.08071915139026972
11-01-2019,0.067960104,-0.577642406,-0.286068175,-0.25505426,-0.101009552,-0.435420662,0.05481439514077959,-0.4531165021932181,0.006300358527838251,-0.27846906692564566,0.17252999790854656,-0.17076502713536024
12-01-2019,0.173096596,0.196058763,-0.262233894,-0.216778284,0.41705566,0.284933222,0.11258069601175075,-0.1367078114888861,-0.12444997266867491,-0.24826119123815765,0.2913914674400646,0.050907492333811796
13-01-2019,0.379355296,0.667384002,0.207426077,-0.178949121,0.354000106,0.407725161,0.24243757709701705,0.2552400206015754,0.037262637413300104,-0.2147081378128892,0.3218193934592425,0.22478166372945713
14-01-2019,-0.333706851,0.001654448,-0.442350497,0.029754835,-0.001826206,0.521125322,-0.03816386479083572,0.1317332146084945,-0.19651923174687555,-0.095788192858483,0.1642704586043217,0.3691401939593596
15-01-2019,0.420864912,0.218082613,0.238595753,-0.075346273,0.457912224,-0.489820478,0.18535278613183762,0.17364352392440918,0.01515286820616657,-0.08573645362317281,0.30720052969329037,-0.04932447015169836
16-01-2019,-0.381431483,-0.270498556,-0.233827267,-0.371867505,-0.118261695,-0.425190363,-0.09070603239218912,-0.04274322877328071,-0.10629869244342116,-0.22490400000956123,0.10000235804833485,-0.23258786206154358
17-01-2019,-0.276761245,-0.537527434,-0.341767436,-0.571430367,-0.166421383,-0.434325643,-0.18172900686109023,-0.2839040449022196,-0.2214052195672111,-0.3938512940244981,-0.03011896203846509,-0.331555054742346
18-01-2019,0.229411348,-0.579063207,0.307280562,-0.23546571,0.387249124,0.696550303,0.018375153961299517,-0.4278873389277855,0.035758834960845615,-0.3168967363964065,0.1729402387784791,0.16897993050269353
19-01-2019,0.085094204,-0.030976294,0.254915425,0.038587531,0.330278339,0.644126941,0.05054644377954203,-0.2345468156481027,0.14203847970053624,-0.14400176887101662,0.2492185140321613,0.40014800381908033
20-01-2019,0.092019438,-0.318564912,0.409019844,-0.058302845,0.062511355,0.555486874,0.07098303975958219,-0.27529350831641497,0.2722396702597394,-0.10194100009844378,0.15825026389013067,0.4763282331207244
21-01-2019,-0.168939723,-0.224439469,-0.228338546,-0.329450199,-0.014598413,0.597069225,-0.04590615456509827,-0.25032980662430226,0.02870267379601367,-0.21268920932709928,0.07419863429327002,0.5357189084276248
22-01-2019,-0.615769494,-0.122582598,-0.560047076,-0.518868898,0.235821846,0.571564901,-0.3236810213718691,-0.1883677693041899,-0.257957529001976,-0.36185830984865397,0.15272935171306465,0.5533386752607337
23-01-2019,-0.103351326,0.044727239,0.071409966,0.123058322,-0.0332894,-0.42319696,-0.21677165645340926,-0.07533379505367499,-0.09777727857776329,-0.12571892414992286,0.061975680132017194,0.07765795510291124
24-01-2019,0.214712689,0.218676884,-0.231943068,-0.144899193,-0.397651773,-0.362796801,-0.006478723492819263,0.06786132881040208,-0.16292959581584826,-0.13516000551779994,-0.16191659426474644,-0.13720784808136566
25-01-2019,0.288283078,-0.207677593,0.169513704,-0.028993926,0.169360561,0.132157866,0.13686511824367054,-0.06647517806380426,-0.001211210237724289,-0.08347266879787632,-0.0009017126028404709,-0.0057534571012908264
26-01-2019,0.241788219,0.0,0.103011919,-0.300290614,-0.067080212,0.479769133,0.1883053183585499,-0.03396177694726335,0.04971083095175023,-0.188928189336061,-0.03307130339696251,0.23105462641006175
27-01-2019,-0.035170037,0.270712369,-0.07370381,-0.164125896,0.0,0.424464296,0.07971583013558875,0.11478858039145554,-0.010174412866501156,-0.17660727663482095,-0.016876186913881392,0.32569693693950635
28-01-2019,-0.411052279,0.15083462,-0.207339099,-0.385700886,0.099891919,0.107504005,-0.15948063752959374,0.13278052539366425,-0.10643045395872272,-0.2784417979220509,0.039763004122162035,0.21916276460704928
29-01-2019,0.422910775,0.13716797,0.235918312,0.41572613,0.299142391,-0.38773958,0.12411051054017341,0.13501963546858614,0.0601388160801575,0.05956226990404065,0.1659532682030743,-0.0767853158189653
30-01-2019,0.277433925,-0.420600359,0.093252526,0.083812137,0.306481677,0.241733797,0.1988300219778838,-0.13539880729243095,0.0760555949600783,0.07144995577797342,0.23448325535004516,0.07800609513892195
31-01-2019,0.229200452,-0.174739349,-0.013655404,0.037722954,0.565106489,0.184641524,0.2138546125228055,-0.1545104258054955,0.03253686881202564,0.05526663278466822,0.3957182958426965,0.1296373514112839
01-02-2019,0.341880642,0.236227934,-0.185867549,0.190799932,0.463285699,0.228067035,0.27674365945435686,0.0358386446279835,-0.07350297915641213,0.12165483258281046,0.42873647214653404,0.17731857113573607
02-02-2019,0.274663254,-0.277700744,0.277357626,0.014236018,0.38034316,-0.304217326,0.2759657504926819,-0.11692416969784858,0.09734747883025774,0.06931920312259415,0.4054455798685776,-0.05691478193298928
03-02-2019,0.264340694,-0.092679116,0.015104837,0.064203039,0.113505894,0.19854529,0.2703399679093588,-0.10531999195929302,0.05748279456345543,0.06695941508811137,0.26370965999504004,0.06773576527868574
04-02-2019,0.000367283,0.0,-0.21341789,-0.645358013,0.023459848,0.672716491,0.1387973644159594,-0.05394432032467722,-0.07457027040594505,-0.2800242160100317,0.1467177513731358,0.36244419277729684
05-02-2019,0.277370343,-0.386983446,-0.317216157,-0.126203868,0.011326244,0.123995408,0.20624666557576193,-0.21623539926253063,-0.1928981593493106,-0.2050699287631895,0.08088717608198444,0.24619850541649935
06-02-2019,-0.043642466,0.190449413,-0.133706938,-0.537321924,-0.258297745,0.28101228,0.08464963884345893,-0.018399297178482363,-0.1641339281302649,-0.36696945487946947,-0.08431455258047532,0.26304934746899894
07-02-2019,-0.299114818,0.073367243,-0.180262284,-0.40796522,-0.540200444,0.251677209,-0.10201417149633638,0.02620469815097755,-0.17196492153282394,-0.38693109695418915,-0.3065377000596933,0.2576052514105235
08-02-2019,-0.199875498,-0.523406028,-0.321622175,-0.503718178,-0.13745166,0.354413761,-0.15001796441124193,-0.24163604867651933,-0.24513127140900612,-0.44432777518527256,-0.22453402935572275,0.3051707729080485
09-02-2019,0.420550062,0.279554707,0.068880991,0.264762905,-0.615065816,0.106294838,0.12769940609416186,0.012400568525474442,-0.09235339121156624,-0.09918419408717669,-0.4151314991261582,0.20831717120660678
10-02-2019,-0.559304337,-0.036190136,0.050509827,-0.517220401,-0.573731768,0.026710938,-0.2070737517850349,-0.011156931678402822,-0.02279881048438253,-0.30293753801988466,-0.4930097897793172,0.11985276520890975
11-02-2019,-0.359095893,0.476454144,-0.551828366,-0.250196567,-0.594919541,-0.474588048,-0.2814797503357376,0.2262552179884987,-0.2804424427365194,-0.2775481158494243,-0.5432534500676724,-0.16982762610599783
12-02-2019,0.53739726,-0.340597527,-0.355251689,-0.441596687,0.722432404,0.146489453,0.11713468771196114,-0.04960462170086567,-0.3172355786253754,-0.3576539725779379,0.072819725103968,-0.015633698328405304
13-02-2019,-0.010941491,0.235810013,0.27380648,-0.242570549,0.432338543,0.117595278,0.05464432823180067,0.0894769269303815,-0.029484227955609815,-0.3018465578837376,0.247953113370131,0.049143049293519675
14-02-2019,0.413177727,0.280517451,0.419647833,0.196545062,0.690699269,0.741243151,0.22935649755600848,0.18260790499955473,0.1894482645050318,-0.058815721714655766,0.463799522368302,0.3859495993459402
15-02-2019,0.562438697,0.15007164,0.341190055,0.501953429,0.515066464,-0.183214273,0.39160534494673593,0.1671093061851156,0.26369145427930035,0.21443442412799982,0.48905747302466385,0.1088137231042088
16-02-2019,0.410402608,0.073349082,0.080512055,0.262766271,0.154080121,0.24439047,0.40103329333052845,0.12141458035808417,0.17469231683778635,0.2384479528200745,0.32631891503448623,0.1747603405473671
17-02-2019,0.269690049,-0.094490536,-0.106365652,-0.122505723,0.001035874,-0.193211902,0.33747659569862665,0.016254769816228587,0.03798013883663203,0.06299106705081993,0.1683773390360635,-0.0045644983404796585
18-02-2019,0.225530682,-0.278337983,0.061106833,-0.062694683,0.640646876,0.286984631,0.28326939547261043,-0.12693707080224156,0.049470496118788405,0.0021079808863101145,0.39865805605581783,0.13725650881381202
19-02-2019,0.154678466,0.462011083,-0.265857876,-0.050975687,0.125049363,0.326464665,0.22053440194026142,0.15974814720517014,-0.10417044007641196,-0.0239173908475155,0.2659836442069009,0.22945847064802932
20-02-2019,-0.23737822,-0.457930297,0.451084622,-0.441415251,-0.28248787,0.782505148,-0.0020784367367269324,-0.1410651016166012,0.16625553644862137,-0.2270177009033344,-0.0007126250900746645,0.4990301319829179
21-02-2019,0.18952121,0.245502486,0.083531517,-0.310970995,0.140149788,0.871131866,0.09149083091746457,0.04688887169158372,0.12639738749621396,-0.2679056186345038,0.0682843793843399,0.6809228536549268
22-02-2019,-0.133338249,0.410253767,0.255549487,-0.500334851,0.017439596,0.376229217,-0.01832302725113919,0.22416156029206247,0.18961930375481173,-0.381038123616272,0.04310706088219549,0.5328065918701377
23-02-2019,0.238856035,-0.216270022,0.098497519,0.165438151,0.253898863,0.227341595,0.10697078396681774,0.00957478852321103,0.14517230623815294,-0.11487914553423294,0.1455641051267185,0.3842405997653807
24-02-2019,-0.083101055,0.036724018,0.063391393,0.205991878,0.398198038,0.158050813,0.01417737279481985,0.02263397935791996,0.10515822386769101,0.04125705883378264,0.26831009221464797,0.27381892440912226
25-02-2019,-0.585714011,0.722092884,-0.077772599,0.206345562,-0.451377631,0.21633671,-0.27843139514928644,0.3633333791401297,0.01588744727018563,0.12140301230902348,-0.08247685873998808,0.2460967968706318
26-02-2019,-0.125846466,-0.189797867,-0.055108299,0.010118114,0.200886007,-0.017801838,-0.20451867172424132,0.09402602460219799,-0.018741956295693127,0.06709703621906589,0.055431681926285295,0.11752567150085122
27-02-2019,0.316130794,0.501820214,0.625996479,0.222611724,0.323508949,0.451926234,0.048849239978630346,0.29282142720842197,0.2954308161675334,0.14298180451137044,0.18607343412978383,0.2806392661738623
28-02-2019,0.044209914,0.217248455,-0.409439097,-0.453225821,0.327110191,0.395677231,0.04647939890036375,0.25635619157005957,-0.047838569902297984,-0.14736476093521936,0.2545051031789709,0.3366821632895133
01-03-2019,0.247809702,0.118602132,-0.202908273,-0.31828378,0.152197634,0.422824465,0.14450102205211895,0.18911450024069526,-0.1232538020877294,-0.23069676891969193,0.2047408728481147,0.3786572786818808
02-03-2019,0.354042203,0.533678274,-0.14582841,-0.353418774,0.573626247,0.121254045,0.246826872492504,0.357388161902023,-0.13460832436311107,-0.2903566351754844,0.38476499815079107,0.25299927555424084
03-03-2019,0.450533181,0.446810023,-0.003663052,-0.251119135,0.421244076,0.112748106,0.34610871044297453,0.4010241255886279,-0.07094665981415343,-0.2712272292958898,0.402689380088309,0.18428523605297492
04-03-2019,0.600870099,0.109055285,0.648046777,0.146734166,0.63817976,0.59975501,0.4705264727045152,0.25877033361831014,0.27914659851304685,-0.06745316665873245,0.5176598456645178,0.38658430851220515
05-03-2019,-0.278285899,-0.100304013,-0.114385995,-0.375038577,-0.113162317,0.534905554,0.10584654760096324,0.08412280606748754,0.0875283810514435,-0.21745407403483938,0.21048499110563107,0.4589455866067133
06-03-2019,-0.551117178,-0.521112607,-0.386697497,-0.575843477,-0.410877043,-0.085051372,-0.21411093914806625,-0.21072026082755255,-0.1435008819368583,-0.39232498431173923,-0.09236078911883551,0.19409524838531386
07-03-2019,0.244332442,0.0,0.014878304,-0.26042051,0.485206295,0.219785111,0.009474416455503343,-0.1086351091321123,-0.06637883493623557,-0.328431934573434,0.1892541775923584,0.20659763386317878
08-03-2019,-0.602864459,0.704522465,-0.691655642,-0.684805631,0.30798627,0.481139456,-0.2887749635845109,0.2875879522043045,-0.3710225041374159,-0.5022681486723745,0.24709358665114547,0.34049434364100045
09-03-2019,-0.385506917,0.549695721,-0.013102731,-0.48324299,0.692713032,-0.565057049,-0.3362781132160617,0.415154789762247,-0.1972611310233795,-0.4934484838838845,0.4641532981216466,-0.10076202290818892
10-03-2019,-0.218491597,-0.108502158,0.201339904,-0.53420423,0.243397291,-0.168967657,-0.2791280938691898,0.16015030803777677,-0.002929989195241664,-0.5133297413603466,0.3566852996013291,-0.13429981411734676
11-03-2019,0.265801706,-0.448668723,-0.056130052,-0.276991407,0.355133622,0.031627143,-0.01396342632552594,-0.13644233552759194,-0.028725221990878992,-0.39830595119731455,0.35605610642575464,-0.053805151718223185
12-03-2019,0.447312488,-0.010733512,0.571142682,0.150547449,0.44778275,0.012151076,0.21054336744603225,-0.07561212613875204,0.263604775159846,-0.1309308078728832,0.40061069406166455,-0.021779627628727125
13-03-2019,0.154760346,-0.102851718,0.168572218,0.206057035,0.318948816,0.260325046,0.18321691586652442,-0.08920725248350447,0.2174703508997009,0.033325170912480856,0.36081199594772695,0.11557917946191373
14-03-2019,0.2296375,0.112478508,0.03383732,0.090641605,0.176036915,0.129198673,0.20557420175023544,0.008931708406677917,0.12773683284517662,0.06117958741683516,0.2706170618879724,0.12191443239880496
15-03-2019,-0.213618683,-0.451574611,0.240860889,-0.229076628,-0.166423942,-0.457687561,0.0016422158791597613,-0.21536058181674533,0.18300132603869632,-0.07996361718169376,0.05792736726232356,-0.16072541375985744
16-03-2019,-0.136103946,-0.018548211,-0.170756876,-0.28483767,-0.202117673,0.126068488,-0.06512538738505151,-0.11928344596309096,0.011002530781091702,-0.17947139144689472,-0.06847666035104458,-0.02104550996217896
17-03-2019,-0.003208339,0.144882576,-0.10041058,-0.380989207,0.126944402,-0.376543345,-0.03515109453253668,0.009345049730494895,-0.04328066431009835,-0.2776012670219421,0.026389749727726376,-0.19439441277809794
18-03-2019,-0.100208375,-0.531995763,-0.641761787,-0.21355379,-0.151278712,0.091951553,-0.06649519118929045,-0.2548288020151871,-0.3344603974616514,-0.24614467043375715,-0.06034544071405396,-0.055304676319728324
19-03-2019,0.155866318,0.557496873,-0.024266458,0.224107896,0.130783798,0.333924949,0.04203778069904232,0.14043980217274388,-0.18353225859540068,-0.016889242474063787,0.03230636141135902,0.1346451927378911
20-03-2019,0.428893012,0.033454907,-0.295528483,0.440806755,0.130863981,-0.031805804,0.2306763121204908,0.08847080142547947,-0.23833577787372856,0.2064223315165591,0.08019303776331434,0.05373803179157482
21-03-2019,-0.11310164,0.163749472,-0.330210048,-0.545672424,-0.428879808,0.536977153,0.06316491398436311,0.12547983202981808,-0.2832101629834253,-0.15970069191426967,-0.1679992066981876,0.2891872482036836
22-03-2019,-0.351342333,-0.004904173,-0.521622374,-0.279773884,-0.460785007,0.480414953,-0.13902240709761615,0.062040821600610314,-0.3998950115720056,-0.2183930641669951,-0.31102710499379294,0.38252571379442535
23-03-2019,-0.079609346,0.199398336,-0.339249589,0.281597025,-0.010418151,0.437754518,-0.11025834511124312,0.1290640410507039,-0.37070085234829103,0.02494039100254583,-0.16496015180981347,0.40950911621125974
24-03-2019,0.601478427,0.252699499,-0.304341633,0.212689785,0.143292156,0.083216237,0.2362911368153881,0.18930987971576888,-0.33862127361752603,0.1163717056758375,-0.014990158573050444,0.25071207647460486
25-03-2019,-0.184774273,0.605576545,-0.600669569,0.046176602,0.638317292,0.0,0.03142580105700614,0.3925135793365448,-0.4666512630193165,0.08238663540564588,0.303397027310808,0.12900365243777362
26-03-2019,0.441760043,0.324202004,0.185325564,0.513760851,0.767254403,-0.190877882,0.23144571218676863,0.35948685192800467,-0.1491897180907477,0.2927810997593221,0.5297031261662908,-0.026841742698293952
27-03-2019,-0.188249883,-0.411574808,-0.200897162,-0.657511746,0.049401269,0.022881295,0.027114288877553336,-0.016043572732408584,-0.17441197990081925,-0.1697865834099625,0.2959483856342627,-0.002399708148083801
28-03-2019,-0.803398186,-0.937041474,-0.471690743,-0.796593915,-0.714939985,0.0662329,-0.37743486323472586,-0.46443652575032884,-0.3189572875986347,-0.47514180351632973,-0.1962820774882738,0.030979797693512494
29-03-2019,-0.054634108,-0.823918713,0.629199317,-0.6066455,0.453461672,0.0,-0.22049605854142446,-0.6402109244191609,0.14280465364374997,-0.5396443437798217,0.12007217827890447,0.01569851469544327
30-03-2019,0.051435395,0.011235573,0.055857967,-0.485197152,0.35019247,-0.461034332,-0.0884129038352029,-0.3232419875823369,0.1007157548207073,-0.5137254233730804,0.23218076323267406,-0.21653766224925616
31-03-2019,-0.072789221,-0.441125694,-0.083273169,-0.436678947,0.446033047,0.244522776,-0.08078569228474723,-0.38097722235993914,0.011343002695719702,-0.4761683476081229,0.3367800965690744,0.007625123345411475
01-04-2019,0.357792392,0.640993206,0.566971496,0.647921841,0.655895615,0.786494031,0.13305858093301964,0.11669656926410543,0.28237727754543873,0.07136989484151046,0.4927486213726894,0.38679917881220843
02-04-2019,0.263406444,-0.547147239,0.567821807,-0.033516738,0.669744424,0.074558038,0.19669630005893873,-0.20678134479350774,0.42183211133217835,0.020138474590413073,0.5792934707434946,0.23464279192115425
03-04-2019,-0.096730054,0.571375776,0.528544386,-0.258674207,0.167270871,0.272009729,0.05348714852068239,0.17205417802434447,0.47427289243738124,-0.11581926350533803,0.37882519468071607,0.252941961615485
04-04-2019,0.065797302,0.515296774,-0.118181164,-0.366079924,-0.360700801,0.381881171,0.05963242058339424,0.33901417299781067,0.18629404853222703,-0.23784742846390533,0.018365083071031435,0.31591835171122196
05-04-2019,0.413996538,-0.10438104,-0.318375825,-0.398102275,0.160546854,0.077276738,0.23204271951662048,0.1229999181223629,-0.059581982890944074,-0.31639007668941566,0.0871721213668483,0.19996569194160493
06-04-2019,0.207461443,0.660583845,0.295589102,0.139244183,0.470472915,0.294604364,0.22032724441843188,0.3852438255121127,0.11354602365361173,-0.0941922326515326,0.2739408032389615,0.24618372634003194
07-04-2019,0.480069478,0.214731719,0.256644669,0.193052149,0.052646908,-0.249121076,0.34750915834626434,0.30298968844787555,0.18362696522523972,0.04618957724772562,0.16673890974038214,0.0049813594528411165
08-04-2019,0.363312484,0.0,0.49089743,0.158325517,0.189723476,-0.178942723,0.3554579258707009,0.15607094799548604,0.3330537617689337,0.10122731153573503,0.17775928037939254,-0.08462390048282041
09-04-2019,0.349304166,-0.075256345,-0.272701294,-0.249939407,0.349859504,0.577056594,0.35264829950433574,0.04345741966213144,0.0381000046800668,-0.06949853499936086,0.26150009655463635,0.23798214924720654
10-04-2019,0.37773486,0.109945273,0.535225859,0.290921341,0.256905995,0.0,0.36513432923247563,0.07615095191279633,0.2803764235835556,0.10632674127918237,0.2591474207696415,0.12203249777234065
11-04-2019,0.37773486,0.109945273,0.535225859,0.290921341,0.256905995,0.0,0.3712778967413136,0.09226542390322573,0.40436211280572487,0.19592596208328067,0.25780939547049087,0.062165922837659766
12-04-2019,0.051392874,0.090984469,0.169373124,0.2374989,-0.185906601,0.306410653,0.21549586583422714,0.09203779454926353,0.289773443143985,0.21632268005332533,0.041374257506790024,0.18115498308525418
13-04-2019,0.105742161,0.364174085,0.312555732,-0.134404262,-0.031675549,-0.259342386,0.16221713096756746,0.22432618332290988,0.30072499525239793,0.04574200536119323,0.005706119276004333,-0.033512950549569556
14-04-2019,-0.14003455,0.066463155,0.083061844,-0.0451068,-0.18751453,-0.33164507,0.015019015157969731,0.14723444549337716,0.19493860891767179,0.0017355451690385833,-0.08820436007271436,-0.17902134445359763
15-04-2019,-0.619439549,-0.450394621,0.181336646,-0.733880237,-0.335173935,-0.163531289,-0.29433842314511194,-0.14377616654070852,0.18862996378438918,-0.3564106941137445,-0.20868288955598113,-0.17163345706084315
16-04-2019,0.463712463,-0.365943161,0.22836144,0.277231719,-0.402275076,-0.32250911,0.0746750445042271,-0.25251530121756505,0.20792093671911488,-0.04800558670244634,-0.30342266408556595,-0.24542959635464362
17-04-2019,-0.01306567,-0.295981087,0.268383612,-0.039420122,-0.321893062,-0.373992999,0.031676155836069586,-0.273981666204646,0.23734831795560474,-0.043972186543045216,-0.31264226986772825,-0.30806377165081544
18-04-2019,-0.116443661,0.107299443,0.027138897,-0.449310976,-0.228047442,0.196017077,-0.040693874999754284,-0.08839027665985871,0.1347764676828378,-0.24157985588267922,-0.2717389056845756,-0.062554173413893
19-04-2019,0.023394599,-0.082281415,0.208241276,-0.04751491,-0.519059658,-0.18751966,-0.009711594684256298,-0.08542216491440406,0.17082138501503846,-0.14702566597851013,-0.39261970659384915,-0.12383430079655927
20-04-2019,-0.079434724,0.349896241,-0.040306688,-0.276934694,0.094892747,0.081552854,-0.04392113508253487,0.1265450961867104,0.06773323103478762,-0.21058926338178233,-0.15550494563562034,-0.023845862012997363
21-04-2019,0.165982422,-0.113567542,0.490997513,-0.09602107,0.210137664,-0.079315284,0.05808304939460575,0.009571812090687928,0.2736589618231227,-0.155082258027764,0.022381490955252242,-0.05088551109545619
22-04-2019,0.561933952,0.0,0.0,0.428325914,0.276165257,0.329668502,0.3035648244032536,0.004857919005891276,0.14039617920722752,0.12891248974147584,0.14615482580715472,0.13429997754514167
23-04-2019,0.506274004,0.393873253,0.0,-0.07589052,0.699879694,0.582035665,0.4024479831265671,0.19416453536292172,0.07188800764190095,0.029295131558421048,0.41604145428686934,0.35268217864378915
24-04-2019,-0.217639979,0.475447732,0.06075673,-0.785473641,0.19204903,-0.13513324,0.1006756782983107,0.33128570662311874,0.06645788863828819,-0.3676164554294592,0.3072859162958306,0.1154413902653585
25-04-2019,-0.25748298,-0.272376282,0.19992781,-0.204540038,-0.167040215,0.362528116,-0.07337376924492856,0.03766449393820023,0.131413594592994,-0.2879380551421078,0.07659118891246071,0.23599573420516962
26-04-2019,-0.525238338,-0.304546885,-0.227047807,-0.430230568,-0.756591299,0.176047024,-0.29385651296588117,-0.1288116371374977,-0.04328995471217749,-0.3576138044626929,-0.3290408334319923,0.20713483828860438
27-04-2019,-0.299124868,0.032077326,0.060260061,0.0,-0.536279455,-0.616312211,-0.29659736987654195,-0.05032241558718178,0.006966667225938146,-0.1835806075200453,-0.4300125251491266,-0.1936906446759441
28-04-2019,-0.170679674,0.306520181,0.088802222,-0.575642125,-0.228308424,-0.32613694,-0.23536160265576989,0.12343460612433452,0.04682468039997837,-0.37442935942711786,-0.3318669243259459,-0.25846049625001677
29-04-2019,-0.541988368,-0.305123699,0.366781395,-0.223163017,-0.766066824,-0.026613629,-0.38491149242502043,-0.08523269774608655,0.20260844014660176,-0.30093465398829633,-0.5432943144990032,-0.14554801293002542
30-04-2019,0.035983657,0.071063863,0.0,-0.111592823,0.189154287,0.176215904,-0.1800395550706602,-0.009354351621494832,0.1040476330235402,-0.20870164331031738,-0.1868389187541773,0.011075494776640313
01-05-2019,-0.191732913,-0.095049314,-0.203689086,-0.685129073,0.088089814,-0.011015299,-0.18595113741896804,-0.05104057142656409,-0.046122513451242866,-0.4408883397822332,-0.05313897734744633,0.00036884079868813
02-05-2019,-0.059656976,0.763324663,-0.125277393,-0.755494077,-0.438199675,0.143567413,-0.12488396608499577,0.3456888953734301,-0.08471559863865319,-0.5947041107335833,-0.24094584928579452,0.06993142618628213
03-05-2019,-0.229607231,0.517873096,0.276389428,-0.862005374,-0.121851101,0.218521518,-0.17629678313147934,0.4295476635048563,0.09116329553905998,-0.7252557449954963,-0.18350588203604656,0.14200743114275904
04-05-2019,0.266128943,0.763091414,0.158840037,-0.370489493,0.297540445,0.30890507,0.03927995298074738,0.5920226905186885,0.12415445405411135,-0.5523752570373435,0.05062843358826785,0.22349228255478001
05-05-2019,0.065758278,0.237665565,0.257320594,-0.324776848,0.193307039,-0.202942517,0.05236427221789994,0.41991482119471873,0.18898640337544897,-0.4417043180011198,0.12027682689187694,0.015645799980690073
06-05-2019,0.042550473,0.191337098,-0.533499302,-0.291255582,0.291522708,0.181234894,0.047941092125161615,0.30900027750683545,-0.16275278199824145,-0.36841236981501213,0.2042520041397773,0.09622183504506163
07-05-2019,-0.487533862,0.121768205,-0.492955794,-0.534698515,0.19813448,0.0,-0.2127286731358897,0.21795196737282807,-0.32376692580318267,-0.4496558910022282,0.20173068094795416,0.049784069947877554
08-05-2019,0.181930049,-0.311973042,-0.116227862,0.119618871,0.295926259,0.58412606,-0.020475866198397613,-0.04028395529031563,-0.22290909521077865,-0.17222545394841204,0.24788967838994197,0.310350126070731
09-05-2019,-0.418034466,0.523556879,-0.680296138,-0.799393913,0.726414112,-0.356478293,-0.2138442197945898,0.23458514982514012,-0.4461150206269281,-0.4777521705630743,0.4816568601978677,-0.014321693474082409
10-05-2019,0.165545631,0.576791235,0.420596875,-0.323848679,0.025925604,0.072446773,-0.02915928075862856,0.4014103392285545,-0.02412706642774115,-0.40299697143546886,0.25980462578400787,0.02783401685296344
11-05-2019,0.003142856,0.37386277,-0.027685967,-0.218186203,0.519039717,0.001171611,-0.013320784995989416,0.388296903608206,-0.025749639150091805,-0.3127816962913237,0.3862111855692508,0.014868102860205512
12-05-2019,0.12266426,0.302177721,0.054890122,-0.260802003,0.452846598,0.24851419,0.052960254765547624,0.3461068582775505,0.013599997576192902,-0.28718254300905804,0.4191873127412732,0.12862135931138782
13-05-2019,0.62889417,0.771290299,-0.590872101,-0.222683754,-0.077249316,0.389091987,0.3337321358781104,0.5531509682987817,-0.2810635065543632,-0.2554021372786821,0.17765740219521314,0.25546766669984255
14-05-2019,0.684237827,0.401279106,0.223579925,0.227878579,0.459804979,-0.145358553,0.5045414452847015,0.4790283851948577,-0.03547251103674455,-0.019875007345337398,0.31504619199889866,0.060150832470853094
15-05-2019,0.01548253,0.552479244,0.08980248,-0.488366771,-0.018735025,0.258336137,0.26654257680570975,0.5149635098885479,0.02538028860913883,-0.2479365102200906,0.15250249318831335,0.15687041593015394
16-05-2019,0.392842496,0.439004994,0.491545863,-0.189992452,-0.133922246,0.442048544,0.328215147229311,0.47815695814039866,0.2528440364738553,-0.21967913716741833,0.012869329398657176,0.29579492359578263
17-05-2019,0.242324494,0.071294006,0.389501839,0.013032057,0.477648616,0.557410645,0.2868747604615987,0.28015311516630176,0.31988653472858364,-0.10610624399998106,0.23919628108667385,0.42343826684341623
18-05-2019,0.007797346,0.70208843,0.0,-0.566530516,-0.574183276,0.615564704,0.15097250046446722,0.4860883656807702,0.1643072879428226,-0.33056624655473643,-0.15711978191319692,0.5169431950756079
19-05-2019,-0.134640035,0.214263026,0.0,-0.481119048,-0.168441074,0.355109297,0.012174043420096231,0.3536310370348511,0.08477997903411841,-0.40362532217068425,-0.1631833666938156,0.4386387970011988
20-05-2019,0.453632761,0.290143664,0.282094586,-0.344541708,0.51634097,0.242915406,0.22715892096899368,0.3225614378088636,0.18070401325049437,-0.3748890772868111,0.1677656154198158,0.34350884135399967
21-05-2019,0.45094313,0.113557508,0.160217218,-0.333902213,0.158902113,0.189163949,0.3363261361184212,0.2207023062047123,0.17085199517545263,-0.3550173182814154,0.1632294904364407,0.26852382002713354
22-05-2019,-0.627784746,0.430581375,-0.484252092,-0.84468617,-0.659370465,-0.338430286,-0.13325901604269003,0.32290548238623007,-0.1482447237247056,-0.5936438250925558,-0.23772317470309515,-0.02717358120658009
23-05-2019,-0.736169849,0.0,-0.799016716,-0.710701249,-0.107929777,0.074375194,-0.4274714879732383,0.16530697867314126,-0.46502829067058493,-0.6509045495796515,-0.1745869521518289,0.022043180257708773
24-05-2019,-0.521028593,-0.199556517,-0.140698534,-0.23964661,-0.562530878,-0.255684913,-0.4737420760877247,-0.012601888859658156,-0.3074408471848594,-0.4510833565790488,-0.3639877050599625,-0.11316296123680664
25-05-2019,-0.4333124,-0.488626505,-0.088870632,-0.622654821,0.0,0.402472219,-0.4543479545419369,-0.24487283572066645,-0.2011991050358659,-0.5346503567684533,-0.18686590260087568,0.1378256591147109
26-05-2019,0.176532894,0.544266362,0.020663322,-0.217278648,-0.184896657,0.261384404,-0.14750625234709208,0.13917405389064239,-0.09353660783307838,-0.38023963466284294,-0.1859393071126797,0.19783521182151986
27-05-2019,0.145350022,0.123155657,-0.35561649,-0.27584126,-0.308333523,-0.55526849,-0.005067529834447096,0.13141193200893492,-0.22152218832493412,-0.32962028313200076,-0.24598157050099123,-0.1693020525165413
28-05-2019,0.378726766,-0.089536782,-0.286876393,0.161756659,-0.048554273,0.222320224,0.18191019203133502,0.023411238112715477,-0.25350029774540767,-0.09007311444043774,-0.14959092108084063,0.02101081931549731
29-05-2019,0.112011741,0.263724954,-0.453593426,-0.118300469,-0.014637584,-0.252222636,0.14805173407446598,0.1403744462485578,-0.35114343049062824,-0.10358310321631314,-0.08382957461251357,-0.11231646710981519
30-05-2019,-0.161639486,0.245688812,-0.277419353,-0.128796591,-0.286816679,-0.241957171,-0.003020199800883583,0.191591050361533,-0.3156174723962353,-0.11571778610362127,-0.18309760721953688,-0.17569805027661406
31-05-2019,-0.396124039,-0.108741187,-0.546282548,-0.423478029,0.133076986,-0.554299603,-0.19482300621159604,0.0453166930002315,-0.42829320110342417,-0.26552419151262296,-0.029268475138651218,-0.36038005491010716
01-06-2019,-0.511486074,-0.420083377,-0.392784722,-0.396799697,-0.201871501,-0.431939722,-0.34883372526251366,-0.181666452289375,-0.41095867044733936,-0.32912290172297287,-0.11297048923442171,-0.3952577426229526
02-06-2019,0.223976372,0.49639684,0.044634991,-0.136535491,0.230925787,0.0568109,-0.0695188175697654,0.14857531932739249,-0.18875150398790178,-0.23505716406724436,0.05457365252788438,-0.17529977050535756
03-06-2019,-0.006034574,0.0,-0.529201365,-0.382704522,-0.038940411,0.532564749,-0.03830915923567805,0.07640484361400551,-0.35464946194164987,-0.30698854118242547,0.009395952350727921,0.16962372587259383
04-06-2019,-0.178849102,0.0,-0.662765004,-0.443211145,-0.309983012,0.378950587,-0.10653571437085206,0.03953051821704143,-0.5049290423076234,-0.37316086757805544,-0.1462005832874127,0.2714640088853204
05-06-2019,-0.675095731,-0.153622015,-0.350148051,-0.729734141,0.234448436,0.20670041,-0.3837153213226384,-0.054886910215985595,-0.42984517614518086,-0.5469810564730142,0.039276720067675686,0.2399172445922102
06-06-2019,-0.66497956,0.0,-0.224362908,-0.625659684,-0.337473301,0.664265207,-0.5210761142663297,-0.028256239627771414,-0.32977964084762657,-0.585481627955738,-0.1440614581505625,0.4471538472413458
07-06-2019,0.147037678,0.012672192,0.248868216,-0.256903788,0.347193776,0.425850549,-0.19612703480362245,-0.00827779273135477,-0.04788732138835444,-0.42586085837915655,0.09522030498925639,0.436914222098278
08-06-2019,0.252939787,-0.103612612,-0.06813356,0.0,0.140074938,0.159554135,0.022468572838777026,-0.054893844386952675,-0.05749979747554345,-0.2185709050722486,0.11714172808764914,0.3022108661719735
09-06-2019,-0.257354675,-0.111584077,-0.175393025,0.080497568,-0.194055812,0.020965182,-0.11374797563045284,-0.08269986132319954,-0.11480136429560422,-0.07291953699376971,-0.034224152914899,0.1655245508894412
10-06-2019,0.083182281,-0.600542632,-0.044556575,-0.224583473,0.517117995,0.116970306,-0.01762789928358853,-0.3349782206567507,-0.08031036674374598,-0.14659329114522002,0.23428761510633667,0.14231509460956174
11-06-2019,-0.031918364,0.183846245,-0.144318106,-0.381515533,0.251961557,0.536486853,-0.024284047979820242,-0.08215266241782476,-0.11130137993728027,-0.26089295573637605,0.243168843187569,0.33471277879799466
12-06-2019,-0.709222269,0.100014502,-0.565512421,-0.682492075,-0.36963865,-0.009781096,-0.3581418728359321,0.006240991966968784,-0.3326910071099631,-0.4663743797497159,-0.0553851608306786,0.16704666762836465
13-06-2019,0.394341838,0.778413943,-0.418263632,-0.389813851,-0.092160082,0.881652104,0.008252064808228793,0.38244977177850875,-0.3742603966391585,-0.4291257451059049,-0.07331220576077128,0.5149778845577628
14-06-2019,0.413885538,0.491229771,-0.148961112,0.0,-0.31620004,0.105623265,0.2059938825992899,0.435684834825282,-0.2643150473531739,-0.22004569915263572,-0.19150112264625674,0.3156234630522845
15-06-2019,-0.360360515,0.305532082,-0.415500049,-0.957067013,-0.3237756,-0.963892027,-0.06938932627586372,0.37263942311484727,-0.33791960127127685,-0.5788086067826743,-0.25620973506345074,-0.30769267381470605
16-06-2019,0.234620922,0.599332192,-0.343506241,-0.328834906,0.238868154,0.27332645,0.07909463626469154,0.48331584816812,-0.3407118370726498,-0.4569916427573667,-0.01495595999224772,-0.025221108758689742
17-06-2019,0.364442935,0.503061893,-0.62187611,-0.500738959,-0.043364017,0.698899668,0.2180750315182693,0.49322799231472253,-0.47806144740142026,-0.47842952326830124,-0.029020992111219317,0.3272929638542009
18-06-2019,-0.122617229,0.3942067,-0.347665897,-0.565705686,-0.271103854,0.611256786,0.05206715291970814,0.44535458997605226,-0.41478652350650724,-0.5212473649721592,-0.1470693120357904,0.4657449681228273
19-06-2019,0.150941797,0.036706253,0.258642977,-0.304572038,-0.020004855,0.845516375,0.10043101851737099,0.24660524945354834,-0.08683814129137055,-0.41605561519145334,-0.08513400549233005,0.6510464806033026
20-06-2019,0.835530192,0.207478085,0.348136123,0.068251428,0.394831535,0.471382637,0.4585841710949741,0.22806763885698178,0.12505637097871164,-0.1802185321571621,0.14833318858242023,0.5638448765714743
21-06-2019,0.8097825,0.573642174,0.236547053,0.226046797,0.119099171,0.695905902,0.6299931463034933,0.39645997727408067,0.17954197640258268,0.017839929555778233,0.1340260373009776,0.628202355523428
22-06-2019,0.435217085,0.01312769,-0.122381901,0.035446168,-0.276941798,0.113388431,0.5359280370064534,0.20988317605673337,0.0329057409155451,0.026851967671428285,-0.06588640107271837,0.3777790818785887
23-06-2019,0.509492758,0.417414342,0.094214501,0.061676279,0.523142928,0.520370119,0.5231364799161594,0.3106404577666834,0.06305528630080791,0.04407681923421191,0.22110669371699904,0.4469374335292019
24-06-2019,0.547040374,0.392862245,-0.238796615,-0.216441688,-0.297619746,-0.369955146,0.534850265677786,0.3505871809718985,-0.08387638224684407,-0.0828212270943939,-0.03128519139816996,0.04915661543376687
25-06-2019,-0.017056916,0.040829838,-0.506943117,-0.020174481,-0.062838189,-0.311602314,0.26651453802772035,0.19970043705889887,-0.28979011041168784,-0.05175749058259038,-0.04647655061827213,-0.12597806401110076
26-06-2019,0.34189936,0.388910383,0.312087205,0.348497116,0.223123073,0.462370321,0.3032620178300002,0.2916362896403095,0.0034795759005177285,0.14341951578780615,0.08469624851299105,0.1604194012204157
27-06-2019,-0.12638317,-0.280873126,-0.217597542,-0.037898078,-0.218897424,-0.388372165,0.09389969719333868,0.012576944866611373,-0.10384209984164826,0.055480454277565705,-0.06313607143708036,-0.10728732224808973
28-06-2019,-0.100771343,-0.047258179,0.112624954,-0.329384104,-0.022595735,-0.261356835,-0.0008103532606368868,-0.016811523950929795,0.0017724573988764508,-0.13164152458968228,-0.04325575502701119,-0.18279595703548235
29-06-2019,0.261665859,-0.166164499,0.099012483,0.056384629,0.481318072,0.279097419,0.12697473062567774,-0.08960991096503719,0.048988813363351785,-0.03992741279395086,0.21230372471037368,0.04160225532410182
30-06-2019,-0.032274065,0.203591125,-0.186553138,-0.109986514,-0.069573351,0.429686119,0.04894892741048147,0.05305428378217647,-0.06595339178008709,-0.0741274851272551,0.07485921975602544,0.23041136663916156
01-07-2019,0.307497825,0.40420774,0.285588907,0.0,0.309237038,0.7226874,0.17444296285458175,0.2238144895867633,0.10513148020679958,-0.03819847585273889,0.18902134514364505,0.469961062539227
02-07-2019,-0.370359909,0.0,-0.477769763,-0.39342567,-0.323350793,0.424541215,-0.09114827071530902,0.11490205086802256,-0.17871863748595096,-0.21131186116789946,-0.060318940972368215,0.4480534666092445
03-07-2019,0.122237445,-0.040100455,-0.223439673,0.25602872,-0.058074616,0.569797496,0.01244145533691119,0.039196811697106794,-0.20067608318763,0.016208569727454714,-0.0595872636947532,0.507322673671516
04-07-2019,0.46714193,0.771734131,-0.704192627,-0.390759087,0.096902806,0.0,0.23364138277208266,0.39587184321374236,-0.4459671735958711,-0.18192300731624275,0.016802741430629667,0.26069752915616173
05-07-2019,0.368432934,0.657706622,-0.709529224,-0.245615041,-0.059677185,-0.017062437,0.299467659714854,0.523658646876738,-0.5743375650401731,-0.2130542406726619,-0.02040912158802628,0.12572690842966688
06-07-2019,0.370104368,0.721455994,-0.327363568,-0.405631693,0.405023751,0.408205611,0.33385576071061307,0.6201096384400848,-0.45456072527061914,-0.3072267153949054,0.18671201525404904,0.26314262554472434
07-07-2019,0.113370274,0.553899225,0.006761923,0.081757875,0.182297036,-0.066698463,0.22671995191762376,0.58841036936523,-0.22994991221998282,-0.11787928236114463,0.18481251488880215,0.102847046052152
08-07-2019,0.41044581,0.526503054,-0.06485378,0.255101606,0.655423612,-0.295414601,0.3164347796798283,0.5586430791919521,-0.14972700286587032,0.06396923204055718,0.4142242112780987,-0.09096137041640111
09-07-2019,0.476983982,0.444480121,-0.430143649,0.552963017,0.233916461,0.060662942,0.39468877697004007,0.5034719566246499,-0.2865010355624883,0.3022131306430065,0.32633615004504707,-0.0173190117801255
10-07-2019,0.298808152,0.831769789,-0.295768787,0.184697226,-0.318043311,-0.442705788,0.3482401874460722,0.6636055518956749,-0.29107828183350304,0.24521461622500573,0.012638076402154641,-0.2248458448124238
11-07-2019,0.257545478,0.181209982,-0.194989875,0.113008593,-0.142475113,0.136299947,0.30407872243694534,0.42874186023072675,-0.24462128170060748,0.18095549738185712,-0.06311742166188929,-0.04948206331964375
12-07-2019,0.364084841,0.212456459,0.286133331,0.100723979,0.065467376,-0.335932445,0.33373205091777763,0.3236328161568438,0.014108470352102859,0.14222260207173715,-0.0003091810901263356,-0.18933543245496498
13-07-2019,0.288274961,0.66945267,0.066988086,-0.095917853,-0.183811547,0.599322483,0.31171635753463167,0.4923427817938285,0.040018860261487196,0.026129315619833775,-0.08967625174059292,0.1944303145489398
14-07-2019,0.166050696,0.305819554,0.079064067,-0.412616807,0.019064756,0.49011708,0.24065125442017127,0.4012948908149809,0.05950323279229392,-0.18737058919947147,-0.036813000910584925,0.3386103204772034
15-07-2019,-0.057086909,0.089146953,0.001250266,-0.164313539,0.07083255,0.344240316,0.09551312564067758,0.24905652338521433,0.0315990416280416,-0.17610101384385457,0.015646401442445838,0.3415737987873747
16-07-2019,-0.642490674,0.068103323,-0.128516729,-0.640618197,-0.419551143,-0.905382958,-0.2642147295622708,0.16060269498097285,-0.0461872601491639,-0.40227282197493025,-0.19662453543078814,-0.2659884778664528
17-07-2019,0.141504152,0.426639206,0.056952414,0.077465461,0.434946703,-0.279670206,-0.0667814234353056,0.28997260181181,0.004029859295368237,-0.16884304756391982,0.11084386789985307,-0.2727778216184419
18-07-2019,0.246227704,0.616286433,-0.350270599,-0.331871595,0.093680368,-0.221641814,0.08542163926222755,0.4488069943595968,-0.16854364567543967,-0.24853388937372028,0.10214410450546584,-0.24785017430323136
19-07-2019,0.538355663,0.38813234,-0.259541345,0.429659163,0.644054374,-0.305491313,0.30584963375893437,0.4192488088745885,-0.212715789675166,0.08138678770356683,0.36608266283869717,-0.2761243925825234
20-07-2019,0.5622454,0.587908812,-0.450661464,-0.427965484,0.0,0.577610737,0.43077076359668154,0.5011646777598042,-0.3285921196468313,-0.16683517789689464,0.18815030276079278,0.13992113411972346
21-07-2019,0.507423045,0.436270352,-0.528430609,0.0,0.0,0.432523356,0.46822338332582675,0.4697463550823315,-0.42603685108078415,-0.08572610520803237,0.09668792536020607,0.28248003388472387
22-07-2019,0.597146349,0.712746485,0.124288361,-0.210066639,-0.01925909,0.37405971,0.5310995967215312,0.588296253645078,-0.15835837279891374,-0.14642078014619964,0.040217559560226816,0.3274813535973741
23-07-2019,0.331093755,0.35044117,0.145060721,0.030475032,-0.273872403,-0.520906473,0.4338067270214701,0.472362244806852,-0.010671428552061948,-0.060267938747582774,-0.11266907981831084,-0.0860242158068425
24-07-2019,-0.024203075,0.474199733,0.015970477,-0.232400767,-0.569228433,-0.370174004,0.21082903482687942,0.473360736018492,0.0022529466309246047,-0.14391308671536351,-0.3351878051738337,-0.2248200454218418
25-07-2019,0.178558555,0.186327657,0.260791663,0.089900041,-0.4897451,-0.649288314,0.19527287925016684,0.33375560853548447,0.1282143837677508,-0.02998600115041173,-0.41074031442622216,-0.4319750568702704
26-07-2019,0.129303172,-0.319566604,-0.232039318,-0.038479672,-0.197242927,0.275463343,0.163651685067927,0.015619836828651062,-0.04714308752095532,-0.03374553149457882,-0.3067183026115026,-0.08701548096703568
27-07-2019,0.112126856,0.347783367,-0.089929279,-0.269918281,0.0,0.506531752,0.1385623704676071,0.1771960312353984,-0.06805318702383772,-0.14887853700694562,-0.15774410767435726,0.20228191114298122
28-07-2019,0.061254512,0.385569273,-0.137336882,-0.551534602,0.0,0.548737468,0.10083100087946345,0.2784438317628192,-0.10163342144654579,-0.344940283000819,-0.08104661002883295,0.37133891308037864
29-07-2019,-0.368269328,0.496160319,-0.078690419,-0.099419403,-0.409313224,-0.814019958,-0.12798732411292638,0.38444792804115946,-0.09035761605678075,-0.22580207092850593,-0.2414286452335701,-0.20575172486044102
30-07-2019,0.40560163,0.093000598,0.437305252,-0.032251837,-0.49462998,-0.588389762,0.13155080245501463,0.2423277881572246,0.1669446692583508,-0.13137848580544098,-0.3649387660375855,-0.3926597996710246
31-07-2019,0.443222844,0.098721646,0.320062841,0.140726699,0.404307505,0.007331618,0.28316527623896265,0.17224220715588326,0.24197544254500572,0.001110493844314303,0.009613983840991686,-0.19829445531174508
01-08-2019,0.008907464,0.204242682,-0.312127047,0.073111879,0.325349715,-0.180178511,0.14935139355030722,0.18749780233041147,-0.027911934204482874,0.03632071469661694,0.16345925363804975,-0.18982319175660572
02-08-2019,-0.323325573,0.169248223,0.004677393,-0.007856783,-0.473346132,-0.464193337,-0.08105088680150069,0.1785055242185078,-0.0121415674848629,0.014800933683952695,-0.14652302539574447,-0.3232918435841815
03-08-2019,-0.18526199,0.270403599,-0.143954711,-0.267542917,-0.299155115,0.407306736,-0.13185808712763153,0.22309519430193864,-0.07637874516307681,-0.12260453982394932,-0.2206237334827223,0.03268698017867791
04-08-2019,0.293612268,0.387008495,-0.242067481,-0.028584176,-0.624926492,0.23301629,0.07523984089309779,0.30297702870382115,-0.15731183579493724,-0.07692930419984946,-0.41743435114442906,0.13071084900592334
05-08-2019,-0.468227333,-0.056931048,-0.802701664,0.019328117,-0.542352781,0.0,-0.18957246966407654,0.1280147620163531,-0.4717013060344346,-0.03005624826285433,-0.4784314994006939,0.06693839174017083
06-08-2019,-0.299056226,0.395512698,-0.272109479,-0.314708489,-0.361278086,-0.239537152,-0.24310033745496945,0.2582042720198691,-0.3746962971706996,-0.16859092694726013,-0.4216506575675718,-0.08264994704831735
07-08-2019,-0.67872226,0.242280743,-0.706189911,-0.716802254,-0.149092821,-0.025908531,-0.4555253159987857,0.2503673120788937,-0.5363481212620388,-0.43544364489352505,-0.2891211223753345,-0.05539684362970412
08-08-2019,0.161862339,0.56021006,0.14352414,-0.374018134,0.25202827,0.242010465,-0.1547863541444715,0.4011712018273603,-0.2053961377957096,-0.4057253025346621,-0.02539703984198602,0.08997123291109571
09-08-2019,0.192464787,0.076190261,0.147446359,0.144970475,0.429689458,-0.381723489,0.01404795510557004,0.24303061645181034,-0.03388874064560672,-0.13765628125675838,0.1966133659745853,-0.13941920433957034
10-08-2019,0.21611917,0.118813871,-0.206970023,-0.438206107,0.16216652,0.289259047,0.11223153771552283,0.1826013323856974,-0.11843390631284008,-0.28425763756628025,0.17970198552868902,0.0693430979210827
11-08-2019,-0.182254984,0.125833197,-0.393715941,-0.165028321,-0.469904626,0.123182402,-0.031179089050371492,0.15493031321951423,-0.2524320194643549,-0.2263903474967273,-0.1368785532642217,0.09572847474709753
12-08-2019,-0.14816252,-0.411264572,-0.61757652,-0.382265274,0.156448477,-0.485290774,-0.08799261740299075,-0.12093036108672256,-0.43049089915420846,-0.30246856313657344,0.006239850301651861,-0.1869986262685031
13-08-2019,0.05810757,0.479738319,-0.10718377,-0.424684246,-0.017708393,0.643695995,-0.016751870660768015,0.17147452977029887,-0.27315238569363975,-0.36203405468232286,-0.005238449255590871,0.21734972439598466
14-08-2019,-0.153885454,0.375336121,-0.167686387,-0.508028435,0.321081531,0.55168994,-0.08375618713187648,0.27066285291696357,-0.22178831762899304,-0.43336969111475865,0.1541298210543935,0.38023153723587355
15-08-2019,-0.389246679,0.592051329,-0.635610645,-0.556968054,0.168797193,0.25125589,-0.2323536603277303,0.4274473726424089,-0.423043576295968,-0.49386786004028194,0.1617076481058737,0.31762998164324163
16-08-2019,0.006502147,0.447498919,0.319364447,-0.750793312,0.419947789,0.470742128,-0.11594105783130451,0.43723634490000624,-0.061433809360332325,-0.6191537727112486,0.28784726402106053,0.39257212602540403
17-08-2019,-0.16670689,0.473116733,-0.11829362,0.0,0.807522875,0.678794289,-0.14032537735518366,0.4548382529571183,-0.08873630596990459,-0.317439706681383,0.541305651264653,0.5322798682016157
18-08-2019,0.092779687,0.278415491,-0.078868637,-0.829025848,-0.047536541,0.158208295,-0.026943276951607233,0.36881923583732673,-0.08407275756638163,-0.5666508840267679,0.25459938147985467,0.3502110844907999
19-08-2019,0.656617508,0.413774486,0.38421851,0.27558567,0.006023068,0.564724406,0.3059534881329247,0.39090300362483205,0.1439365625863463,-0.15675200965626854,0.13338371647612773,0.45517642141085496
20-08-2019,0.566644206,0.145139761,-0.037555772,0.160244291,0.368450016,-0.287807273,0.43301846502549934,0.27133513985765456,0.05573054161928195,-0.002135978691796339,0.24789085585719103,0.09329547592647275
21-08-2019,0.43255654,0.527966165,0.086944111,0.142289936,0.000564715,-0.221295068,0.43317490235451184,0.39645673828058997,0.07121655421545722,0.0683297457788431,0.12783789522632827,-0.05999248393597363
22-08-2019,-0.073636042,-0.071855073,-0.349054899,-0.256739785,-0.813917664,-0.394483738,0.18661558166344283,0.16879467233162618,-0.1331138485778205,-0.08976569334111736,-0.3310058949347558,-0.22269389882915933
23-08-2019,-0.350746116,0.035477011,-0.156691024,-0.333893313,-0.835056712,-0.297837886,-0.07510892322351427,0.10364912486119045,-0.14461679454676307,-0.20849772065512012,-0.5767751748650694,-0.2598414566878532
24-08-2019,-0.350746116,0.035477011,-0.156691024,-0.333893313,-0.835056712,-0.297837886,-0.20935132227866876,0.07026701814925332,-0.15048509043483269,-0.2694051000835803,-0.7031673907329754,-0.27885660222624864
25-08-2019,-0.012004856,0.294937731,-0.252029963,-0.4684094,0.0,-0.557682182,-0.11309200858338375,0.17940372126745896,-0.1996572552019761,-0.36618227656042535,-0.36112283542222673,-0.4150299227157355
26-08-2019,-0.012004856,0.294937731,-0.252029963,-0.4684094,0.0,-0.557682182,-0.06391620556417957,0.23552599992308879,-0.22549520043311644,-0.4157491580473277,-0.1856670263823007,-0.4850797248588617
27-08-2019,0.153869023,-0.174708999,0.242067139,0.243471757,-0.007173155,-0.018381544,0.04225312535257509,0.03551100030582731,0.0022360645235841303,-0.09483258599853352,-0.09932010091768682,-0.2584246500291412
28-08-2019,0.569366283,0.46774155,0.267554109,0.470157172,0.705511975,-0.156623324,0.29903286260955175,0.24594437442371542,0.13155007578237365,0.1808872917745014,0.2927643226217302,-0.2090850728536873
29-08-2019,0.14818662,0.074727735,-0.532007284,0.244524049,0.107752434,0.637381335,0.22531842043959294,0.16242306928332198,-0.19189366432558727,0.21183258927607823,0.20280378019266868,0.20283604006251757
30-08-2019,-0.367572011,0.135813702,-0.366329452,0.021490483,-0.044575474,-0.318484456,-0.06375115670427192,0.1494696242451864,-0.27697498227467254,0.11912934718727466,0.08217718143232676,-0.0508486096201336
31-08-2019,0.279048543,0.737378254,0.04731898,-0.746817184,-0.881810614,-0.352868468,0.10295412907201801,0.43566574102158867,-0.11920366063611518,-0.30277668460381213,-0.38742987725041417,-0.19788788199277274
01-09-2019,0.208859218,0.504656403,0.137554036,-0.03464805,-0.449732187,-0.145290717,0.1546608881402418,0.4695928710126116,0.006031951676514186,-0.17217217737148618,-0.417519308372498,-0.17214049454834549
02-09-2019,-0.817748979,0.180733379,-0.790561897,-0.438070739,-0.493599818,0.238767401,-0.31878666269651923,0.3291288506300064,-0.3819699976973251,-0.30161845875632926,-0.45432706810935414,0.0281329649355105
03-09-2019,-0.648743436,0.63438023,-0.719134137,-0.363726701,-0.734634212,0.229946698,-0.4795227475898902,0.47803028472127684,-0.5463770280641517,-0.3318577638213014,-0.5906574606869832,0.12665931533613997
04-09-2019,-0.289874998,0.229090241,0.271576936,-0.0691465,-0.08752426,0.489617379,-0.3874156872979454,0.3568594935811499,-0.14804997927754662,-0.20377940487581725,-0.3458957261315101,0.3039178537068792
05-09-2019,0.160317091,0.103661304,0.182589757,-0.278319936,-0.362244653,0.410302625,-0.12079144910263814,0.23353899174503673,0.01310313381611708,-0.23993168991880728,-0.35407543694385957,0.3562830426987612
06-09-2019,-0.226119351,0.174644224,0.330714421,0.004092428,-0.273179837,0.407005045,-0.1722778075852532,0.20509841577284002,0.16770231301530422,-0.12134215417564768,-0.3148779552263723,0.38122725353389864
07-09-2019,0.31722518,0.587597358,0.196146624,0.0,-0.767348978,0.0,0.06574963108268954,0.3912901673524726,0.1814985529546257,-0.06259065118562573,-0.5359558283348855,0.19582570950564288
08-09-2019,-0.009654669,-0.213124564,-0.123957874,-0.180192033,0.089933659,-0.40401634,0.02896132303563486,0.09701382875362881,0.033121687957408004,-0.12007680744652274,-0.2314197666112516,-0.09669286179938234
09-09-2019,0.545832385,-0.295500877,-0.013162781,-0.342796359,0.630536525,0.217350196,0.28102827239894246,-0.09424453595794927,0.010819431954727175,-0.2286741975854079,0.1884119993250529,0.05644734805063484
10-09-2019,0.3694039,-0.305254226,-0.258376571,-0.137007744,0.587309085,-0.311761127,0.32408636299712323,-0.19756470319907277,-0.12035627539359547,-0.18369276981965718,0.383419392082262,-0.12269110471473932
11-09-2019,0.011566554,-0.396366013,-0.394015574,0.367602869,-0.376469719,-0.882889962,0.17189724642912957,-0.29485667899597956,-0.2538437948933963,0.08480765837879681,0.013715784189604285,-0.49304818911983644
12-09-2019,-0.096359703,0.015865602,-0.482373069,-0.179092655,-0.210199653,-0.375761536,0.04181529077391226,-0.14376675944331455,-0.36485114087911075,-0.04344114198037688,-0.09506191747359742,-0.43635953847180214
13-09-2019,-0.260958879,-0.084715786,-0.749931466,-0.610330607,0.099376425,-0.709945171,-0.10526899863173558,-0.11547942840682607,-0.5522437301757241,-0.31943275309993613,6.55637383856697e-05,-0.5700643857342236
14-09-2019,0.397018454,0.163204515,0.0,-0.430576808,0.356630767,0.0,0.13956137230454646,0.020082556469848564,-0.28369977104098115,-0.373737645492505,0.17383947743250386,-0.29298439248784414
15-09-2019,0.279538577,-0.105736549,0.0,-0.252349453,0.16114205,-0.053703066,0.2077458048395431,-0.04126869948835653,-0.14576953040828805,-0.31465612657229014,0.16798564253675724,-0.17684189314697982
16-09-2019,0.485458315,0.191981614,0.0,0.398941865,0.549087316,0.600418591,0.34331715825032827,0.07223765975277598,-0.0750456255029843,0.03281325886882902,0.35393302378977465,0.20147967486516888
17-09-2019,-0.003575394,-0.040559288,0.286971017,-0.380828841,-0.579814582,-0.05202632,0.17432627452361507,0.01696311942426838,0.10116178929383171,-0.1686940314214035,-0.10029629921267352,0.07809573961547817
18-09-2019,-0.307920172,-0.097868152,0.171494325,-0.472624526,-0.758902531,0.035289952,-0.060511524588539214,-0.038840348914360244,0.13556758663448729,-0.31676272426730123,-0.4212891215603688,0.05753955962831667
19-09-2019,0.254083086,0.369971769,0.0,-0.166549979,-0.123606599,0.079966747,0.09238393378984341,0.16049324279425956,0.0696108810949474,-0.24356249571660354,-0.27690949415448496,0.06836706308895689
20-09-2019,0.495150022,-0.407074629,0.234358603,-0.531800583,0.161398123,-0.098226962,0.28844098382752337,-0.11573869920340539,0.15007981328264042,-0.3840589983883034,-0.06390058900392093,-0.012562339811614212
21-09-2019,0.30128099,0.243925983,-0.029371713,0.114367114,-0.567521149,0.160441226,0.2948683429232505,0.05966497886389294,0.06298786308906942,-0.14169039866451866,-0.30907218979012674,0.07226513122760399
22-09-2019,0.430452017,-0.098820635,0.142266155,0.366148977,0.296650529,0.092164974,0.36116767720924864,-0.017522516731915697,0.1019506183815905,0.10575361447140896,-0.014023621442475126,0.0822381829467975
23-09-2019,0.038235085,0.008204307,-0.274162447,-0.208200759,0.000514553,0.180979284,0.20421971563470154,-0.004946671393989758,-0.0807645690511998,-0.04676187613556957,-0.007010892053102364,0.13083631305325227
24-09-2019,-0.315118447,0.333314082,-0.678457565,-0.478330727,-0.422885291,-0.643601846,-0.048922890615608144,0.15975069369752543,-0.3720124136044038,-0.2567854998300552,-0.20985157925140385,-0.24639109053776673
25-09-2019,-0.512560516,0.271151873,-0.31157745,-0.634377695,-0.487680741,0.051931263,-0.27501214800860135,0.21419028293082537,-0.34279898254740704,-0.4407522672989781,-0.3454407833667821,-0.1011670437489625
26-09-2019,-0.405066908,0.475281194,-0.113602462,-0.308042993,0.193056198,0.223726288,-0.33884672095866064,0.3414083051250549,-0.23134631630778962,-0.37661655873285776,-0.08363812107337543,0.05668692875525133
27-09-2019,-0.698843073,0.130522697,-0.579169117,-0.611249999,0.526850589,-0.286442168,-0.5144458705130958,0.23890105448506518,-0.4011279703761509,-0.4909280423058708,0.21410140086725662,-0.11041916075540698
28-09-2019,0.316439855,0.625996159,-0.377949422,-0.133338858,0.0,-0.296685788,-0.10976397793267872,0.4277037238840221,-0.39019035762815635,-0.31672089920756963,0.11039386742867077,-0.20125914808293743
29-09-2019,-0.144751233,0.095342046,-0.147771052,-0.233249769,-0.585867285,-0.276608855,-0.1270354668997435,0.26581194222345217,-0.2723248961109308,-0.2761466321239711,-0.22868150593204356,-0.23814411344388753
30-09-2019,0.257036885,0.692913451,-0.157398611,-0.348076764,0.205915589,-0.733207505,0.05969992708641514,0.4743142514218235,-0.2166466347783001,-0.3110326884768779,-0.017186397215712385,-0.47942719232234415
01-10-2019,0.257036885,0.692913451,-0.157398611,-0.348076764,0.205915589,-0.733207505,0.1556932798773853,0.5809592658308067,-0.18789694130861978,-0.32934443095867644,0.09185076465859779,-0.6034664378192243
02-10-2019,-0.060757432,-0.331285584,-0.414833444,-0.337921437,-0.087184166,-0.079313231,0.050067503870961,0.13693240320235928,-0.29866577754713286,-0.3339544006763908,0.0044974429359457,-0.34852878216152455
03-10-2019,-0.439499106,-0.279097182,-0.601374108,-0.68647738,-0.279892568,-0.233352419,-0.1884434375429169,-0.06567860673207958,-0.446161350410337,-0.505782593843663,-0.13405572898146573,-0.29274283401115975
04-10-2019,-0.234584293,-0.030609929,-0.080299314,-0.025941969,-0.397423724,-0.574021273,-0.21084485425804347,-0.04884043261928253,-0.2677682701022236,-0.272019865196089,-0.26219029979405095,-0.42956496510350045
05-10-2019,-0.114819343,0.377856573,-0.230781391,-0.454316073,0.414375991,-0.199166946,-0.16387387252876176,0.1588491858856221,-0.2497209918579975,-0.36061043541033133,0.0675745781877028,-0.3176129218458795
06-10-2019,-0.465187825,-0.048833584,-0.336191803,-0.327719395,-0.096442946,-0.337335075,-0.31052536042379386,0.05746933803315618,-0.2919342205311003,-0.3446184181865747,-0.012413039673684088,-0.327557259324839
07-10-2019,0.097157097,-0.137148635,-0.464611226,0.085908996,-0.115297206,-0.415431221,-0.11166051107382477,-0.03739440046856433,-0.37588486589744,-0.13469888854146994,-0.06287286520192356,-0.3703952019565735
08-10-2019,0.301941422,0.293575018,-0.542553734,0.292834636,0.23994776,0.083097022,0.08958211961855507,0.12344354130482318,-0.4570851436650443,0.07359584627244406,0.08462324204926518,-0.1494981720523534
09-10-2019,-0.252804335,-0.073279145,-0.620271998,-0.790419176,-0.389724962,0.183870407,-0.07708426413536322,0.027617099503214476,-0.5367820385672,-0.34716453470939096,-0.14606485935891114,0.01299878293532103
10-10-2019,-0.05268642,-0.318895286,-0.539304053,-0.448150312,-0.058644767,-0.175294122,-0.06540472886419743,-0.14161724800133058,-0.5382460007882828,-0.3963645338515953,-0.10369177455845564,-0.07827539768033559
11-10-2019,0.833445877,0.919446586,0.027618575,0.173817686,0.498529044,-0.000343156,0.37231797987897675,0.37481870677951756,-0.26279126889262605,-0.11860003595753962,0.18951999569629407,-0.03990050446596477
12-10-2019,0.751706969,0.846278352,0.192574336,-0.23420671,0.253906435,0.641783828,0.5574259202414854,0.6049530252304528,-0.040841549381804176,-0.1747879581373037,0.22106082153811074,0.29224252438963794
13-10-2019,0.581021212,0.82031683,-0.033858872,-0.178542522,-0.098545063,0.384765367,0.5695397394074653,0.7104270364637784,-0.03709202112550858,-0.1762999293344203,0.06565851052102376,0.33764580782557563
14-10-2019,-0.063101958,0.413285283,-0.64490725,0.047334369,0.398121955,0.04839117,0.26181344400826123,0.5661181747526915,-0.3331945806502971,-0.06743787457439268,0.2279227940503178,0.1972853677625346
15-10-2019,0.001593458,0.129701689,-0.678247016,-0.354067697,0.20780474,0.116041459,0.13526703306411036,0.3536115201189613,-0.5013686312389651,-0.20684488225125347,0.21800561279367647,0.15794891152487556
16-10-2019,0.04536623,0.10871541,-0.543237037,-0.563310795,0.596084728,-0.025411756,0.0918394005949191,0.23454695056312408,-0.5218694551771648,-0.38044116698951613,0.40240182645703176,0.06892215175877428
17-10-2019,-0.318746025,-0.023849408,-0.225216773,-0.670566372,-0.052839039,-0.345271285,-0.10820231145873124,0.10888595500296933,-0.3773749064800398,-0.522080163183295,0.18092814060195983,-0.1325737826492788
18-10-2019,-0.132718562,-0.330863657,-0.366224411,-0.292217463,-0.139425415,0.338570516,-0.12040100189597559,-0.10547584937948495,-0.37183993663741477,-0.41059565867699055,0.024814361500247115,0.0968353689976693
19-10-2019,-0.463093219,0.057003028,-0.559030851,-0.272433837,-0.437078316,0.05036248,-0.2872795537842516,-0.02633563015566063,-0.46288585963577644,-0.34304731453300785,-0.19996406875797548,0.07413967774300488
20-10-2019,-0.452829505,0.300055512,-0.012581784,0.0,-0.35524464,-0.481343753,-0.368081427065443,0.1328644807331521,-0.24344902112235095,-0.17584849688092258,-0.27570483755552566,-0.19633881054382557
21-10-2019,-0.347204362,0.246480241,-0.580223484,-0.267796764,0.0,0.272218806,-0.35865504422264394,0.1877307047627462,-0.4076945903607068,-0.22086276419780862,-0.14186068680981628,0.03182230125019103
22-10-2019,-0.203929766,0.166596419,-0.017735541,-0.190253398,0.426056087,-0.100345302,-0.2839608968854844,0.17702569931273993,-0.21807759128446233,-0.20594151819737005,0.13458463124286754,-0.03294833489759288
23-10-2019,-0.142080318,0.146245903,0.330793495,-0.36852978,-0.224001724,0.155522121,-0.2153725813459766,0.16163083254798116,0.04921977889255964,-0.28517198100615493,-0.03997513757245555,0.05861602461559614
24-10-2019,-0.244873536,0.236324179,-0.281681908,-0.161338665,0.335988821,-0.786564809,-0.22983994484678508,0.19786561490222987,-0.11156610629916588,-0.22504619307190427,0.14292396406703586,-0.3531521988454139
25-10-2019,0.015078246,-0.030809093,-0.412196019,-0.210345224,0.078280541,-0.442211186,-0.11065858495807533,0.08649689508316309,-0.2576825154886663,-0.21780384081449883,0.1113892720306149,-0.396832911277547
26-10-2019,0.0,-0.146891858,-0.085853744,-0.509365185,0.0,0.1751375,-0.05684214034953113,-0.027224561180259364,-0.1737899850526775,-0.3596391517022281,0.05681956819044598,-0.11839755399556724
27-10-2019,0.0,-0.093670491,-0.025128599,-0.09093347,0.099580866,0.350905897,-0.028986095555143893,-0.05959930436900175,-0.10132983868920448,-0.2285321766609752,0.07772098872244589,0.11038912259816347
28-10-2019,-0.5662469,-0.196468405,-0.48943329,-0.401764,-0.72448236,0.039226143,-0.2906768065756634,-0.12611413646123823,-0.29025072745276936,-0.31289173857375785,-0.3129801812011246,0.07557683220793528
29-10-2019,-0.385776581,-0.051259627,-0.283096703,-0.838739609,-0.21087817,-0.164951156,-0.3369027900902472,-0.08975833978492578,-0.2865986139276302,-0.5691114373902816,-0.26315883935962503,-0.04159347035374132
30-10-2019,-0.697714311,0.079621893,-0.624580142,-0.775524732,-0.240633901,-0.466620036,-0.5126193355658759,-0.007477493791306543,-0.4514340974597324,-0.6700294622441566,-0.25212752776005043,-0.24839499199417028
31-10-2019,-0.147078193,0.402448403,-0.269693282,-0.526866804,-0.049395701,0.0,-0.334629188896627,0.19208213513143652,-0.36280958956528875,-0.6005295949772064,-0.15351231829199785,-0.1276990252413492
01-11-2019,-0.061623714,0.072910871,0.405454158,-0.252328591,-0.20885762,-0.28776967,-0.20170116425294388,0.13403735016777668,0.011276788755141931,-0.4311394358436287,-0.18083606075829053,-0.2057028696247248
02-11-2019,0.320442306,0.460111361,-0.013172348,-0.251925394,-0.001398506,-0.229876382,0.05265168809698999,0.2928939880475574,-0.0008330120933944763,-0.343864652731876,-0.09338679753804731,-0.21770424589765086
03-11-2019,0.0,-0.154622475,0.062369658,0.043133302,0.567330615,0.087744688,0.02718410717233996,0.0748977391742458,0.030133647805443618,-0.1554312940535003,0.22825042361934172,-0.06853592475447329
04-11-2019,0.225881528,0.0817369,-0.159435819,-0.278995972,0.190671417,0.735913103,0.12399757518679923,0.07829533974486802,-0.061950890363495215,-0.21559831661915682,0.21003480812990433,0.32362567421758087
05-11-2019,-0.164912112,0.490033209,0.315037655,-0.179810084,-0.501046009,0.304245143,-0.016683183348139022,0.2790348515889532,0.12173384718360361,-0.19798004094278426,-0.1362756084745911,0.3142754902303303
06-11-2019,-0.63806186,-0.16149858,-0.064519003,-0.806282951,-0.427108812,-0.255887095,-0.31943102807043783,0.06463676977329806,0.031081975485477628,-0.49441336219732734,-0.27811663039874207,0.036467906487982496
07-11-2019,0.069076624,-0.350134365,0.510847382,-0.354801585,-0.115176579,-0.007385879,-0.12999593523571745,-0.1372790415693315,0.26514781409487026,-0.4264515432835271,-0.19845500235620678,0.015100504310253312
08-11-2019,-0.611841295,-0.007396621,-0.483408127,-0.686423554,-0.636969855,-0.581851263,-0.36459380567726496,-0.07405328276287308,-0.09921089155959129,-0.5528550325691248,-0.41209301271089027,-0.27562449737210143
09-11-2019,-0.186000696,0.194237663,-0.542100546,-0.459467743,-0.679514648,0.069704952,-0.2773761775995228,0.05656356388220677,-0.3146622756702415,-0.5072184110674783,-0.542487922064691,-0.10726056095208789
10-11-2019,-0.346006079,0.0,-0.116060358,0.211223584,-0.806467409,0.11164251,-0.31089365417842374,0.028791171567619955,-0.21793072524542695,-0.1571791964566357,-0.6714052291817127,-0.0006768522303527147
11-11-2019,-0.635085416,0.15923559,-0.694389665,-0.55536696,-0.444777134,-0.210468225,-0.46899537960308607,0.09231671648723942,-0.45044942596243914,-0.35111843875830523,-0.5612781551071565,-0.10270981351068396
12-11-2019,-0.358063347,-0.008068919,0.006784864,-0.315572826,-0.471198904,0.545594104,-0.4154384460539471,0.043180498526671884,-0.2279546737874353,-0.3338620154707648,-0.5177384243487038,0.21322459007262945
13-11-2019,-0.134772717,0.498952539,-0.143645892,0.241276993,0.312945085,0.386977632,-0.27895487027023363,0.2653566077446382,-0.1870591998600445,-0.053886364562500774,-0.11369977608521656,0.2979553794602068
14-11-2019,-0.062711024,0.507525096,0.156885368,-0.064823452,-0.098213151,0.14382006,-0.17391325285853498,0.3834556502751663,-0.019505532229327577,-0.05907537049824025,-0.10634336679167611,0.22258865567979566
15-11-2019,-0.09529769,0.331697568,0.339138501,-0.27067631,0.157367249,0.0,-0.13561710270166444,0.35817288049936674,0.15501945797025485,-0.1620931051237348,0.022381940942738626,0.11409218494052623
16-11-2019,-0.411347168,0.129234488,0.522115174,-0.501258094,-0.197476042,-0.196932024,-0.26964206213075403,0.24695564139697113,0.33400568037986883,-0.32693585769972644,-0.08445481038960598,-0.037210316731001114
17-11-2019,0.0,0.560985328,0.130417484,-0.151324714,0.330528593,0.012553251,-0.1384816803500946,0.40032203337112526,0.23470727096472932,-0.2413603195221494,0.11774536056151076,-0.012983853700639442
18-11-2019,-0.384547844,-0.086784981,0.147511744,-0.377400549,-0.193349123,0.160521382,-0.2580723342058972,0.16325487574318673,0.19267061005825806,-0.3073635624989711,-0.03335283094397103,0.07190111772407856
19-11-2019,-0.640809732,-0.162193033,-0.720247556,-0.543092589,-0.455045278,-0.569120495,-0.44458779553159533,0.004676496659109561,-0.2516501979196802,-0.422117121329489,-0.23840197877059016,-0.24040511687042854
20-11-2019,-0.241194372,-0.025483518,-0.036073034,0.009341383,0.111507566,0.525531358,-0.3455550510434013,-0.010014650732180544,-0.146704445816871,-0.21230197247647473,-0.06757281155393674,0.13254308358238204
21-11-2019,-0.250454416,0.036078117,-0.474663764,0.044798016,0.351171107,0.295126349,-0.29904222695946076,0.0123369395446498,-0.30614759885174864,-0.08682939856044013,0.136674323222862,0.2119668015219656
22-11-2019,-0.334559819,0.097328185,-0.267495284,-0.365358489,0.653920278,0.447168972,-0.31630990630609945,0.05375757407591355,-0.2875101063004266,-0.22238775446887854,0.38905495871904533,0.326351124620394
23-11-2019,-0.261195084,-0.427653084,-0.148108778,-0.471986765,0.021793693,-0.257433576,-0.2895703630575913,-0.1810631349716587,-0.21968257349251685,-0.3442806056650752,0.21017139111993843,0.041891928270590933
24-11-2019,0.0,0.487017593,0.372065115,-0.034969672,0.734496159,0.456151552,-0.1486314987859918,0.14400079507818062,0.06838513967082471,-0.193756690181709,0.46581515273529595,0.24365722462745093
25-11-2019,0.161444064,0.500563913,0.532617091,-0.005650499,-0.174419646,0.240144285,0.002405149691200953,0.3176030065941151,0.29439242268877475,-0.102063113558247,0.15408214174604706,0.2420967852185178
26-11-2019,0.021362177,0.024427722,0.25183011,-0.17840377,0.290744488,0.290820054,0.011897607815606672,0.17488394855507725,0.273514744870237,-0.13900899044955892,0.22088241171762185,0.2661071150692094
27-11-2019,-0.48729873,-0.426703892,-0.031032638,-0.647898562,0.229922793,0.20980453,-0.23130492467417374,-0.1184507938869935,0.12522709785871386,-0.38693383539562864,0.22521892778295527,0.2388335429071318
28-11-2019,-0.715585275,-0.197292379,-0.69208456,-0.661213178,-0.403092641,0.064749731,-0.46715270616582616,-0.15688227751206477,-0.2729833389171823,-0.5205694407079255,-0.08063677296152975,0.15406795879720622
29-11-2019,-0.064141914,-0.42637765,-0.613174369,-0.732288989,-0.129021355,-0.489365335,-0.2706970019902323,-0.2881779148888214,-0.43844808173031813,-0.6237058560859869,-0.10397773737985236,-0.1589662163458514
30-11-2019,-0.099836395,0.445437498,-0.395489524,-0.437912266,-0.108057511,0.277129548,-0.1874715092842676,0.06907877181514996,-0.41776803227521686,-0.5335791868363903,-0.10609902251256628,0.053076500250974476
01-12-2019,0.142542057,0.188615512,0.124088972,-0.2483772,0.106334544,-0.109928613,-0.026648887488946935,0.12733788113309832,-0.153738444868578,-0.3949865601151113,-0.002884291937678793,-0.02649014395720827
02-12-2019,0.193565668,0.0,0.541167215,-0.150358395,0.329139673,0.148296558,0.08083119946953649,0.06531710159353779,0.184892148842826,-0.2758213760671915,0.1584715114631292,0.05837276290595346
03-12-2019,0.343987086,0.004757125,-0.072746578,0.142252805,0.323880727,-0.101242494,0.2092535805228058,0.03611776139968641,0.059576281779089274,-0.07201278907586658,0.23914410739129877,-0.019196445349530772
04-12-2019,0.332294879,0.0,0.0,0.518195749,0.340273296,0.0,0.2693294031046232,0.018241511050275896,0.030356791087908883,0.21551556140302253,0.28810740898033615,-0.01013861172149273
05-12-2019,0.456811201,0.510631508,0.0,0.229501327,0.295677169,0.809620879,0.3607379732034422,0.25783629654553164,0.015255457172471494,0.22246659691657542,0.29208219916728756,0.3890954160556915
06-12-2019,0.26640519,0.0,0.0,0.0,0.163155637,0.274968792,0.3149891900209939,0.13236242261213607,0.007676270422840034,0.11432877511885375,0.22926963208538764,0.333553526255444
07-12-2019,0.459685079,-0.11194899,-0.140995065,-0.124781446,0.437791199,0.242142323,0.38598289176199596,0.013679829373303642,-0.06473283638636859,-0.001693816368944917,0.3308615416920916,0.2890944500534083
08-12-2019,0.078036308,-0.155651078,0.083220361,-0.474317914,0.141096467,0.166149687,0.23663342575041607,-0.06868787248014797,0.007739369649323279,-0.23154873057131048,0.23886251900041822,0.22933450415237003
09-12-2019,-0.053644916,-0.130354118,-0.61433202,0.049800126,0.227692526,0.574487429,0.09539546240210839,-0.09851006814852536,-0.29495063707302765,-0.09416427397099394,0.23364856525233685,0.39793963027913387
10-12-2019,-0.109685793,-0.07339701,-0.496916854,-0.400373333,0.462065111,-0.174655917,-0.004399672614907119,-0.0866121773884152,-0.3932868288415125,-0.24313708479346857,0.34514563978172186,0.11904431830929797
11-12-2019,-0.427148824,-0.111404366,-0.114224284,-0.744454686,0.385055132,-0.205094098,-0.2104553985684977,-0.09886165354162532,-0.257647533383542,-0.4873772308352245,0.364737730858521,-0.03873489167141159
12-12-2019,-0.357438921,-0.477060932,0.282799974,-0.431041518,0.116414171,0.43844419,-0.2823167042357314,-0.28318274054973536,0.005164776099444518,-0.4601392695901214,0.2437758413073517,0.19363218112123312
13-12-2019,-0.039887027,-0.384709469,0.715985833,-0.608614825,0.084014996,0.451723704,-0.1645925872637396,-0.33282538989462274,0.3515271722801332,-0.5328504942224097,0.16589022476834123,0.3195579540028063
14-12-2019,-0.167862279,-0.240463017,0.305658907,-0.34427272,-0.241245801,0.618252424,-0.16649367617833255,-0.28803253489791447,0.3293979775804372,-0.44162653465050977,-0.03257575540108221,0.465280905346087
15-12-2019,0.126533027,-0.608047309,0.103886583,-0.531539345,0.218623267,0.484561241,-0.024116681416847884,-0.4444398610593604,0.21973240640541583,-0.48584843767427793,0.0896056128153092,0.47446083959671687
16-12-2019,0.0,-0.225762421,0.063178967,-0.282336586,0.110918923,-0.209853306,-0.01254709654171908,-0.33817514194836595,0.143595355745547,-0.3869981119813507,0.0999439163114603,0.1411846864667855
17-12-2019,0.343880964,0.379849167,0.5008002,-0.131589902,0.470609885,0.509665434,0.16081289388537345,0.011508124955189353,0.31780305085015276,-0.26272507079895513,0.28032397983171714,0.3206469827761321
18-12-2019,-0.551203806,-0.064996081,-0.161900187,-0.744912759,-0.155153443,0.557882032,-0.18603239155202195,-0.02566130308579819,0.08423568505517978,-0.49751712245442214,0.06824443673752874,0.43632438264990603
19-12-2019,-0.65657524,0.423016505,-0.469601627,-0.65757226,0.328900727,-0.230417662,-0.4153643217961057,0.19300074428068256,-0.18516233251695105,-0.5758358051276868,0.19513807760703938,0.1114000516791014
20-12-2019,-0.559267492,0.310309794,0.3662153,-0.501043586,-0.159612981,0.103500211,-0.4856638954769026,0.2503192297292774,0.08366375301500106,-0.5395056103375324,0.0221368258607835,0.10772858983492539
21-12-2019,-0.144649153,0.566584507,0.519157505,0.32149978,0.290139256,-0.188097207,-0.3195568011066396,0.4046288735404975,0.2959602737758837,-0.11989420227838207,0.15248336964876302,-0.0362046400559741
22-12-2019,0.0,-0.052072582,-0.02295782,7.97e-05,0.092541222,0.018021132,-0.1638443090177948,0.18266926946807566,0.14059060963549666,-0.06124964679275538,0.12330174478854936,-0.010079982950699284
23-12-2019,-0.538318126,-0.433155026,0.078123471,-0.33328455,-0.534801339,-0.300943211,-0.3463659004116417,-0.11701032813250964,0.10979967498204862,-0.193446460442543,-0.19730363494007302,-0.15207572716240847
24-12-2019,-0.071184705,0.0,-0.079986372,-0.012449984,-0.045637397,-0.015436301,-0.21240749847757745,-0.05992601106750805,0.017213921487100395,-0.10517093314261361,-0.1233841566841476,-0.08598222811308866
25-12-2019,0.024218815,0.180200453,0.2609278,0.022526832,0.366137796,-0.299659363,-0.09733262312527005,0.057404153579342705,0.13589829303177936,-0.042691848539501656,0.11490030891495251,-0.19044010500521535
26-12-2019,0.430463711,0.242302274,0.59945123,0.04943366,0.459129252,-0.371534803,0.15975093849689698,0.14766262827025653,0.3617877219531984,0.0023405546183822047,0.28261212091514215,-0.2786579324065274
27-12-2019,0.261172094,0.173003268,0.699694757,0.297309224,-0.005486124,0.087777366,0.20904945447805356,0.15986469890788768,0.5263308213353639,0.14613319026963317,0.14213325266870935,-0.10061837285559014
28-12-2019,0.49105859,-0.073276646,0.093143191,0.415804445,0.104424036,-0.237377932,0.3469165069843599,0.04641697742387388,0.3157072709409432,0.278070286835813,0.12394553943932518,-0.16765631889014881
29-12-2019,0.384510427,0.087966333,0.111120469,0.437581783,0.298960888,-0.288088268,0.3658545701690042,0.06642644110484977,0.21651890108481137,0.35636487952687523,0.2090864483303597,-0.22629220120592153
30-12-2019,0.011581462,-0.243876228,0.354331541,-0.153695561,-0.230877905,-0.164764198,0.1938252845339944,-0.08490513805458637,0.2835688041507541,0.10839356741418459,-0.005036860690609796,-0.19652006036708475
31-12-2019,0.050705059,0.346723975,0.427022399,-0.101599767,0.151170105,0.424238479,0.12430655851562156,0.12498187896276597,0.35331374100551294,0.005952070980708497,0.07088460953540657,0.10591008514593446
01-01-2020,-0.056532319,-0.012950367,0.38961414,0.367717729,0.444528094,0.064819815,0.036278404718883106,0.05789066632582995,0.3712327010896101,0.18220899403050123,0.2529113753957223,0.08594527974784322
02-01-2020,0.007246118,0.372319886,0.4745884,-0.085141062,0.739812525,0.126878181,0.022490057691940166,0.2113859612247987,0.42176963533409434,0.0522748901690238,0.4906194394897913,0.10612779124551737
03-01-2020,0.658565247,0.616380943,0.094973864,0.372073386,0.17688343,0.290004614,0.33244582333229483,0.4088317614612952,0.2628648881818815,0.20812177996827103,0.3380988379162725,0.19578848820804093
04-01-2020,0.55870647,0.138199715,0.349439764,-0.106817508,0.365921626,0.283916375,0.4428717794958412,0.27712079885693264,0.3050456208290033,0.054797516412114444,0.35163679626652,0.23903184424324242
05-01-2020,0.53497079,0.653363674,-0.065424709,0.121010192,0.0,0.110617606,0.4877503789787975,0.4604490117547335,0.12436885680517284,0.08705985051733534,0.18025167656454488,0.17684662363068432
06-01-2020,0.540126543,0.053255465,0.0,-0.137145127,0.899450319,-0.480607527,0.5134086841385835,0.26224135532616016,0.06341926779275694,-0.02230382848982486,0.5307625125401737,-0.14341172728037263
07-01-2020,-0.234623024,-0.152842447,0.170397769,-0.153803959,0.42556565,-0.254965337,0.14897931551783705,0.06021934969268544,0.1155210753367959,-0.08664271564887321,0.479774637818591,-0.19770270881450358
08-01-2020,0.118560396,0.426880425,0.262966644,-0.427639292,-0.390148341,-0.428533212,0.13401309278751958,0.2388404892616921,0.18735971424241266,-0.253102275966247,0.05605773955414625,-0.31010796027380927
09-01-2020,-0.201396882,-0.064184705,0.294343736,-0.583936689,-0.062702627,-0.289957689,-0.029323712202776187,0.0915050315277337,0.23937911347435142,-0.41434740057449193,-0.0016247478805913491,-0.30038080705724024
10-01-2020,-0.242653185,0.118422553,0.347936077,-0.295864609,0.435487721,-0.781009304,-0.13330807284592264,0.10446108273948503,0.2921520375728226,-0.35681615270872336,0.2112429822396594,-0.5349936966347619
11-01-2020,0.059809259,0.20274588,-0.154483992,-0.538161076,0.358427937,-0.467453338,-0.03926834977900752,0.15241852088260904,0.07448923390836484,-0.4456171607776958,0.2828072768047072,-0.5024597401474589
12-01-2020,-0.288460354,0.137388036,-0.132906438,-0.353123653,-0.333974809,-0.422757089,-0.16070426025502108,0.14495927924116725,-0.026802615196329663,-0.4007775607778492,-0.017974108755627105,-0.46401858537908036
13-01-2020,-0.267653537,-0.003869068,-0.042817427,-0.248432972,-0.10585617,-0.189713764,-0.2133182317114211,0.07215737910227618,-0.03468058331921953,-0.3270340249822539,-0.060911322588153564,-0.3308439953438548
14-01-2020,-0.254237679,-0.029880891,0.192067258,-0.374253595,0.41459979,-0.456530051,-0.23373298474796161,0.02240308849862062,0.07555345874748082,-0.35017607803557355,0.17049442647253857,-0.3924597780617355
15-01-2020,-0.432196371,0.157448432,-0.332486874,-0.701160924,-0.384987275,-0.559967149,-0.33090154451626225,0.08780635803003567,-0.12315756870453881,-0.5214690670527115,-0.1000321641588459,-0.47438178046112744
16-01-2020,-0.049262263,-0.001142708,0.553547488,-0.08516751,-0.808917311,-0.084276738,-0.1942261307906364,0.04449153667395739,0.20645874389568422,-0.3091399707231139,-0.44602278189229383,-0.2843176076871564
17-01-2020,-0.129054923,-0.3008654,0.081124291,-0.435785402,-0.45884726,0.265263528,-0.1624494812637289,-0.12364501533877897,0.1454177924068762,-0.370938306741304,-0.4528113167238725,-0.016578277391041618
18-01-2020,0.455942703,0.641910267,0.045044051,-0.195761189,-0.055231883,0.486028144,0.13865875677638773,0.24899440462655884,0.09644252939953558,-0.28555634852373035,-0.2591483118983361,0.22854845941707644
19-01-2020,0.72701035,0.699770931,0.056781055,0.0,0.49261206,0.721049702,0.4255162111947145,0.4688082215975998,0.07699663872137343,-0.14624745899334884,0.10698972791877709,0.4688179887293289
20-01-2020,0.578466115,0.428646195,-0.129692117,-0.223522013,0.517571682,0.298965993,0.5004481353654291,0.44945841523226027,-0.023870715737105246,-0.18380307946292296,0.3068227726005476,0.38684053335791035
21-01-2020,-0.135956286,-0.332157009,0.094859455,-0.634218235,0.096204085,-0.553764226,0.19066325787121136,0.06880607398443048,0.0340559534382007,-0.40302694188168253,0.20417673791298163,-0.07089515571914379
22-01-2020,-0.135956286,-0.332157009,0.094859455,-0.634218235,0.096204085,-0.553764226,0.031830336467678536,-0.12658683052961278,0.06378311829124887,-0.5156949546666785,0.1519058175970064,-0.30593220753869776
23-01-2020,-0.396600592,0.338947757,-0.558727624,-0.292358196,-0.187319289,0.016298629,-0.17671677015942353,0.10014688728291599,-0.2394398323865251,-0.40705034620461805,-0.013205821717921937,-0.14901246471100582
24-01-2020,-0.332157728,0.541258231,-0.38354829,0.10035517,-0.304300655,0.528459225,-0.2523999920834468,0.31513823963644605,-0.30991744028653967,-0.15986123621427772,-0.15529332481647035,0.1812443856235615
25-01-2020,0.164073306,0.367048527,-0.207626748,-0.442135172,0.085336071,0.452923433,-0.049381509235261425,0.3405268553478822,-0.2600671234020876,-0.2970502971423879,-0.03791556515007559,0.31406678264729393
26-01-2020,-0.150119023,0.049181479,-0.29116263,-0.382408687,-0.346545466,-0.574662911,-0.09846119321144495,0.1987943853186386,-0.27572141095706043,-0.3387685271066774,-0.1878029066300191,-0.11867792666601401
27-01-2020,-0.505184189,0.206448742,-0.847263843,-0.316077571,-0.028269401,0.411445307,-0.2965988520228969,0.20283341468548166,-0.5543998034600999,-0.32765327375894204,-0.10990966227499134,0.1393616008580362
28-01-2020,0.104376956,0.389437105,-0.493582829,0.247776813,0.079861689,0.0,-0.10170886978120416,0.2934750347575884,-0.5251412701213851,-0.04738383708466022,-0.017486409258341606,0.0712492791517931
29-01-2020,-0.131975879,0.317316714,0.185837208,-0.497571025,0.209648294,0.015384415,-0.11696887632443506,0.3048388543004785,-0.1791112951293703,-0.2667457253624549,0.09285800274404896,0.04362885832937682
30-01-2020,-0.514106948,-0.141962506,-0.390672416,-0.391470035,-0.265169683,0.104770035,-0.3108868924349068,0.08707916616245474,-0.28221513067133436,-0.32753857223474614,-0.08183746387949686,0.07325870072610538
31-01-2020,0.31042654,0.372587317,-0.226790254,0.088840792,-0.425932007,0.572449157,-0.008289641354423366,0.22643950799097678,-0.25544576725987755,-0.12448718267528396,-0.24959171850401493,0.3168545181817018
01-02-2020,-0.276411383,0.097183207,-0.094980097,-0.27063966,-0.33375512,0.034408932,-0.13884017735365117,0.1638118088694443,-0.17748362551555505,-0.19537704620366403,-0.29081077686609835,0.17978601666971297
02-02-2020,-0.53828679,0.41813881,-0.136061502,0.0,0.24617414,0.062004434,-0.3332919107477612,0.2876120746867196,-0.15706626326618878,-0.10012864907342306,-0.029254329663132378,0.12250385386050662
03-02-2020,-0.331523146,-0.151463877,-0.616228713,0.030437413,-0.201303244,0.0,-0.3324308666405974,0.0735357240437485,-0.38063111994034915,-0.036640789602528846,-0.1129065244916844,0.06256791467386609
04-02-2020,-0.108521008,-0.30081121,-0.251492394,0.230085922,0.136008902,0.200512236,-0.22364917944238988,-0.10902917927420377,-0.31782162468352765,0.09356066000570012,0.008242879568564003,0.12953275721776286
05-02-2020,0.387910675,-0.296023722,-0.050846277,-0.529506379,0.422676307,-0.291980939,0.07425897145070953,-0.20023156048820645,-0.18776698729726907,-0.20970429998296447,0.2103760319207512,-0.07539331989935207
06-02-2020,0.154868456,0.326059963,0.163012009,-0.051309649,0.074201603,0.12542786,0.1138914197073996,0.05592704789166998,-0.016457530456642902,-0.13246801008653372,0.1441794211705937,0.022145488722058522
07-02-2020,0.292784587,0.346297852,-0.303393882,0.165944679,0.214144075,0.233539279,0.20105459098585504,0.19718976263393095,-0.15595792402209763,0.012683757435242152,0.1783062832245995,0.12515088978200245
08-02-2020,0.277751975,0.562601634,-0.11311652,-0.096817177,0.234586406,0.498807628,0.23862826898962944,0.3751450079710947,-0.13529739077549713,-0.040349042944333786,0.205706689905725,0.3072655992838141
09-02-2020,0.208856531,0.226746632,0.189300339,-0.015134042,0.14349607,0.344794151,0.2245901106392586,0.3031655097165612,0.023005908759775276,-0.027846515199155486,0.1756894526373048,0.3256751724635742
10-02-2020,-0.291345581,0.373075174,-0.399398544,-0.493493152,-0.2276692,0.0,-0.026828481898498985,0.33718265805747294,-0.1826358892698542,-0.25478326228225145,-0.020455033560666205,0.16685227262425215
11-02-2020,0.160048621,0.020402322,0.023893046,-0.195284593,0.289108118,-0.302484227,0.06437333590305977,0.18299516298405494,-0.08206873992202059,-0.22578550589962626,0.13055929101721162,-0.06172771767254684
12-02-2020,0.085380524,-0.221644552,0.031493295,-0.289815864,-0.231415599,0.483151361,0.0749817670103926,-0.01429228073646184,-0.02670750865060712,-0.2571212768026585,-0.045867614197939804,0.20366223831235403
13-02-2020,0.256916248,0.219477343,-0.39272258,-0.035198634,0.123637295,0.521550152,0.1638728215210029,0.09968601128005644,-0.20466559583788446,-0.14917821429272327,0.03681204603052301,0.35866443238608536
14-02-2020,0.280167434,0.109799479,0.121958355,0.055844862,-0.076734807,0.324511228,0.22070078794410347,0.10486164285227968,-0.04550442184455714,-0.0495255300055683,-0.018569816513881777,0.34212295100746853
15-02-2020,0.199882771,-0.211698627,0.415371,-0.121309413,-0.333833568,0.07795166,0.21045451417404704,-0.04911888108824465,0.17903873779857493,-0.08420124387037295,-0.17244082047051387,0.21381109280015864
16-02-2020,0.153034976,0.081267513,0.064936727,-0.066204203,-0.381643194,0.406421197,0.1825140130512581,0.014173127304609557,0.12345784295527723,-0.07545342695840726,-0.27451775194460426,0.3077060967550268
17-02-2020,0.237095232,0.199152389,-0.167431778,-0.063713185,-0.232079401,-0.158053341,0.20903777069349705,0.10408963464664224,-0.017999766147800203,-0.06988322117370266,-0.2541446492191074,0.08083272817226292
18-02-2020,-0.192301681,0.308767454,-0.669725174,0.241381367,0.097638364,-0.045151227,0.013461416254157269,0.2035249726242372,-0.3354633072613888,0.0817824924284912,-0.08305796918843633,0.019193821013847912
19-02-2020,0.350770324,0.291194076,0.638016252,0.269798289,0.267699614,0.275979853,0.17767814729700773,0.24622321692294832,0.13849339897547566,0.17344442723948506,0.08769167619495098,0.14409884125916736
20-02-2020,0.104867674,0.219300167,0.445906122,-0.10637036,-0.10799937,0.081808699,0.14249548189416072,0.23302757647198483,0.288599282398332,0.03753137001792718,-0.007454037850465105,0.11384024830358916
21-02-2020,-0.263326832,0.115957754,-0.632305369,-0.130703049,-0.023528559,-0.380364356,-0.05523321462183335,0.17612265229912868,-0.15990401926508196,-0.044288575713248124,-0.015469469059835315,-0.12667953993179804
22-02-2020,-0.159795501,0.121356148,-0.097905203,0.108076298,0.045116921,0.160914461,-0.10626344987816662,0.1496868798873211,-0.12981668769661367,0.030096268929198706,0.014182289868419833,0.013058980757434835
23-02-2020,0.0,0.317397742,-0.244752582,0.183799045,-0.727198886,-0.218397312,-0.054716770305777776,0.23135282801614404,-0.18565078030321341,0.1050211938490562,-0.34708864329837713,-0.10002247927794239
24-02-2020,-0.677205006,-0.089921876,-0.441130865,-0.48867946,-0.007228553,-0.884401071,-0.358202489887812,0.07490222354377664,-0.31031214865710843,-0.18420100263508737,-0.18167544541036082,-0.48243723718042864
25-02-2020,-0.378788404,-0.069661712,-0.222189463,-0.342192354,0.483496497,-0.005022907,-0.36857803728968824,0.004647954578251456,-0.26782846557517814,-0.261213843797482,0.14249260455704654,-0.25018704378104545
26-02-2020,-0.368856586,0.338089567,-0.374682553,-0.27072406,0.761295792,0.415084662,-0.3690371632152667,0.16705417259251892,-0.32009441281257744,-0.26596816082565056,0.44430029973584023,0.07352815105994437
27-02-2020,-0.560849802,-0.352682422,-0.45611385,-0.24188258,-0.036073329,0.389305537,-0.462864660173694,-0.086182911579563,-0.38645813422990943,-0.25435900004695217,0.2106802453447888,0.22751940066933968
28-02-2020,-0.601256241,0.258062252,-0.702913379,-0.572212586,-0.363095043,-0.304412586,-0.5304571987351301,0.08128945308236378,-0.5404604166397944,-0.40952556701163256,-0.0687946564320445,-0.031470347935078996
29-02-2020,-0.40356278,0.0,-0.508672856,-0.134347056,-0.082638153,0.164460232,-0.46918025671696095,0.04155484748608655,-0.5257041164772387,-0.2758789969427343,-0.07574788511352859,0.06379697250906798
01-03-2020,-0.437792384,0.0,-0.36008005,-0.503444755,-0.098726018,0.068541183,-0.45424392118366563,0.02119899719960171,-0.44561401737977824,-0.38685479749978613,-0.0869229014479512,0.06609719784785822
02-03-2020,0.207234997,0.389831794,0.003039016,-0.347686901,0.332882476,0.190852848,-0.13208784060325574,0.2007392158516076,-0.22691319869621127,-0.3679309062711709,0.11756819440885488,0.12715533382936844
03-03-2020,0.177128105,0.429269489,0.37883472,-0.044982364,0.202152349,0.562706885,0.01858024809398995,0.3121290503324375,0.06812896220354439,-0.2108845752676352,0.15882276285077948,0.33933638612355077
04-03-2020,0.261303705,0.003754709,-0.031008534,-0.486854662,0.33549994,-0.049684535,0.13684734340343502,0.16188490654040513,0.020022881602042554,-0.3455827211480398,0.24544975881210357,0.1501500727005683
05-03-2020,0.159128313,-0.175776996,0.000946159,-0.224734166,0.171577895,0.424768642,0.1482074342757277,-0.002468827617427574,0.011014576371219765,-0.2866162287868192,0.20961584001773914,0.2845864929846497
06-03-2020,-0.549540758,-0.083206185,-0.488496899,0.0,-0.562433147,0.455205865,-0.19141076304625662,-0.041762641566034396,-0.232204275228743,-0.1469415086206314,-0.16669848902528578,0.3678923146255595
07-03-2020,-0.563743219,0.0,-0.211018887,0.084284938,-0.497318552,-0.009845255,-0.37270219787513775,-0.02165128109241726,-0.22179435146088455,-0.034210561521790285,-0.32835293154973955,0.1838282100713111
08-03-2020,-0.534443125,0.0,-0.153865523,0.007317364,-0.667473996,0.623609541,-0.4513861912103517,-0.010897464364512648,-0.18855394310732354,-0.013849272216797935,-0.49375492400655296,0.3979635527912819
09-03-2020,-0.711844956,-0.623030256,-0.610677825,-0.536999007,-0.767102095,0.0,-0.5781895357747109,-0.309297106228338,-0.3938950087908262,-0.2683831438380845,-0.6270114748263663,0.20451004596183983
10-03-2020,-0.037643629,0.272618762,0.516377531,-0.232455197,-0.293997841,0.760222807,-0.314942269982899,-0.02597777453048805,0.04966358899369949,-0.25096205003671346,-0.46510379101396,0.4752797534199781
11-03-2020,-0.431808784,0.067582369,0.139879128,-0.669746068,-0.460852419,0.403773937,-0.37180380504510213,0.01958889280895356,0.09387091600738447,-0.45483829595212666,-0.4632596757274041,0.44069410192449404
12-03-2020,-0.771065923,0.407182704,-0.415605807,-0.443914262,-0.410628357,0.303045814,-0.5666844934545253,0.20819616420366513,-0.15429130838314953,-0.44958251197655874,-0.43811117671820454,0.37378636453094344
13-03-2020,-0.102762722,0.189060454,-0.18233399,-0.224129146,-0.479088938,-0.325168533,-0.341121642316295,0.1987361181807515,-0.16828433913113178,-0.33999184017524053,-0.4584726445023304,0.033136366635100195
14-03-2020,0.031488451,0.522965348,-0.062986003,-0.377830341,-0.267486938,0.224255627,-0.15995844219025146,0.35682243755658677,-0.11706779839405497,-0.35833580847085,-0.36591613970171394,0.12630157831529099
15-03-2020,0.373463098,0.318216598,0.106474275,-0.099101049,0.245660988,0.267011632,0.09972824179389746,0.3383437882125697,-0.008230621612469166,-0.23211871594681321,-0.06828724516447734,0.19467086739837045
16-03-2020,-0.321504534,0.074288396,-0.650735206,-0.192408714,-0.542933952,-0.152241369,-0.10509502630602233,0.20995660624061624,-0.32096294608101006,-0.21291580814321737,-0.29923011711489556,0.025492675917404478
17-03-2020,-0.483988017,0.010939575,-0.687669076,-0.279135136,-0.599263566,-0.582918219,-0.2894084186070784,0.11312510869244098,-0.4996914090880906,-0.24536233114078335,-0.44528446611814054,-0.27090497308551553
18-03-2020,-0.649382511,-0.640273212,-0.760026015,-0.517147384,-0.069887093,-0.08551576,-0.46463691552748226,-0.2538626058779719,-0.6267416098798304,-0.3779334695113408,-0.26225200845716096,-0.1811374352762414
19-03-2020,-0.023558275,-0.318074005,-0.150568184,-0.363869664,-0.111153375,0.016732983,-0.24958884088045857,-0.28491769115685556,-0.3947584902831718,-0.3709829169669934,-0.18832329160822425,-0.08484670212675728
20-03-2020,-0.063464652,-0.144261825,-0.065155527,-0.404343485,-0.181941531,-0.037188886,-0.15904000666925114,-0.2167354334202295,-0.23473989929514572,-0.387322174320036,-0.18514855777179104,-0.062151644539878786
21-03-2020,0.184067908,0.531324655,-0.331844615,0.203567405,0.177547226,0.207967466,0.008292293509010562,0.14754533408407602,-0.28228187491230816,-0.09926393914768881,-0.008271170886924611,0.06916228440975386
22-03-2020,0.134982001,-0.08847727,-0.242454619,-0.011595177,0.203084147,0.295465346,0.07049911407298856,0.0323934509187432,-0.26279525490362227,-0.05633776910236409,0.09495122931063554,0.1792727799657316
23-03-2020,-0.384008444,0.072033814,-0.459384104,-0.578153896,-0.574182027,0.05743492,-0.15083086399200152,0.05160921285722395,-0.35862380309280056,-0.31046406974562096,-0.2306965189490583,0.12022578901361605
24-03-2020,-0.065101021,-0.130054786,0.1468908,0.123622031,-0.276500283,0.10409271,-0.10917607846072046,-0.03719027173210193,-0.11251892104706931,-0.09893428829452615,-0.2529894349724729,0.11230120422747333
25-03-2020,-0.285169503,-0.275408875,-0.134034546,-0.728465524,-0.057532095,0.109490825,-0.19521983856461128,-0.15347143214280218,-0.12313717872171895,-0.40564363604099407,-0.1580712284606709,0.11083605403961067
26-03-2020,-0.437310777,-0.428193365,-0.688299308,-0.58772318,-0.434396965,0.20251477,-0.3130889482929548,-0.28745797591275607,-0.3981586867033555,-0.49448553228746356,-0.2924593051463646,0.15566530754093555
27-03-2020,-0.311717009,-0.147484038,-0.313845229,-0.108824982,-0.148516768,-0.472465668,-0.31231457277221975,-0.21944728147717293,-0.35690141921577423,-0.306724113096115,-0.22213985378791143,-0.14990398816872835
28-03-2020,-0.334732174,0.910001752,-0.560750453,-0.245923649,-0.183520182,-0.028287962,-0.3230275008323441,0.33108450150948476,-0.4559673123521168,-0.2769714810172549,-0.20341863865306553,-0.09069222878099979
29-03-2020,-0.090173944,0.825695374,-0.270219982,0.045074682,0.023038352,0.179008204,-0.20976625007814156,0.5724628571540233,-0.36566002902863115,-0.12001577308347686,-0.09314534070946243,0.04064000045004528
30-03-2020,-0.193281709,0.128052583,-0.655817303,-0.34682873,-0.129186403,0.57485785,-0.20182564517478901,0.3563892689704151,-0.5072118198801441,-0.23034341417570908,-0.11064959482275451,0.30096074863301175
31-03-2020,0.077646863,0.315640336,-0.507371012,-0.083824595,-0.035034824,0.791231736,-0.06590509133155739,0.3364278048282463,-0.5073981118292588,-0.15922805694386521,-0.07398854923058412,0.5398798599873946
01-04-2020,-0.352817453,0.138388683,-0.388141705,-0.709607967,-0.192056393,-0.100053485,-0.20581418558878342,0.2402060222844018,-0.44946031631459654,-0.4274662886995918,-0.13168334014368768,0.2282540154620398
02-04-2020,0.278681015,-0.256858622,-0.145367865,-0.796043596,0.449348822,0.68940732,0.030343772866128674,-0.0018610478295815747,-0.30129943550418115,-0.6069447950904631,0.15167158399399178,0.45303516136375555
03-04-2020,0.476992912,0.127255186,0.383265768,-0.096980726,0.55154252,0.56469474,0.24801171275327255,0.06112424133878659,0.03194483320959143,-0.35894178968714874,0.3467553481701331,0.5076523883125081
04-04-2020,0.137905251,0.033696421,-0.226783897,0.018969987,-0.216471858,0.363161296,0.19469811279808136,0.047969988332623746,-0.09400564518782568,-0.17459295552730159,0.07260008398934081,0.43750277986981134
05-04-2020,-0.01300929,0.258656479,-0.375078278,-0.158378361,-0.369636254,0.035535407,0.09389432637653528,0.150912296065113,-0.23057656990749703,-0.16643700435663916,-0.1425443937764681,0.24180880516024025
06-04-2020,-0.561297376,0.421317595,-0.483401729,-0.426231809,-0.555493534,-0.201423516,-0.2250654872897922,0.2828395600345765,-0.3537020944680058,-0.29304551089899644,-0.3437307142874051,0.026307599899966422
07-04-2020,0.295111323,0.158802463,-0.274891276,-0.318638853,0.302931572,0.342815133,0.028434166099816555,0.22201946524611854,-0.31517685784544347,-0.30554387870501226,-0.028774300896911964,0.1805448425873327
08-04-2020,0.164927609,0.050812632,-0.559803925,-0.433924131,0.410269933,-0.319045386,0.09500770962325072,0.1382326998448452,-0.43438775193510787,-0.3683085057881576,0.18509720284802994,-0.06285601875439852
09-04-2020,0.278668477,-0.239647594,-0.279745546,-0.467796553,0.272122178,0.400087028,0.18466651862974337,-0.045865367664366025,-0.35890832574444265,-0.4167926902097266,0.22769088969173787,0.16229577935022085
10-04-2020,0.265128156,0.667324241,-0.34253868,0.0,0.141920929,-0.53177325,0.2239340181423771,0.3013785416814926,-0.3508409352195677,-0.21393652840276572,0.18606641315157676,-0.17624663250516162
11-04-2020,0.656956575,0.0,-0.006075978,-0.470814286,0.357312127,0.227928809,0.4352614724750945,0.15464709734955112,-0.18284731652488392,-0.3387807882914242,0.26973227140371425,0.020621577393575605
12-04-2020,0.218027385,0.0,0.0,-0.754683711,0.232367592,-0.179797001,0.3295214772227193,0.07955772746892427,-0.09378680990578851,-0.5411263862192665,0.25141672298706846,-0.07743760541255998
13-04-2020,0.263065088,0.0,-0.214841702,0.0,0.217131691,-0.285025288,0.2970522940361253,0.04076739708716586,-0.15306089316536872,-0.2777634191989956,0.23452686830355787,-0.17897307072769883
14-04-2020,0.349067138,0.0,-0.412949729,-0.51323103,0.148381568,-0.218977953,0.32249275355865936,0.020909786740921723,-0.2796337802042492,-0.3926679087092836,0.19283626029585912,-0.19879970591535906
15-04-2020,-0.354044389,0.140248402,-0.484442702,-0.502620711,0.211988,0.179869147,-0.00691009064622275,0.0789044972985361,-0.37935810474101095,-0.44638250091027587,0.20251579398266967,-0.014456433153370113
16-04-2020,-0.213879454,-0.329236291,-0.481711344,-0.166924638,-0.163069919,0.127739078,-0.10740242989421304,-0.12015518990881545,-0.42916039068507394,-0.3102423104094091,0.024871359283773695,0.054937559301615396
17-04-2020,-0.003072825,-0.179486005,-0.545150909,-0.240180524,0.123731661,0.52089144,-0.0568223135583807,-0.14923429814718653,-0.4857669605734459,-0.276102797944744,0.07286398022518581,0.2817731537815635
18-04-2020,-0.081512653,-0.53118619,-0.53328392,-0.430925183,0.047140042,0.131935232,-0.06898901063184984,-0.33544640732564396,-0.5088714563636278,-0.3514348606627671,0.06012200050288477,0.2091442080385617
19-04-2020,0.171982202,0.26831853,-0.219046959,-0.230539632,0.482579718,0.161679926,0.048197307454326876,-0.04134977000476936,-0.36781018246235614,-0.2924622053840494,0.2658131839461682,0.18590108117266038
20-04-2020,-0.761355558,-0.302507282,-0.87175935,-0.755405004,-0.195643254,-0.11533116,-0.3463537097284668,-0.1690258700836775,-0.6133513534289587,-0.5181906204974833,0.041067080707281725,0.03958483638385425
21-04-2020,-0.508871762,0.0,-0.585492881,-0.639041671,-0.66781665,-0.160074103,-0.4261550613977053,-0.0867807752603389,-0.6001551540353434,-0.5770989789948097,-0.3044992187629994,-0.05780635934474192
22-04-2020,-0.325953364,0.047445617,-0.552714607,-0.417281195,-0.283055632,0.099326046,-0.37773591567008835,-0.021439092864128973,-0.5774140961159806,-0.49912518124524075,-0.2943847148598186,0.018824644053537582
23-04-2020,0.354157137,-0.068340097,-0.178889555,0.048578152,0.42496725,0.353925979,-0.021552805657291285,-0.04430269154824701,-0.3834765853217161,-0.2325919954843181,0.055768501098636514,0.1822753865529496
24-04-2020,0.193865974,0.140421912,0.046867672,-0.166984633,0.522070804,-0.14962182,0.0831700552464115,0.04566820415542015,-0.17379333579223408,-0.20045389257103746,0.28289491791709914,0.02082289054851122
25-04-2020,0.072585648,-0.108159561,-0.060821689,-0.309870423,0.069887889,0.338305725,0.07828438767826013,-0.029335773597994476,-0.11856060831313656,-0.2535745920392818,0.17916123766148437,0.17540283836667464
26-04-2020,-0.03029227,0.004859145,-0.236538041,-0.021497292,0.399431512,0.439227235,0.025566674505136052,-0.012489962100356895,-0.17581439237686736,-0.14055958133171506,0.28668975060559676,0.3039684056303822
27-04-2020,-0.422871393,0.296442525,-0.432613857,-0.747492905,-0.401070075,0.0,-0.19289590039828025,0.13812638788917636,-0.3006988392551482,-0.4361974958663532,-0.04828780004062799,0.15573961431059347
28-04-2020,-0.41929956,-0.282412842,-0.803789055,-0.804503407,-0.244955809,-0.888837337,-0.30326948366669226,-0.06634655498881363,-0.5456616473594099,-0.6156404772231998,-0.14416419488575816,-0.35316655857853513
29-04-2020,0.150387399,0.319409997,0.093652695,0.181600781,0.262886277,-0.21384339,-0.0825412001730441,0.12138765771790379,-0.23438834936444083,-0.2274609891822529,0.053763379702983685,-0.2856071258833255
30-04-2020,0.378682935,0.247777858,0.490813658,0.156003894,0.327245682,0.114869833,0.14258942737687622,0.18322815928438305,0.11932737002224021,-0.04030843990000703,0.18715939354258326,-0.09059916174137983
01-05-2020,0.419859804,-0.603159804,-0.173830899,0.24133868,0.362361975,0.475331152,0.2780802883039909,-0.19978873916096995,-0.023063181951399322,0.09728209013297805,0.2730487129546365,0.1851668116338382
02-05-2020,-0.167291455,-0.156879928,-0.089294915,-0.660116585,0.252644048,0.501351272,0.06146839763089873,-0.17903673435766015,-0.05500307490384163,-0.2714057046980191,0.2634523026472045,0.3392660253361155
03-05-2020,-0.062619023,-0.110558577,-0.185212051,-0.308143601,0.579740849,0.269487288,0.000831168913524756,-0.14574261202911737,-0.1183644537633723,-0.28950291462864997,0.4174488591614575,0.3052605316957929
04-05-2020,-0.337022263,-0.217407383,-0.591151894,-0.313877483,-0.163474769,-0.125717708,-0.16389169443975032,-0.18083532796958618,-0.3488103203606511,-0.3014542404341889,0.1343563071142857,0.09556871947827944
05-05-2020,0.574219961,-0.028649682,0.755432357,0.374750017,0.725713808,0.81928408,0.19557183011116908,-0.10673509933048095,0.18900136560232342,0.02799966109385532,0.42250737590764226,0.44801444604062757
06-05-2020,-0.03635422,0.274886682,0.161536606,-0.310420939,0.442509614,0.378446323,0.08271682588040866,0.07912295188432072,0.17588430232910454,-0.13684915106560558,0.43226683229850166,0.4141261022648338
07-05-2020,0.116287077,-0.555319424,0.420010918,-0.054195348,0.477761229,0.178490111,0.09938583029300342,-0.23011396590377628,0.295200788004345,-0.09620135954313204,0.45494852947226166,0.2995803321586281
08-05-2020,0.32289975,0.118025675,0.62215308,-0.196042613,0.179388717,0.152750942,0.20860406378186847,-0.06046689220227224,0.45517430435888173,-0.14440513979965902,0.3211289487563818,0.22878148139609866
09-05-2020,-0.105807707,-0.277735729,-0.081784085,-0.383468505,-0.116593629,-0.101226902,0.055457829664216154,-0.1665564375539364,0.19379076808151863,-0.26107964118703136,0.10790534654192557,0.0682748771615332
10-05-2020,0.424827047,0.149065144,0.313035535,-0.133386665,0.520098738,0.229478607,0.235215178351143,-0.013041584038217771,0.25170300238050825,-0.19912585604158134,0.3085911693259953,0.1467849134296004
11-05-2020,0.339888975,0.078160254,-0.197499609,-0.5404051,0.638531338,-0.575286749,0.28609807150176203,0.03175810854842976,0.033114026265482446,-0.3656711990758411,0.4693056406832311,-0.20521421189646252
12-05-2020,0.622785205,0.0,0.188400314,-0.224427534,0.740236451,0.0,0.45041413884162035,0.016402426998827737,0.10884585514710368,-0.29667430893315594,0.6014382572634146,-0.10567134273368435
13-05-2020,-0.037198952,0.098412545,-0.621263017,-0.486061817,0.37851075,0.154423621,0.21316571753182353,0.056436715035855935,-0.2466829883522666,-0.3889373430180393,0.49284077965416806,0.02081507101667763
14-05-2020,0.298444909,-0.210918173,-0.235067772,0.049295131,0.335574889,-0.248778175,0.25505512148158127,-0.07364957311467364,-0.24081043976010869,-0.1754757450364246,0.4166273157072308,-0.11044068861081136
15-05-2020,0.344135303,0.348914938,0.465185836,0.157602127,0.070060931,0.03133122,0.29825735324577624,0.13219718582687393,0.10253530024168345,-0.013540392874759138,0.2475875207506142,-0.04194545999472995
16-05-2020,0.073843693,-0.092341557,0.081625319,-0.432656348,-0.092890968,0.347156264,0.18912983402543165,0.022712784600137877,0.09231131386143168,-0.21755083150889543,0.0815845518855417,0.14736537705276387
17-05-2020,0.390696894,0.431801603,0.537387826,-0.292396415,0.579779774,0.324134596,0.2873790573400746,0.22238044596130152,0.30895070269791414,-0.254117103172147,0.32406107299582754,0.23346855695467222
18-05-2020,0.738430655,0.680699253,0.695859024,-0.123244516,0.708068545,0.66666917,0.5071106851927994,0.44573940649319144,0.49725936830967943,-0.19039160559711957,0.5112403328628893,0.4445752044653342
19-05-2020,0.571778909,0.121537714,0.541329,-0.136205463,0.306176486,0.587914761,0.5389972604750608,0.2882359748150569,0.5190892460237253,-0.16387224549878082,0.41172190600633773,0.5147490679617899
20-05-2020,0.233254546,0.377683337,0.128251042,-0.071318061,0.760009372,0.07375745,0.39010930876197797,0.331901280344474,0.32879949462338837,-0.11879847930776338,0.5813413766191902,0.30007354408331377
21-05-2020,0.423655838,0.525399434,0.294534513,0.140237478,0.364562685,0.712010308,0.4064844136480043,0.42633147152054757,0.31243181750520177,0.007666002499157332,0.4756907072900015,0.5013130853910539
22-05-2020,-0.262152772,0.401845075,-0.392276935,-0.16685484,0.383182459,0.353564476,0.08058831664866994,0.41466596651806875,-0.03082743536540261,-0.07721715498402573,0.430456392818029,0.42964036227267766
23-05-2020,0.08787114,0.600882255,-0.326035161,0.004136153,0.500345412,0.446277821,0.08420956113746046,0.5055871713940363,-0.1742874105971069,-0.037328090123478236,0.464538734373948,0.437916823492664
24-05-2020,0.520937435,0.420197319,0.065551309,0.529992642,0.116045839,0.598977365,0.29685182044001324,0.4644292421133259,-0.05739960233054285,0.2390185134530696,0.29483194255314427,0.5168117604146185
25-05-2020,0.295351803,0.29416368,0.14904073,-0.221428279,0.254108222,0.277004728,0.29609169035544525,0.38154698689925726,0.04285470959009534,0.014737976087663834,0.2751305922890139,0.40027808887080363
26-05-2020,0.479987196,-0.479003796,0.485590028,0.293705665,0.513651793,-0.218197926,0.38582391680808503,-0.0374220347962467,0.25853260692757246,0.15092924474355132,0.39156700055296867,0.09898771068201799
27-05-2020,-0.26397295,0.026809709,-0.289188539,-0.38972161,0.108837769,-0.205648455,0.06923796978452829,-0.006419075336305121,-0.008491629106975873,-0.11220255038269732,0.2537037979379613,-0.049571514321005795
28-05-2020,-0.275069067,0.070677475,-0.175639419,-0.460398337,0.044980184,-0.461221809,-0.09892434124988148,0.03071655389076535,-0.09036323821896981,-0.28183770516062173,0.15173132527299585,-0.25057282790875035
29-05-2020,-0.364265681,-0.246289933,-0.296391839,-0.123989502,-0.45183894,-0.114298358,-0.22861527134896947,-0.10429812505191757,-0.191132641149202,-0.20502389743798088,-0.14242562625185695,-0.18469939756601778
30-05-2020,0.200641126,0.269050154,0.282976757,-0.194938056,-0.185406049,0.01184462,-0.019766678181168187,0.07729940024384233,0.0396568104193175,-0.2001929478700924,-0.16392535094628913,-0.08910283112915521
31-05-2020,0.397475998,0.283262057,0.137396308,-0.302144993,0.219063533,0.17434861,0.18324023294802264,0.17736717048568437,0.08711774619474527,-0.2500753585087936,0.022340269613534733,0.03875476322734084
01-06-2020,-0.384273317,-0.181862433,0.262619685,-0.437598775,-0.268692252,0.170487829,-0.09297786368438829,0.0022102784049691376,0.17292004133058148,-0.3414889123579302,-0.11967535566806001,0.102740304712607
02-06-2020,0.576947483,0.218070597,0.652590352,0.120857757,0.52873361,0.589616017,0.23329958398045111,0.10700685905903581,0.40692618106210654,-0.11644656697561537,0.19584694845157954,0.33973456558023934
03-06-2020,0.007039245,0.33329871,0.472061906,-0.01321512,0.013888283,0.536893287,0.12288654363664091,0.2170627200071339,0.43887215888506237,-0.06655271769394869,0.10724563595841566,0.4356301302101474
04-06-2020,-0.22803331,-0.450635271,0.165989231,-0.590798015,-0.139191838,0.21227119,-0.04818956467392356,-0.10828949043251716,0.30610250626214996,-0.32187052543827716,-0.012910478286312858,0.32690735679944544
05-06-2020,0.222564726,0.32967698,0.34076064,-0.268660588,0.389398336,0.099592416,0.08339522823233686,0.10531890358196239,0.3228767621303845,-0.2963281652339247,0.18276906262570847,0.21649683784808949
06-06-2020,0.266282798,0.0,0.0,0.0,0.252862436,-0.283375045,0.17271396376836046,0.05405590520889014,0.1659497628438507,-0.1518983134444552,0.21696459792189693,-0.02678045590980206
07-06-2020,0.563635509,-0.146051306,0.650412804,0.005130825,0.538766041,0.39500567,0.3634497182272484,-0.043447216663269075,0.4021933630299491,-0.0752019804019427,0.37385383368054437,0.17898433987652532
08-06-2020,0.051926768,0.531928239,0.47930166,0.411105195,0.178800538,-0.235488055,0.2121260357943311,0.23700314950001383,0.44019389424958466,0.1617585412834767,0.2793352550852931,-0.022765973460099218
09-06-2020,-0.006437132,0.043998168,0.389969775,-0.486789148,0.03338444,0.730077899,0.10564854501821944,0.14295069037665697,0.4158220365876462,-0.15399461850624618,0.15979545576724669,0.34400029374209196
10-06-2020,-0.489676289,0.20716063,0.245530661,-0.583072828,0.049944939,0.372951932,-0.1845763896552069,0.17414696254952844,0.33302821508984165,-0.3629509137786671,0.10623921608989441,0.3582108054895916
11-06-2020,-0.192497877,0.332664134,-0.592119531,-0.269178764,-0.081802051,-0.205736249,-0.18831194309152155,0.25159772688389637,-0.11766280524307357,-0.317218565374911,0.014857432306890087,0.08357055245163131
12-06-2020,-0.159965883,0.383860685,-0.083524888,-0.379371772,0.282530095,0.051965671,-0.17497614456104782,0.31605741306573853,-0.10150829331086891,-0.34777140947785323,0.14494971389087194,0.0678587983577101
13-06-2020,0.0,0.732530309,0.0,0.0,0.0,0.798528204,-0.08984011258933217,0.5189535305394105,-0.0524087884750621,-0.17854360135335873,0.07441105334592889,0.4235522445213018
14-06-2020,0.099919997,-0.209465867,0.388574601,-0.36092083,0.312831054,0.205909274,0.0026972494093822005,0.1646666540132467,0.162304189440382,-0.2671427077346259,0.1907024123021584,0.3176469563182787
15-06-2020,0.005862849,-0.51963117,-0.409661855,-0.24769202,0.615819865,0.565586312,0.0041032141197015785,-0.16882754992615726,-0.11646998140921334,-0.2576653348999566,0.39769767552838914,0.43857893292291045
16-06-2020,0.249047281,0.226029789,0.21419555,-0.075591862,0.59655194,-0.02034945,0.12327811730518098,0.023443417071743425,0.04455901335880349,-0.1691183691983102,0.49466985453797657,0.21543532219731273
17-06-2020,-0.187931436,-0.355842896,-0.043740752,-0.732417209,0.267291717,0.310757648,-0.02861711845125217,-0.16124088712125978,0.0011634624920473305,-0.44366724408131625,0.38386322283800567,0.26176529773052126
18-06-2020,0.031449814,-0.274235314,-0.313994114,-0.27073619,0.319901153,0.582249249,0.0005977262476629837,-0.21672188719345015,-0.15267868692391723,-0.3599447163010331,0.3528278613640169,0.4182143244344909
19-06-2020,0.419231472,0.0,0.695982231,-0.054024104,0.746609114,-0.048563346,0.20456166801099016,-0.11129600717759577,0.26045492466053843,-0.21082065572326975,0.54487729907465,0.19060551915617643
20-06-2020,0.382997437,0.569812081,0.598916624,0.249671324,0.456242936,0.292067658,0.2919265432235776,0.22034438372134385,0.42536370363673437,0.013763185533690131,0.5020012526472826,0.23992510823522106
21-06-2020,0.140444354,0.016528091,0.097682805,-0.223102713,-0.279378392,-0.237871002,0.2184243376449718,0.12097485070760931,0.2663474866989809,-0.10146313720268477,0.1216727905902251,0.0074177758623230755
22-06-2020,0.111457564,-0.314512167,-0.13335264,-0.106432176,0.130935092,-0.002174641,0.16654442767943975,-0.09135868973605714,0.0718293527811469,-0.10371175543467478,0.1260856743093844,0.0027167013639765323
23-06-2020,-0.010213152,-0.071705938,0.261248362,-0.465974782,-0.246227037,0.09926104,0.08053088285642927,-0.08229464849639931,0.16415938205222896,-0.2802716613293498,-0.05522798575013818,0.04925995655392395
24-06-2020,-0.397055167,0.536549557,-0.480536113,-0.657696594,-0.043156235,0.25333514,-0.15216245314766058,0.21928690049411614,-0.15007728476975934,-0.4641041825593598,-0.04957480160877627,0.14858885275115058
25-06-2020,-0.285204366,0.310900159,-0.030810046,-0.54537463,-0.096459468,-0.099088084,-0.21707884105822325,0.26437929883492467,-0.09180898829841067,-0.5038335634272677,-0.0728297128460503,0.027661376657791475
26-06-2020,-0.143535348,0.362084587,0.479361616,-0.256110323,0.23340332,-0.543652549,-0.1815372496878743,0.3120053776140402,0.18627726101789843,-0.38340760244029737,0.07595287516014664,-0.2506546633137492
27-06-2020,-0.284592323,0.856027151,0.0241433,-0.32146507,-0.80011673,0.170559366,-0.23174201689455273,0.5774684562855239,0.10742774137258462,-0.3530126235290495,-0.3509894234600423,-0.0457860546924649
28-06-2020,-0.096472251,0.280699312,0.136248512,-0.035910148,-0.15757536,-0.16302336,-0.1660013801300862,0.43340974768897056,0.12173059931397442,-0.19857038802353158,-0.2571735014311398,-0.10329381250770336
29-06-2020,0.010848869,0.282841458,-0.172241574,-0.3337923,0.308812364,0.310535871,-0.08020228623889329,0.360321165951768,-0.021849553283174866,-0.2645405204475703,0.017954084046994473,0.09829127973176546
30-06-2020,0.117109703,0.053410481,-0.285135468,0.166314062,0.770325521,0.49304162,0.01564149132502958,0.21066349572267656,-0.15050811179294743,-0.05494574051987999,0.384239886303064,0.2904946476276261
01-07-2020,0.331134378,0.157684169,0.461529269,0.098291622,0.403579766,0.0,0.16927316275406976,0.18497218342344302,0.1475243962612916,0.019816211223665177,0.3940737958406578,0.14929241244933006
02-07-2020,0.295208763,-0.086620108,0.050952759,0.27241474,0.370485581,0.069949794,0.23066520135823712,0.05296132393110357,0.10064856582421697,0.14296122787570315,0.3827447030104043,0.11073037195865115
03-07-2020,-0.016086016,0.093693222,-0.342155233,0.065888093,0.508252358,0.649026418,0.11059664177673625,0.07288332082973759,-0.11518631118128031,0.10578853127643031,0.4442823798922998,0.37299688437348705
04-07-2020,0.029907932,0.283624604,-0.225101002,-0.20051843,0.0,0.484092826,0.07159962722389826,0.17526960024883306,-0.16851054044032748,-0.0429717278162015,0.22812893772020593,0.427197344608192
05-07-2020,0.326943912,-0.068335628,0.199557918,-0.429528707,0.515991338,0.58218831,0.19622533579272933,0.056500328564838914,0.01072810571540904,-0.23099190835433808,0.36857759219116076,0.5030357074839175
06-07-2020,0.100269262,0.158887511,-0.06135049,-0.157883337,-0.101138012,0.233350984,0.14968591935057954,0.10619419030363642,-0.024679363254222052,-0.19535762531541342,0.13981459430740423,0.37229350397322364
07-07-2020,-0.157396312,0.1556805,-0.276171512,-0.42723622,0.443669889,0.032093247,0.0003438279824956453,0.12983914488418707,-0.14723734199291605,-0.3082513613323805,0.2884365651251357,0.20667202955782293
08-07-2020,-0.52776299,0.252052659,-0.252055278,-0.585828635,0.126741152,-0.431469383,-0.2568913225523241,0.1892883868659479,-0.19848071561825892,-0.44365667729563135,0.20993463018853398,-0.10400310225673699
09-07-2020,-0.458647318,-0.281616345,-0.410225301,-0.362831759,0.278641278,0.03146086,-0.3553534382101373,-0.04019577550264561,-0.3016595632655045,-0.40434666105910533,0.2433474018168323,-0.0382616923630861
10-07-2020,-0.293801996,0.398902881,0.248515131,0.051189852,0.077823309,-0.763212087,-0.3256583380798113,0.1736763297688843,-0.03362309563658658,-0.18276177271577668,0.1623768390990742,-0.3917890600526976
11-07-2020,-0.438181049,0.428218105,0.274167071,-0.478797616,-0.17067081,-0.473308964,-0.38088696226539476,0.29769973948552564,0.11602616002780222,-0.3271655593666383,-3.4498596846954666e-05,-0.4317487159515292
12-07-2020,0.223556192,0.60592117,0.255378475,-0.150807053,-0.058156693,0.280539756,-0.08681969768954785,0.44810440810870844,0.18395936117584796,-0.24161493984221694,-0.02858153484992632,-0.0850307669071286
13-07-2020,-0.583778943,0.004940204,0.026763467,-0.259773867,-0.510158859,-0.190141709,-0.3289835461489974,0.23241326331879153,0.10769927110279656,-0.2506526834100461,-0.26354026306052164,-0.13669626209566305
14-07-2020,-0.184869366,0.240010547,-0.100665473,0.138166292,-0.200447948,-0.491024922,-0.25899322174387746,0.23608292943717907,0.006389707497480669,-0.06125003118935045,-0.23296490655181756,-0.309711125370036
15-07-2020,0.188695656,0.215639673,-0.007068439,0.348326633,0.104547892,-0.112533702,-0.0412411960239223,0.2263116642833017,-0.00028691092254703445,0.13852525639058938,-0.06899206431665095,-0.21419871575491872
16-07-2020,-0.313101295,0.208516569,-0.124840205,-0.056493763,-0.533955223,-0.408849818,-0.17377996871969176,0.21768364710245075,-0.06093177717347,0.0436952047602613,-0.29550353765466586,-0.30931079420604013
17-07-2020,-0.215613484,-0.218230475,-0.387479278,-0.42252523,-0.222933556,0.310829506,-0.19417153755096475,0.005343461359451213,-0.21989321515198385,-0.183156756591924,-0.26060554163916394,-0.00738831523600475
18-07-2020,0.172246873,0.846331571,-0.373177771,-0.300814778,-0.389574733,0.090829502,-0.015444583964591141,0.41492234989262544,-0.29455395563190856,-0.240230418221105,-0.3236798741271881,0.040726634681489716
19-07-2020,0.172967726,0.633462697,-0.019813873,-0.048289144,0.016197243,0.223047101,0.07662524146793842,0.5218277188720084,-0.1606280675610194,-0.1466400538953449,-0.15846421071012304,0.12955944183030832
20-07-2020,-0.295915533,-0.125015762,-0.324560701,-0.351930881,-0.01864901,-0.306960579,-0.10464803230873554,0.20675990866985072,-0.24075020534463165,-0.24678100329247943,-0.09049234336372627,-0.082560837474978
21-07-2020,-0.518248556,0.022477589,0.520629002,-0.418133449,-0.567390479,0.105326242,-0.3059486110239849,0.11683971499877363,0.1298766968851529,-0.3301205563279728,-0.32278879058054666,0.009220570656438047
22-07-2020,-0.642049863,-0.412378632,0.331014533,-0.825322778,0.0,0.166771528,-0.4700264290031404,-0.1413002502810342,0.2277938213461067,-0.5714957005984261,-0.16568923196954083,0.08581162956375493
23-07-2020,-0.389690652,-0.559146285,-0.198068884,-0.378165256,-0.445775247,-0.172682001,-0.4308160744476628,-0.34496672870532075,0.02043691627869025,-0.47749782220574755,-0.3019343722532515,-0.039956120349326
24-07-2020,-0.10197685,0.046479991,-0.095836923,-0.153203037,0.082447923,-0.483408431,-0.2707571413200507,-0.15461545100946808,-0.036136949568504224,-0.3198821893230981,-0.11472512345632643,-0.25572770077766305
25-07-2020,0.0,0.261037978,-0.000769549,-0.557259146,-0.153145467,-0.279763394,-0.1391283485902764,0.04766254031356461,-0.018923872401156786,-0.4359472439381374,-0.13357958274925777,-0.26752674520722813
26-07-2020,0.0,0.096631217,0.340455447,0.0,-0.657595935,0.403113657,-0.07123674343321011,0.07142048771801426,0.15623244987212995,-0.22378775015455318,-0.38863363016262076,0.0592988362309993
27-07-2020,-0.604553813,0.213292009,-0.317889363,-0.441649102,-0.022914494,-0.113568385,-0.33098085463191795,0.1407202985420577,-0.07442395986748822,-0.3298072117784129,-0.21055694126592298,-0.02507853410407114
28-07-2020,-0.048344094,0.330458831,-0.099903798,0.085709135,-0.621541336,0.0554621,-0.19359141859076484,0.2327239632599301,-0.08665257460687241,-0.12738441390668873,-0.4106787385484539,0.01408923079135814
29-07-2020,0.043765662,-0.555104285,-0.186350973,-0.029161758,-0.655065035,0.072375709,-0.07817763577011295,-0.1513567237340191,-0.13526736667179165,-0.07957909144910512,-0.5300091300949683,0.04235701236171948
30-07-2020,-0.420090649,-0.361664007,-0.572608972,-0.171114654,-0.661230567,-0.316078178,-0.24462364719591334,-0.2538353767368595,-0.34822410255046266,-0.12400661753926143,-0.5942576553259928,-0.13205706839764408
31-07-2020,-0.396324092,-0.112358675,0.07497647,-0.113401936,-0.026025603,-0.142294518,-0.3183628897383397,-0.18507883826524898,-0.14257826706951793,-0.11865761809178785,-0.31743000329927956,-0.13719196864004987
01-08-2020,-0.113217167,0.07292001,-0.074940009,0.067420438,-0.423361336,-0.043943634,-0.21821460034103446,-0.05924011523933816,-0.10991835295193125,-0.027561693099728897,-0.3692368734570506,-0.09194957523570209
02-08-2020,-0.499639753,0.182886132,0.007498458,-0.425508144,-0.418335662,0.055918891,-0.3552194337378861,0.05903445472290671,-0.05265788470214987,-0.22122497770269714,-0.3931104900478769,-0.019857571315124452
03-08-2020,-0.721515713,-0.222760547,0.359560601,-0.462512498,-0.715441638,-0.497233308,-0.5338370658238238,-0.07824910650904966,0.14820293419263977,-0.33882313589198854,-0.55044602482157,-0.2521490044260322
04-08-2020,-0.14593892,0.429545036,-0.121252516,0.239666073,-0.592533669,0.091928134,-0.34518295514595176,0.16893930987315248,0.017015821783825075,-0.05684607176498299,-0.5711975862386292,-0.08449649890536827
05-08-2020,0.279966845,0.28967034,0.050863184,0.162496172,0.102523545,0.017741736,-0.04082217626161069,0.22780465255439847,0.03330581265446913,0.04998286177079332,-0.24290511967137784,-0.03498806651669369
06-08-2020,-0.287251725,-0.153025716,-0.213632543,-0.367265767,-0.224753397,-0.05976362,-0.16053383894502443,0.042271986356892846,-0.0867855214119532,-0.15299705813052,-0.23419794851483716,-0.04701006609163225
07-08-2020,0.040097507,-0.231822626,-0.628248613,-0.162388581,0.492257744,-0.148230152,-0.06285522409781345,-0.09144639165568934,-0.3505797825622349,-0.15772064063361063,0.11997354508323133,-0.096388322593751
08-08-2020,0.121305022,0.531572663,-0.33185579,-0.283171923,0.311326037,0.303115516,0.026802075806808753,0.21237778813554825,-0.3415592257998191,-0.2189205811781296,0.2136815842004653,0.09814647195549164
09-08-2020,0.041941901,0.005594059,-0.157433865,0.0,0.029732036,0.452916688,0.03445533002157079,0.11198807682248636,-0.2517095558900255,-0.11229147771356339,0.12460330124471274,0.27124838633391013
10-08-2020,0.225638059,-0.097748739,0.508827001,0.277557471,0.116255107,-0.017668725,0.12786720882746655,0.009942791346325933,0.11862351377504407,0.07764475380413806,0.12062943127402896,0.13074353778209233
11-08-2020,0.370954095,0.404987474,0.526082926,0.232601704,0.376752092,0.082854285,0.2464493273669981,0.2023706632292939,0.3172589412402995,0.15314657054435174,0.24575042845497072,0.10752006582304804
12-08-2020,0.20708157,0.343105446,-0.275402546,0.164076438,-0.545798823,0.631964468,0.2277318396236671,0.2709491402066412,0.028704599978134182,0.15883041759482913,-0.1394829178432187,0.36306289999548486
13-08-2020,0.059855571,0.369222555,-0.501168958,-0.340140988,-0.582613518,0.126735303,0.14653059552627043,0.3191343493111142,-0.2296564813290574,-0.08388465234314554,-0.35502032437436376,0.24845681681286488
14-08-2020,-0.297962986,-0.399388729,-0.293222555,-0.506129865,0.014897603,-0.283376244,-0.06984663156181653,-0.031000644718247206,-0.2606932713246298,-0.2898043609144037,-0.17464796739658622,-0.010556746420091634
15-08-2020,0.013294982,0.340611828,-0.379448848,-0.599646227,-0.701520817,-0.003555721,-0.029556690500181636,0.1498512081567532,-0.31874450870806786,-0.4410406605914645,-0.43151380880450524,-0.007163372382755599
16-08-2020,0.275176399,0.399285656,0.0275189,-0.190823142,0.619096185,0.019867015,0.11906993692730718,0.271564190514442,-0.15010914038056977,-0.31917969964824017,0.08021824156455593,0.00603852483739928
17-08-2020,0.487568832,0.199250557,0.360687955,-0.108281669,0.450345207,-0.10095824,0.29865263697065,0.2366448930766888,0.0990491531036066,-0.21652678034806158,0.2602896996620833,-0.0459949592055283
18-08-2020,0.025014079,0.572606323,0.227396894,0.121787621,-0.173710225,-0.790916487,0.16544509573007612,0.400143415679587,0.1618477205761223,-0.05165769683936068,0.04881202851334186,-0.4091393559350119
19-08-2020,0.278211753,0.10540183,-0.248066271,-0.255886007,-0.033295429,0.165350573,0.22046191530904075,0.25678908968016734,-0.03766560528553162,-0.15119035360204716,0.008820866312136456,-0.12978069110234675
20-08-2020,-0.079272837,0.380122198,-0.583203644,-0.603561479,0.032323536,0.118872062,0.07442706182909556,0.31709716358926016,-0.30379216857734404,-0.3718527200347164,0.020204822872301874,-0.008705858631132914
21-08-2020,0.131656441,-0.022858051,-0.538945693,-0.546362946,0.216350412,0.393460993,0.10212552608376955,0.1514154984312737,-0.41887419860706304,-0.4572493906913133,0.11554645472209801,0.1871742324199005
22-08-2020,-0.046078927,0.209045213,-0.337000268,-0.677387005,-0.157036154,0.511525794,0.029854809000853914,0.1793740094893712,-0.379073938066777,-0.5648863186015438,-0.016846531466397134,0.3449234740011412
23-08-2020,0.295632691,0.304188589,-0.191816824,-0.397986278,0.088858611,0.513621384,0.1593239656198526,0.2400663241063258,-0.287766024142396,-0.483711481878925,0.03500411475224187,0.42724887038414666
24-08-2020,0.655930097,-0.532595927,0.10202493,0.016542788,0.316590127,-0.085770318,0.4015554509136742,-0.1359804926297824,-0.09785535304937885,-0.23997224483281443,0.17220610651717197,0.1777450374875344
25-08-2020,0.232255909,0.099512725,0.386022486,0.229277276,0.197297909,-0.588946697,0.3193129546021194,-0.021543013239512424,0.1380659357869084,-0.011129502912995956,0.18497264343592873,-0.19567699598334912
26-08-2020,0.462431014,0.198986733,0.342974352,0.286426646,0.632219145,0.510206655,0.3890678559087012,0.08563879450447698,0.23796645540818376,0.13395213488725025,0.40260327131018625,0.14809793026514936
27-08-2020,0.510594521,0.368840142,0.322191855,0.187197147,0.881163922,0.0,0.44821492736171653,0.2235448728446581,0.27892522422091215,0.16004345227258399,0.6357298123533771,0.0760986099192009
28-08-2020,-0.396832844,0.118815793,0.119880225,-0.248762934,0.410896538,0.0,0.03676759009275346,0.17230413130488945,0.20146998664016894,-0.039104489709599566,0.5266922642349279,0.03956072172341395
29-08-2020,-0.052263719,0.154547217,0.038276061,-0.013127967,-0.475563088,0.246809792,-0.006758425784163503,0.16369439244355005,0.12224015723782178,-0.026314240967542167,0.038737747867567784,0.1404550786487724
30-08-2020,-0.057797873,-0.004725097,-0.047204449,0.22442126,0.21776805,0.261898624,-0.03158003191230709,0.08150573484677306,0.040123648630157244,0.096202736331719,0.12596580938738783,0.19963610970773504
31-08-2020,0.014205264,0.0,0.589629824,0.072504248,0.006762842,-0.162082363,-0.009374514079598214,0.04186061226745538,0.3082036982374621,0.08505517438410437,0.0678337353278236,0.02328563911493943
01-09-2020,-0.316584335,-0.088511283,0.545698202,-0.16594587,-0.190559843,-0.306263206,-0.15902527551441412,-0.02176061434911896,0.4243117584134247,-0.03676052761410903,-0.05791694216125875,-0.13757424180513533
02-09-2020,0.175523958,0.452212518,0.333845892,0.354789708,0.24561011,-0.445401707,0.0036861832293990093,0.20895837729945554,0.3806185436283781,0.1542278584418614,0.08987131610293221,-0.2879524406047826
03-09-2020,0.112095019,0.511416873,-0.517095988,-0.222908508,0.256227176,0.349767407,0.05609887231151805,0.35677682369996083,-0.05657785355378958,-0.029428708460067052,0.1707798027830003,0.022621166937740633
04-09-2020,0.114638381,0.624261819,-0.713782811,-0.201728192,0.489704386,-0.229725231,0.0845102685985702,0.48725580397835255,-0.3770444483952746,-0.11353392425565745,0.32614434634532924,-0.0999435419659366
05-09-2020,0.444669924,0.923562315,-0.23138766,-0.041732349,-0.226545557,0.231282768,0.2597467789075202,0.7000043423417976,-0.30652647085707574,-0.07879997562472202,0.05668244024826234,0.06105256876254889
06-09-2020,0.245637279,0.762961578,-0.182532382,0.0,-0.866211494,0.511004114,0.25271705611794804,0.7308826229123172,-0.24650601449783321,-0.04057332447944431,-0.3934653758464945,0.280308126277436
07-09-2020,-0.57609758,-0.182697,-0.748753314,-0.145322261,-0.676185495,0.01053794,-0.15068110698675624,0.2861634707560041,-0.49142953207722184,-0.0914782273769586,-0.531706170376152,0.14904910568780336
08-09-2020,-0.46205109,-0.334928688,-0.836352688,-0.258366299,-0.502829261,0.0,-0.30244249119800015,-0.016352831380603228,-0.6598055318434359,-0.1728351614085639,-0.5176720664880834,0.07637133274069736
09-09-2020,-0.281215289,0.612393434,-0.365350883,-0.409195791,-0.335335144,0.0,-0.29225222369774034,0.2899669703801122,-0.5167262011127653,-0.2882370596488593,-0.42929298250481024,0.03904796439449883
10-09-2020,-0.541362238,0.271265397,-0.260803849,-0.636767677,-0.447919239,-0.196163343,-0.41380936114956723,0.281035297852738,-0.39272606086812223,-0.45826586205049313,-0.4386381169889302,-0.07542296245411613
11-09-2020,-0.099452692,0.525673574,-0.445712123,-0.477345531,-0.001602706,-0.175005922,-0.26071415909678275,0.4004529086411839,-0.4191228766612479,-0.46774277974597056,-0.22586700836262763,-0.12379694223410401
12-09-2020,0.015322021,0.672259763,-0.208770702,-0.730280129,-0.533616642,-0.024974496,-0.12649900948422982,0.5328459069917689,-0.31710554854855755,-0.5961617363283545,-0.37609585637403775,-0.07545095378187557
13-09-2020,-0.034029189,0.585770568,0.214786256,-0.144230735,-0.349547203,-0.267944437,-0.08159537935375837,0.5586442426073417,-0.05784231232650301,-0.37621106505360713,-0.363553334959113,-0.16949798784031456
14-09-2020,0.218478189,0.443216031,-0.544465252,-0.18910441,-0.158977057,0.356732338,0.06447966592694443,0.5023665968767833,-0.29451972214022876,-0.285160342654612,-0.2644122227870381,0.08692030197013453
15-09-2020,0.208427304,-0.103667162,-0.189325586,0.03759848,-0.318789513,-0.065705833,0.13437564464616614,0.20684403050830438,-0.2433079765309035,-0.12806223730487576,-0.2909284754205433,0.012470895397735687
16-09-2020,0.20666329,-0.029444969,0.269526112,0.113184422,0.355512333,-0.087510363,0.1695254103035524,0.09137853184710086,0.006508601956818433,-0.01060556495821581,0.024376062031990137,-0.03654937082227544
17-09-2020,-0.112169312,-0.549959203,-0.315319189,-0.164216724,0.021685343,-0.084814646,0.03274523063041784,-0.22091314475987825,-0.1498185491944234,-0.08536184042429061,0.023499505692934745,-0.060093549018055914
18-09-2020,0.065102666,0.571961475,0.399518953,0.104731412,0.205642208,0.104018135,0.04881665636773991,0.1654483718871156,0.11824595384490313,0.007359413791053759,0.11256630072681288,0.019824881449072476
19-09-2020,-0.135645326,-0.47393656,-0.180123781,0.253876102,-0.0935984,0.24350235,-0.04084912856745278,-0.14633894847474962,-0.026820804803812465,0.12772133920474152,0.012399970942810291,0.12881348748377927
20-09-2020,-0.093102546,0.111946443,-0.018087419,-0.662705086,0.553221391,0.07307611,-0.06599681210471327,-0.020760481252610388,-0.02242079709377389,-0.2569027099590348,0.27617515372270646,0.10185957054882921
21-09-2020,-0.219043745,0.034073971,-0.063923498,-0.080104694,0.363899161,-0.193811253,-0.14054097978360303,0.005616217559521439,-0.04237858012627335,-0.17062952041316848,0.31908677636295957,-0.042020450477753366
22-09-2020,-0.295396462,-0.259894825,0.221476581,-0.217760862,-0.135093997,-0.303342768,-0.21608366151277253,-0.12415487510005738,0.08627559094007853,-0.19324504660716807,0.09833728353176253,-0.16934801352728648
23-09-2020,-0.275411084,-0.512557972,-0.074517316,-0.101458208,0.135832991,-0.424348611,-0.24510103389906912,-0.3138261705925774,0.007857137889739796,-0.14855662195465816,0.11688300361106094,-0.29352391431376057
24-09-2020,-0.452678499,-0.436380343,-0.422237953,-0.240902215,-0.195910989,-0.674219099,-0.3465208127728957,-0.3740043098030642,-0.2013439858238899,-0.19352252290263267,-0.035340098641794715,-0.4794028957897019
25-09-2020,-0.657901738,-0.324598504,-0.119889728,-0.295176823,-0.103528434,-0.279414452,-0.4985705912183863,-0.3501012747363297,-0.16166668600778578,-0.24319209607527073,-0.068385906789561,-0.38222444859635996
26-09-2020,-0.290682876,0.301119516,0.025433756,-0.330490523,-0.362780704,0.327710257,-0.39772435781749776,-0.033023426040897724,-0.07077815870700911,-0.28594510832490916,-0.2120787392317347,-0.03652492463641427
27-09-2020,0.037868326,0.10069591,0.187995221,-0.111845916,-0.51859986,0.165617884,-0.18567938682646987,0.03244554000216483,0.05544860839196776,-0.20119895023046558,-0.3615616627698097,0.06198958146213453
28-09-2020,-0.43517943,0.311773042,-0.20044355,-0.409615162,-0.476621486,-0.3864176,-0.30739202699044665,0.16820019579104561,-0.0694361305423132,-0.3029296217595713,-0.41797082760871745,-0.1565017620472831
29-09-2020,-0.419665928,-0.038583612,-0.636949881,-0.517064827,-0.166244522,-0.33245678,-0.36219868674882505,0.06785266713611114,-0.3458618525237025,-0.40760215403523936,-0.29553015945029637,-0.24247557405752299
30-09-2020,0.152991801,0.399672231,-0.592452521,0.14277296,-0.546728513,0.03010583,-0.11136322887508145,0.22948878535983835,-0.4662047745181077,-0.13929962416245295,-0.41844098093683335,-0.10986877207418524
01-10-2020,-0.574926627,0.49036308,-0.451164104,-0.278389921,-0.398127813,-0.434365273,-0.33714590102714115,0.3567086645602484,-0.4591263428647582,-0.20710152447879193,-0.4090294214263017,-0.2679123652825261
02-10-2020,-0.712358065,0.232012065,-0.600163049,-0.394108048,-0.115966373,-0.482582413,-0.5199762458224361,0.29633843136802984,-0.5282618316123237,-0.29820503815678584,-0.2664180993001369,-0.3724782696755895
03-10-2020,-0.069987524,0.408761387,-0.077663998,0.0,-0.418901753,0.29730957,-0.30089206820173037,0.35161276347189097,-0.3090105906156192,-0.1530406643480771,-0.340957987496967,-0.04612352264236047
04-10-2020,-0.250339088,0.248034037,-0.058862386,0.155113642,0.138546984,-0.351922898,-0.2761683967678418,0.30163748639798693,-0.18706745246735423,-0.0028525121169633433,-0.10743170275185837,-0.19472043010035767
05-10-2020,0.294642257,0.127938019,0.254766795,-0.287826324,-0.419903439,0.509654786,0.002168902333956252,0.21739888575377836,0.028153827194181025,-0.14151133296681107,-0.2596712626734761,0.14850573913665935
06-10-2020,0.325725205,-0.091496222,0.352038237,-0.0207385,-0.016948315,0.447484497,0.15998805229373697,0.06685238041927619,0.1859529412861808,-0.08255328413556438,-0.14135200475237683,0.29405794821493564
07-10-2020,-0.637883923,-0.54471078,-0.551257139,-0.638692303,-0.143948567,-0.377948593,-0.2286617793587443,-0.23112395615789844,-0.17321922275915758,-0.35348767118920743,-0.14238315211539476,-0.03326595864691545
08-10-2020,0.184220425,0.24244414,0.135298073,-0.08522933,0.093791341,-0.371872392,-0.027376319816010797,-0.0007368136562071748,-0.022891817981816498,-0.2227566254524916,-0.027111013269359906,-0.198017034023642
09-10-2020,0.356472049,0.403788913,0.014339196,0.568096208,0.011636611,-0.38111935,0.15987895486067324,0.19637276447764862,-0.004372024588707249,0.16273165803644854,-0.008146790823857615,-0.287141658739992
10-10-2020,0.369998799,0.308821347,-0.010234275,-0.047640895,-0.104455004,0.325329503,0.2622542250133286,0.25103198936727156,-0.006863501983364037,0.060249912630807353,-0.05473449541286295,0.01105937144673369
11-10-2020,-0.37585402,0.145762408,-0.094975513,-0.385676101,-0.270182474,0.187238943,-0.04811489204787503,0.19959595012470607,-0.049516450221251014,-0.15679657252605453,-0.1594884634695058,0.09717074875832818
12-10-2020,-0.741550422,-0.194170711,0.416513898,-0.696850766,-0.272105948,-0.103700706,-0.3855468501403426,0.0077315872382272555,0.1778763103505887,-0.4197654077031534,-0.21438301489989248,-0.0003349440386784183
13-10-2020,0.4112775,0.363392154,0.008736381,0.091561709,-0.613074742,-0.560875993,0.00247263695888722,0.18076180013358628,0.09562928714476676,-0.17090561505271082,-0.40849997734204535,-0.27361672410439775
14-10-2020,-0.27189264,0.210280597,-0.210583466,-0.094677299,0.012754211,-0.499502687,-0.1310421738092989,0.1951017330563924,-0.05346266822620804,-0.1339690995168865,-0.2036028961644558,-0.3836204707287094
15-10-2020,-0.173952844,-0.282826702,-0.451912004,0.136495688,-0.362401343,0.202199837,-0.15221231477421043,-0.03770474858667261,-0.24777945663390494,-0.0021024712503456833,-0.28083584884286955,-0.09876096923167547
16-10-2020,-0.158939011,0.269474577,-0.279086293,-0.133512405,-0.106474209,-0.186510462,-0.15578591679016074,0.11198726567803605,-0.26340414397329537,-0.06611421870709705,-0.1960499686179947,-0.14185146668737458
17-10-2020,-0.329287365,0.132709462,0.478020811,0.146767774,-0.058064351,0.180716399,-0.2400174119124583,0.12249035314243818,0.09799873076599264,0.03795752412394883,-0.12885527839815858,0.01545092426059022
18-10-2020,0.0,0.267201973,0.0,-0.13918035,0.125910184,-0.248939702,-0.12334327049651223,0.19291990066351317,0.05023033703360233,-0.04826818429487336,-0.004870851058537365,-0.11312080630041374
19-10-2020,-0.451260567,0.550417462,-0.283362615,-0.037141844,-0.512533881,-0.034721008,-0.2834030325240291,0.36696300822772865,-0.11227486695727429,-0.04322956386988058,-0.2522159926267276,-0.07475802890255245
20-10-2020,-0.451260567,0.550417462,-0.283362615,-0.037141844,-0.512533881,-0.034721008,-0.36558884142013104,0.45637860192565155,-0.19569258430688724,-0.040260873861096544,-0.3791352422295717,-0.05549994236656506
21-10-2020,0.087278392,0.160213951,-0.0258074,-0.494769175,0.038811489,0.448713521,-0.1449442418834891,0.31227891324066365,-0.11298647552624087,-0.26148447352904014,-0.17557793185393486,0.19000381957718193
22-10-2020,0.008024154,0.59943369,-0.464453018,-0.651389093,-0.3345649,0.771842338,-0.07004767972325167,0.452495571045807,-0.2845503050310643,-0.4511771989319794,-0.25297699533055173,0.4736593458652492
23-10-2020,0.299139088,0.465404278,-0.183898544,-0.192060926,0.370350579,0.207674497,0.10952275205075783,0.4588399775335589,-0.23569432077884034,-0.3252715111390652,0.050933285654346044,0.34471219685791904
24-10-2020,-0.150489276,-0.51749262,-0.007899311,-0.289045657,-0.692431018,0.299767645,-0.016919375808073768,-0.016677992434893735,-0.12472749821288061,-0.30776514505330044,-0.3112122954539099,0.3233385196293981
25-10-2020,-0.249972619,-0.192466351,0.0,-0.547462962,0.0,0.048305684,-0.13036622890823482,-0.10215757217684518,-0.06375703339286541,-0.42482207487786855,-0.1595570201108713,0.1894168309789832
26-10-2020,-0.418559673,-0.25816362,-0.376657353,-0.476962799,-0.14192464,-0.252311139,-0.2707571980414203,-0.17839459635783533,-0.21606946943446323,-0.4504058084916912,-0.15099938616062772,-0.02556123570984456
27-10-2020,0.436888605,0.204028364,0.12830529,0.399166316,0.099731555,-0.068723917,0.07404618827841455,0.007730089363713055,-0.04871944128342641,-0.036862061673346325,-0.028900164126393235,-0.046718118224352116
28-10-2020,-0.413481623,0.754866993,-0.63264704,-0.647420805,0.0,-0.133701218,-0.16343287006542734,0.3715764837903254,-0.33324087525295415,-0.33426461878462105,-0.014915907209259088,-0.08897115408843397
29-10-2020,-0.310521061,0.224910102,-0.465978102,-0.40460235,-0.402604365,-0.290781269,-0.2349162029249654,0.3000093085783815,-0.39794176469877224,-0.36871759154606276,-0.20349031422283467,-0.18732726648294803
30-10-2020,-0.01263296,-0.165974952,-0.284245131,0.290218517,-0.505353343,0.418209329,-0.12648501952456778,0.07282515915196021,-0.34261947630451184,-0.04788758793905912,-0.3503672442673817,0.10759730547999541
31-10-2020,-0.287886146,0.027491195,-0.150705413,-0.300734788,-0.123768583,0.538901103,-0.20525265824016642,0.05068413606020315,-0.24931481911026843,-0.17079839967486532,-0.24020901951188867,0.3175182689365351
01-11-2020,-0.151609608,0.116258892,0.160015551,0.080771507,0.0,0.456857773,-0.1792498461745517,0.08229210642228484,-0.04975447854960545,-0.047934827529124,-0.12311998218947465,0.38512318609495266
02-11-2020,-0.476188208,-0.235533564,-0.628423352,-0.512307845,-0.346064176,-0.004790187,-0.32421569661760524,-0.07279102705382388,-0.33160046523325926,-0.27408935119703826,-0.2320450095895915,0.19526627901878088
03-11-2020,-0.351910948,-0.363599666,0.027738546,-0.444693043,0.340374488,0.238823974,-0.3378166194836774,-0.21419811401665526,-0.15673015733107332,-0.3571986932460499,0.04712488999041883,0.21642292077224382
04-11-2020,0.281907356,0.497210715,0.032446782,0.084549565,0.225460697,0.243095385,-0.03593976007198965,0.1323888646395469,-0.06465977917152045,-0.14185968579437813,0.13403983334225394,0.22952206089108906
05-11-2020,-0.071973164,-0.451627609,-0.225703277,-0.114194982,-0.517837517,0.219128535,-0.05325810322340778,-0.15190350728641738,-0.14292719211531374,-0.12817358726720296,-0.18338560342177718,0.224757056282011
06-11-2020,-0.540330209,0.282675354,-0.277542154,0.0,-0.360680905,-0.056423951,-0.29086495754567365,0.05960389060936326,-0.20868016604390993,-0.06605400935846253,-0.26993993199475974,0.08794681804432439
07-11-2020,0.0,-0.537892726,-0.305495577,-0.451054512,-0.731987146,-0.096733746,-0.14907867715038084,-0.23192928543266955,-0.2555860436149737,-0.2532669099395317,-0.4952180511727388,-0.0018926618923451877
08-11-2020,-0.398236713,0.0,0.418677071,0.101722556,-0.831402255,0.658092545,-0.2703690984643743,-0.11921591675768442,0.07304735876200977,-0.08022117580559993,-0.6590653975457148,0.31983317255214927
09-11-2020,-0.054113257,-0.750175837,0.35439131,-0.572737152,-0.254112867,0.593968308,-0.16516842716422978,-0.42659243512100986,0.21034048342143685,-0.32040607759945944,-0.4618666517208593,0.4533316125295883
10-11-2020,-0.342220606,0.486739756,0.229689558,-0.670876722,0.359274001,0.194709017,-0.2513526754674906,0.018104122010654644,0.21999126850777284,-0.4911685928805293,-0.06201416591541095,0.3272768751868298
11-11-2020,0.175803105,-0.368852073,0.294399254,0.224076089,0.19032465,0.46978388,-0.04330297918867228,-0.1704829219510106,0.2562802425030378,-0.14305392170642878,0.06088758927545547,0.3966263587325343
12-11-2020,-0.153285823,-0.579159752,-0.310398482,-0.196744489,0.14224883,0.8056192,-0.09661853873301242,-0.36955113015333574,-0.019258738604206987,-0.1689831735912551,0.10077934533582497,0.5961377525880251
13-11-2020,-0.135772482,0.318861815,0.164380052,-0.496555203,0.0,0.327450879,-0.11553616472285089,-0.03415802880335597,0.07018147514044656,-0.3284062715267191,0.05153079844230708,0.4654542709785552
14-11-2020,0.0,0.227004577,0.0,0.0,0.0,0.550458111,-0.059493036105975255,0.0927516881761568,0.03601225276882293,-0.16866182514183603,0.026317001480233047,0.5070062587351883
15-11-2020,0.0,-0.1517296,0.094399324,-0.271630033,0.215529288,0.177466052,-0.030500117614831165,-0.026022775336667872,0.06462087560152668,-0.2188620069648908,0.11883917104499948,0.3466318035208151
16-11-2020,0.248922036,-0.22052716,0.379872675,-0.189495787,0.251856706,0.420432923,0.10595127967204918,-0.12097728029143545,0.21842462188698175,-0.20469040029342628,0.18394301866498772,0.3828378308493918
17-11-2020,-0.29640049,-0.444479828,-0.052807488,-0.339804534,0.217811195,0.012101016,-0.09000998103803287,-0.27833016307313085,0.08660439486896715,-0.27036564630849796,0.20101159779343858,0.20251112431404766
18-11-2020,-0.180782371,-0.173936053,0.47346355,-0.355527576,0.132345985,0.016789851,-0.13404344364800475,-0.22764162196411436,0.27487740641078207,-0.31208749261454216,0.16819763977960778,0.11174470460544063
19-11-2020,-0.365832847,-0.354983564,-0.027657068,-0.415952286,-0.119384844,-0.435255448,-0.24702147508472092,-0.2893589995696907,0.12743242846275776,-0.3625291115505311,0.028348461842876628,-0.15505435606422346
20-11-2020,-0.225161561,0.024328373,-0.051698859,-0.546263873,-0.487191096,0.160599303,-0.23631223488738506,-0.13701080344471359,0.04009574102604595,-0.4518540372943355,-0.22302909597559142,-0.0014838383253064635
21-11-2020,0.241925853,0.637075289,0.249645295,-0.19840781,0.021512238,0.269806994,-0.0035687701482573914,0.24026994357514259,0.14203121786693046,-0.32879339491662735,-0.10414413808482278,0.13039764460023212
22-11-2020,0.05544605,0.361107316,0.0110054,-0.155766926,-0.45952165,0.328884554,0.025276251269024518,0.299650335008693,0.07847557826433835,-0.24457626983254677,-0.27743786795208325,0.22668238660164916
23-11-2020,0.233319336,-0.216208749,0.524485677,-0.486106178,0.374509497,0.191608084,0.1267353031325579,0.04831037545852107,0.2957197336602064,-0.36209410967015015,0.04002076658355275,0.20953160466422333
24-11-2020,0.229398096,0.309161062,0.567771709,-0.458883342,0.164254466,-0.227714405,0.1768314945606446,0.17528679357702173,0.4284476035940922,-0.4094746150324976,0.10057260080220234,-0.003707309410281398
25-11-2020,0.284421667,-0.078038437,0.537454125,0.339213612,-0.188547596,-0.204328347,0.229359380850357,0.05206876385877765,0.48176301848825664,-0.044796998645495856,-0.04035887765520575,-0.10156279618579639
26-11-2020,0.221193514,0.259525193,0.007657704,0.172861117,-0.392236961,-0.149925225,0.22536881729243616,0.15331115811499985,0.25084070390146707,0.06133638680626885,-0.2119760871704114,-0.12544876580105235
27-11-2020,-0.582035593,-0.595027982,-0.202747534,-0.744375513,-0.099317342,-0.731994976,-0.1676774493616468,-0.21091120112930595,0.0300394648697115,-0.330960077136882,-0.15735489986944795,-0.4210451307024717
28-11-2020,0.135086595,-0.003404847,0.306278962,-0.192330506,0.044288686,-0.432192103,-0.02016179988551707,-0.10983642690195736,0.1643492156108372,-0.263404113800653,-0.059293181174292844,-0.4267474392792812
29-11-2020,-0.105801478,0.0,-0.103675185,-0.365785014,-0.091908044,0.30872232,-0.061671373705460664,-0.05617180108838487,0.03388599701102895,-0.31318980191719303,-0.07514597862552098,-0.06841915574434254
30-11-2020,-0.370968661,0.0,-0.20470433,-0.361991597,-0.435672598,0.0,-0.2122605437391692,-0.028854648628524954,-0.08230283979588562,-0.3368216654609855,-0.25054011668583576,-0.03522714235827659
01-12-2020,-0.339946254,0.65739873,0.0,-0.576276136,-0.451100141,-0.050951423,-0.27475100317880286,0.3050770985794474,-0.04241047469158281,-0.4535704016322725,-0.3484222253992619,-0.04307718826203539
02-12-2020,-0.239666043,0.125450502,0.051162505,-0.595924752,-0.257369261,0.032922108,-0.25786224079115216,0.21752775721244788,0.0031454339931557065,-0.523110503002689,-0.3039920709348217,-0.006280737595267184
03-12-2020,-0.274979701,0.371901339,0.0,-0.062811886,-0.190851045,-0.217210155,-0.2665064650006195,0.29300794580737627,0.0012897223358060619,-0.29887462029802087,-0.24929012558199276,-0.10916886113494571
04-12-2020,-0.297757164,0.062209641,0.351545235,-0.353689835,0.216256526,-0.230557125,-0.28203937269898394,0.18055232422153475,0.1715839916687403,-0.32548154216439545,-0.022730851746758207,-0.16823607485625802
05-12-2020,0.277623913,-0.160784562,0.642955573,0.455730624,0.346108728,-0.024486467,-0.009721013589374855,0.014412333589578274,0.4010107478761624,0.05471516844175245,0.15707167701964392,-0.09817846900603554
06-12-2020,-0.392272985,0.057703904,0.662781643,-0.227404296,0.10120018,-0.592249374,-0.19624462213977636,0.03535213520728911,0.5287901812603489,-0.08280751026505553,0.1301915093074052,-0.33885916799760313
07-12-2020,-0.475643027,0.29102789,0.171028598,-0.007392905,0.163612857,0.342253467,-0.33212913623657736,0.16030896258206775,0.3549412721272519,-0.045655102383051725,0.14661678979976012,-0.006775352574948601
08-12-2020,-0.357646277,0.460389866,-0.265885045,-0.316345094,0.118731011,-0.083159725,-0.34485084970629853,0.3066107601408837,0.05250305479845868,-0.17744511122890505,0.13309420375465525,-0.04372626971314002
09-12-2020,-0.275155932,0.121148337,0.345898525,-0.466638214,0.010093192,0.185510148,-0.3110435008534548,0.21644303568946194,0.19554301754112785,-0.3182240564309013,0.07330726101068932,0.0677398514872423
10-12-2020,-0.002081543,-0.214915039,0.724493355,-0.201572259,-0.708079582,-0.615701089,-0.16047917988232507,0.006418327014798622,0.45349732790164554,-0.26136382382143264,-0.3070711009572317,-0.26519256400260777
11-12-2020,0.289603055,0.399118406,0.520364503,-0.120023591,-0.18503617,0.490027613,0.058913470659682526,0.19733932102341994,0.4863563926710236,-0.19230719546532565,-0.24752602479167057,0.1026200692032257
12-12-2020,0.0,-0.003568168,0.187646002,0.12331925,-0.801775907,0.593216457,0.03039578472914712,0.0995011806452064,0.34109365418804344,-0.03828281681992373,-0.5175520781917264,0.34168327277555505
13-12-2020,0.367129423,0.545675923,0.217680267,-0.135995414,-0.010016461,0.024683183,0.19464273605165175,0.3167099178057207,0.2811777811906379,-0.08587346991088637,-0.27048181235626706,0.18758643716818976
14-12-2020,0.721164595,0.771515931,-0.18287604,-0.337563028,-0.681783492,0.0,0.451471022039944,0.5384505298000223,0.055045778250987956,-0.20833130107674364,-0.47117098113902844,0.0964530406807535
15-12-2020,0.040861252,0.62452609,-0.181936107,-0.385480451,-0.612904387,-0.328856431,0.25152853701623773,0.5808203407284387,-0.06077700853711924,-0.29505062166199003,-0.5407306478509902,-0.11068398613320202
16-12-2020,-0.004539357,0.288944909,-0.067860446,-0.56501457,-0.432218094,-0.206079238,0.12717069025046396,0.43894212884140976,-0.06467670861241112,-0.4266197862015614,-0.488261032586213,-0.15686224520259812
17-12-2020,0.273965855,0.0822498,0.280708683,0.201150216,0.332200631,-0.567736856,0.19906348509144467,0.26525229898904534,0.10344991532354099,-0.12102834676771144,-0.08893390296693332,-0.35735101915403006
18-12-2020,-0.257685215,0.210636217,0.176610523,-0.175137123,-0.096631152,0.212474881,-0.02312063433055747,0.2385221934894578,0.13932297550258424,-0.14726919768797608,-0.0928127837713704,-0.0799001884182552
19-12-2020,0.0,0.087539806,0.268275596,0.0,0.785726899,0.309236805,-0.011699924289763478,0.16503591008198648,0.2020209844784706,-0.07532119709031965,0.33515050297628624,0.1095239252799146
20-12-2020,0.0,0.203850126,0.031108262,-0.162837215,0.315467569,0.18303698,-0.006005650800783139,0.18418189042538902,0.11842785940199059,-0.11788097629165659,0.326207755111039,0.14578936151311922
21-12-2020,-0.609971528,-0.29650508,-0.427978933,0.142155218,-0.539981158,0.354739175,-0.3004428713670742,-0.05014346853942708,-0.14803233405333135,0.008810743243843781,-0.09548501855069841,0.24737688072604166
22-12-2020,-0.590125129,0.048504894,-0.609458063,-0.420028554,0.19509312,-0.228702651,-0.4417631946624019,-0.002110577185103383,-0.373048423742518,-0.20019200990563324,0.04652341884520528,0.015215115370049909
23-12-2020,-0.053845012,0.030283632,-0.304766884,-0.045434374,0.198910657,-0.470364647,-0.25326986491806625,0.013332331304026735,-0.3401477287916825,-0.12483344293239532,0.12080198147693308,-0.22136662929192016
24-12-2020,-0.019525491,-0.1907306,0.195272649,0.422356132,0.398939046,-0.172447152,-0.13999310478310167,-0.08655782028516049,-0.07938687496753818,0.14189081022949027,0.2568087969975121,-0.1976701716575764
25-12-2020,0.041310616,0.757453841,0.267091929,-0.225134666,-0.602124872,0.405882132,-0.051773539374787014,0.32420622474531724,0.08948219091560627,-0.03659808404230813,-0.16112693859088378,0.0964636076785293
26-12-2020,-0.300071263,0.671639667,0.038356613,0.0,-0.587018415,0.15935795,-0.17277419998579996,0.4934986725948589,0.06467121778032969,-0.018439756382298104,-0.3684544211428762,0.12729350030814446
27-12-2020,-0.349767733,0.18404157,-0.031631421,-0.27609094,-0.527823279,-0.235063027,-0.2592829572864763,0.34298525812055475,0.0176183418439975,-0.14410431585214903,-0.44653382052904084,-0.04881671463527708
28-12-2020,-0.256108349,0.108979138,0.030818366,-0.271407118,-0.355034545,0.318983087,-0.25773726953486437,0.22905885549874194,0.02395085198525876,-0.20610737044751504,-0.4021720575223982,0.13021441084181468
29-12-2020,0.089926734,-0.135116363,0.482330232,0.016125471,-0.132797494,-0.793079489,-0.08851415973295332,0.05171937480122575,0.2471231317761554,-0.09796267592021378,-0.2716685198446506,-0.3197280650798082
30-12-2020,0.424298122,0.030429452,0.310977057,0.265764052,0.542181323,0.198544877,0.1612745956519355,0.041252536653537425,0.2783668859717465,0.07928626926269094,0.12447745089308879,-0.06753570841992354
31-12-2020,-0.059902917,0.330878085,-0.260454914,0.242349026,-0.005553816,0.007462386,0.05399446387305118,0.18256836731424045,0.016289292280674106,0.15869193847074042,0.061537823894910096,-0.031258241907872256
01-01-2021,0.204065209,0.660003305,-0.102506279,-0.230497605,-0.165151041,0.223435373,0.12750874193092188,0.41525918267416867,-0.04120027327152589,-0.030563515789941792,-0.048988459577998286,0.09295165054112092
02-01-2021,0.562238019,0.290692195,0.011507333,0.0,0.13780658,0.25041351,0.339422556520405,0.354808480292296,-0.015357554577595757,-0.015663661508861053,0.041864922514811324,0.1700168004839845
03-01-2021,-0.178659161,0.003029725,-0.001131675,-0.04717743,-0.249073522,0.585556749,0.08723419404114832,0.183759097466524,-0.008557261856979043,-0.031288847085509816,-0.10010253181307743,0.3726814116261555
04-01-2021,-0.039527202,0.298410355,-0.452940032,-0.011203872,-0.240438686,0.452289968,0.025504146815452794,0.23926181552080633,-0.22523275246575195,-0.0213831983428403,-0.16816344541207556,0.411446346628229
05-01-2021,0.179891181,0.21867328,0.0,-0.289371223,0.048153064,0.601850926,0.10092382623610117,0.22896293343842422,-0.11566213316778676,-0.15196100254330683,-0.06251370912172827,0.5043683147237183
06-01-2021,0.35036527,0.455257527,0.073015386,0.020433511,0.484035671,0.338793549,0.2227318666669997,0.3392421709931812,-0.023789998064069874,-0.06789292916005879,0.20405524665796634,0.42415827700806696
07-01-2021,0.223593545,0.200669014,0.587182908,0.302130784,0.346556619,-0.122512492,0.2234485745868065,0.2718716955944539,0.27384392196583945,0.11250988643359451,0.2738289831504214,0.15788389838502118
08-01-2021,0.195132771,0.362717291,0.063920996,-0.468465221,0.393470105,-0.462175267,0.20973582029377952,0.3163842793755104,0.17143959321572486,-0.1704831163116549,0.33237060707191945,-0.14362110583775806
09-01-2021,0.472320348,0.072937848,-0.090363107,-0.549304028,0.233091341,0.110216246,0.3375347315462449,0.19795376995434374,0.04380203779912984,-0.3553162542817759,0.2838713704285278,-0.02016296236342642
10-01-2021,0.517432072,0.39153,0.395755418,0.120011463,0.480329669,0.330085784,0.425427663271828,0.29218225571783374,0.2154633981821219,-0.12410577727167335,0.37976587810885076,0.15046211817111782
11-01-2021,0.075726313,0.397227627,0.042994725,0.099789609,0.525416816,-0.069288457,0.2551893986979801,0.3431326060701163,0.1316333094260897,-0.014957326907802666,0.451065304489099,0.043353752392174774
12-01-2021,0.376026582,0.584721907,-0.014486502,0.106129589,0.575251632,-0.269701383,0.3138712466333549,0.46086813163260043,0.06051779363522167,0.044027297105994734,0.5117634749526715,-0.10929600459054883
13-01-2021,0.348349214,0.621820444,0.232997937,0.241172122,0.228836837,0.295872007,0.3309743967982801,0.539568440845239,0.14458884629590776,0.14013337960117273,0.37439253554225893,0.08767220027552984
14-01-2021,0.023994273,0.15640248,0.282037137,-0.380318473,0.090427428,0.101007461,0.1816425090376977,0.35303839445886237,0.21192454012172854,-0.1133384446982833,0.23642512263250032,0.09394310385052163
15-01-2021,-0.212911308,-0.160997756,-0.142491037,-0.227911491,0.31737489,-0.26030473,-0.010584173631513025,0.10268179567541272,0.03938363870108942,-0.16904962071642352,0.27598081950121045,-0.07896239086286644
16-01-2021,-0.363627699,0.342770195,-0.070592837,0.517302333,-0.413102934,-0.027462379,-0.18281180701089883,0.21943495508462887,-0.014218073219044731,0.16522556430030194,-0.05987179215631569,-0.054130456711154705
17-01-2021,0.059870839,0.420307552,0.182516577,-0.297425914,0.0,-0.018973129,-0.06482809908984968,0.3173123046781322,0.08125873404377465,-0.0602644685702014,-0.030954078850425767,-0.036959305302567004
18-01-2021,-0.114703306,0.133082727,0.342676914,-0.407028642,0.0063787,0.328145677,-0.08928862889677318,0.22752696548814594,0.20863318246510554,-0.2289558865169687,-0.013028596392669893,0.14118455224302484
19-01-2021,-0.299427193,-0.081665982,0.327887524,-0.474365509,-0.069213113,-0.033516522,-0.1920169641380679,0.07698311117366799,0.26691963184957435,-0.3483215434449745,-0.040554458450022694,0.056088881473149194
20-01-2021,0.145237277,-0.092103097,0.602447551,0.330001221,0.239563202,0.460215287,-0.028145596138021242,-0.0055912105927081734,0.4303099289027422,-0.01813109835823215,0.09559671713388151,0.25281055646145506
21-01-2021,-0.185636716,-0.067409943,-0.110314351,-0.4017882,0.234411653,0.303504778,-0.10494013211970918,-0.035959237152996426,0.16715635290332392,-0.20512306991588652,0.16296125635762393,0.2777086401487597
22-01-2021,-0.507435796,0.299809531,-0.290710956,-0.574034999,0.683076192,0.153068912,-0.3013354057952926,0.1272434429186358,-0.05580530905873761,-0.38505102225027044,0.41610713473497385,0.21732321278699962
23-01-2021,-0.382351398,0.234684402,0.283223123,-0.595132426,0.524048857,0.520469907,-0.34120945764021116,0.17928233801622495,0.10919126330923024,-0.4877915715808311,0.4688127695038792,0.3649684622495777
24-01-2021,0.042561705,0.522187805,0.319882871,-0.486129407,0.543618237,0.222483834,-0.15446146730906798,0.3463610662426434,0.21173365829933638,-0.4870483967984245,0.5054928216925971,0.2957132004464482
25-01-2021,0.422055348,0.32398768,0.012319444,0.377018498,0.294103217,0.543346,0.12645544455339178,0.3357752654610382,0.11479810268060883,-0.06623316249711159,0.40261982967850257,0.4167053697556214
26-01-2021,0.258617212,0.324553755,-0.132624654,0.221444699,0.205078627,-0.009529623,0.19114890917960303,0.33030377581652626,-0.005632036724875007,0.07356251926746543,0.3068829538351941,0.2093178378741989
27-01-2021,0.150254242,0.384470562,0.140824364,0.022485963,0.058072664,0.320988294,0.17130630470929037,0.35663818664948765,0.06560529021586325,0.04890789661596434,0.1858521330386117,0.2638655567197775
28-01-2021,-0.566143455,-0.417486952,-0.411795472,-0.554552187,-0.300110727,0.059523188,-0.18780403077783603,-0.020379223754013853,-0.167157544226966,-0.24481691857417937,-0.050799108355483694,0.16426950400246892
29-01-2021,-0.154289952,0.235510226,0.030705615,-0.32809939,-0.209664142,0.114386754,-0.17140666419989492,0.1043288609641801,-0.07106498013763823,-0.28525005394215275,-0.12818719808825502,0.14008911639609684
30-01-2021,-0.364982742,-0.084483872,0.007110302,-0.644718133,-0.62105628,0.24593342,-0.2659138219966287,0.01246054155002587,-0.03339535362124384,-0.46076542357815187,-0.3685424665712327,0.19145828120016356
31-01-2021,0.0,0.097423736,0.122283803,0.0,-0.852631397,0.127839924,-0.13640960790152112,0.053904379454998125,0.04249967695540553,-0.23631573522658425,-0.6047658532575251,0.16039376003486902
01-02-2021,0.174562104,0.005755268,0.007467907,0.086898561,0.313895987,-0.524437387,0.01532676334235751,0.030293523359706698,0.025638697512038785,-0.07863539257288632,-0.1579896315226571,-0.17325342730165944
02-02-2021,0.480071695,0.00419224,0.298866742,0.241544156,0.682343442,0.393857908,0.24199842006447406,0.01745017344438771,0.1585964860871521,0.07767725992746638,0.25100020389720673,0.10261473670779682
03-02-2021,0.030719044,0.456714784,0.275305241,0.112820687,0.496263518,-0.079478868,0.13918614975434168,0.2311482178598372,0.2153573287789948,0.09514881748157969,0.3703117724802135,0.01382387971933776
04-02-2021,0.579118546,0.051480155,0.530470796,0.30829823,0.632150504,0.044849838,0.35334710658547996,0.14355585113138608,0.3690074173368965,0.1988210640121167,0.4979276165734498,0.028611496863463346
05-02-2021,0.352544068,-0.010675939,0.696583318,0.306937264,0.48642619,-0.019271464,0.3530145993095015,0.06830144958571467,0.5289143773770231,0.25148156411295497,0.4925056634770456,0.005306427574887751
06-02-2021,0.311479879,-0.093673516,0.406839859,-0.085486166,-0.011512221,0.143378873,0.33290448031693265,-0.010809259913600676,0.46967994435753746,0.08745188914590185,0.2472160444106688,0.0723799925240138
07-02-2021,0.400913872,-0.080894972,-0.025311961,0.507759984,0.067972117,0.17017911,0.36659629147368356,-0.04470307018906611,0.22906498870986364,0.2926252791987536,0.16022724055001042,0.12003597895176507
08-02-2021,0.174008765,-0.099974695,0.75031643,0.032485061,0.386854725,-0.39370795,0.27309005335064873,-0.07180530764072582,0.4831431976580055,0.16626907587153827,0.270870154966325,-0.1302580564905287
09-02-2021,0.350271386,0.138721578,0.615631312,0.077590389,0.494263378,-0.349735548,0.3110886482043131,0.03077186517008701,0.5479869478541659,0.12356739853163429,0.3802610056630072,-0.2374213797793127
10-02-2021,0.057836983,-0.241342016,0.504806435,-0.031711122,0.161902015,-0.003141851,0.187896584055666,-0.10184413631285985,0.5272132253573326,0.04799186678367953,0.274640300959243,-0.12350618446120559
11-02-2021,-0.176899967,0.22665283,-0.230073164,-0.446564414,-0.12943462,0.0,0.01017490993402606,0.05813382725749818,0.158583349503882,-0.19298151664573912,0.07774948311973387,-0.0630850220270048
12-02-2021,0.090861292,-0.372230906,-0.008737008,-0.076303265,-0.695126309,0.488626724,0.04919419970049746,-0.15150767849734628,0.0769774040771144,-0.13640495203423256,-0.299172720240674,0.20542722841205782
13-02-2021,0.108589309,-0.627443871,0.28138679,-0.371040711,-0.35705074,-0.201133714,0.07814312506882766,-0.3837622940617682,0.17644328272451268,-0.25087470462482103,-0.3278642550418891,0.007526204001480408
14-02-2021,0.0,-0.156529098,0.393726971,-0.017086206,-0.299528194,0.361940975,0.03976094675537993,-0.2733234830336461,0.28208502035679456,-0.13731897182957473,-0.3146540824006631,0.1801749706324172
15-02-2021,0.523453162,-0.001390401,0.510749794,0.030805872,0.183546594,0.098555183,0.2752232672689169,-0.14099974322694303,0.393234162165892,-0.055683510950557714,-0.07242595668432233,0.1405332353835341
16-02-2021,0.554185219,-0.404141228,0.584013649,0.327833005,0.434738891,-0.024508859,0.4111118622313954,-0.269232384562809,0.486174047722478,0.1311853309342449,0.17462846550312028,0.06012248203697831
17-02-2021,0.126825932,0.078100455,0.393887869,0.166705829,0.203639115,0.197308875,0.2726132522905004,-0.10012758875704261,0.44152908985147454,0.14825753310393694,0.18882866864406944,0.12689185364689243
18-02-2021,-0.004934866,0.012059659,0.109974713,-0.296827829,-0.443316894,0.186891751,0.1374521387061667,-0.0454697297749756,0.2798033743186362,-0.06851756883052737,-0.11927727246893585,0.15644676631023577
19-02-2021,-0.098390871,-0.25418653,-0.078144064,-0.244026543,0.380392608,-0.06258104,0.022416783127118083,-0.14727136690013012,0.1052021163802106,-0.15411664355133547,0.12378293410698478,0.05004962997006818
20-02-2021,0.070734087,-0.255670085,0.096209183,0.332240825,0.047555921,-0.127921915,0.045935152649082524,-0.20002521129176642,0.10057296602838017,0.08276223612736777,0.0866212763509886,-0.03662564460629177
21-02-2021,0.224574185,0.16957594,0.120750348,0.259575011,0.32317895,0.468055508,0.13310677404090232,-0.02021900772246682,0.11060845609420315,0.16923413377552676,0.202006825106401,0.20923377347377764
22-02-2021,0.458300909,-0.383581424,0.334038637,0.050910423,0.339996909,-0.118114833,0.2915684970171302,-0.19703197674188752,0.21953828870393854,0.11173871811628391,0.26979224604627616,0.049575346945241246
23-02-2021,0.517685556,-0.173767695,0.0,-0.242782228,0.212342021,0.073683693,0.4018468393245478,-0.18543068226340603,0.11254024720082965,-0.06068558098642377,0.24219099113352838,0.06147645070640408
24-02-2021,0.042437592,0.147394846,0.342075858,-0.161192655,-0.103765936,-0.474909951,0.22699076493313783,-0.02329503562686941,0.22419632070234732,-0.10967995306792219,0.0739756514860539,-0.20003886337521912
25-02-2021,0.267185934,-0.258791832,0.343376374,-0.034097244,-0.375153032,-0.44732771,0.24639015250024912,-0.1380433421040167,0.28208351769857654,-0.07294294267535154,-0.14490908827813348,-0.32070384705503974
26-02-2021,-0.157356543,-0.372246025,0.357689629,0.066365901,-0.065722576,-0.390525464,0.049492744348036855,-0.2519825822666183,0.318731829269969,-0.005319761857738921,-0.10668858857074758,-0.3549047921846452
27-02-2021,0.032433712,0.312754995,-0.026375835,-0.337883516,-0.056288888,-0.172457801,0.04113358514908364,0.02295454813448472,0.15054777126555446,-0.167452452436172,-0.08232612045914811,-0.2663584763527829
28-02-2021,0.0,0.645825076,0.443116441,0.0,-0.001284412,0.176684955,0.021121746552100834,0.326425638190905,0.29311323562909897,-0.0857889132806181,-0.042618538683696,-0.050787455660305916
01-03-2021,0.155117757,-0.54350673,0.701098854,0.0,0.156308706,0.0,0.0864790945351696,-0.09704794723241023,0.492115207892174,-0.04389419270591786,0.05403711419537422,-0.026036346989947036
02-03-2021,-0.569194861,0.063811252,0.028300161,-0.478408472,-0.243386838,0.051488239,-0.2329574034419916,-0.018578526340878594,0.2663886404477425,-0.25582403015444255,-0.09086468283145521,0.011797029244978614
03-03-2021,-0.042125346,0.560209614,0.566543459,-0.195902282,-0.010505118,0.45201942,-0.14026715309949694,0.26329207940197197,0.4127152422961886,-0.22694954329791012,-0.05196998869338927,0.22599176553494216
04-03-2021,0.215030373,0.814695972,0.0,-0.027076402,0.118943913,0.0,0.03246370550273106,0.5323387430437608,0.21168795640590266,-0.1297430486179723,0.0310567303032854,0.11610127603150863
05-03-2021,0.370143658,0.087666449,0.53299061,-0.074209223,0.461656787,0.259509888,0.1966815090989078,0.3161309143675212,0.368358797898468,-0.10261671928668617,0.240733929292689,0.1859966695804415
06-03-2021,0.171647901,0.140205426,0.556076333,-0.005549567,0.251881369,-0.122190478,0.18458069833250262,0.23052412573954645,0.4598316238420483,-0.05528900115677031,0.24637859493726028,0.036256776403708224
07-03-2021,0.282823424,0.208270358,0.485665877,-0.161514329,0.258557074,0.213044326,0.23239362254878487,0.2199854163075589,0.47249035305900156,-0.10705542973952747,0.2526973542088083,0.12268802266912616
08-03-2021,0.175558373,0.0,0.630301531,0.283710504,0.405288202,0.0,0.20494498061574432,0.11317508270538632,0.5494475984716356,0.08321934445181997,0.3272374897699528,0.06323226899106246
09-03-2021,-0.113602465,0.0,0.710748526,-0.398474077,-0.058093099,0.014591517,0.04985469986188221,0.057912107149801495,0.6283909083674548,-0.15120199632094383,0.13974110309484278,0.03968048811064416
10-03-2021,-0.277224031,-0.370894261,0.432029605,-0.352791319,-0.029374521,-0.651269345,-0.10946809876776463,-0.15136812824090853,0.5328379854835696,-0.24951065123921273,0.0574349187707843,-0.29703722953289247
11-03-2021,-0.367265705,-0.610399074,0.498919499,-0.274860667,0.257871981,-0.251795195,-0.23523189459956895,-0.3747662036013964,0.5162084731661627,-0.26201595704568137,0.1550271343310897,-0.2751793508288474
12-03-2021,-0.277538592,0.01752324,0.019625563,-0.335320467,-0.41944824,-0.53361692,-0.2556367734077525,-0.18391357595817748,0.27457435157958093,-0.29759595770353336,-0.12461191186419827,-0.40129343106103066
13-03-2021,0.0,0.502167939,0.335531114,0.0,-0.498822324,0.088383585,-0.13122217670586606,0.14988595653703163,0.3040916338618176,-0.1526693937728979,-0.30699906404290533,-0.16325044329430366
14-03-2021,-0.077173573,-0.005835805,0.140582852,0.0,0.763407675,0.747914273,-0.10510422687619442,0.07360565812798302,0.22461822543139384,-0.07836629210960211,0.2142421182898596,0.28057043935116294
15-03-2021,0.0,-0.239756097,0.543214352,-0.042881733,0.502634833,0.506024829,-0.05419180986400771,-0.07907381956102329,0.37964798559809293,-0.061080689096570134,0.35459448391801685,0.39042553267243263
16-03-2021,-0.313970317,-0.140320527,-0.156805488,-0.381252436,0.164461544,-0.168452637,-0.18089668257737693,-0.109049353673806,0.11817690015714982,-0.2171037274948577,0.26202484725367925,0.11845629879563707
17-03-2021,-0.286099057,0.464481192,0.006729445,-0.382696266,-0.445152333,0.411781413,-0.23243910652291527,0.17017965019535647,0.06365152096631753,-0.2978153615814748,-0.08251178404112344,0.261306501058963
18-03-2021,-0.582197955,0.444334641,-0.192966495,-0.590637088,0.380290973,-0.036948209,-0.4030956069920296,0.30385427665725456,-0.06172486416066658,-0.44083952335096316,0.14266461574536773,0.11615795594532526
19-03-2021,-0.546403519,-0.454476048,-0.000468181,-0.680977003,-0.174921073,0.0,-0.4730951337066174,-0.06541806662964966,-0.0323593871203298,-0.5578614705685374,-0.01193958059150553,0.05962843590283702
20-03-2021,-0.303559818,-0.524038906,0.302582026,-0.469940176,-0.213176669,-0.394571231,-0.3906184803659235,-0.28867007033327735,0.1305371091329545,-0.5151531096695013,-0.1099720658369006,-0.16121818579213626
21-03-2021,0.0,0.755439515,0.247074609,0.0,0.476913925,0.394067098,-0.20032249874704827,0.22022264186492446,0.18708610994676844,-0.26431800332218075,0.17573242315623644,0.10937458192901159
22-03-2021,0.043873277,0.071542712,-0.114504893,0.06103497,0.0,0.619441795,-0.08130172937558189,0.1479110269907212,0.04025392583256762,-0.10576106361591774,0.09048410528461853,0.3582794879777126
23-03-2021,-0.692662985,0.475249467,-0.667598082,-0.763457591,-0.433302585,-0.407889482,-0.37920912289881736,0.3071716178975607,-0.3047967145291057,-0.4262583020052089,-0.16434090722412448,-0.014832921375148272
24-03-2021,0.660853673,0.715359632,0.0,0.156725427,0.221405494,-0.149122518,0.1273252284095925,0.506236081227259,-0.15657501677550373,-0.14249122498215622,0.023020629909622156,-0.08073213070806626
25-03-2021,0.006824232,0.114006387,-0.786648423,-0.038677049,0.0,0.0,0.06869573765183579,0.3156031702783221,-0.46398250600210955,-0.09197441711352272,0.011507536361781034,-0.04176300898848039
26-03-2021,0.521848572,0.510723293,0.0,0.0,-0.335946163,0.579686036,0.2897103828402683,0.4109489490085325,-0.23811933726625653,-0.04698485197049097,-0.1578677539142665,0.26108732678652463
27-03-2021,0.285610715,0.399961201,0.0,-0.38341079,-0.117715347,0.260674849,0.28807003237243745,0.4055624945395127,-0.12225871658898932,-0.21068439715600648,-0.13812725903307205,0.2607929314188947
28-03-2021,0.39527801,0.461733164,0.0,0.0,0.0,0.450916876,0.34084166428534013,0.4329049683332301,-0.06265007285938325,-0.10780276297140329,-0.07115269154450105,0.35360647953873664
29-03-2021,-0.288732824,-0.096038071,0.0,0.0,0.629904471,-0.209637043,0.034661259783190596,0.17575258300604174,-0.03216532962796267,-0.05492555720874091,0.27046873903059443,0.07941184221247347
30-03-2021,-0.074124042,0.180428454,0.0,-0.436213563,-0.255254763,0.28537076,-0.018129548496132658,0.17846457331214932,-0.016701841074334426,-0.24043286200296815,0.014634593102042862,0.18004951083083262
31-03-2021,-0.09911895,0.518909583,-0.248581402,-0.267951838,-0.113889663,0.471868233,-0.05759906161886619,0.3439726310719053,-0.12983778790649314,-0.2539892630424728,-0.048269426182977936,0.3220917444914022
01-04-2021,-0.143080374,0.318762663,0.102811314,-0.326825007,0.095728255,0.099863994,-0.09930872190547181,0.33185917618555155,-0.016499974884299988,-0.2896703743429183,0.021856734855166163,0.21363737113806497
02-04-2021,0.029482547,0.355276502,0.204944959,0.0,0.074261502,0.326698457,-0.036193342698378775,0.3431792591001841,0.09179234266230271,-0.14824836177174897,0.047670702843421404,0.2691064272384218
03-04-2021,0.314263701,0.427318493,-0.021793542,-0.332953443,-0.11049501,0.324869069,0.13411815878959674,0.38394137552869745,0.03650988299676359,-0.23842630835252496,-0.029495813948324123,0.29653346354443955
04-04-2021,0.120853682,0.598651648,0.355240954,-0.437066696,0.11533725,0.655323891,0.12773459324058628,0.4887162135154085,0.19230697247032585,-0.33532833433940457,0.04104898822518794,0.4715210644571236
05-04-2021,-0.507470577,0.355629563,-0.124422128,0.045652823,-0.702610074,0.508119771,-0.1819835781723751,0.42386236478529227,0.038114868714033495,-0.14992111904625302,-0.32103012368230655,0.4892849952311872
06-04-2021,-0.056650787,0.324519096,0.578961195,-0.441839852,0.094321776,0.694923813,-0.1212110002690141,0.37547685441923595,0.3016404061460778,-0.29200000495877526,-0.11879553015272307,0.589614571393125
07-04-2021,-0.100945717,0.359111592,0.247603564,-0.406862231,-0.030596044,0.190985552,-0.11165793439330624,0.36745016933849173,0.2755005256753398,-0.3481422649729623,-0.07589814057319247,0.3954873492484733
08-04-2021,-0.100945717,0.359111592,0.247603564,-0.406862231,-0.030596044,0.190985552,-0.10632911898473499,0.3636749672062969,0.26207986355219715,-0.376966662365425,-0.054264446633379676,0.296228673965931
09-04-2021,-0.128944481,0.347818089,-0.148701646,-0.477153592,-0.055945798,0.315415851,-0.11736735735403224,0.3560630684705205,0.06210841357167739,-0.4257412913050663,-0.05495898570956781,0.3055834547294254
10-04-2021,-0.092008258,0.354932745,0.034910665,-0.505469677,0.070476509,0.635376391,-0.10502364488289259,0.35541140171439084,0.04905022855551522,-0.4646830273093836,0.0061900914041874006,0.46615643189200184
11-04-2021,0.214082927,0.606078936,0.553088747,-0.498220273,0.375257996,0.604605575,0.05046960248025076,0.47756007767761494,0.2945859288979931,-0.4811079472971973,0.1859455327701631,0.5338363701865386
12-04-2021,0.284902574,0.415632828,0.398448199,-0.183488392,0.157110799,0.498912128,0.164699041463702,0.4474647609058461,0.34524350949488264,-0.336405135120132,0.17196641406401403,0.5169496096041546
13-04-2021,0.66347871,0.632072692,0.783589705,0.571671859,0.624938532,0.0,0.40761321364220243,0.5374187737960765,0.5590346266593106,0.10601048045356987,0.39283088372355146,0.2652093503887858
14-04-2021,0.517922222,0.636861162,0.669406131,0.152366356,0.448043636,0.0,0.461533883487332,0.585829428617736,0.6129343033335891,0.12893192262875325,0.4199027520302321,0.13575669955928601
15-04-2021,0.069904754,0.397984098,0.641455017,-0.207254224,-0.110367817,0.12046806,0.27133184393313453,0.49445336758967307,0.6272868618473516,-0.03480731132158296,0.16224937935519665,0.128077153239623
16-04-2021,0.158869747,0.386570532,0.511623735,-0.134677689,0.281234037,-0.437660627,0.21674334219709063,0.441997900448838,0.5709654130587623,-0.08321207738520048,0.22026116823916564,-0.14790340308405478
17-04-2021,0.120945931,0.311180002,0.185959402,-0.124827718,-0.046099637,0.423876702,0.170267541544415,0.37831443147291427,0.3835898577231609,-0.1032866655776914,0.09064494754246973,0.13045940743547185
18-04-2021,-0.008306889,0.124992186,0.093554502,-0.214770539,-0.633707062,0.196443518,0.08343371959831965,0.2549070021930253,0.24236810357538574,-0.1574137071054523,-0.26218628755875506,0.16256953015956896
19-04-2021,-0.07214977,0.37406893,-0.081090023,-0.428922684,-0.026213944,0.273656681,0.007764671474027873,0.3129054326593802,0.08502083776905033,-0.28949542263832134,-0.1473477501332967,0.21659674407846977
20-04-2021,0.179994845,0.082946453,0.34068109,-0.539147783,-0.203825884,0.267802961,0.09173757582486669,0.20084268992867807,0.2096103269583338,-0.41099286884958336,-0.1749991191797085,0.24128490574926995
21-04-2021,-0.618119904,-0.019849713,-0.196273635,-0.674695618,-0.389917842,-0.388979163,-0.2541829132496633,0.09306944960436138,0.011649511582731031,-0.5394155324161032,-0.28004932316214953,-0.06600685382610456
22-04-2021,-0.304273074,0.372227668,-0.075373585,-0.660463895,-0.358149684,0.093976387,-0.27892123507928535,0.22887614721689215,-0.030988221607408918,-0.598611332965983,-0.31837109916101125,0.011587179732162223
23-04-2021,-0.033641835,0.362888114,0.093184879,-0.439755389,-0.573005824,0.131978781,-0.16000471422131401,0.2939171733438455,0.029004211103488796,-0.5219418662327541,-0.44301475967721793,0.07024950284288509
24-04-2021,0.585131536,0.805463883,0.030774993,-0.146323012,0.0,0.068401721,0.20260750097565183,0.5429315839735249,0.02946987222499019,-0.33935735863029715,-0.22772916249845948,0.06939281501058017
25-04-2021,0.235201768,0.543701331,0.024088376,-0.264110485,0.345239652,0.026064462,0.2185698025827041,0.5433964788854945,0.02646854189773123,-0.30277877071379955,0.051350144670882586,0.04825144702787845
26-04-2021,-0.282313656,0.516108231,-0.312847022,0.03005184,-0.076662497,0.202019652,-0.025425061063055338,0.5301988019881025,-0.13914780008103733,-0.14072695588144496,-0.01116052222142843,0.12346904473950014
27-04-2021,-0.193155132,0.329156356,0.630180649,-0.458531876,0.212668976,0.294504417,-0.10723439456723996,0.43238613531731396,0.23546968397979995,-0.29557229638567983,0.09791152440303527,0.20661171410785278
28-04-2021,-0.278873578,0.33002703,0.457306826,-0.456606915,0.1252982,0.173376755,-0.19091884263484424,0.38270707489634337,0.3436373773281167,-0.37407893107087503,0.11170801862608172,0.1904258498506411
29-04-2021,-0.252697718,0.461646679,0.628809123,0.027842151,-0.248789943,0.636072435,-0.2210913310985106,0.4211720357935119,0.48283722630961035,-0.178227804726414,-0.06384212212040154,0.4074945581097636
30-04-2021,-0.636296432,0.292021831,-0.024850787,-0.656639015,-0.505862968,-0.16830382,-0.4236291510975557,0.3584593902610358,0.23557828910441156,-0.4110873579020241,-0.27910917107928407,0.12705052475556194
01-05-2021,0.0,0.548195847,-0.17600838,-0.366876105,-0.710364877,0.317963404,-0.21711520485821056,0.45113410780188407,0.035319826967977364,-0.3893840614860209,-0.4891495019613285,0.22038378978374737
02-05-2021,-0.298122907,-0.024774664,0.063139166,0.0,-0.855487569,-0.374431431,-0.2565283526533705,0.2193188928301335,0.048942123285585705,-0.19950693502625888,-0.6677116988823669,-0.06933354130650528
03-05-2021,-0.276342656,0.199736496,-0.1168052,-0.086230618,-0.335428549,-0.353667442,-0.2663201354670931,0.20968927472075555,-0.03183788712771103,-0.14416942206252004,-0.5058811012655279,-0.20798666552433775
04-05-2021,0.223840405,0.134518545,0.322096364,0.30985707,-0.530700791,-0.000274707,-0.028040419212929463,0.1726964776512333,0.14056108870908104,0.07703494222473842,-0.5182869882869998,-0.10696016384121482
05-05-2021,0.220246818,0.45103173,0.393501211,0.17564376,-0.342742171,0.587917224,0.09276262744656157,0.30807218859835567,0.2638664694958911,0.12528896608417117,-0.43329645533718963,0.23150364352384678
06-05-2021,-0.317199181,0.064421081,-0.146972346,-0.433473744,-0.463749964,-0.297746923,-0.10673940049721956,0.18923567072493994,0.06406218246227306,-0.1468828033478629,-0.4483546175060276,-0.026330492605120895
07-05-2021,0.118072371,0.480206938,0.098286009,-0.471978614,0.223437438,-0.038750213,0.00284312962012747,0.3309109642617346,0.08038511946771132,-0.30507719687839485,-0.12146542694776971,-0.03258034410175464
08-05-2021,0.604771963,0.295009216,0.450252664,-0.321247404,0.0,0.31861485,0.2962792830379974,0.31342007603426175,0.260351961064204,-0.31286141576688287,-0.06244011832051842,0.138395277332034
09-05-2021,0.501896432,0.417227314,0.176709268,-0.27440076,0.0,0.286323443,0.3967969394414731,0.36390335957031944,0.21937254262399303,-0.29433451902217295,-0.03190356820946152,0.21015773517888048
10-05-2021,0.54101413,0.605337364,0.082241152,0.331621756,-0.48142273,0.093092093,0.4677005244284399,0.4815752783191618,0.15271315581375464,0.01085784084684005,-0.25061674330094563,0.15335767128674
11-05-2021,-0.24032994,0.002759638,-0.009760168,-0.226309855,0.338638679,-0.272648701,0.12303600924666568,0.24825359730026234,0.0737594968595773,-0.10445674445309937,0.036755272320284194,-0.05429593440233629
12-05-2021,-0.227907767,0.265458671,0.682896481,-0.105074954,-0.298520599,-0.058328013,-0.047683688901009644,0.2568052452624321,0.3705393941883474,-0.10482270435311075,-0.12603889033740173,-0.05606188093789592
13-05-2021,-0.437301145,-0.282765961,-0.145554416,-0.444690607,0.0,-0.539376611,-0.2373646724006396,-0.0060400331974498345,0.11939915577536374,-0.2704188638387364,-0.06450254790006932,-0.2913497001275315
14-05-2021,-0.147221525,0.111920104,-0.204356998,-0.425200655,0.0,-0.519072082,-0.1937326298990596,0.051343338467825524,-0.03846146360813621,-0.34618879220146614,-0.032787661427360074,-0.4024771831598916
15-05-2021,0.019313637,0.288736579,0.078357741,-0.150359915,0.500479226,0.249779185,-0.09019254835176244,0.16675419736063474,0.018185362835049606,-0.25110394530613867,0.22721370029797466,-0.08531005644184383
16-05-2021,0.230313638,0.284821197,0.183439581,-0.157421665,-0.231899358,0.277143559,0.06609975003365687,0.22434023307324016,0.09880010200416978,-0.2053485906419187,0.003960900240042281,0.09141011783626188
17-05-2021,-0.300941277,0.061043997,0.115635105,-0.426877068,-0.305407389,0.26981352,-0.11275593174027726,0.1446231861006557,0.10700248323847436,-0.3131125910192615,-0.14690031334907344,0.17840947828263015
18-05-2021,-0.197816358,0.386132486,0.678947166,-0.598830486,0.0,-0.860798394,-0.1546425085600284,0.26219397626863955,0.3854427723870375,-0.4523101375893537,-0.07542113566466631,-0.32798255478443505
19-05-2021,-0.519819028,0.355762959,-0.282520187,-0.529440002,-0.522152168,-0.803049076,-0.3329646466005981,0.3076849316562904,0.060138694779559076,-0.489998341432069,-0.2931165588713336,-0.5598172359452465
20-05-2021,-0.519028511,0.177742328,0.027026053,-0.339115153,-0.412108087,-0.768070267,-0.424157396970096,0.24419196307647428,0.043992415078838235,-0.4169970425204001,-0.3509728222188455,-0.6616835430337945
21-05-2021,-0.330706858,-0.200663981,0.313848905,-0.174115469,0.494682384,-0.183377137,-0.3787420009713112,0.027606547263969744,0.17550061101518588,-0.29878266461114644,0.06060527624608239,-0.428892482873091
22-05-2021,0.141980153,0.483373216,0.283682955,0.0,0.0,0.354046438,-0.12513817317077308,0.24950991973656217,0.22789276290180274,-0.1533349851638971,0.03130087832223746,-0.047672122233737485
23-05-2021,0.328990609,0.551676324,0.207572611,0.18719397,-0.298319618,0.139448968,0.09630824254920475,0.397056299250376,0.21822427451388476,0.012752362851594687,-0.12927177978351417,0.04379868977240163
24-05-2021,0.594761904,0.628050269,0.187005752,0.101325701,0.672486019,0.655238333,0.3393073138153131,0.5097740271847404,0.20327653288519412,0.056177095511837506,0.2612668018940476,0.34204286164791786
25-05-2021,0.362122964,0.365810101,0.3190974,0.038086809,0.028710007,0.069269715,0.3506215709867268,0.43977143319112,0.2597822501079895,0.04749151457408694,0.14781613515545708,0.20920419665341505
26-05-2021,-0.108623789,0.440917471,-0.004438835,-0.122252064,0.000512574,0.095282835,0.1269504889776842,0.440425860082141,0.13110030288162128,-0.03508099867506916,0.07628484656959113,0.15365925302912742
27-05-2021,-0.427024745,0.149371912,0.034081845,-0.147381171,-0.366109799,0.098549255,-0.1426825520011219,0.2988587575434746,0.0838422165978812,-0.08955104396725523,-0.1390144519657407,0.1267374822827118
28-05-2021,0.0999868,0.190135436,0.58670963,0.12190599,-0.306753798,0.05011245,-0.02441915242370693,0.24583432629242186,0.32847170123382974,0.013787207702724277,-0.2208237430422134,0.0900178461850972
29-05-2021,0.229554821,0.639155155,0.251310897,0.0,0.305262663,0.479710695,0.0996248701928854,0.4373932201860101,0.2912575665760925,0.007406857615861431,0.03567391880475976,0.2804310659411233
30-05-2021,-0.167033382,0.459811791,0.118999981,-0.133956361,0.241880441,0.367630801,-0.029908222538434427,0.44847660474109546,0.2074970009947667,-0.061250859771906405,0.1364159755403048,0.3235651339938862
31-05-2021,-0.201896785,0.656684862,0.446827208,-0.347428439,0.337179523,0.43722786,-0.11351504652974037,0.5503187611687136,0.32403343327795714,-0.20060743013667764,0.2340064242168069,0.3792562649435032
01-06-2021,-0.571421987,0.095178552,0.77091378,-0.439329345,-0.376533865,0.456032268,-0.336767056205195,0.32861463426282506,0.5417798579975681,-0.31703782498735844,-0.063305491285823,0.41667738806522026
02-06-2021,-0.267251066,0.040870788,0.615275549,0.305663003,-0.017520245,0.10655318,-0.3033114536764878,0.18828668935460036,0.5777943914812529,-0.013968807664066996,-0.04085306995606052,0.2657558610422754
03-06-2021,0.375524681,0.272442892,0.249551463,-0.017647667,0.439771998,0.17585407,0.026862654587858026,0.2290151693292921,0.41811578195675725,-0.0158326448021121,0.19286657039272792,0.22171395549975964
04-06-2021,0.218281225,0.05226427,0.33699003,-0.46618329,0.363768423,0.428647362,0.11991446772767062,0.1428167994182397,0.37865247383236134,-0.23527822222820358,0.2762322327661712,0.322627033846708
05-06-2021,0.0,0.164061224,0.368128585,-0.338270457,0.224595317,0.00481014,0.06163349065604308,0.15298231330946097,0.37376273299573337,-0.28552641861801326,0.2512455317518115,0.16792667815272352
06-06-2021,0.0,0.07164972,0.026082409,0.0,0.879164743,0.284123928,0.03190845774284169,0.11335907558022329,0.20458247939275506,-0.1465027703753778,0.5575523792629726,0.2245813327742578
07-06-2021,-0.340506349,-0.13183208,0.064061666,-0.435312668,-0.184835083,-0.850059741,-0.14957533119787403,-0.0061463730964322755,0.1358833992919915,-0.28737821519600015,0.19639494245079828,-0.29887875147684023
08-06-2021,-0.252565923,0.062159046,0.002257521,-0.264437546,0.257859799,-0.003228913,-0.19998771982528646,0.0267321191000449,0.0707089136735624,-0.27637963773527646,0.2262732981886253,-0.1553200387900039
09-06-2021,-0.294576066,0.081709584,0.456150656,-0.43784869,-0.319467078,-0.219955678,-0.24609187021727236,0.05324877731001619,0.25846731093420494,-0.3551361370056749,-0.039622679121380525,-0.187134956099701
10-06-2021,-0.410973202,0.36407929,0.169456491,-0.110935733,0.130791947,-0.307840566,-0.3264499374915487,0.20431215917296286,0.21498419131978794,-0.23616576810732315,0.04317019394253923,-0.24633020495599106
11-06-2021,0.289574957,-0.145692984,0.428174357,-0.05466873,0.477425445,0.284782828,-0.026168924877506744,0.03385630046070852,0.31850636729962,-0.14761391495310322,0.2550008462315053,0.011994124795736333
12-06-2021,0.0,0.193298479,0.5092979,-0.214406375,0.0,0.182456948,-0.013269870101483366,0.11153264491955911,0.4112765515287318,-0.18043644167087386,0.13093266291621844,0.0949854790894166
13-06-2021,0.0,0.376124984,0.230074789,-0.295112631,-0.823468865,0.438776161,-0.007045815381024327,0.24034303365139353,0.323094799741542,-0.23640794910261606,-0.33424603049825324,0.2624311593622862
14-06-2021,0.214284915,-0.071150344,0.789806984,-0.117194923,0.314010119,0.389552219,0.10064745121873414,0.08869916767808995,0.5504697194413062,-0.17818454784366447,-0.0188465373562548,0.32426185059597934
15-06-2021,0.29139229,-0.140947709,0.496825436,0.061934213,0.097855384,0.609240796,0.19364129662458557,-0.02323218614243054,0.524447125480551,-0.06109873015880887,0.0378600370777723,0.4633024925455684
16-06-2021,0.259968194,0.08557927,0.485804702,0.040993207,-0.343185201,0.218652005,0.22607601774681563,0.02972224242094806,0.5059294257600255,-0.01139712419775837,-0.14830794737327035,0.3442191588706318
17-06-2021,-0.1768368,0.123735345,0.087520652,-0.283734144,-0.350843775,-0.211466589,0.03012701828561931,0.07562586842148264,0.3023534244978878,-0.1438176725195028,-0.24696134439667317,0.07422793424198551
18-06-2021,-0.357350776,0.174702615,0.015803491,-0.230126104,-0.128915263,0.436736679,-0.1584780130148306,0.12390469769820782,0.16293153123535217,-0.18579260360701233,-0.1897619545111372,0.2508912759014441
19-06-2021,0.0,0.339833697,0.232275467,0.0892454,-0.12484053,0.288054017,-0.08118267861060588,0.229132097187364,0.19653429374381023,-0.051637004816677136,-0.1580516262634969,0.26928901123504767
20-06-2021,-0.176306401,0.339233883,-0.022717539,0.0,0.606750501,0.369773485,-0.12732275283282474,0.28269033640782526,0.08973095147436717,-0.026442538666770127,0.21438310519800022,0.31860317761774826
21-06-2021,0.130526953,0.057370953,0.421908826,-0.561936788,0.0,0.238672145,-0.001956114788158811,0.1731796876057913,0.25135913383189407,-0.28731939511618304,0.1097719377146581,0.27968151543991276
22-06-2021,-0.282277601,0.348824699,0.424771763,0.069616642,-0.583972753,0.308009121,-0.13853077197941446,0.2587419743387261,0.3356863417123749,-0.11346432681002616,-0.22815443369708938,0.2935430895902853
23-06-2021,0.072809799,0.692872511,0.376909591,0.013134008,0.078213965,0.813333923,-0.03565092376220657,0.4701788548355533,0.35583591122710223,-0.05167262189341386,-0.0785217444107281,0.5466966481951666
24-06-2021,0.10760667,0.562857703,-0.031093207,-0.061349276,0.101621097,0.664657027,0.03398962512347591,0.5156679003561742,0.16705384267087828,-0.056346490100300434,0.00900099059342644,0.6042647226340072
25-06-2021,0.093741559,-0.034906801,0.460882877,0.105929103,0.329432221,0.624059748,0.06294134369309765,0.24783342462147753,0.31000373520963354,0.02264131369210553,0.16506092662980423,0.6139058313134679
26-06-2021,0.0,0.06998712,0.493440096,-0.057398896,0.413522357,0.287863081,0.03215397503527913,0.16128678973465185,0.3992654622973529,-0.016365888276675244,0.28642718729210803,0.4553019235527128
27-06-2021,0.0,0.008625793,-0.016497679,-0.063857461,0.240131569,0.152372291,0.016618045507210022,0.08693319065374366,0.19689774062609156,-0.03933814421778945,0.2642669549380886,0.3081271415607613
28-06-2021,-0.6050718,0.036207731,0.0487989,-0.365793015,-0.400279681,0.027142977,-0.2860391852757814,0.062165179250323326,0.12485583825924668,-0.19826961342491942,-0.059258316036489095,0.17115109651344218
29-06-2021,-0.091686496,-0.064384128,0.447613868,0.00306028,0.303812513,0.297883779,-0.19152734226426749,0.00033782520472861594,0.2820378866870966,-0.10035937129434211,0.11767151208066914,0.23282314502659746
30-06-2021,-0.031359116,0.020488996,0.250905727,-0.221109598,0.066819081,0.280367738,-0.113502353494496,0.009945408267994588,0.26705916561397935,-0.15925145926391246,0.09259281550033663,0.25590209572480005
01-07-2021,-0.30145472,0.218476537,0.381959992,-0.430075563,0.071745974,0.658217796,-0.20522459945617827,0.11151297609703416,0.32294317123117616,-0.29094807386204696,0.08249358402441377,0.4519221594880837
02-07-2021,-0.360202791,0.116760838,0.297691409,-0.317734466,-0.24916013,-0.353852431,-0.2806826504098909,0.1139226090975565,0.3105773022697584,-0.30422204337294156,-0.07867584145925031,0.059435663228436075
03-07-2021,-0.382696574,-0.079487899,0.198299757,-0.271587941,-0.261792175,-0.361537504,-0.33060330727271325,0.019333479542771176,0.255834227209444,-0.2885193842270378,-0.16798792889656033,-0.1461311298724699
04-07-2021,-0.099301938,0.742718778,0.0,-0.429483918,-0.214094108,0.508194797,-0.21818431036943206,0.3714319015386402,0.1313689506327279,-0.35733856803561126,-0.19061815953583655,0.17215565330050175
05-07-2021,0.426518087,0.851812705,0.0,0.0,0.131864258,0.704332701,0.0957231712372543,0.6057267703361138,0.06716130654205159,-0.18352941743648218,-0.03382623399058905,0.43115366606564554
06-07-2021,0.408499926,0.768604696,0.618243809,0.151055697,0.349227291,0.71600229,0.2481682682435604,0.6854135451316766,0.33538600039648303,-0.020596780237565615,0.15252118883681737,0.5700215896756293
07-07-2021,0.227681699,0.493882908,0.272021909,-0.680106312,-0.417192074,0.558047169,0.238341024047211,0.5925188903253321,0.3047330093129109,-0.3418849215538525,-0.12509909288551285,0.5644465725225425
08-07-2021,-0.223571866,0.453064869,-0.024829261,-0.227651137,-0.402176762,0.580676019,0.013818660997099441,0.5249214151702001,0.14432799863142537,-0.2862150653297488,-0.25992151962380217,0.5726867509327991
09-07-2021,0.044110164,0.087184657,0.396441066,0.019951205,-0.290668987,-0.249275163,0.02864218592155118,0.3120201796036381,0.26697017256299715,-0.1372293265623294,-0.27525130777792417,0.1723948993580639
10-07-2021,0.178355896,0.174797711,0.05211885,0.007489477,0.148956877,0.27482078,0.10162034407816434,0.2453457516674944,0.1623039430456249,-0.0666698957060331,-0.06878793912766312,0.22223014016111473
11-07-2021,0.27189113,-0.04467574,0.056740088,0.17961603,-0.237085367,0.304244308,0.1848266857763968,0.10406309616796033,0.11073673194375788,0.053546647189050514,-0.15087007141356626,0.26191735573017716
12-07-2021,-0.504270376,0.229233248,-0.098477429,-0.386314956,-0.204202507,-0.185306755,-0.15056547416242563,0.16503848562641613,0.008691065853865879,-0.1605250009401287,-0.17679284645505255,0.04441026301912772
13-07-2021,0.122747827,0.475930947,0.257824836,0.127060936,-0.029645577,0.329402526,-0.01726250953240898,0.31665781199611176,0.1299522008657765,-0.020343432598592538,-0.10504956609448765,0.18351102355810733
14-07-2021,-0.452794434,0.284517132,-0.267952973,-0.167111734,-0.454775762,-0.237386396,-0.22940406436135624,0.30073460815126707,-0.0638277841070014,-0.09159569666944271,-0.2753695761090018,-0.02175273881568017
15-07-2021,-0.659651264,0.074838678,0.358602837,-0.520863046,-0.23053114,0.056871584,-0.4394284448431468,0.19033576775907318,0.14194206935761974,-0.30079279139187853,-0.2537766570315219,0.016103064799045913
16-07-2021,-0.389963036,-0.412250896,0.11235205,-0.448083565,-0.057827162,0.359595275,-0.4158544954039694,-0.10360475407344778,0.12723040397123642,-0.37283344520613254,-0.15868337355127193,0.18301951066844097
17-07-2021,-0.144392836,0.305772119,0.131944444,-0.405531663,-0.350199129,0.363985243,-0.2839965968054688,0.0954743897274325,0.1294373227936103,-0.388573593457753,-0.2518301238926006,0.27095401367328803
18-07-2021,-0.724517721,0.44224247,0.0,-0.27372244,-0.398431877,0.127356836,-0.498657236449239,0.26419909103227135,0.06647073227287592,-0.3327175539570248,-0.32316170533007815,0.2008010133640432
19-07-2021,-0.76936844,-0.797569304,-0.238487104,-0.173763719,-0.551058756,-0.082938429,-0.6308850556490039,-0.2529878083318561,-0.08231020535507656,-0.2554934482402774,-0.4342139585102194,0.06284139196830603
20-07-2021,-0.328844936,-0.447884194,-0.090233795,-0.233089673,-0.07940227,0.0181922,-0.4842319842476245,-0.348207135178473,-0.08625395146981335,-0.24474132124470804,-0.2617102546400157,0.04095674185968273
21-07-2021,-0.373973553,0.296944001,-0.103745402,-0.232011152,-0.018225424,0.439324239,-0.4309825751768478,-0.03407582188402164,-0.09486449782288839,-0.2388022603879608,-0.14309900434927203,0.23487930003233903
22-07-2021,-0.158950441,-0.238322093,0.43854334,0.031627467,0.128731337,-0.179077386,-0.29840228658543844,-0.1337484596664405,0.16501559410293165,-0.10695664732222913,-0.0106245844523358,0.03345892554823125
23-07-2021,-0.366674425,-0.124951988,0.073493336,-0.467348918,-0.25798784,-0.254939451,-0.3319257973013281,-0.1298408131238603,0.120368138857874,-0.28268590914003167,-0.13112888923960325,-0.10723309745718289
24-07-2021,0.329794342,0.174360548,0.100886727,-0.019996506,0.626942062,0.256614775,-0.009458876307714692,0.018110061080765016,0.11111750935959694,-0.15477452657424579,0.23840615666146175,0.07011534454446175
25-07-2021,0.0,0.075448627,0.127822098,-0.464792474,-0.25657814,0.331636847,-0.004447344860414121,0.04601040386350964,0.11910258503775825,-0.3055891870974017,-0.002460878386387838,0.1975375935957908
26-07-2021,-0.178090284,0.196106072,-0.458732315,-0.534620871,0.054483764,-0.357267348,-0.08880765879481921,0.11942158660067656,-0.16241607529536353,-0.4170857394867262,0.025317046005464694,-0.07286547023367519
27-07-2021,0.261530865,0.222837083,-0.151182587,0.131784069,-0.198696187,-0.054078487,0.08191275466225634,0.16969037449084007,-0.15712559970336637,-0.14968193444368993,-0.08359002178062419,-0.0639832582353017
28-07-2021,-0.087957622,0.22246798,-0.193956606,-0.025046529,0.25335201,0.141161027,-0.0003485756779772753,0.19523478685659126,-0.17516719594387717,-0.08888229304500797,0.08076432890818953,0.03584499811337428
29-07-2021,0.14428347,0.595928374,0.283386767,0.075187649,0.0,0.156861212,0.0705933941985524,0.39106943848471915,0.04828089034703527,-0.008894310425392092,0.04180746252163242,0.0948780992958258
30-07-2021,-0.16201212,0.379733904,0.209447479,0.000175054,0.083172582,0.156592123,-0.04248502552907396,0.38606691024682216,0.1268876050176411,-0.0043366816175803265,0.06203582295976369,0.12499289897384581
31-07-2021,0.0,0.441567897,0.285839571,-0.187309314,-0.077979046,0.604378278,-0.02158066425285944,0.41316241156121125,0.2044724652797698,-0.09334031569984133,-0.006130064448605428,0.3583559563973623
01-08-2021,0.0,0.437265707,0.270557667,0.03395532,0.163696564,0.314922444,-0.010981328283518235,0.4253095478040634,0.2365242368151451,-0.03139899520565881,0.0765263452078454,0.3375282479606253
02-08-2021,-0.638978482,0.008406861,-0.16761709,-0.207436005,-0.52182315,-0.153951441,-0.3167228295060484,0.22253452398222362,0.03972648978251683,-0.11689443655253375,-0.2147838620388433,0.09844526065529653
03-08-2021,-0.122138245,0.354690147,-0.045586557,0.108781406,-0.408234715,-0.120468275,-0.2223215139510797,0.28695099768869275,-0.0018761962662158585,-0.007004588634702644,-0.3095555769805135,-0.008308121347126891
04-08-2021,-0.448731808,0.434301076,-0.214811825,-0.763186189,-0.670207199,-0.008935766,-0.33276711469404774,0.35887152290885815,-0.1056994715736122,-0.3751346235967938,-0.4852989450434549,-0.008824688032169362
05-08-2021,-0.089635019,0.123694928,-0.028663376,-0.450361354,0.329667877,0.343319773,-0.21440835411858,0.24439372067566942,-0.06794837022230298,-0.4116864192985123,-0.0885794182291697,0.1629571639923591
06-08-2021,-0.007934746,0.338027221,0.078529549,-0.323454202,-0.155471712,0.488873587,-0.1141089080401278,0.29002560046275977,0.0034677063319847948,-0.3690363946032952,-0.12110126273683258,0.32187916311371273
07-08-2021,0.0,0.335102194,-0.17188809,-0.004214776,-0.17617231,-0.088507582,-0.058530930378936995,0.31202893590267977,-0.08184373907986728,-0.19150752405368004,-0.14816420992005203,0.12204959673254145
08-08-2021,0.0,0.149933434,0.020977099,-0.656714467,-0.539051259,-0.06988871,-0.03014024185830788,0.23287950895376164,-0.031975581564459635,-0.4183230605216589,-0.3386973848281142,0.028515110517820935
09-08-2021,-0.919932363,0.513825854,-0.510494154,-0.295036233,0.168026402,0.107758524,-0.4635677895911886,0.36966633207522637,-0.26526091319070993,-0.35851684091896063,-0.09208165278872334,0.0670433206076384
10-08-2021,0.17330821,0.198741041,0.023677495,0.045455209,-0.094951482,0.527248432,-0.15356737444677052,0.2863464513610988,-0.12483097869742586,-0.1618066358438552,-0.0934885859888929,0.2909234266575108
11-08-2021,-0.398176213,-0.317148856,-0.024460232,-0.179246236,-0.665970114,0.226709673,-0.27283672937330716,-0.007771794280727662,-0.07617521181613038,-0.17042463828206647,-0.37256271616103265,0.2596234187618649
12-08-2021,-0.25566237,-0.238203667,-0.175957412,-0.066421316,-0.251757998,0.049505899,-0.26424231227916334,-0.12004890492126921,-0.1247326935081681,-0.11973096863222481,-0.3136137596262175,0.1575099804907697
13-08-2021,-0.394910391,0.22113547,-0.210475492,-0.271901793,-0.200699624,-0.353661051,-0.32799228963109744,0.045882763143242015,-0.16655590765426842,-0.19401072209639228,-0.2585429960433116,-0.09136167940440898
14-08-2021,0.0,0.063762092,-0.251999503,-0.480107226,-0.787935817,0.654722116,-0.16811862882333517,0.0543527928707099,-0.20815435594703458,-0.33304486549808354,-0.5162094754081183,0.27208141159628435
15-08-2021,0.0,0.704019703,0.240892675,-0.239367273,0.0,-0.063124,-0.08625940558524496,0.37082940895952005,0.010511375140250412,-0.2873321298096577,-0.2652351859497773,0.10872418901006797
16-08-2021,0.01726456,-0.517714357,-0.400209603,0.001716986,-0.61155346,0.188243051,-0.03587079181338472,-0.0620513627621162,-0.18963525474127008,-0.14648416211559653,-0.4340305142426285,0.14723030574845547
17-08-2021,-0.360417556,0.081231266,-0.14883867,-0.480086279,-0.395794763,0.152439874,-0.19401316135932628,0.0075101037151540095,-0.169770043651749,-0.30910429627934877,-0.41556182495285743,0.14991458734337781
18-08-2021,0.027466788,-0.341055475,-0.070723286,-0.00821018,-0.373634243,0.117565811,-0.08622777926643771,-0.16240036807420394,-0.12163244403474867,-0.1622922776213345,-0.39505801767396775,0.134290454148639
19-08-2021,-0.613756856,0.173577802,-0.699042629,-0.471389289,-0.52642598,0.539095306,-0.34272455894428305,0.0008698935588832141,-0.40270726121453326,-0.3128029362593077,-0.4594100011804617,0.3315290073225079
20-08-2021,-0.103071294,0.299293389,-0.391612962,-0.343513365,-0.015425862,-0.140872282,-0.22628474668532642,0.14614000328118465,-0.397566458053629,-0.32798727768427427,-0.24332561129295374,0.10125237150781255
21-08-2021,0.278596979,0.623643902,-0.078333436,-0.228682291,-0.091314212,0.169190425,0.019801678233535236,0.3790685465675274,-0.24226653753366717,-0.27969782305037494,-0.16900316227258802,0.134274201592614
22-08-2021,-0.098417897,0.245085979,0.025910317,0.068032464,-0.161005756,0.100403249,-0.03762444683921084,0.31417457735225696,-0.11165110681746765,-0.11041485268039886,-0.16505549209448866,0.11782473382839917
23-08-2021,-0.014751927,0.071405732,-0.073631291,-0.280488966,-0.273783532,-0.784784341,-0.02625936024866453,0.1959545761083522,-0.09306646767090407,-0.19317532902997775,-0.21800600927444735,-0.32163669994774335
24-08-2021,0.130910302,0.150880554,0.647695342,-0.451065593,-0.729788335,0.598974557,0.05029787524051471,0.17407634471193717,0.26793338638823894,-0.3186423099362917,-0.46699447451895365,0.12628241250008543
25-08-2021,-0.160089799,0.215286836,0.343161308,-0.164646173,-0.481190891,0.165236548,-0.05217242603262101,0.19382563481263615,0.30460141492720116,-0.24366409657756477,-0.4742005609679234,0.14537841857190134
26-08-2021,-0.305899497,-0.364688466,-0.056846331,-0.334976578,0.294019006,-0.117019309,-0.17583204690243848,-0.07784288464173475,0.12894002523118547,-0.2883039472677816,-0.09983658795169112,0.017510904236766787
27-08-2021,0.679189356,0.451921641,0.39477237,-0.42162233,-0.038002211,0.242244403,0.2408513190134165,0.18016130396386704,0.25862654904209775,-0.3531381405689896,-0.06952719623592046,0.12691805909724452
28-08-2021,-0.112562905,0.175353632,0.216898425,-0.303171511,0.111434147,-0.06557036,0.06879918498240567,0.178142162689094,0.2385006925748605,-0.3290081191387597,0.018826252886925153,0.033142939496263166
29-08-2021,0.215647647,0.140732819,0.162882836,-0.125233949,-0.651749823,0.280329245,0.14076738911183148,0.15991905155759017,0.20224075848649073,-0.22964046936106425,-0.30754229068033706,0.15325912121188842
30-08-2021,0.003279021,0.297928141,0.195997305,0.345605338,-0.081905736,0.120193241,0.07393384333732861,0.22707106540222902,0.19956713742087023,0.05069156773442296,-0.19779262542811088,0.13733169864621644
31-08-2021,-0.382164156,0.266343545,-0.487560079,-0.400068149,-0.365089889,-0.426067676,-0.14840532750078617,0.24595884440795984,-0.1350309362975163,-0.16874665838497643,-0.27936635929258063,-0.13717787061674802
01-09-2021,-0.489818425,0.27370126,0.181103401,-0.438325679,-0.293434216,-0.286170156,-0.31477377650114857,0.2594755712699831,0.018890844824007144,-0.3002331525761666,-0.2862936472747246,-0.20991465353424948
02-09-2021,-0.525571648,0.197561122,0.361411586,-0.298877073,-0.550935041,-0.082769704,-0.4176611361250117,0.22942728040989685,0.18582531388035767,-0.2995847086635919,-0.4152354615546275,-0.147612826926617
03-09-2021,-0.058213736,0.075785637,0.159434637,-0.358333463,-0.40263956,-0.664528602,-0.2428774473622488,0.15462132575443882,0.17268132557193122,-0.32811335001640507,-0.40890366914044396,-0.3999186049722496
04-09-2021,0.427111855,0.210773987,-0.17935294,-0.227343118,0.605911297,0.756062764,0.0834919607648566,0.1819414513314921,0.0010635034545130179,-0.27911915424895206,0.08556195767423441,0.16292847039367075
05-09-2021,-0.575280774,-0.129251683,0.106834847,-0.51116919,-0.593397035,-0.052193747,-0.23722259913374216,0.030666177570181155,0.05263151590775423,-0.3921399740359768,-0.2453580904009493,0.05829387594530584
06-09-2021,-0.353774959,-0.507535213,-0.487123825,-0.414220285,-0.673825254,-0.176532379,-0.29457545196845286,-0.23180829848481882,-0.21055099577466307,-0.4028792858609306,-0.4542371071945246,-0.05622821425519155
07-09-2021,-0.3743748,-0.031937004,-0.44769098,-0.583663698,-0.509728117,-0.112480174,-0.33356678009621404,-0.13468287479001467,-0.3263513184543493,-0.49101979977495247,-0.4816232224071725,-0.08362854042178296
08-09-2021,0.253966306,-0.336193103,-0.402044571,0.356827594,-0.806915255,0.0,-0.047659479647459146,-0.23303001098249734,-0.36353263179286927,-0.07817287924188099,-0.640000964143416,-0.043110137084572876
09-09-2021,0.034872451,0.766924374,0.150570714,-0.207074304,0.0,0.0,-0.007481266158576767,0.2538214666517892,-0.11340691057180892,-0.1412367843138744,-0.3285366671018989,-0.022208005905700934
10-09-2021,-0.138360511,0.358328637,-0.029561249,-0.405351047,-0.314969281,0.290603176,-0.07101370038044746,0.3047299002803774,-0.07232507358368047,-0.26975353871624075,-0.3219039329598664,0.130444918253682
11-09-2021,-0.321826014,0.140168317,0.109118242,-0.42177762,0.0,0.347778027,-0.19295051803881558,0.2245742564412605,0.01591750462283418,-0.3437155938559042,-0.16508905158631323,0.23658855589556235
12-09-2021,-0.213632616,0.470004304,-0.246103623,-0.232422715,-0.0109748,-0.123866414,-0.20282066101241375,0.34416523924799036,-0.11195416872821375,-0.28952118047605757,-0.08976490302049465,0.061171856954927994
13-09-2021,0.441668941,0.054979705,0.117123123,0.408241202,-0.171468065,0.0,0.11108688899131303,0.203439608538891,-0.0005153146007292678,0.0504733497944877,-0.1293769294919758,0.031818706826690586
14-09-2021,0.486031613,0.324091499,0.278716722,0.205635164,-0.22405331,0.0,0.29356510507320166,0.262217013351864,0.13563823156877794,0.12624089227789653,-0.17595943917619228,0.015867486519011407
15-09-2021,0.269288382,0.392411086,0.341157962,0.237376587,0.646612957,0.0,0.28227612618841996,0.325890667338771,0.23578590166806576,0.18078174030121485,0.22505905166307683,0.008179000950479673
16-09-2021,-0.198359569,0.113628944,0.359676516,-0.059209226,0.0,-0.152124822,0.048503387271029125,0.22299288744491239,0.2965939960867747,0.06422636233641897,0.11596696239153022,-0.06980696161147318
17-09-2021,-0.42089953,-0.349041393,0.133818516,-0.257076793,0.0,0.599222338,-0.1799288833191373,-0.055545815263813664,0.21775078788782543,-0.09191175868050161,0.0598554709139712,0.25617251998968105
18-09-2021,-0.396032071,0.10378512,0.029398817,-0.459633976,-0.684722905,0.119190954,-0.2854840140417565,0.02225469033491971,0.1263694514868003,-0.27134532597650257,-0.30236785731230326,0.18959353704472995
19-09-2021,-0.484546323,-0.12834719,0.038313115,-0.133156771,-0.354248898,0.142562728,-0.3826663815133544,-0.05158070250552638,0.0834531424121798,-0.20405930962526342,-0.3278319288185454,0.1667975437811739
20-09-2021,-0.405043862,0.238501869,0.04101706,-0.033863579,0.0,-0.368426188,-0.39372023235380604,0.0894942145580091,0.06284823190709934,-0.1210146469824705,-0.16811923373611448,-0.09404178015660253
21-09-2021,0.480494176,-0.081319994,0.143012935,0.528055999,0.145626799,0.243977704,0.03215499635068292,0.006241615252261787,0.10187601984673386,0.19540094407875483,-0.015365492120943916,0.07036835486039349
22-09-2021,0.039677884,0.336962087,0.232448777,0.108444251,-0.319866286,-0.012329448,0.03597256503199191,0.16708204490546413,0.165707205470504,0.15330065389067302,-0.16372188792761294,0.03019817605962314
23-09-2021,0.160268202,-0.732061049,0.079985601,0.011047362,-0.088092284,-0.106512868,0.09627821700786149,-0.2709135817111222,0.12397351379514035,0.08383636484380623,-0.12687012180208088,-0.036389118887712006
24-09-2021,0.19227642,0.197766666,0.388025214,-0.260495375,0.148576472,-0.00725859,0.14280716189261208,-0.042940121826433184,0.25252432544715203,-0.08399858047261136,0.0073885173395647485,-0.022219202767469824
25-09-2021,0.05382566,0.423567655,0.184001906,-0.333080261,0.572230015,-0.112851383,0.09937669280480749,0.1840738942507964,0.21908504757184044,-0.20555116304914045,0.2821846008391171,-0.06638924147723366
26-09-2021,-0.252201738,0.351226677,0.206861248,-0.606573588,-0.208417398,-0.412029338,-0.07172873675036254,0.2655548947773671,0.21304240577261013,-0.4010211927288413,0.04333684161005648,-0.23473294425047833
27-09-2021,0.003769915,-0.576520971,0.313668486,-0.06980471,-0.533693879,-0.617648879,-0.034729077096986256,-0.1443258503517648,0.2621168463277503,-0.2397408078617539,-0.2377673355238673,-0.42180778069747854
28-09-2021,0.245897924,-0.137083143,0.460832897,0.023681341,0.242165988,-0.216257975,0.1022172340025513,-0.14095101870692214,0.35907617721653373,-0.11126442933001578,-0.003665296542631119,-0.3219987527581624
29-09-2021,-0.503844162,-0.434041576,-0.062830409,-0.567140016,-0.19964207,0.480823374,-0.1926938313638618,-0.28375340642229574,0.15372094288658636,-0.33335476867387204,-0.09892837856447069,0.06885048263486426
30-09-2021,-0.466172711,-0.470790532,0.166260433,-0.443698194,-0.410196012,0.393886051,-0.32580187427583207,-0.37520225303507704,0.15990009887233042,-0.3873001005874978,-0.25064021459336894,0.22747988304571137
01-10-2021,-0.534081513,0.019392199,-0.124102926,-0.433839112,-0.247392517,0.157893792,-0.4277762492043119,-0.1831369030790567,0.021543468740463978,-0.41054159152333114,-0.24930362465963535,0.1935671077045343
02-10-2021,-0.113022032,0.01549168,0.3359478,-0.115972003,0.779858226,0.248864207,-0.2747169140657889,-0.08668695646574014,0.17459140662509282,-0.2673482175048035,0.2521507767881287,0.22063567772421316
03-10-2021,0.167691161,0.213334802,0.462020869,-0.34288042,0.281829408,0.074229406,-0.05944411587312903,0.059884669755866524,0.3146865361710488,-0.3043203403597248,0.266821253543677,0.14950895803063424
04-10-2021,0.10816785,0.0,0.0,0.0,0.260925898,0.0,0.022060847454200193,0.0306231931776021,0.16132486717905314,-0.15608175723032985,0.264022334573922,0.07676495905169797
05-10-2021,0.067978385,-0.307892157,0.482867688,-0.195741851,0.334553925,0.0,0.044412310286895275,-0.13454610884447993,0.31796740530642004,-0.1752945258591156,0.2981944325241517,0.0394824154628396
06-10-2021,0.09512502,0.548709559,0.1764521,-0.284610454,0.344879218,-0.306578362,0.06930360000094617,0.19803684794042342,0.24908962573822738,-0.22828615801980612,0.3212535109336603,-0.12883945176195433
07-10-2021,-0.460284193,-0.266960724,0.360676318,-0.281055797,-0.708991395,-0.358978027,-0.18867248192595515,-0.02803107334058179,0.3034149462446723,-0.25409394318267625,-0.18015471337305328,-0.24066055880346565
08-10-2021,0.55653267,0.079415027,0.341259444,0.451021469,-0.281875579,0.60974626,0.17412419094912193,0.02438459526569107,0.32175529175629247,0.08926810957318898,-0.22997526718545847,0.17364498922831795
09-10-2021,0.344172046,0.257226102,0.280834996,-0.22065814,0.304925743,-0.085823585,0.2573923624094635,0.13810989373747112,0.3020572595253689,-0.06132186836431426,0.03061125501500847,0.047040684239370203
10-10-2021,-0.216735285,-0.027273895,-0.000558102,-0.46208776,-0.655143294,0.475826068,0.02684462469684369,0.05791196736511745,0.15470637244401178,-0.2563390926089209,-0.30321704396339905,0.25573111692830713
11-10-2021,0.475761949,-0.019347171,0.869458254,0.347318141,-0.01780297,0.337209925,0.2459062438167408,0.020294973632154753,0.5031084407748265,0.03787452486705703,-0.16419708897362242,0.29548849163982904
12-10-2021,0.008656448,0.325177991,0.051242704,0.000720424,0.071795991,0.0,0.1305399990760058,0.16883784566122734,0.2830617828093442,0.01986832833721691,-0.0498059166920799,0.15155454658831963
13-10-2021,-0.153276503,0.0604885,-0.089978933,-0.436593405,-0.21282963,0.314912691,-0.007759262037802833,0.11602213946921902,0.10120429966210787,-0.20229624186722797,-0.12943716866488297,0.23119105419795316
14-10-2021,-0.022231076,0.128826866,0.314457433,-0.109174111,0.228509469,0.515975428,-0.014881850330984343,0.12233257683143069,0.20516459698021422,-0.1570522984696454,0.04471343833524778,0.370082175962826
15-10-2021,-0.100275171,0.0786696,0.469616203,0.168214354,0.062723317,0.0,-0.05653710072019026,0.10132660000486057,0.33383400498369153,0.001442550462729772,0.05330819360699071,0.1900065245881469
16-10-2021,-0.09816225,-0.028861338,0.368249993,-0.058162135,-0.354449373,-0.029407037,-0.07691102985622628,0.03762126626378081,0.35069915620302206,-0.027419664155264686,-0.14553326322019824,0.083415496451627
17-10-2021,0.424332343,0.15461631,0.305268083,0.010488217,0.657498441,-0.121892166,0.16753390415541528,0.09481044248903193,0.3285588189009865,-0.008793571835799263,0.24605548284174278,-0.016336696870479506
18-10-2021,0.011910351,0.191611583,0.023048717,-7.79e-05,-0.278029929,-0.189250344,0.09147246465146533,0.14198178565068154,0.17970553287189683,-0.004832370669298743,-0.008953122303396427,-0.10096892002782125
19-10-2021,-0.31113238,0.062197974,0.38057378,-0.032639587,-0.301447786,0.013769917,-0.10483446953940871,0.10303942525862247,0.2775064243817472,-0.018246308791717954,-0.15165198875361255,-0.04507721509991775
20-10-2021,-0.301356265,0.522995415,0.046886492,-0.004274417,-0.125346055,-0.858259027,-0.20051107856936995,0.30772400459858135,0.16532013038894902,-0.011163967014909964,-0.13852348106564077,-0.4415847378583423
21-10-2021,-0.104703692,-0.15270722,0.182216093,0.030734089,-0.21954973,-0.513486633,-0.15425275102466565,0.0836033654956805,0.17311530518164728,0.009026617895051573,-0.17807455593001678,-0.47709842729054974
22-10-2021,-0.356100042,-0.046241855,0.327005208,-0.394057412,-0.151638011,0.483110243,-0.2526943476754048,0.020192612247973682,0.24816647871861247,-0.18735194509772152,-0.1653495217190981,-0.009577782894945042
23-10-2021,-0.265153656,-0.116936207,0.372075466,-0.287688883,-0.637356079,0.221167845,-0.25882620110601184,-0.04664193248501808,0.3087449587297151,-0.23608185600580167,-0.39528305170993944,0.10264096479616137
24-10-2021,0.001377557,0.188726747,0.426650769,0.18110877,-0.328008589,0.010827417,-0.13220086876642295,0.06792157744504818,0.3661854709082193,-0.03290405493715674,-0.36289350821789,0.05765285682493218
25-10-2021,0.469179502,0.685597962,0.531297283,0.297258683,0.426735817,0.321205889,0.16077360408819896,0.3688486464820597,0.4465642962927469,0.12782749274703503,0.021552302738690854,0.18609240808280572
26-10-2021,5.07e-05,0.294453951,0.304780697,0.028418784,0.035631551,-0.130954292,0.08262948544268062,0.33284992669330643,0.3775354711506293,0.07951059969624165,0.028644886143474893,0.031759948920029285
27-10-2021,-0.58189714,-0.298870393,0.438486706,-0.645424256,-0.142077809,-0.756947672,-0.24134168781042636,0.025184457805522475,0.4072758982640394,-0.2736369768989809,-0.05492161668286297,-0.3524054315411522
28-10-2021,-0.60561101,-0.054320355,0.011298685,-0.643156092,0.230317152,-0.602904046,-0.418971786370842,-0.013653708459481852,0.2145928796537349,-0.4538373808434962,0.08418587604140602,-0.47455024711743465
29-10-2021,-0.33706628,0.16397086,0.12730417,-0.32933261,-0.057798104,-0.59174729,-0.3791340489330186,0.07283846812559108,0.17196265285184606,-0.39343944959249966,0.015249972311731037,-0.5319517612591288
30-10-2021,0.0,-0.307852389,0.230020816,-0.387347945,0.556667531,0.457312632,-0.19446706093602836,-0.1129143371990117,0.20032631007873586,-0.3907129451603912,0.2791173573178839,-0.04977694767711077
31-10-2021,0.399979323,0.183777309,0.340448472,-0.126116736,0.576895778,-0.50349709,0.09509329220107096,0.0316593695707138,0.2686054642771371,-0.2620622117712827,0.4245050599634578,-0.27054320785625025
01-11-2021,-0.448491051,-0.300328056,0.408260151,-0.329372497,0.028225733,-0.598380219,-0.16946282884236674,-0.13003756970273153,0.33660942465827814,-0.2947741376309506,0.23179384445969783,-0.43073364272405157
02-11-2021,-0.370686034,0.69095547,0.33575454,-0.564143807,-0.136079341,-0.02348173,-0.26744002906011416,0.2699445066085532,0.3361709323221489,-0.426016217991389,0.053103857111936534,-0.2327235240459369
03-11-2021,-0.655165991,0.280817533,-0.046708113,-0.835582425,-0.232625531,-0.58151014,-0.4565079219295328,0.2752922342472874,0.149575046256578,-0.625934502894832,-0.08586803128992428,-0.4028043880646037
04-11-2021,-0.350886613,0.385715988,-0.067322528,-0.693476759,0.006371445,-0.887582654,-0.40562286746526616,0.3288366063871605,0.04366523692354176,-0.6594136950390921,-0.041246520075118,-0.639438679574499
05-11-2021,-0.238066873,0.661858649,0.0,-0.319515069,0.026988188,-0.076714446,-0.3242406292066016,0.4911072335706342,0.022229506695203027,-0.4942405720819669,-0.008050038390042882,-0.3655930704314506
06-11-2021,-0.065713456,-0.095892764,0.380554944,-0.232982952,-0.086025425,0.013066,-0.19812568262844588,0.20560893602557276,0.19654861082070837,-0.3668613602774582,-0.04595677244151518,-0.18086661677122814
07-11-2021,-0.382405871,0.12741461,-0.008729167,-0.266114232,-0.128901687,0.141289384,-0.28765487350967056,0.1676735968855186,0.09665154040314525,-0.31760575474958425,-0.08653907470677369,-0.02364959887750291
08-11-2021,-0.015613177,0.582170048,0.451384507,0.012885298,0.32198837,-0.099698773,-0.1550847302239834,0.3696197706358688,0.26945946908495366,-0.15658228049338693,0.1124788656398085,-0.06034873983545786
09-11-2021,-0.054644796,0.039763909,0.405298068,-0.063274202,0.101907703,-0.255231862,-0.10624625912680302,0.20933308802103054,0.335664883202824,-0.11097923111002989,0.10705315372476099,-0.15561733046965248
10-11-2021,-0.091468095,0.039939092,0.146830217,-0.259707649,0.399568977,0.433300628,-0.09936017003238556,0.12681968528029455,0.24366111799564194,-0.18343076366183983,0.24927639764767087,0.13152090994230586
11-11-2021,0.139865536,0.004240523,0.081566841,-0.061043924,-0.017517917,0.137930023,0.01740776247079362,0.06736360527962165,0.16458625776179342,-0.12371305062175089,0.11943048892448936,0.13509600973578587
12-11-2021,-0.348416054,-0.063036326,0.226863988,-0.595424521,-0.131277331,-0.132363472,-0.1605820359984544,0.003445732832480522,0.194822019654934,-0.3532591718728299,-0.0025566669808747486,0.004887294526932484
13-11-2021,-0.200731863,0.112568615,0.229076763,-0.700596417,0.0,0.303105267,-0.1798364912926771,0.05643873969001986,0.2116607865017232,-0.5221838337789078,-0.0011684015797524608,0.1505435436105603
14-11-2021,0.135250375,0.227332952,0.208976121,-0.719429596,-0.42994279,-0.083272777,-0.026219196185841315,0.13949473548110064,0.21052578792574111,-0.6181763365797796,-0.21007320708739596,0.037271221682559516
15-11-2021,-0.597453925,0.510400622,0.039009829,-0.25434092,-0.675149324,-0.019577654,-0.3043950673159229,0.3198772816553914,0.12709324579890613,-0.4410998413965598,-0.43680663087296373,0.009644958549391196
16-11-2021,-0.332556471,0.328617051,0.139335583,-0.078554741,-0.499290725,0.074296962,-0.3182633751656876,0.32439311300208,0.13290059404799928,-0.2645958517032977,-0.4674665586612488,0.041141481736797006
17-11-2021,-0.503595693,-0.142796015,0.144800852,-0.532922834,-0.465091599,-0.65197478,-0.40851804974752215,0.09689934220685846,0.13878624920143648,-0.3953245973664749,-0.46651939207870263,-0.29660887403303504
18-11-2021,-0.731226564,0.243710033,-0.090970613,-0.661456137,-0.675023385,-0.720883295,-0.5659861907331227,0.16812505542420297,0.026654216339648602,-0.5252377611602803,-0.5685920437370833,-0.5034386977022764
19-11-2021,-0.528926137,0.092166557,-0.359000378,-0.221007987,0.018575391,-0.497152754,-0.5482474721026,0.13119744168767006,-0.1614725958810165,-0.37730256099299464,-0.28293809034035805,-0.5005300635329063
20-11-2021,-0.75841709,0.572882742,0.023688752,-0.888920088,0.132372727,-0.500164893,-0.650925939252389,0.346444389122224,-0.07145260529786412,-0.6266370223883931,-0.08102062627165066,-0.5009311552642268
21-11-2021,-0.107519867,0.276906727,0.007096377,-0.093016593,-0.212803206,-0.043770591,-0.3866672336731598,0.3127776146212144,-0.03327818918266304,-0.36700628055605905,-0.1452648564894621,-0.27859731083394595
22-11-2021,-0.180105535,-0.039296628,0.221750246,-0.407953642,0.243398261,-0.076268491,-0.2860534895137297,0.1414790346783339,0.09081111085910439,-0.3868143279188079,0.044084273386507014,-0.18011279015520484
23-11-2021,-0.511059782,0.425095636,-0.429597277,-0.598438629,-0.525129605,-0.520846428,-0.3957301124444662,0.2796757940477653,-0.1628191000386912,-0.4897237490370119,-0.2332110520237519,-0.3464188208060849
24-11-2021,-0.587646434,-0.182435452,-0.210566637,-0.639299897,-0.469365116,-0.446451036,-0.4895615274461955,0.05456630354864406,-0.1863123636036299,-0.5624552591479635,-0.34814401988549964,-0.39531796600520863
25-11-2021,-0.532938125,-0.058577277,-0.241665648,-0.570036039,-0.457387367,-0.362568313,-0.5106278354613549,-0.0008402097129216572,-0.21342035166308077,-0.5663396775751318,-0.40116494331017327,-0.37959521030009746
26-11-2021,-0.772928407,-0.157335702,-0.452982064,-0.557527813,-0.802184862,-0.486492316,-0.6385318474450852,-0.07728954292814179,-0.3303542350615152,-0.5623489532253818,-0.5964821743940594,-0.4319572186358749
27-11-2021,-0.471133567,0.0,-0.286159732,-0.429180638,-0.646678502,-0.138558845,-0.5570585823561289,-0.03959323652070863,-0.3091171553149869,-0.4974872073829346,-0.6210194375843014,-0.28887625897993763
28-11-2021,-0.441392905,-0.312578976,-0.168034075,-0.398669423,-0.32527665,-0.120088115,-0.5005979380165096,-0.1727683404709917,-0.24051632536678336,-0.4492412292859243,-0.4768992061955132,-0.20637432603662442
29-11-2021,-0.062543995,-0.153862187,0.319417415,-0.407981005,0.001355553,0.450469391,-0.28715921706807235,-0.16372147526909406,0.032358487162269495,-0.42928063953097473,-0.24419930446133173,0.11382213714989481
30-11-2021,-0.616688072,0.137564145,0.000870709,-0.272105464,-0.143264535,0.139497779,-0.44741444029304056,-0.017390961143267797,0.017022925457214937,-0.3524194456819609,-0.19525707716496332,0.12671207555022224
01-12-2021,0.098652092,0.235361264,0.228785998,-0.155055493,0.361871485,0.612150137,-0.18157998082600668,0.1055681852673114,0.12020066579143629,-0.2564239910214712,0.07618845974476798,0.3633246171368969
02-12-2021,-0.305446525,0.445783201,0.0,-0.022483597,-0.21067579,-0.528728996,-0.24192903603171775,0.27141175225080794,0.06157558753322295,-0.1423535967873396,-0.06367631328226353,-0.07101393941193979
03-12-2021,-0.189056065,-0.10247469,-0.004170767,-0.424018707,0.038223919,0.149028081,-0.2160023012093573,0.08915790012501193,0.02984831451056113,-0.2792988718424937,-0.013744108098131164,0.03647008370450379
04-12-2021,-0.261424207,-0.073456664,-0.115725631,-0.353137159,-0.373281812,0.368192533,-0.23790155512903194,0.010100007241127279,-0.04092667093604625,-0.31504988859509303,-0.18862942526225623,0.19838565294444252
05-12-2021,-0.037764221,-0.080534496,-0.007940844,-0.152430067,0.065560525,0.104781307,-0.14021113138113417,-0.03401480461511105,-0.024731415635297883,-0.2356629386968941,-0.06462070310182629,0.15312915182630607
06-12-2021,-0.125635996,0.514016233,0.113574064,-0.082650416,-0.011494773,0.794033805,-0.13271777872478477,0.2330639754674836,0.04291694540162548,-0.16091522592206692,-0.03828028269624798,0.4657763501482478
07-12-2021,0.426751411,-0.041370071,0.056367431,0.052579377,0.290593021,0.802319105,0.14006706784939257,0.09950341577969544,0.04967409885750025,-0.05673370086858342,0.12232497418962975,0.6301156667689657
08-12-2021,-0.011440091,0.513755668,-0.16583531,-0.178935968,-0.102006497,0.261674089,0.06661286203680129,0.3015838231201409,-0.05518772687773718,-0.11605899053964742,0.013307555039033934,0.4510750067505095
09-12-2021,-0.110573032,-0.409081315,0.085209989,-0.194064569,-0.477326637,0.504689083,-0.019632540237148215,-0.04437191093349299,0.012982182355631127,-0.153882534839415,-0.22572344137052155,0.47719631631648235
10-12-2021,-0.09372019,-0.560189776,0.460607846,-0.438093362,-0.043010378,0.46565331,-0.055358066059584196,-0.2957926827592639,0.23107421859459829,-0.29227757554609046,-0.13675623193074618,0.4717819135533694
11-12-2021,-0.053703483,0.037295252,0.419642925,-0.333446303,-0.021102221,0.520276482,-0.05464743943098624,-0.1338406028950582,0.32294686020866137,-0.3124201813697361,-0.08071842562583988,0.49532157587498077
12-12-2021,0.0,-0.156085114,0.183262281,-0.292178085,0.711718278,0.231490007,-0.02786754463327776,-0.14503757814347895,0.25509236350646913,-0.30273794271576293,0.30543962142710507,0.36741701026951407
13-12-2021,-0.260133503,0.319233117,0.09626875,-0.204579184,-0.271545952,0.228698182,-0.1409282540134218,0.08113006611664997,0.17787378768433015,-0.2548395118240935,0.024496251942340758,0.2999682010896386
14-12-2021,-0.182804523,-0.056868922,-0.11523103,-0.383419442,-0.190404516,-0.06377779,-0.16125578298814064,0.013992405820760816,0.03525430773796198,-0.3174230806346674,-0.07995739327186713,0.12270779385945584
15-12-2021,-0.175131811,0.11922945,-0.00619456,-0.097498313,-0.11429592,-0.015477746,-0.16809279282413503,0.06532280977996596,0.01508708101121665,-0.21037739421837556,-0.09677744908775762,0.05539451143849265
16-12-2021,0.044766973,-0.292124373,0.438315348,0.000586356,0.0,0.135210941,-0.0644132196222136,-0.10910470229121642,0.22122406009801684,-0.10767443548729408,-0.04968007198358328,0.09382332915387707
17-12-2021,-0.24107278,0.187339674,0.126585831,0.048868938,0.2274542,-0.217402513,-0.1507868090912834,0.035281863478750744,0.17521825551115963,-0.03150541040629892,0.08512957247337921,-0.05824609665904454
18-12-2021,0.0,0.0,0.050081176,0.0,0.0,0.0,-0.07740943590191691,0.017795768315364495,0.11446256973856098,-0.01606447121657915,0.04377022702326138,-0.030066789160853293
19-12-2021,-0.397577175,0.045863242,-0.075884414,-0.265955198,-0.207744586,0.268894675,-0.23337552822037663,0.03173500020259279,0.021743102500926106,-0.13770159539284632,-0.07844542610355679,0.11525654155123675
20-12-2021,-0.637751421,0.107054284,-0.609163938,-0.671712721,-0.548387217,0.1191952,-0.43047523129323595,0.0687977862360053,-0.2859087544439731,-0.3976871185793806,-0.3074244058580949,0.11695821059479386
21-12-2021,-0.034196821,-0.190000372,-0.018434852,-0.034064956,-0.590334036,-0.212482597,-0.23764084601449484,-0.057269897496422494,-0.15603215416479269,-0.2205691734437552,-0.4454363300569699,-0.04379637993956312
22-12-2021,0.353888902,-0.058449099,0.107044379,0.269565645,-0.381587231,0.26584613,0.05040682500451671,-0.05778313941563212,-0.028070874196446487,0.01827033704401264,-0.41504633468253843,0.10689166647445812
23-12-2021,0.278075336,-0.405168902,0.137181466,0.145313015,-0.355544895,0.437856492,0.16152013109772598,-0.22726425621226562,0.05236345273081368,0.08030407326251218,-0.38614603467980246,0.2680631693914355
24-12-2021,-0.249950982,-0.103720832,0.167768923,-0.590705841,-0.918357308,0.187130797,-0.03873630142721733,-0.1671791905661138,0.1086932476475815,-0.24632638794826778,-0.6455622825555053,0.22883843354512975
25-12-2021,0.0,-0.708895234,-0.040609455,-0.315471646,-0.148575906,0.203419854,-0.01977929314744238,-0.43128240653439304,0.03602377015899602,-0.2801064370167872,-0.4037584742999316,0.2166059111545281
26-12-2021,-0.348017928,-0.043417126,-0.012725322,-0.465824438,-0.740374695,0.644205353,-0.17973813251202575,-0.24239959472809774,0.012023637301990305,-0.3707628260841633,-0.5680092199323793,0.4249840717279374
27-12-2021,-0.162137926,0.244544987,-0.144474852,-0.043244632,0.427898296,0.435867097,-0.17112523127370963,-0.005425228218024089,-0.06429391448715902,-0.21145519289658163,-0.08329339012091846,0.43068461285860393
28-12-2021,0.642708472,-0.089171124,0.38624947,-0.18764572,0.490543936,0.713699301,0.22527081580189878,-0.046229836308524265,0.15514121826518723,-0.1999862571237267,0.19623018162469175,0.5688372307860017
29-12-2021,-0.022174825,0.057510875,0.137700732,-0.235491866,-0.669979167,0.6399344,0.1051007640722692,0.004255839765884638,0.1467874056017651,-0.21724379037427932,-0.2255390584703903,0.6036619523030833
30-12-2021,-0.027015989,-0.573883156,0.266400186,0.084736493,0.00414567,-0.225556597,0.04119368857404992,-0.2774789006429917,0.2055318136947955,-0.0698363322124386,-0.11343581411730048,0.19996464486676002
31-12-2021,0.0,0.515239339,0.268996402,0.0,0.187173274,0.586943865,0.02117074799550241,0.10868149460622362,0.23659081216906047,-0.03583404716319913,0.03331750057611413,0.3887577777774305
01-01-2022,0.0,0.087743936,0.358503204,0.0,-0.731436298,0.113464714,0.010650002391422131,0.09858428121733381,0.29606720725179153,-0.018564952285600213,-0.3390155231955085,0.2547104045087113
02-01-2022,-0.243753169,0.609257393,0.262835312,-0.555617194,-0.432949353,-0.346116135,-0.11346177546579844,0.3476980508234627,0.27997504518660565,-0.28031997767293726,-0.3847701098773538,-0.038127591295706614
03-01-2022,0.175601261,0.814724316,0.351180101,0.408399903,0.094397512,0.51857856,0.027455205136479456,0.5755145007864817,0.31473592698035047,0.055418802471828815,-0.1509874086817795,0.23296159950675893
04-01-2022,-0.211573463,-0.329014425,0.605934253,-0.154461036,0.060544272,0.541049479,-0.08898323492252795,0.13562174799646176,0.45682892446099505,-0.04660530243634706,-0.047930053108895844,0.3830812282998636
05-01-2022,-0.489046829,-0.05251195,0.050204314,-0.036232012,-0.234069349,0.540659022,-0.283734773374451,0.04407347214643793,0.25901136834908617,-0.041291476314878506,-0.13818832300864553,0.4596916832108099
06-01-2022,0.022051484,0.57595426,0.102508465,-0.306898305,-0.373656916,0.636994232,-0.13483021217644853,0.30308304221917276,0.18301287204450384,-0.17069468564361123,-0.25326029835820374,0.5460887732407891
07-01-2022,0.352654593,-0.096713105,-0.202172432,-0.116983848,-0.408739424,0.061995992,0.10219170638831265,0.10854440484437766,-0.004776542661574443,-0.14451609898016027,-0.329471362708714,0.3101334369039844
08-01-2022,-0.21601291,0.41001567,0.15106024,-0.408161672,0.431198097,0.096624836,-0.052761398192125934,0.25545372543578326,0.07105925131427153,-0.27290858206859414,0.04134013838344411,0.20590693805025567
09-01-2022,0.483279791,0.481105759,0.110294467,-0.117012715,0.67754577,-0.063084597,0.2083834671107222,0.36590626774347335,0.09005364522954054,-0.19717741268119426,0.3513244363689688,0.07512099962902541
10-01-2022,-0.052122724,0.224827398,0.004074031,-0.464808982,-0.056246742,-0.371454797,0.08159329643107463,0.2970796404847358,0.04805317677879999,-0.3276905486466978,0.1528563502688386,-0.1427693748440056
11-01-2022,-0.009151367,-0.164183275,0.261625469,-0.197074695,-0.050387576,0.221338288,0.03743282253610453,0.07248079953095182,0.15191373083398854,-0.26425730267854575,0.05438360633360566,0.03446606567343906
12-01-2022,-0.106438614,0.372295449,0.466416467,-0.122778342,-0.331867988,0.182765577,-0.03248741627629187,0.21821855169991283,0.30507160487526347,-0.19514768893505097,-0.13349713364641275,0.10695399214135295
13-01-2022,0.0,0.276887107,0.334020176,-0.374023722,0.0,0.0,-0.01678847387618701,0.246432190674639,0.31914684432939333,-0.2826708312593117,-0.06859824312958288,0.054590475786213774
14-01-2022,-0.192711841,-0.236821169,-0.11260062,-0.31826666,0.0,-0.406373154,-0.10237807789243278,0.011346541353889128,0.10862040546613028,-0.3000927167058276,-0.03525705167736708,-0.1702939665182497
15-01-2022,0.0,0.505120501,-0.056713742,-0.053493308,0.397143487,0.240145081,-0.052259433661158775,0.2519542465321536,0.028105347171951102,-0.18011236850967277,0.17553301962297416,0.029232319757277844
16-01-2022,-0.163646668,0.263522753,0.102602365,-0.511511021,0.100154414,0.476030054,-0.10657369363989541,0.2573895665512489,0.06435437895110442,-0.3414921457923063,0.13914885819804806,0.24653664573166556
17-01-2022,0.261281232,-0.118280746,0.223222474,0.092539161,0.747431387,-0.388835607,0.07236156154933115,0.07458145097241038,0.14192063231756208,-0.13017003136472644,0.4358455851259092,-0.06290414500851713
18-01-2022,0.600869781,-0.239959574,0.501774452,0.24537625,0.069312604,0.022202464,0.3300311060895788,-0.07887183187255639,0.31723679427208457,0.052969573860193325,0.25727253101443337,-0.02153887017761194
19-01-2022,0.487173859,0.149443553,0.418474545,0.265514857,0.277677909,0.39485492,0.40649649396634346,0.03201688505390683,0.36668843185313094,0.15662764897874343,0.26695350819464325,0.18135515651195586
20-01-2022,-0.00915357,0.435099086,0.258808895,-0.276389684,-0.448326535,0.128209235,0.20427493057027077,0.2282801585995806,0.31435403949909896,-0.05395434662513911,-0.0813326175059717,0.15580506804733418
21-01-2022,-0.335561262,-0.363573244,-0.151090207,-0.514469998,-0.488515331,0.249581892,-0.058602503479972326,-0.059829203088369545,0.08762094063840985,-0.2782301738950912,-0.27973240806153016,0.20145277712122647
22-01-2022,0.003527269,-0.145292384,0.030168691,-0.057567143,0.502989371,-0.074763923,-0.02830303754809979,-0.10173504431967638,0.059395172392845814,-0.17081888764115938,0.10164424754461515,0.06689078315887863
23-01-2022,0.146054943,-0.239570243,0.297192466,0.184520586,0.482064586,0.107094446,0.05662712952349816,-0.16912351190456534,0.1750804302845216,0.002429531891084094,0.2870491667449335,0.08651959911462237
24-01-2022,0.333726751,-0.148151904,0.407991166,0.180203205,0.331496583,0.0,0.19178546984721265,-0.15886410882821736,0.2887335900675479,0.08924022462847986,0.3088820567205125,0.0446726072271531
25-01-2022,0.121073022,0.129911954,0.221129119,0.018037442,-0.40542317,0.213534073,0.15745307226749747,-0.018583261113575555,0.2560106829266494,0.05463852079907082,-0.039184254508862204,0.12682120608021058
26-01-2022,0.347940365,0.013341162,0.396307639,-0.119078244,-0.010087789,0.757299885,0.25045812771826026,-0.0032045036572159093,0.32445888634731423,-0.02964576264374026,-0.025094766067245804,0.43377573404222575
27-01-2022,-0.329388722,0.540011772,0.164062225,-0.340593816,0.265467349,0.001760994,-0.032051656557013836,0.2615233984387395,0.24637593558932275,-0.18121631810387648,0.11598895238892379,0.2238069391717058
28-01-2022,0.105919162,0.033341952,0.382343796,0.195748192,0.5723928,-0.032536507,0.03477569715123092,0.1506636682366952,0.3124615181305441,0.002177388315778711,0.3383791767076828,0.09904066676325167
29-01-2022,-0.343889143,0.088516073,0.091091032,-0.257888689,0.0,0.389841545,-0.1499914164265071,0.1203859353813496,0.20454344133582536,-0.12469083919484161,0.17355749316378813,0.24053628743615918
30-01-2022,0.401319898,0.201405757,0.00918801,0.187178299,0.156394896,0.447128417,0.11852173748829418,0.15966389651637575,0.10933206008338467,0.027346771023638486,0.16558141316027913,0.341258220769973
31-01-2022,0.659692751,0.196411797,0.427061899,0.241807798,0.260811777,0.659051572,0.3824633765740565,0.1778920038286567,0.264292432639746,0.13216875098279937,0.21238348390946615,0.4961449090154191
01-02-2022,-0.040261183,0.122998154,0.391537007,-0.363276546,-0.024984296,0.517246897,0.17674569232780407,0.15134794465369633,0.3264315237393708,-0.10909599825921275,0.09655702572765627,0.5067798401209278
02-02-2022,-0.131214481,-0.108479276,0.286358985,0.190541593,0.088088619,0.020230549,0.026725628357967768,0.02500174752369734,0.3069261952989829,0.03670625735218108,0.09219216671397618,0.26997942601496555
03-02-2022,-0.255478553,-0.1407699,0.010341092,-0.099840236,-0.304531051,-0.055714538,-0.11095542071947989,-0.05565532124055925,0.16236640595296728,-0.029908564354131053,-0.10124091629030657,0.11146777395607753
04-02-2022,0.41055034,0.166409341,0.680308189,0.232667843,-0.616092405,-0.001804717,0.142979839652703,0.05242017138098745,0.41467271613055007,0.09798969788967077,-0.3518894583710899,0.056217802269892855
05-02-2022,0.114112405,0.068256341,0.278261676,-0.36324766,-0.033275916,0.004818495,0.12878845957423088,0.06015982952521069,0.34822424708412436,-0.12659189710330854,-0.19687194036404176,0.03074121755001066
06-02-2022,0.0,0.442409235,0.134981109,-0.162034705,0.244586065,0.782869771,0.06632643106293845,0.24609532990096464,0.24444575541827573,-0.1437270485140753,0.01792102067093805,0.3971984075186715
07-02-2022,-0.260043943,-0.457091059,0.288582757,-0.261160603,-0.126598124,-0.335856835,-0.09270671424208785,-0.09636721268566764,0.2658639300643645,-0.20115150334660373,-0.052832917065320464,0.04031820773161329
08-02-2022,-0.420294801,-0.264996781,0.151537296,-0.302282833,-0.14217976,-0.667461116,-0.2521528431357709,-0.17863866274316204,0.21027202564111097,-0.2503878028261993,-0.0963957171494847,-0.3047306550127384
09-02-2022,-0.147717557,-0.250239643,0.256347625,-0.02225089,0.340799073,-0.721348525,-0.20167684091709542,-0.2137585080976429,0.23284487011644556,-0.13951013909544896,0.1164501196720687,-0.5081742702563147
10-02-2022,-0.176087078,-0.419555654,0.219246852,-0.26353606,0.257151056,-0.513020291,-0.18974350966797168,-0.31427779509484366,0.22609945553657326,-0.20017235780774592,0.18491051686521198,-0.5112589817557549
11-02-2022,0.128288819,0.0,-0.114215674,-0.161038507,0.255617424,-0.577593329,-0.034889916735555554,-0.16143186278886357,0.06019435708305609,-0.18100510210629367,0.2194892691783903,-0.5442149743087877
12-02-2022,0.264479107,-0.209060522,0.099312527,-0.095206716,0.14172114,-0.10462341,0.11102326755510851,-0.18466951648428465,0.07911261431688954,-0.13943424899175486,0.18168188265525306,-0.33039465781023464
13-02-2022,-0.038649389,-0.025632892,0.055786571,0.069140104,-0.404665709,-0.342199137,0.03832955590682345,-0.10721362906141617,0.06779073855914797,-0.03784076638587801,-0.10368690432215594,-0.33631614460467285
14-02-2022,0.616819657,0.149171463,0.520373537,0.655081099,0.091250948,-0.321477435,0.3199408292568402,0.01752827965401923,0.28791061607556906,0.2995850604275407,-0.00839490779829652,-0.32929408949644
15-02-2022,-0.576864679,-0.278519097,0.184222134,-0.170589017,0.311991753,-0.701803012,-0.11685780575716403,-0.12673831726588902,0.2373992683228275,0.07092585758726189,0.1477138332578579,-0.5109886813588124
16-02-2022,0.085408594,0.690576375,0.344195103,-0.055326129,-0.554026718,0.040814798,-0.018385482273546354,0.2711068916474503,0.28949401237504907,0.009559964839521054,-0.1942362704624479,-0.2429506516526794
17-02-2022,-0.501531426,-0.08199484,0.233097578,-0.235596394,-0.706626772,-0.448329545,-0.25362575719959424,0.09952620503176055,0.26201807033542335,-0.1097130719327386,-0.44391635256194273,-0.34295424182242
18-02-2022,-0.611351924,-0.367352764,-0.060353408,0.002073141,-0.41721021,-0.703421968,-0.42780764735749344,-0.12771257265442648,0.1050262488826732,-0.05513110428491448,-0.43109212815034714,-0.518373963360883
19-02-2022,-0.412051178,0.214496864,-0.001226017,-0.338878982,-0.517645524,-0.04427063,-0.4203047141149253,0.03908883191890955,0.05316601162471244,-0.19339428329077635,-0.47373979103109276,-0.2872635883255209
20-02-2022,-0.300278764,-0.0790297,0.276432604,-0.365815706,-0.189941155,-0.07242636,-0.36197914419922095,-0.018174487026231978,0.1618391702993779,-0.27735501243345106,-0.3359254440796359,-0.18245428897901925
21-02-2022,0.147075324,0.291597002,0.431371266,-0.02628086,-0.124081852,-0.101026574,-0.11427030628002674,0.1327358156954794,0.2933271546965939,-0.1551030741016238,-0.23308140401249516,-0.142537470722903
22-02-2022,0.685827082,0.070316483,0.442427742,0.490333065,0.029320103,9.01e-05,0.27530463472528477,0.10253685933855206,0.366089690054032,0.1593181546966621,-0.10547101487559482,-0.07307241084397756
23-02-2022,-0.233152037,0.268015764,0.500313611,-0.584022706,-0.17251394,-0.343618705,0.027777724899420694,0.18323813274667733,0.4316763727005681,-0.20278376396275818,-0.13794901326229242,-0.2047164862654866
24-02-2022,0.529723978,-0.003512383,0.45624446,-0.043970339,0.513286876,-0.285712109,0.27196217681220464,0.09227386007101389,0.4435910213896571,-0.1259413035959554,0.17919289723795634,-0.24410539411435053
25-02-2022,0.312168105,0.311758917,0.370663973,0.270495351,-0.053280163,-0.312570028,0.2920769209734236,0.19943752200539439,0.40822156778383495,0.06723147185333413,0.0658490059675241,-0.27717777643986385
26-02-2022,-0.004677414,0.624256262,0.20455958,-0.247843387,0.414759456,-0.344470596,0.14762548561443367,0.4061059278819771,0.3090365526863032,-0.08619792733545986,0.23622353530127477,-0.31016019929704386
27-02-2022,0.116891798,0.151118028,0.203586224,-0.387112212,0.666191458,0.388029514,0.13305444085654,0.2821777181254653,0.2577079300039654,-0.2327116113798297,0.4462897555656896,0.03008553131568445
28-02-2022,0.419946193,0.557810737,0.353795609,-0.244820185,-0.333806889,0.481245839,0.2732904928334941,0.4168696564915663,0.30471933486048186,-0.23875651750591775,0.06675979545556926,0.2503469442460269
01-03-2022,0.104479825,0.139549529,0.349604108,-0.232621476,-0.363401706,0.233662657,0.19147037692047786,0.2818839602433672,0.3267770226022338,-0.2357054283987013,-0.14245379127161822,0.24240098291530765
02-03-2022,0.324876883,0.517730182,0.257512671,0.433442046,0.081166078,0.397962155,0.2567713148029873,0.3970127038539758,0.2930624439083118,0.09038584198458939,-0.03347609617990116,0.3183860416063071
03-03-2022,0.120297884,0.024913385,0.356448102,-0.152090089,0.394599453,-0.576627817,0.19034907682730814,0.2157901931986023,0.3238583653582434,-0.027676800687844838,0.17513973624486884,-0.11740726768387003
04-03-2022,0.540058808,0.264304299,0.421238901,0.193375296,-0.109589515,-0.083141435,0.3604214644904464,0.2395166050059343,0.371228929204936,0.07969924237149494,0.0365092286238492,-0.10078570622083924
05-03-2022,0.258493496,-0.048705049,0.387607654,0.289322022,0.109486765,-0.074222703,0.31112989535044183,0.09907650555378308,0.3791286551270414,0.18223959911177895,0.07219369766881854,-0.08769356974260517
06-03-2022,0.115542982,0.073295292,0.099472635,-0.057831941,-0.210888083,0.138131058,0.2157038465597387,0.0865794315193241,0.24283161362022818,0.06541630286443009,-0.06599806156545611,0.02245162407542712
07-03-2022,0.642331256,0.219871441,0.489771712,0.119529263,0.367347516,0.0,0.4234981518984394,0.15138006842849816,0.36306228859409695,0.09165313926640228,0.14512128017657344,0.011720851224227516
08-03-2022,0.399563049,0.207137372,0.575293146,0.130847757,0.148730015,0.203537182,0.4121023821494275,0.17825199123712898,0.46656005688511293,0.11095936949010042,0.14671228229153785,0.10539517582207313
09-03-2022,0.028307788,0.031303659,0.340610914,-0.10340652,-0.615410285,-0.247177229,0.22529957800559008,0.10667515977353627,0.40536031962570496,0.006828503694637847,-0.22491814482559422,-0.06655436847043406
10-03-2022,-0.131685983,0.0,0.096975326,0.225586365,-0.023033304,0.173464105,0.05125448627661952,0.0544229933134674,0.25514622447059315,0.11356400067648996,-0.1264917481293699,0.050043677652598526
11-03-2022,-0.088695335,0.379642453,0.207897931,-0.092846372,-0.19056451,0.139742942,-0.016962475518136122,0.212818079984654,0.23206815150530383,0.013214911760663646,-0.15756129279081138,0.09363157099458247
12-03-2022,0.090756568,0.377590361,0.077018796,0.367000179,-0.395845772,-0.053008783,0.03530660518381867,0.2929065601662084,0.1565118776327614,0.18531957032762614,-0.2738022032579196,0.021999269168076502
13-03-2022,0.179942813,0.265823733,0.186778995,-0.007236846,0.240912513,-0.107697209,0.1057210895738522,0.2798778919573154,0.1711341387118368,0.09171472800788942,-0.023446124395584383,-0.04081806536628975
14-03-2022,-0.713005297,0.088716496,-0.26325701,-0.369186844,0.629909336,-0.619279548,-0.29343409278623245,0.1867531593202285,-0.04065756650657312,-0.13290089264856836,0.29492396995299575,-0.32261994230825325
15-03-2022,-0.713005297,0.088716496,-0.26325701,-0.369186844,0.629909336,-0.619279548,-0.4981926173684288,0.1391354028448062,-0.14937420122267392,-0.24828188742999824,0.45824479251789135,-0.4673073799951462
16-03-2022,-0.115339548,-0.093754332,-0.11330252,-0.58403114,-0.570019112,-0.110328747,-0.31204602218935,0.025711668788616054,-0.13195426582152883,-0.41197798578780787,-0.04231349287010264,-0.293761741063515
17-03-2022,0.426751379,0.624345767,0.353220739,0.104079349,-0.105273894,-0.224028804,0.04730647954878797,0.31724755951948447,0.10403891997607571,-0.16088290050637982,-0.07324198611399738,-0.25996979242839985
18-03-2022,0.489438843,-0.323081324,0.128303383,0.03310574,0.024008754,0.704323925,0.2624962444946878,0.0053457346379683635,0.11556844483713588,-0.06655195200399174,-0.025998771848042775,0.20954952594852086
19-03-2022,-0.06432898,0.427945567,0.306367926,0.35853403,0.509416596,0.104074434,0.10341124752918596,0.21122150880174362,0.20838697435799486,0.1405740271904442,0.235222607770018,0.1584449387204469
20-03-2022,-0.006683404,-0.147719359,0.419924999,0.005717651,-0.650682222,0.353053168,0.049918580269789695,0.036475436683645376,0.3115179945968414,0.07481889775162516,-0.19623267828200464,0.2532493223504966
21-03-2022,0.506641348,0.273849319,0.392410358,0.244146726,0.185012181,0.755134647,0.27252118753100385,0.15191190919612949,0.35099323723483283,0.15741986638041294,-0.01049258714716196,0.4978396914025697
22-03-2022,0.313937412,0.423526699,0.473108886,-0.013788995,0.683714018,0.483239047,0.29281199237009314,0.28410349808095936,0.4106582095146985,0.0738764643108981,0.32796582319339357,0.4910677580064907
23-03-2022,0.599691268,0.557063885,0.454333782,0.353269272,0.0,0.0,0.44239445142498657,0.4171019274297438,0.43207588763620697,0.21004774652837865,0.16823389488435467,0.2521893691622368
24-03-2022,0.108739421,0.61501338,-0.106876153,-0.182398136,-0.591370673,-0.24586603,0.2805531325834608,0.5137285725251857,0.16992801196270824,0.01920611315348604,-0.20213391548831172,0.010075666073805473
25-03-2022,0.108739421,0.61501338,-0.106876153,-0.182398136,-0.591370673,-0.24586603,0.19746102892340947,0.5633383462718722,0.03533680487390643,-0.07877524844532549,-0.3922870896722554,-0.11422965384416928
26-03-2022,0.473534586,0.879345037,0.176420539,-0.044699698,-0.555277935,0.276354048,0.3321588158402648,0.7177051439228057,0.10416537192983139,-0.06186026678308036,-0.4715865047779924,0.07606144433706169
27-03-2022,0.025238883,0.388400614,0.112425974,-0.434976256,-0.25285287,0.15755886,0.18256788054078046,0.5573249037532594,0.10803553929030713,-0.24374635087980023,-0.36524596612763144,0.11595328778208482
28-03-2022,0.025238883,0.388400614,0.112425974,-0.434976256,-0.25285287,0.15755886,0.10572646534159774,0.4755703769616473,0.11016200517595616,-0.3370857743386373,-0.3107290723731743,0.13585883574425467
29-03-2022,-0.404158495,-0.031131529,-0.571471576,-0.25979016,-0.025154854,-0.670845821,-0.14258553242127608,0.2287332617850213,-0.22205351412776247,-0.29985843172774773,-0.17210499728105388,-0.257150314722478
30-03-2022,0.122177977,0.037847179,-0.097052715,0.026683048,-0.265740017,-0.045743185,-0.013676243194799369,0.13596641867330791,-0.1615508073190056,-0.14095593857262015,-0.2174275188759322,-0.15453049054423726
31-03-2022,-0.551835881,0.164039171,0.0,-0.701052478,-0.476561005,-0.81362351,-0.2761917987607371,0.14955805369290748,-0.08318625661609902,-0.414075379054294,-0.3439276329231027,-0.4762065492986858
01-04-2022,-0.759868297,0.070836027,-0.516141101,-0.738501102,-0.648014975,-0.592926303,-0.5122062954436856,0.11103458403650346,-0.29446803767879093,-0.5723847258805612,-0.492717041014358,-0.5336676390842562
02-04-2022,0.0,-0.105801013,0.0,0.0,-0.037463155,0.0,-0.26334730766992326,0.00511509781905406,-0.1514666325331379,-0.29409115480230874,-0.2712215218993609,-0.27399410177956396
03-04-2022,-0.598310307,0.034500263,0.109035117,-0.777937213,-0.618943148,-0.09544297,-0.4267729615762104,0.0190534800837373,-0.024577069090545654,-0.5298916163710383,-0.44043400828839885,-0.18702091073394064
04-04-2022,-0.110086732,-0.141145549,0.084108826,-0.217656711,0.261836295,-0.432271059,-0.27281454260153154,-0.05936546691257084,0.028426043450354883,-0.377985317982782,-0.09819228621755527,-0.3064710113116534
05-04-2022,0.377549643,0.461363246,-0.091680296,0.039567344,-0.085058899,-0.054711738,0.043582022876489324,0.19375304879543506,-0.030181876022187262,-0.17475909259022504,-0.09151025449922937,-0.1841745298085902
06-04-2022,-0.357959631,-0.190759392,-0.144927208,-0.636942023,0.309360709,-0.697068704,-0.15203886681226808,0.006296780489240442,-0.0861745571569568,-0.39977461941799153,0.10389528360426965,-0.4342699502103726
07-04-2022,0.069269065,0.117194258,-0.056049402,-0.040801882,-0.122900515,-0.744044498,-0.04432691569701876,0.06008943826914396,-0.07162063230905001,-0.22486023036698546,-0.0063790949970849165,-0.5855599640600905
08-04-2022,-0.601253714,0.502375134,0.042337073,-0.563146499,-0.588391828,-0.597904094,-0.31544016682802756,0.2756288769216175,-0.01579018342610927,-0.3896526278521458,-0.28992575170573803,-0.5915211802451046
09-04-2022,0.194454182,0.810876794,-0.00358986,-0.24941621,-0.326748032,0.475113714,-0.0672894921063027,0.5365506526885016,-0.009795765047181194,-0.32158717770679973,-0.30788066978917555,-0.07219195309435439
10-04-2022,0.002260697,0.209668323,0.079448865,-0.109860387,-0.025085327,0.006728773,-0.033104003722651126,0.3775235984552278,0.033678404902819765,-0.21819798854614358,-0.16999736830251802,-0.03328183506410896
11-04-2022,-0.4934709,0.096499792,-0.757286626,-0.389025143,-0.376679131,-0.778418259,-0.25694547979915405,0.24079813741696565,-0.3513411562537377,-0.30110287161656407,-0.27039693923342045,-0.395967473679848
12-04-2022,0.408740277,-0.624959062,0.112611756,-0.236310473,0.030485943,0.497390473,0.06721924516240582,-0.180786388922733,-0.125519788808376,-0.2697225194267033,-0.12395034902254322,0.039033607210275295
13-04-2022,0.273448383,-0.194768281,0.255068614,-0.07024863,-0.100158679,0.603107318,0.1681073305105384,-0.18773189183130906,0.05975855797256968,-0.1722231508470727,-0.11205206728197278,0.31393534124371103
14-04-2022,0.180190902,0.0,0.196797917,-0.203618295,-0.723042935,0.0,0.17416697063909964,-0.09629725245367418,0.1265094348118718,-0.18749078628577193,-0.40996041949019546,0.16144779987491192
15-04-2022,0.100257139,0.192640146,0.071771221,-0.098812954,0.574211939,-0.186662515,0.13803178190924636,0.044128122681279386,0.09997610202645085,-0.14442747123406213,0.06932977035935811,-0.008018533589588026
16-04-2022,0.0,-0.029142712,-0.156505618,-0.213794429,-0.65651943,0.49441892,0.07108982583271413,0.008575996185720395,-0.024830691191396206,-0.17791788080686255,-0.28445490022522313,0.23719768922035772
17-04-2022,-0.079058445,0.548562891,-0.175820885,-0.377203607,-0.804096693,0.305339193,-0.002061719999934923,0.27159183702815015,-0.09837419671226369,-0.2750954830558108,-0.5377260634997043,0.27100482875072046
18-04-2022,0.571482619,0.269946732,-0.260956543,0.277088873,-0.523522385,0.463963878,0.27774226958987913,0.270647244294235,-0.17767203457518704,-0.005891056372383463,-0.5307745756362634,0.36555378979088593
19-04-2022,-0.168092627,0.337087458,-0.203943316,-0.201564767,-0.381769354,0.471994018,0.060581850949360416,0.30268215086582917,-0.19057941570996684,-0.10107286484618172,-0.458305300532758,0.41734384837580596
20-04-2022,-0.207259988,-0.327047039,-0.342702029,-0.2096923,-0.476851197,0.293464824,-0.06987531198780667,-0.004066072673945792,-0.26486142174102445,-0.15398712140262094,-0.4676095250620518,0.35724422101356523
21-04-2022,0.151660304,-0.16413025,-0.176230399,-0.006444224,-0.827608064,-0.130395756,0.038320127553429034,-0.08211215989481353,-0.22137481054086566,-0.08195806132903732,-0.64305824115188,0.12036875009512646
22-04-2022,-0.02246625,-0.406701748,-0.530514768,-0.1582843,0.455737333,-0.338891657,0.008475155471584167,-0.23991657052959353,-0.3721957799769404,-0.11904872379717958,-0.10813945608741277,-0.10361802265997225
23-04-2022,-0.210981708,-0.343869948,-0.302569765,-0.117808473,0.091152656,-0.188898548,-0.09860915902677042,-0.29059095206528535,-0.3386627060416992,-0.11847472756312752,-0.01104870709581613,-0.1456051344752848
24-04-2022,0.14389537,0.034773277,-0.027003843,-0.437895027,0.151276267,0.378276988,0.019366889003575014,-0.13225272761694237,-0.18715360258911698,-0.27404443591411887,0.06847795136892103,0.10954148138501282
25-04-2022,-0.477926131,-0.772777567,-0.518282898,0.296622849,-0.175854013,-0.072480867,-0.22296587284439429,-0.4445197381025662,-0.3486413009056143,0.0038776780675948974,-0.050874863828721424,0.021043318856638855
26-04-2022,-0.119472518,-0.410238728,0.069247554,-0.504329753,-0.146989927,-0.109335262,-0.17268185473534026,-0.4280754767477901,-0.14516376402046827,-0.24358749874692526,-0.09732688413783168,-0.0427710128780948
27-04-2022,0.439604159,0.438939106,0.250493776,0.171615618,0.417132597,-0.302211882,0.12556762464196217,-0.006268993367004566,0.04762074993944544,-0.041216485138977785,0.1537574922233595,-0.16938719885214806
28-04-2022,0.006726341,-0.187092451,-0.144988174,-0.185986319,-0.668470788,0.792211692,0.06739132412979447,-0.09453797074166784,-0.046027551199565,-0.1119461289014142,-0.2464145856684592,0.2987138835792387
29-04-2022,0.1464698,0.204702132,0.248629586,0.195675284,-0.526486636,0.18079122,0.10606459516398235,0.050985057559357484,0.0976281766975203,0.03798348553927361,-0.3827825799829281,0.24115417947239715
30-04-2022,-0.060592944,0.295402081,-0.115736969,-0.234619617,-0.640725317,-0.543566126,0.025062827721007562,0.17030013466676863,-0.0060509252450090395,-0.09467597316157808,-0.5083947071023989,-0.14119627256600767
01-05-2022,-0.33110653,0.003348227,-0.236789272,-0.19826864,0.0,0.086896934,-0.14854241482274744,0.08916803628104514,-0.11836180313085976,-0.14520132850300901,-0.260505403284339,-0.030075294805240432
02-05-2022,-0.393050635,-0.484481621,-0.188885974,0.237188301,-0.039283506,-0.142601621,-0.26774570278424803,-0.19000829254890367,-0.1524658369637307,0.04110812430287483,-0.15316954338387723,-0.0847069729033104
03-05-2022,-0.2737937,-0.776068906,-0.536679849,0.121765911,-0.460442515,-0.020674564,-0.2707275000691092,-0.4754433309696693,-0.3395629533330024,0.08050336604584676,-0.3030253172031278,-0.05344559483670555
04-05-2022,0.090467208,-0.655681695,-0.113305766,-0.12555865,-0.299726569,0.222445666,-0.09500946553769621,-0.5635723368137804,-0.22952358913937726,-0.019569225176713015,-0.30169983849035076,0.08070174946109603
05-05-2022,-0.13131801,0.0,0.235763672,0.01851976,-0.362982342,-0.303273349,-0.11246167396285409,-0.28886853956786307,-0.0026552409680213745,-0.0012082095431292066,-0.3316348809460462,-0.1062770586367325
06-05-2022,0.39296264,-0.309520779,-0.033059059,0.738894727,-0.145186367,0.466972632,0.13378687046516863,-0.2988551174892463,-0.01751265159912485,0.35968404711792634,-0.2409111076151684,0.1730137560455537
07-05-2022,0.1756804,-0.301009856,0.118859685,0.434263749,-0.15728708,-0.232676772,0.1540079038759466,-0.30036236757777535,0.048762175624444286,0.3961361032768007,-0.2005772452857971,-0.024345195955640844
08-05-2022,-0.102623558,0.613712692,0.227055195,-0.151380524,-0.669369836,0.240415295,0.029067627493862984,0.14490743226056413,0.1357471850311733,0.12974534206089913,-0.4286842520892239,0.1041405956867027
09-05-2022,-0.11709851,-0.319107904,-0.519446417,0.446116146,-0.440232489,-0.195015024,-0.042217733282591485,-0.08119926527493576,-0.1835350362871731,0.28384124036705816,-0.43424994623950985,-0.041656419079385866
10-05-2022,-0.630604002,0.121133854,-0.315194795,-0.308909648,-0.219369282,-0.582450343,-0.32886984350250825,0.017144515132446365,-0.2477220910032536,-0.004627256704892779,-0.32943143981069267,-0.3048215940061667
11-05-2022,-0.048192628,0.177860838,0.067583739,-0.31930513,-0.069516665,0.430817758,-0.19212170000187764,0.09545452974199697,-0.09411095118440826,-0.1578191692325936,-0.20300446235724096,0.05334116278187356
12-05-2022,-0.155636692,0.552548308,-0.232642888,-0.003442801,-0.332613587,-0.712463563,-0.1742215157169391,0.31851152783277253,-0.1615453507446288,-0.08285146994192882,-0.26625191733786346,-0.3196396389567363
13-05-2022,0.087323878,-0.077834065,0.425053864,0.236093244,0.242349572,-0.211960293,-0.046734100483761254,0.12608947458597644,0.12448008975264868,0.0724124543157203,-0.01833938658571141,-0.26736331564193405
14-05-2022,0.17297791,0.143891917,0.234148455,0.459467951,-0.21931982,0.076591956,0.0602251617448733,0.13524759864531222,0.1780582712168732,0.26110976755291115,-0.11608317022606861,-0.10009100244864176
15-05-2022,-0.090991039,-0.244596808,-0.03404628,-0.393326201,-0.830967005,-0.265635453,-0.013329048894641874,-0.049729844636991025,0.07468453711378785,-0.05758292865354475,-0.46422357105625583,-0.1806187614677927
16-05-2022,-0.08781827,-0.163750396,0.082937708,-0.091721871,0.280459935,0.019270599,-0.04987232771842845,-0.10511991086784311,0.07877231035983193,-0.07470936152528113,-0.10160941141344404,-0.08363360966829417
17-05-2022,-0.114178614,-0.106298235,0.52605843,-0.368219055,0.620973422,-0.078019169,-0.08134238730514111,-0.10557253599839014,0.2966665548728721,-0.21802371789825034,0.25046957096108424,-0.08080582646108236
18-05-2022,0.224603858,-0.785734274,0.257669283,-0.184130719,-0.251345219,0.512207152,0.06772870926379634,-0.43739529435209146,0.27771013165544456,-0.2015522709823907,0.006554272926651325,0.20791265639758308
19-05-2022,-0.473619012,-0.376702358,-0.303899933,-0.35578886,-0.141304262,-0.162998036,-0.1959028782793768,-0.40789886086830773,-0.005157723725123825,-0.2770983606947344,-0.06520581423782618,0.027453714630835707
20-05-2022,-0.171602876,-0.629890891,0.13166425,0.047831822,0.0,0.020414506,-0.18379431828437898,-0.5163820409854577,0.06169457284274364,-0.1187717055533841,-0.03334176555818027,0.024402351046646335
21-05-2022,0.0,-0.110462774,0.049691498,0.106986114,0.0,0.428840512,-0.0943332684699143,-0.31904744416233155,0.0558429883631157,-0.008657501573164958,-0.017075130736410843,0.22119381062288493
22-05-2022,0.0,0.259584227,0.157487052,0.032359794,0.246181483,0.056510947,-0.04833581536951108,-0.037676825370156236,0.10554314229616055,0.011323010991293622,0.11137990163372376,0.1415387363480018
23-05-2022,0.551402268,-0.05176784,0.116963269,-0.008824208,0.218569838,0.497095051,0.24377421200121696,-0.0445171099997162,0.1109089547617551,0.0013678627443712192,0.16352194551181454,0.3149859884961808
24-05-2022,-0.108525848,0.392758464,-0.287351424,-0.057428385,0.653471,-0.398399008,0.0721764928141686,0.16840800352130253,-0.08320107374737548,-0.02756187657034234,0.40246392524411106,-0.03242944740978518
25-05-2022,0.308287383,0.413385888,0.234805153,0.076887328,0.373930111,0.105959512,0.18731157494541578,0.2880180179233181,0.07170200842322509,0.023552865218886183,0.3893269331399277,0.03513865151217014
26-05-2022,0.149883443,0.016352552,-0.265238667,-0.115934705,0.001596459,0.248532678,0.1692470690797434,0.15594192224681144,-0.09246343624828449,-0.04433441126246822,0.2004910180238053,0.13911468127359816
27-05-2022,-0.067688679,0.168988499,0.132924449,0.115306027,-0.44715678,0.055260316,0.05398701537088207,0.16246084942985872,0.0169626950773761,0.03364369359492412,-0.11530558711459866,0.09839522003527991
28-05-2022,0.338367542,0.362835179,0.141619566,0.0,-0.082568124,-0.130301393,0.1924322483077733,0.26067171652848353,0.07754664005353831,0.017387414973388818,-0.09927145098367635,-0.013283011950310647
29-05-2022,-0.036292976,0.342413189,0.140737092,-0.060518756,-0.860413124,-0.252781455,0.08140962536713969,0.300891591553505,0.10856972090328337,-0.020337317557502673,-0.47007582877471826,-0.1298745228501633
30-05-2022,0.483287221,0.636796768,0.578445324,0.0,0.0,0.544949734,0.27736243573858,0.4651226855220124,0.337480163623003,-0.010471184196568117,-0.2413449777363739,0.19880863624089723
31-05-2022,0.357532305,0.0,0.448937034,0.148722644,-0.266115263,0.745152062,0.3165934027651943,0.23887043952990278,0.3919607132811632,0.06701568529754633,-0.2535627741866909,0.46484611727741326
01-06-2022,0.052555315,-0.109496381,0.367062718,-0.060137222,-0.055006293,0.689990121,0.18814957525421128,0.06913226698376428,0.3799757183944392,0.005087906333825193,-0.15713533526205845,0.5747901118997109
02-06-2022,-0.595176773,0.0,0.0,-0.024506409,-0.521234539,0.0,-0.19371453044454334,0.03552578700709873,0.195013517800199,-0.00932190433066734,-0.3347584763438736,0.29479886901122265
03-06-2022,-0.517346601,-0.614194602,0.134840948,0.005559389,-0.214425942,0.0,-0.3514418372057292,-0.2812413737087124,0.1659963477453495,-0.0020418673835018784,-0.2767448480253495,0.15160180571480603
04-06-2022,0.12910502,0.584648862,0.103926085,0.323278497,-0.28465476,0.459194326,-0.11772706158740627,0.14019218011881565,0.13571287141080873,0.15640622289231554,-0.28100201874834707,0.30149007689662816
05-06-2022,0.008332786,0.454010994,0.17699096,-0.073130791,0.060580345,0.041919193,-0.05647626355438376,0.2931624044338458,0.15607227870823495,0.04474398113298992,-0.11475731627646604,0.1750592216511858
06-06-2022,-0.018534406,-0.492173727,0.326109559,-0.058477437,0.045622338,-0.164357309,-0.0379839280284971,-0.0893786539329316,0.2389292891608763,-0.005589544996203909,-0.03641378377311359,0.009768778606658202
07-06-2022,0.114724196,-0.268190205,0.196338937,-0.134470626,0.134658097,0.202535912,0.03618256512471664,-0.1767765488342143,0.218239480605527,-0.06838424863564622,0.046961551793932584,0.10377233514071016
08-06-2022,0.167691412,0.041316751,0.447384644,0.057488403,0.133047272,-0.311046543,0.10029899533239554,-0.07084277177475033,0.32992772532548864,-0.007063603083503397,0.0894653656791879,-0.09810755581925155
09-06-2022,-0.087223367,0.045126609,0.176213062,-0.111654972,0.223904654,0.300243056,0.008700089833115356,-0.014780910150853404,0.254883405168736,-0.05802520222729764,0.1550200497082701,0.09557130681462361
10-06-2022,0.023586356,0.0,-0.25022843,0.142216527,0.220931701,-0.538132353,0.015736435306224518,-0.007588772306330758,0.008671129014077891,0.039404961276478155,0.1873935150475043,-0.21357372164032856
11-06-2022,0.0,0.0,0.473890285,-0.063824078,0.0,-0.941934322,0.008046769359834022,-0.003828314475537311,0.23510504260677756,-0.010826808018789099,0.09624514422209075,-0.5689933645174072
12-06-2022,-0.117091579,0.576967025,0.533428759,-0.237337425,-0.055278628,-0.116432123,-0.05254698111447474,0.2791344924390859,0.38059499830048815,-0.12117495840427908,0.022805177659159934,-0.3488570033189647
13-06-2022,-0.532041242,-0.099350736,-0.094895909,-0.223261875,0.0,0.001744428,-0.2858697911148841,0.0952892786839634,0.14908681880363783,-0.1709905806433304,0.011841519321252852,-0.1782592671972341
14-06-2022,0.211462648,0.637367053,0.411768911,-0.024006064,-0.164228024,0.254418579,-0.04382527581812015,0.35908773072614325,0.277094300065628,-0.09968575823415768,-0.07375623802186526,0.03214739844675926
15-06-2022,0.060514808,0.693745071,0.021799799,-0.562407641,0.741497323,0.444488245,0.006977177232219699,0.5220749060275103,0.1527761429277215,-0.325141671799619,0.3233543779815285,0.23303500075228095
16-06-2022,0.341386342,-0.04077259,0.03188097,0.086951891,0.546403579,0.478364193,0.16991811402989093,0.24848283251556458,0.09376819057449458,-0.12453382810824026,0.4321968006510032,0.35280649308889783
17-06-2022,0.136285153,0.022549415,-0.484018414,0.194913432,-0.392375507,-0.206616525,0.15356625941594076,0.13872776686046479,-0.18779472264014657,0.031107968324239565,0.030647254511712047,0.08034714211652819
18-06-2022,-0.19971028,0.377303616,-0.210893688,-0.243928364,0.0,-0.435088948,-0.0185598573107182,0.25502301310021835,-0.1994424366548338,-0.10290689033623134,0.01565233169869322,-0.17053214569018313
19-06-2022,-0.168342318,-0.680159934,-0.109033166,-0.15128441,-0.155689255,-0.491279434,-0.09149173480698472,-0.200470699594875,-0.15562769474712707,-0.12647113470414711,-0.06795491113734153,-0.3270930536953522
20-06-2022,-0.456134844,0.190437382,-0.388206079,-0.488826958,0.0,-0.415846303,-0.26921827136742,-0.010143441998834102,-0.2688819054126612,-0.30317854159475716,-0.03502619918027747,-0.37020304430835216
21-06-2022,-0.048140726,-0.152571232,0.039473618,-0.205663649,0.0,-0.656279436,-0.16167557116270528,-0.0795409652647592,-0.11911073822261355,-0.2558174091347485,-0.0179830502737998,-0.5092258043001655
22-06-2022,-0.470904123,0.49278896,-0.466078132,-0.45074354,-0.090411003,0.0,-0.3123602655009504,0.1988927856335529,-0.28855885743949905,-0.35079744585120687,-0.05324703533175619,-0.2613730538675611
23-06-2022,-0.139776247,-0.043817449,-0.442385033,-0.402560415,-0.780242874,-0.005407421,-0.22814062015439052,0.08082857277885441,-0.36362349510404657,-0.3760955911410572,-0.4074745396487722,-0.13682899316554475
24-06-2022,0.094324028,0.505110109,-0.341472429,0.287111047,0.084622565,-0.519561684,-0.07130747220853637,0.2871947016234247,-0.3533121984438865,-0.05319769225727944,-0.16787421769994576,-0.3235400601863917
25-06-2022,0.275785449,0.132616114,-0.34675266,-0.008793012,-0.498743668,0.146577214,0.09771547580444327,0.21163148983303054,-0.3503489532405897,-0.03124787683604625,-0.32963861578115855,-0.09497375656303998
26-06-2022,0.0,0.553434798,-0.143641001,0.19165587,-0.46097703,0.142044681,0.049957127993673384,0.37831555518295723,-0.2498772313650413,0.07727819017954499,-0.39417024685279356,0.02014682914116825
27-06-2022,0.363059154,-0.110394459,-0.152420416,0.005623759,-0.30136917,-0.165154306,0.20244782073108242,0.14043519921517686,-0.20225081237174652,0.042295005176994104,-0.34895840478041684,-0.06999182318564916
28-06-2022,0.154751407,0.341778202,0.03587932,0.188605281,-0.21879468,-0.211103816,0.17945933952258813,0.23838323071865186,-0.08622775962844935,0.11375526492457286,-0.28575862404030006,-0.13851562548672847
29-06-2022,-0.040065669,-0.116519274,-0.480101358,-0.050165674,-0.354910523,0.772046292,0.07272176391659858,0.06604322213227232,-0.27810998360380457,0.034056838952028184,-0.3195302776013291,0.30533151660215485
30-06-2022,-0.502510201,0.012900621,-0.335017211,-0.383705197,-0.378977769,0.29174457,-0.20720501695111143,0.04007486389463388,-0.3057670875167494,-0.16915383732089462,-0.3486913871572025,0.2991590691823205
01-07-2022,0.392567855,0.284584464,-0.282934106,0.472892183,-0.141043246,0.0,0.08490744794431553,0.1593200995749887,-0.29485685233851616,0.1436754905394766,-0.24774080757527805,0.15400030095730882
02-07-2022,0.201761284,0.031387086,-0.089705255,0.069680929,-0.359817017,-0.043940475,0.14218359747787768,0.09678400184251601,-0.19480023425916743,0.1079936828583191,-0.3024422124967068,0.0576584634790914
03-07-2022,-0.046088436,0.420030111,0.117435128,-0.071390813,-0.157264195,0.388808122,0.05063173835980707,0.25435762471505835,-0.042524746356437756,0.020913593447001576,-0.23141480846289755,0.2190346441690232
04-07-2022,-0.075145522,0.422894112,-0.332741286,-0.440665108,-0.356618973,-0.297620671,-0.010674399702804802,0.33631361778819213,-0.18373373274219656,-0.204133944596107,-0.29261059493764213,-0.032223377268395054
05-07-2022,0.157214213,0.257247049,-0.677267239,-0.091502622,0.341891869,0.537613233,0.07094380731831772,0.29791845398904226,-0.4240836173208782,-0.1493807536735334,0.01664866194937517,0.24529181664905
06-07-2022,0.050983055,-0.168396801,-0.659051593,0.17876825,0.306564944,-0.087019057,0.06126285801815136,0.07056987588596078,-0.538734582351909,0.01028294319797217,0.1581928614450544,0.08345300777790207
07-07-2022,0.109749922,-0.195538483,-0.291794143,-0.099113957,-0.231663623,-0.110366089,0.08469877375057933,-0.0589666879555768,-0.4186640079612161,-0.04301265628892151,-0.03146141032744022,-0.010822076331637155
08-07-2022,-0.170299093,-0.114213861,-0.283788257,-0.398879537,-0.052586698,0.102203429,-0.039580364245488275,-0.0861317457472,-0.3532339802593337,-0.21653564708296957,-0.0416375595807925,0.04436845984656235
09-07-2022,0.02539314,-0.318089946,0.01488906,-0.183719571,0.279095212,0.408573015,-0.007924782879322679,-0.19912361513413546,-0.17380470142819793,-0.20065071378259272,0.11481861957816306,0.2213587968937843
10-07-2022,0.393004116,0.344564135,-0.034636258,-0.361711476,-0.282806219,0.626260152,0.18771560234280033,0.06563117829782869,-0.10590147381440289,-0.279006486686657,-0.07859919058930069,0.4185842747642536
11-07-2022,-0.384337674,0.227374959,-0.498485588,-0.707098159,-0.51961724,0.574441248,-0.0911174343564261,0.144297461429936,-0.2970598316949013,-0.4880401963854005,-0.2934257512020342,0.49477778114056514
12-07-2022,-0.57636091,0.013316754,-0.399522695,-0.416715151,-0.390555151,0.349597312,-0.32771106250510373,0.08055328729342828,-0.34710860329828713,-0.453636230912838,-0.34070631297505966,0.4243794557917454
13-07-2022,-0.357190773,-0.020791358,-0.092742481,-0.462717978,0.001814027,0.24881996,-0.342248278027852,0.030967394886525536,-0.22346871930063217,-0.4582978885065886,-0.17394314574789693,0.3388684135630137
14-07-2022,-0.368601657,-0.487573858,-0.06583726,-0.428743772,-0.128788966,0.172565176,-0.3552533329610049,-0.2219104201126153,-0.14660246096124874,-0.4439099697557516,-0.15183063323558277,0.2582396348663373
15-07-2022,-0.590181409,-0.374796754,-0.293394384,-0.60700882,-0.483530663,0.049046115,-0.47002872139567975,-0.29669417960014455,-0.21779088474682,-0.5235907079587473,-0.3137419768055617,0.15614672258323387
16-07-2022,-0.283036046,-0.074657883,-0.329603826,-0.243339182,-0.274136959,0.573407951,-0.3792483888435677,-0.18859699769600602,-0.27199288003781635,-0.3874868327105474,-0.29483090626088293,0.3595883783702877
17-07-2022,-0.425390298,-0.017336783,0.107045953,-0.310207804,-0.427303499,-0.195354997,-0.4020320554031268,-0.10515421847480859,-0.08731177947856683,-0.35001506498882584,-0.35941110485227323,0.08950973626024965
18-07-2022,0.126480977,0.447563052,-0.294308223,0.135014286,0.138612276,-0.361297368,-0.14468264865554434,0.16413686239471897,-0.1880392280211543,-0.11367705536669086,-0.116962904137313,-0.13013266810469307
19-07-2022,-0.122188715,0.416255748,-0.263795468,-0.252465172,-0.083724283,-0.276667642,-0.13382899092259615,0.2872689131157981,-0.2250737105382883,-0.1812516013985962,-0.10101451940068826,-0.201858948242146
20-07-2022,-0.297494931,0.573744077,-0.34488251,-0.545947118,0.009112273,0.541862397,-0.21389416630294045,0.42680492232845024,-0.2835629836065232,-0.35882042833217354,-0.04724770899916607,0.15997079734727093
21-07-2022,-0.417050919,0.095003674,-0.596151605,-0.623346591,0.178519777,-0.046413719,-0.3127670475407936,0.26527404072206573,-0.4357238115096006,-0.4874824020947781,0.06303975128568456,0.05916267553587527
22-07-2022,-0.061313722,0.43198444,-0.371919314,0.262851516,0.239712818,-0.449058836,-0.1900948188020219,0.34665205398948296,-0.40466052034370953,-0.12196141021275803,0.14939662668900158,-0.18862440320210164
23-07-2022,-0.487341081,-0.029560019,-0.208829229,0.032312725,0.247011427,-0.382447546,-0.3348104586308982,0.1635882628188228,-0.309444343788234,-0.046587322712966145,0.19704634741245158,-0.28332683177879814
24-07-2022,-0.487341081,-0.029560019,-0.208829229,0.032312725,0.247011427,-0.382447546,-0.4091028704101931,0.06988959812745822,-0.26057541080404617,-0.007910040916422972,0.2215915076394685,-0.3319013995021596
25-07-2022,-0.118512965,-0.79506891,-0.362168103,-0.043613469,0.740356871,-0.355413005,-0.26741434804876985,-0.3512449863949727,-0.3100513174884463,-0.024933395290729857,0.47477270077109046,-0.34359252139112517
26-07-2022,0.064629712,0.354174686,-0.282731595,-0.170214939,0.159096019,0.154327916,-0.10563182919146688,-0.007733960468917445,-0.29672894598150923,-0.09557956809043718,0.32143844933123106,-0.10157280304145158
27-07-2022,-0.082358559,0.162615383,0.026651316,-0.16538851,0.505147862,0.31726027,-0.09409476405645473,0.07526668974941138,-0.13942749361718282,-0.12945761172578824,0.4114064532591663,0.10254203758563643
28-07-2022,-0.219187059,-0.19992316,-0.000153697,0.067564863,-0.061264709,-0.114369892,-0.1551768581782101,-0.05903744160935971,-0.07147686352227003,-0.03363166908441118,0.18128882747123926,-0.0028504913647074415
29-07-2022,0.734978329,0.01393995,0.228838783,0.101064348,0.73414839,0.382540096,0.2784888873554264,-0.02377734037839267,0.07495703741706311,0.0321283061876079,0.45080793250127493,0.1850827000958897
30-07-2022,-0.131979131,-0.682595268,0.03068757,0.0,0.384507702,0.505166976,0.07886480134846316,-0.3451258348404199,0.053649137474742294,0.01683372648175006,0.4187801320985123,0.3408074769229994
31-07-2022,-0.19316128,0.287072201,0.038760314,-0.135029607,-0.145774577,0.008402801,-0.053359614519376986,-0.037390004798795506,0.046798155858774365,-0.0567576002210934,0.14387640276349395,0.1790990400012364
01-08-2022,-0.238171008,0.250246152,-0.466607853,-0.00595908,-0.280259792,0.361655164,-0.1433953317758838,0.1024561416936191,-0.20307512885717033,-0.03220658077711883,-0.06282340788918218,0.2684303924807903
02-08-2022,-0.270133719,-0.274215389,-0.379282783,0.031328795,-0.163129325,0.0,-0.2049293860857682,-0.08097747077740633,-0.28892044332792577,-0.0012919646551387606,-0.11188484995206602,0.13805388806203253
03-08-2022,-0.775988758,0.0,-0.722867944,-0.514455913,-0.595259758,-0.27471943,-0.4829760709523816,-0.041556891628082154,-0.5003905882774312,-0.25132777049668276,-0.3476090394529975,-0.06272774746702246
04-08-2022,-0.486262905,0.230805611,-0.293320313,-0.14055323,-0.651951491,0.0351806,-0.4848034044565067,0.09160611346430986,-0.3995910494134584,-0.1974868810906184,-0.49656014052548225,-0.014845041583761154
05-08-2022,-0.124631005,-0.455088396,-0.357644419,0.190063577,0.07057335,-0.46740819,-0.30966702817552805,-0.1749078440719058,-0.3792269854052205,-0.00868807886237373,-0.22065757960206772,-0.23544001775329246
06-08-2022,-0.410218709,0.234876558,-0.18030753,-0.441267276,-0.40236764,0.01436638,-0.358797038139043,0.024531035024667164,-0.28256450459193444,-0.2193447642100167,-0.3096372719390485,-0.11407630461973199
07-08-2022,-0.038044564,-0.283343596,-0.118305431,-0.460064169,-0.547922971,-0.242639951,-0.20261206125197329,-0.12532721316358286,-0.20271210906376314,-0.3368018519977636,-0.4258847570385957,-0.17671270546244044
08-08-2022,0.227824097,0.514546444,-0.149267007,0.123772162,0.3518295,0.018665416,0.006516353411081172,0.1863347458861146,-0.17694107459888422,-0.11268034182179906,-0.04769936280239104,-0.08187066978629784
09-08-2022,-0.083947677,0.205549766,0.048194498,-0.392960989,-0.540109361,-0.734980581,-0.0374721141449144,0.19623512309018248,-0.06738310423925753,-0.24930375455839457,-0.2878709294864842,-0.4004317017711723
10-08-2022,-0.588034732,-0.281458552,-0.267951605,-0.386562517,-0.50631312,-0.677799415,-0.3056112926331601,-0.03655494818601196,-0.16516647403599338,-0.3162474768002458,-0.3943847049064282,-0.5358195493346739
11-08-2022,-0.373808917,-0.116339449,-0.07607558,-0.378800449,-0.453422282,-0.618436867,-0.33887918886665325,-0.0756040148464511,-0.12157422807373294,-0.34691585539352277,-0.42321874534739173,-0.5766274091200019
12-08-2022,0.230366661,-0.409152479,-0.062371739,-0.290800372,-0.416528173,0.458441075,-0.06158357756186504,-0.23798665264105132,-0.09257081574194528,-0.3198107518523403,-0.42012034249347663,-0.07269655648886156
13-08-2022,0.030684516,0.048158927,-0.158348505,-0.558896478,-0.235767485,0.150003754,-0.016187340424123425,-0.09872325210067004,-0.1242270937922085,-0.43617332780268886,-0.3301945016644039,0.035928943676515
14-08-2022,-0.22324675,-0.019932908,0.355020914,-0.176213865,0.443904588,0.049243771,-0.11677582632530978,-0.06054068510378462,0.10936877412764412,-0.3097036141528074,0.04714832816282863,0.04241643031564391
15-08-2022,-0.515155912,-0.39642203,-0.551559557,-0.278306997,-0.340366389,-0.44992147,-0.31086289364006053,-0.22393842260724894,-0.212347870721751,-0.29471696195156505,-0.14166449466517858,-0.19713592132275637
16-08-2022,-0.414100232,0.06814473,-0.457527333,-0.343972147,0.0,-0.521280914,-0.3610988218268218,-0.08191913961390135,-0.33181988467335943,-0.31862336580922435,-0.07248349635276045,-0.3551914435812402
17-08-2022,0.008850161,0.074099591,-0.137673229,0.227684909,0.028683632,-0.48079806,-0.181058903773731,-0.005781470368212374,-0.23736345425873262,-0.052372685880712436,-0.02289978967227697,-0.4164571382520246
18-08-2022,-0.161879017,0.007762082,-0.024967303,-0.486396201,-0.22680049,0.238336638,-0.1719679271808092,0.0004943684007381625,-0.1339380534163057,-0.263939421510503,-0.12247314833886032,-0.09770949321967924
19-08-2022,-0.322639973,0.084551351,-0.24698622,-0.276590621,-0.083274003,-0.33573202,-0.2454303619143835,0.041320034403920014,-0.18912837716508119,-0.27002312538251927,-0.10311626323310216,-0.21327963359348628
20-08-2022,-0.008750892,0.126459624,-0.342314546,-0.119813777,0.0,0.340351002,-0.12990700970055616,0.08300042306520376,-0.26371225184190555,-0.19676843543864825,-0.05262772501823693,0.05673884077842954
21-08-2022,-0.333952081,0.339099914,-0.53072908,0.0,0.305747919,-0.418896865,-0.2291671358709928,0.20789643765383137,-0.3939199685698001,-0.10078941525851663,0.12222243729493815,-0.17457363026442707
22-08-2022,-0.138258532,0.128122209,-0.472861256,-0.318537563,0.236908419,-0.559305995,-0.18516112450259323,0.16941279055348493,-0.43258596381696174,-0.20675913422721015,0.17843182355370651,-0.36240884732428497
23-08-2022,0.396622634,0.537944555,-0.386169368,0.334943388,0.518517796,-0.212497695,0.09815178574800448,0.3490377204465451,-0.4101416988729446,0.05737824799639864,0.3443795159801442,-0.289689409034598
24-08-2022,-0.00830251,0.214806479,0.120771783,0.018797083,0.255116515,0.169932415,0.04648621990081666,0.2838686419395724,-0.15195352901682257,0.038726226393750715,0.30082861336179834,-0.06597046705254397
25-08-2022,-0.030600901,-0.016890969,0.27374005,0.368064737,0.268786414,-0.396127447,0.009277385603953666,0.13775948495291457,0.0556933903234461,0.1993774781419787,0.28561512124067423,-0.22658584757071704
26-08-2022,0.334859561,0.320255484,0.194021587,0.263846725,0.33188309,0.316823915,0.16816447670963122,0.22671523039039626,0.12340550324053656,0.2311239764903954,0.30833410054500876,0.03834769113293507
27-08-2022,0.344914237,0.482458602,-0.25296214,0.216170122,0.595952139,0.151510122,0.25437625439141576,0.3514087721390751,-0.05980003159688363,0.2238405473672165,0.4486358383140222,0.09380264336871484
28-08-2022,-0.23938167,0.213186522,-0.586824403,-0.268798665,0.726919702,0.347377336,0.014074047001345805,0.2842795609517367,-0.31658943733411965,-0.0157343426692155,0.5846353384161158,0.21725535645110614
29-08-2022,0.530295015,0.484808206,0.159172485,0.723173402,0.096490408,0.708450638,0.2657871788688317,0.3821015383913449,-0.08483999956532776,0.34442540108177677,0.34722383133302326,0.45690999717143754
30-08-2022,-0.14880134,0.729089326,-0.562852839,0.143104659,0.20444906,-0.56535793,0.06396866733718205,0.5513135047792002,-0.3175696046717756,0.2466291919539847,0.27787883650173517,-0.041069643470802414
31-08-2022,-0.256464748,0.759566934,-0.560339011,-0.427598838,-0.621605389,-0.386568722,-0.09190070251547608,0.6529067608830004,-0.43571540088569205,-0.08170374977969483,-0.16036977702801403,-0.20916353602572668
01-09-2022,0.297615006,0.848438727,-0.841227859,0.0,-0.33744425,-0.048173732,0.09790122817537167,0.748495886771867,-0.6332592196972116,-0.0417506006961722,-0.2468873006311937,-0.13051173558266002
02-09-2022,-0.237158918,0.749741033,-0.267685119,-0.453623548,0.549839572,0.32880232,-0.06552626719012761,0.7492330739703241,-0.4553036566780908,-0.24264986184991255,0.14080577686661266,0.09331824358365985
03-09-2022,0.163206661,0.275352928,-0.030157788,-0.117596199,0.655176248,0.187681209,0.04587760096531664,0.5186886479797146,-0.2485285360621139,-0.18188545835341458,0.3913376919890629,0.13924465195317726
04-09-2022,-0.147505916,0.107756458,-0.095195879,-0.244689267,0.104595918,0.177571465,-0.04829199257221054,0.3188133643527048,-0.1741482417162357,-0.2128246429131423,0.25171225032777983,0.1582495341129478
05-09-2022,0.462717904,0.0,0.0,-0.17104278,0.370909912,0.752467946,0.20043595122743602,0.1634856707410823,-0.08953098792453477,-0.192763948613146,0.30973598978415184,0.44765615365072353
06-09-2022,0.23195965,-0.125560221,-0.410497637,-0.400556619,0.040029073,0.101837923,0.21570480806140865,0.022463897551674057,-0.24580554160113127,-0.2942546944463115,0.1781565317230165,0.2793561243917026
07-09-2022,-0.138060966,0.423823174,-0.778291856,0.033191423,-0.168339275,-0.018137728,0.043631260497599356,0.21788905182049,-0.5050229822730566,-0.13473777607352805,0.009002515620961798,0.13437407799304568
08-09-2022,0.053765366,0.0,-0.144149471,-0.350600906,0.746730155,-0.223620788,0.048266879644819335,0.11156737318915771,-0.32961617847645974,-0.2404388529716631,0.3683713244907806,-0.040398008352689224
09-09-2022,0.006108798,0.128129593,-0.201203823,-0.44375091,-0.154097313,0.297544419,0.02784952789333836,0.11925365221957568,-0.2669086910343003,-0.3397308879988679,0.11392471981729979,0.124574017664367
10-09-2022,0.407897834,0.082722135,0.048396326,0.422366796,0.397953535,0.450284048,0.2131864529109898,0.101058376639113,-0.11310923274721812,0.03161980361159267,0.2527604370175317,0.28357781715597785
11-09-2022,0.0,0.371958397,0.232906036,-0.425237374,0.268855042,0.251402833,0.10926904397217542,0.23257825647558078,0.05592186977743459,-0.1909427383703502,0.26096772056982964,0.26810776739562364
12-09-2022,0.150695825,-0.232195043,-0.173380874,0.058655286,-0.344973219,0.219617326,0.12966708835684607,0.005818694717221379,-0.055594448358209564,-0.06917498388515989,-0.034427579076694914,0.24444545065254641
13-09-2022,0.279898537,0.043942505,-0.346524826,0.122734284,-0.041431222,0.382484732,0.20283949201770826,0.02422560654667593,-0.19735234700941076,0.024353792890916118,-0.03826734997979772,0.31173378605973145
14-09-2022,0.220184698,-0.195365691,-0.304922897,0.087847825,-0.022207524,0.707918013,0.21150735185556524,-0.08281170474591555,-0.24982437236149346,0.05545508522914762,-0.03053153563818581,0.5048390798423241
15-09-2022,0.073786582,0.28178498,-0.19094754,0.08713418,-0.357011789,-0.454870006,0.14425363345500958,0.09476951590191138,-0.2212943070226876,0.07102966812044187,-0.18984257184079462,0.03711248113313692
16-09-2022,0.002256794,0.036686743,-0.265066255,-0.159161257,0.596802153,-0.138704675,0.0750179793576229,0.0666080310588201,-0.24250281562528364,-0.040827622815168704,0.19327050118045913,-0.048586281063643266
17-09-2022,0.085563527,0.321806136,-0.147927283,-0.165883608,0.595576137,0.391485299,0.08028791640508803,0.1907198064632739,-0.19609313498186323,-0.10180115703801479,0.38949918764260466,0.16579899512713325
18-09-2022,0.0,0.221530703,0.107826128,0.0,0.176976872,0.001901073,0.04118785454589634,0.20584921714507604,-0.04805499176280683,-0.05204907336754681,0.28573620239008823,0.0861889025149759
19-09-2022,0.302060394,0.532287175,-0.353113245,0.001553158,0.251699514,0.80893313,0.16830746549133127,0.3649389293220239,-0.19658530402053648,-0.025691042923173688,0.26942613906397317,0.43818094772673544
20-09-2022,-0.030047946,-0.019335312,-0.119381274,-0.516834219,0.019753488,-0.525781924,0.07151957799901805,0.1778943831279117,-0.1591231719661281,-0.2652552381508561,0.14770520549733868,-0.03147207460064938
21-09-2022,0.182349458,0.081883808,-0.015637876,-0.236204668,0.0,-0.152728193,0.12556056260458576,0.13099742567216408,-0.0894597881823607,-0.25100252191545847,0.07566768264058128,-0.09072379974757169
22-09-2022,0.551176915,0.444163281,0.091113342,0.355085916,-0.679691833,-0.175151146,0.33290650418814693,0.2837979328343271,-0.0014319996877877675,0.04409353247493383,-0.29208486252735044,-0.13204946976802792
23-09-2022,-0.210929361,0.23547504,-0.609396373,-0.099838395,0.146183429,-0.099272506,0.06798095367122321,0.26040359651117834,-0.29742004445981546,-0.026079281396095243,-0.07871468771956909,-0.11639946467926215
24-09-2022,-0.321594557,0.472641877,-0.426845858,-0.465598185,0.409694345,0.364892056,-0.12191574054122031,0.3640892958124139,-0.36047202568622605,-0.24028480937554,0.1592045790134704,0.11757606334734139
25-09-2022,0.014867579,-0.052901481,-0.255461303,-0.162552111,0.014341511,0.149157696,-0.05539585045265646,0.16098120634865373,-0.3094156062352244,-0.20261622226876397,0.08894694055219281,0.1333176609850446
26-09-2022,-0.550638081,-0.341997158,-0.651368872,-0.483728268,-0.41060299,-0.339867377,-0.2967150536726018,-0.083994250957973,-0.47604373100413744,-0.3396017729292212,-0.15475012615414008,-0.09705080511830017
27-09-2022,0.171485039,0.016513549,-0.292143206,0.076211778,0.009459298,-0.514059504,-0.0688436297188825,-0.035278166930298095,-0.3866503020638355,-0.13712391075423946,-0.07521204201474407,-0.30052156496215887
28-09-2022,0.280904817,0.597354283,-0.205207245,0.145688167,0.220741927,-0.557843425,0.10151214676420933,0.272782975380454,-0.2985573069882141,0.0005779359761901581,0.0688212285483556,-0.4260770358366279
29-09-2022,0.116280898,0.315031984,-0.216836769,-0.441672742,-0.105432639,-0.064404375,0.10858317926186681,0.29320591478232294,-0.2587089965544916,-0.21488848677416214,-0.01618915331104632,-0.25063480679336003
30-09-2022,-0.261081518,-0.071346416,-0.134059914,-0.411524307,-0.356641038,-0.102155565,-0.07143258207588947,0.11578874291557892,-0.19806598806546097,-0.310502815282182,-0.18208058842813796,-0.17812468812770554
01-10-2022,-0.469157146,-0.019119306,0.044827265,-0.148699836,-0.2581949,-0.089731968,-0.2653625004435486,0.050082170757500016,-0.07984079896590858,-0.23171799977475602,-0.2192765982502331,-0.13507524410573146
02-10-2022,0.419925099,-0.30268255,-0.135582816,-0.506599015,0.523192533,-0.029089806,0.06800533380415219,-0.1220301708604327,-0.10710446882674457,-0.36600466736419635,0.1427419961313976,-0.08341398174846984
03-10-2022,0.664317262,0.0,0.146231633,-0.261633141,0.60768667,0.0,0.3587031897268246,-0.06279838055772433,0.016633054161064892,-0.3153195871159057,0.3692622612998179,-0.042764614175717044
04-10-2022,0.664317262,0.0,0.146231633,-0.261633141,0.60768667,0.0,0.508021061263977,-0.032534816191277106,0.08004882977072597,-0.2890702168674026,0.48539825833632777,-0.02218232935423937
05-10-2022,0.37662167,0.0,0.0,0.0,0.307679825,0.0,0.4443086656177463,-0.016671131044635523,0.04125683346283303,-0.14831281061152485,0.3991053898595225,-0.011481270010045605
06-10-2022,0.369508803,0.0,-0.160095879,-0.240435135,0.326002578,-0.081186958,0.4084828524641008,-0.008347195268418353,-0.05641334502501148,-0.19298710735518704,0.36399153126676276,-0.04523847464062579
07-10-2022,0.333555305,0.298127673,-0.00250777,0.174865606,0.158846774,0.451168378,0.37212487912707404,0.14095283853473065,-0.030004232110893137,-0.013935105897995737,0.2642642291108004,0.1969030729555582
08-10-2022,0.199426149,0.081677654,0.188008138,0.059337528,0.197650361,0.230676593,0.2880421141910882,0.11179081303278404,0.07632066070955412,0.021664563336286514,0.23183674376875926,0.2138255964106901
09-10-2022,0.499868257,0.328266564,0.369603425,0.344122544,0.507788076,0.298766795,0.39135092503629243,0.2171324134464609,0.21939064413369874,0.17905431391204868,0.36649015380061556,0.25538170687821904
10-10-2022,0.168472274,0.041103569,-0.2401345,-0.261258784,0.296031158,-0.191971755,0.2831683255304893,0.13154951364703946,-0.004272193896201093,-0.03510133253115552,0.3326106895588904,0.03765148177421315
11-10-2022,-0.076063616,-0.020050204,-0.741104826,-0.59700032,0.147080385,0.198628339,0.10861594261779993,0.05778310909497848,-0.363289640992872,-0.30878972081617656,0.24258610265703645,0.11615885703108561
12-10-2022,0.250832497,0.57476709,-0.601964832,-0.624075128,0.193224137,0.220796466,0.17771124073320504,0.30988270982224936,-0.47971407430677415,-0.46227504139000086,0.2183628245979417,0.16722866346928403
13-10-2022,-0.057560308,0.237693094,-0.489553999,-0.179738613,-0.198562412,-0.374833387,0.06278454634603615,0.2749038556410389,-0.48489621994614596,-0.32474687494836374,0.014994242487202936,-0.09676185899110806
14-10-2022,0.050885227,-0.163820774,-0.441853705,-0.33562802,0.127003312,-0.103956661,0.05661419444417738,0.06132638745802578,-0.46431710009728644,-0.3300873329667722,0.06919789969314899,-0.10032718282201547
15-10-2022,0.389958962,0.175779628,-0.252356463,-0.110430999,0.531139529,0.277005314,0.21882232132997945,0.11712636377684646,-0.3613371514500979,-0.22327479179348828,0.29410934044004233,0.08344810241667788
16-10-2022,0.186097255,-0.21823111,0.006975693,-0.659344754,0.365637836,0.049851962,0.2027851434492588,-0.046188151997619886,-0.18201883696416182,-0.43571870721274875,0.32893845696531254,0.06718204380202826
17-10-2022,0.361957809,0.690916868,0.173123527,-0.458476995,0.49015835,-0.025089777,0.28025344805413993,0.3127180736439904,-0.009103745522855575,-0.4471851924291001,0.40759072039996375,0.021988860634570617
18-10-2022,-0.243875803,-0.451951289,-0.12065922,-0.609912604,0.314822355,-0.410008742,0.02494626617142888,-0.05968781424929098,-0.06357611297948151,-0.5267805209211212,0.36252387215717397,-0.1886110221272421
19-10-2022,-0.186109925,-0.276547745,0.05853602,-0.52747874,0.583214126,-0.703941529,-0.07817539104004852,-0.16558314767692303,-0.004351310914387462,-0.5276606820951768,0.46995473815463806,-0.43998373495007925
20-10-2022,0.340161794,-0.365937233,-0.045150432,-0.28716571,0.45419949,0.321784815,0.12548677447906637,-0.26332439359927073,-0.024082568647214725,-0.41065600880941133,0.4623865733694501,-0.06900165433974004
21-10-2022,0.095559591,-0.182053223,-0.021755491,-0.371544289,0.558720243,-0.134458085,0.11103113101300574,-0.22387968014614396,-0.022504233690302716,-0.3914851258005566,0.5095161173015027,-0.10105815682141997
22-10-2022,-0.275128712,0.080450492,0.01422264,-0.323406894,0.066412097,0.04792802,-0.07719375011267643,-0.07610431978001728,-0.0042515104121700655,-0.3581730000460268,0.29383065915245776,-0.028671217456407598
23-10-2022,0.310586896,0.247728043,-0.189422126,-0.038889474,0.473647296,0.401491509,0.11172193649615868,0.08147318623036352,-0.09416627098194703,-0.2027277712795812,0.3817431471416408,0.1811199466866502
24-10-2022,-0.140672931,-0.354703804,-0.343038257,-0.472914315,0.308753816,0.268607474,-0.011207857247418435,-0.1308814236633115,-0.21520185030015243,-0.334281039865877,0.3463404790422909,0.2239208810490964
25-10-2022,0.053380075,-0.075437641,-0.197047305,-0.144553896,0.053695033,0.335297014,0.02001083559313565,-0.10405919063108901,-0.20633386595868392,-0.2419842168562248,0.20364818446747204,0.27815074334620515
26-10-2022,-0.488804309,-0.378116846,-0.142359279,-0.438992926,0.125627094,0.289841449,-0.22798836316275786,-0.237510088227456,-0.1752975194237842,-0.3377086571862198,0.1655356434167199,0.28398804147988477
27-10-2022,-0.450674938,0.176931076,0.27032755,-0.23264519,-0.15198772,0.191197292,-0.3368476957082369,-0.03616879961616015,0.04159628018499831,-0.2864465499424339,0.010636060069253689,0.23897175593553516
28-10-2022,-0.561873959,-0.37770114,-0.274617891,-0.202958666,-0.038674789,-0.163790444,-0.44653879187494766,-0.20230655235742515,-0.11236358136529935,-0.24557045083396034,-0.013576934083943674,0.043147227297496746
29-10-2022,0.477358407,-0.268347346,0.103676175,0.289501796,0.852041495,0.334258839,0.0034251397342045797,-0.23443578748868227,-0.007214346018926607,0.015293097728121041,0.407784856232068,0.1854408703048243
30-10-2022,-0.123279735,-0.096574754,-0.025193193,-0.427221894,0.518332196,0.487991077,-0.058514631312003976,-0.16718795558201902,-0.015950171074715608,-0.20011396097915696,0.46161506355865084,0.3327596745330217
31-10-2022,-0.194875305,-0.242681358,-0.254094431,-0.422542897,0.012262922,-0.037184502,-0.12504547937390753,-0.20395934414132227,-0.13197114847563188,-0.3083756941911921,0.24262918352903445,0.15281148394507396
01-11-2022,-0.07145499,-0.037529058,0.070294449,0.272545382,-0.233525931,-0.367848613,-0.09884298066201416,-0.12305036699627785,-0.03351740508149663,-0.025339934501076633,0.010754285270561617,-0.10079060038858764
02-11-2022,0.28589667,-0.288955526,0.291357976,0.204503295,0.196015936,-0.270335345,0.08834943827660928,-0.2041097376246106,0.12485949231686078,0.08664875731650468,0.10072729299499683,-0.18370472407922006
03-11-2022,-0.127631095,0.344419736,-0.257056562,-0.300035055,-0.243869376,-0.062058463,-0.016734905496769238,0.06322879214053313,-0.060921010373145804,-0.10139777562183276,-0.06729019042800137,-0.12471875900082904
04-11-2022,0.060442496,0.17929027,0.036373347,-0.155458303,-0.711017009,0.379932,0.020822675788311717,0.11986025958104686,-0.01343451364516968,-0.1277094638493368,-0.38099078545560777,0.12086333626644535
05-11-2022,0.0,0.364364182,-0.208029811,-0.514743685,-0.317157881,0.088966787,0.010993791986360723,0.23929204373487273,-0.10816197181344117,-0.31608065802060814,-0.3502053272688673,0.1052184729352488
06-11-2022,-0.335898405,-0.10734534,-0.263526415,-0.607641462,-0.18509813,-0.227294257,-0.15772684761203928,0.07044796674587013,-0.1840906561301028,-0.4581816632717538,-0.2698875210304323,-0.05683600684413376
07-11-2022,-0.406647371,-0.275637742,-0.066923035,-0.465805155,0.565741957,-0.400463026,-0.27875106773397756,-0.09788813201746199,-0.12695012025732758,-0.4620540967834077,0.13709023486612404,-0.22418577611578042
08-11-2022,-0.549445802,0.0066947,-0.471752897,-0.495436023,-0.533181896,0.551777286,-0.4111031417272538,-0.046829381749075825,-0.2950820325321385,-0.478783856311568,-0.18991159090003723,0.1535194343299074
09-11-2022,-0.378681699,0.151787369,-0.342930838,-0.746320028,0.026171965,-0.561324139,-0.3954857798279102,0.049968121227891356,-0.3185614493035457,-0.609160228195933,-0.0850741862884082,-0.19496181887319297
10-11-2022,-0.525986574,-0.042226104,-0.294500526,-0.747753029,-0.81909613,-0.39840586,-0.45919053144074773,0.005232277958239526,-0.30687886895096617,-0.6767987528213171,-0.44275216664892625,-0.29417817492176734
11-11-2022,-0.197088991,0.041069164,-0.065054457,-0.468528843,0.520784009,0.040139807,-0.331734305749018,0.02271862653917351,-0.18929517039877045,-0.5759176689956971,0.026555737080906167,-0.1312518026943735
12-11-2022,-0.221602274,0.158777852,0.071263589,-0.366676752,0.087064337,0.174166331,-0.2784606094776101,0.08920032497261769,-0.06264820390870307,-0.47445877006269965,0.05593063259554014,0.017635037469765497
13-11-2022,0.0,0.142059549,-0.061046626,-0.299523186,-0.32606681,-0.022084622,-0.14288730866015167,0.11479524891795886,-0.06174737129999145,-0.3893377922111615,-0.12999374849324646,-0.0016670838497157212
14-11-2022,-0.01171192,0.1070835,-0.132232645,-0.09307101,-0.35730659,0.536933666,-0.0791043481009158,0.11099807348402356,-0.09614883976662854,-0.24514076573887378,-0.2403809744072707,0.26050416658665476
15-11-2022,-0.057876986,0.157302436,-0.605633825,-0.175297606,-0.376835914,0.422395304,-0.0688113626138707,0.1334005989189737,-0.34430203846327706,-0.21094581280152486,-0.30681461426067247,0.3394843586137267
16-11-2022,0.003615665,0.080782881,0.061204107,-0.031786532,0.226268838,-0.008673838,-0.033359101645346154,0.10791436345303451,-0.1467883469979847,-0.12341292595015431,-0.047170272034796276,0.1702120916867859
17-11-2022,-0.297353483,-0.063223827,-0.805205046,-0.279612204,0.524265142,-0.785626431,-0.1617464826970446,0.024773152888409485,-0.46762039893055274,-0.19930137528685976,0.23085470110638434,-0.29512138363202184
18-11-2022,-0.665104487,-0.35611684,-0.41337515,-0.588483328,-0.280304358,-0.096710272,-0.40674358254661164,-0.1607863515462958,-0.4411893934204829,-0.38872834326222094,-0.017709754620295393,-0.19898001563833634
19-11-2022,-0.245350586,-0.108456821,-0.017820501,-0.32315545,-0.425902708,0.11465354,-0.3281298439098409,-0.13548505725112503,-0.23498375958172768,-0.35655932083382225,-0.21660975812992694,-0.045952169523320284
20-11-2022,0.0,0.673185359,0.074604486,-0.160962795,0.010765875,0.356633997,-0.16814135120322918,0.2584437008502602,-0.08411456262244885,-0.26102157171315676,-0.10545812741913291,0.15040751525857088
21-11-2022,-0.537745987,0.068139449,-0.669416611,-0.653333638,-0.317920674,0.24171325,-0.34819585756982213,0.16586169413761592,-0.36928724276461367,-0.45202849184749805,-0.20935878824631254,0.19496030447992008
22-11-2022,-0.019519168,0.284658098,-0.070980613,0.076954976,-0.175987017,0.026460105,-0.1881421092832836,0.2237440402189748,-0.22422453924176616,-0.19435912670132643,-0.19328375561641814,0.11287940955007905
23-11-2022,0.167467422,-0.190207179,-0.286664001,-0.030713422,-0.220755635,-0.652954403,-0.015004764076657892,0.02211644775511118,-0.2547464021728077,-0.11456525789159284,-0.20658580565051388,-0.2601533720569429
24-11-2022,-0.577445411,0.050087727,-0.328320709,-0.770337452,-0.638633571,-0.234542108,-0.28902952667183707,0.035691454254360135,-0.2906679810115378,-0.43407270747651716,-0.4169872834492617,-0.24816970822055495
25-11-2022,0.374879525,0.209548783,-0.027627153,-0.461340227,0.090574516,-0.38730772,0.03428557479727473,0.1203198485019367,-0.16231843511220015,-0.44751797094503654,-0.16972659189757927,-0.3163739237339138
26-11-2022,-0.387864494,0.22884421,-0.087423128,-0.237748899,-0.044533762,0.069215125,-0.17136815167156116,0.17321774757296185,-0.12596781428395898,-0.34557563461065016,-0.10897781002765913,-0.12870459996814193
27-11-2022,-0.026052022,-0.012758425,0.120531656,-0.42113518,-0.145861484,0.230086014,-0.10049159535760117,0.08275621583942351,-0.0054514065215360286,-0.3824293645080825,-0.12734027358062494,0.04650654373560367
28-11-2022,-0.314571303,-0.09787784,-0.588571405,-0.243438654,0.18734431,-0.210044995,-0.204441774855537,-0.0049771072937808344,-0.2892962424214662,-0.3145849258037503,0.026069814315643647,-0.07839731412858206
29-11-2022,0.138534188,0.292886131,-0.277477107,-0.403971083,0.248196167,0.303402723,-0.03731752232720052,0.14020689035871572,-0.2837062485750304,-0.35812880788006474,0.13457065707151952,0.107497078215536
30-11-2022,0.285658414,-0.20559664,-0.037022749,0.169305086,0.118049184,0.50179445,0.12001415629577326,-0.0286000596801763,-0.16374349299897314,-0.10128372798661278,0.12659811007251737,0.2994454333017078
01-12-2022,0.410585585,0.313087455,-0.14004021,0.168273864,0.037794429,0.117021601,0.2619892340736461,0.13781111093457882,-0.1518816515459071,0.03038780374264357,0.08360831344897292,0.21060380674865545
02-12-2022,-0.027940469,0.725372115,0.053433353,-0.043693512,-0.207712682,-0.012233788,0.12090918240726067,0.4239814933426812,-0.051901744625589746,-0.005733702087111842,-0.05816316669530612,0.10215085649894763
03-12-2022,-0.431155373,0.0,0.0,0.0,-0.322949476,-0.163858845,-0.14808714406939588,0.21779729116232768,-0.026469503661690857,-0.0029247375364634745,-0.18706701525608183,-0.026981656065736756
04-12-2022,-0.278836377,0.0,0.0,0.0,-0.207420349,-0.802118588,-0.2115223356868164,0.11178980182352738,-0.013386327329571478,-0.001023977301048219,-0.1967032335070571,-0.4045019325027117
05-12-2022,0.326778396,-0.160128393,-0.026376215,0.0,0.15717936,-0.021747324,0.05037576097821442,-0.020750148070994165,-0.01970620867548544,-0.0002396822825913008,-0.02446872457322198,-0.21803343365485997
06-12-2022,-0.056238163,-0.00229755,-0.557988164,-0.287261091,0.190377527,-0.348394887,-0.0012951307319458462,-0.011914744772310934,-0.28191675812989386,-0.13993008532428905,0.0802174357387945,-0.2817240162996141
07-12-2022,-0.210040842,0.099873502,-0.430979778,-0.229731449,-0.66267938,-0.240252123,-0.1029812990628502,0.04254933767481778,-0.35479022591132614,-0.18350721535002024,-0.2815838801868625,-0.2618361271541617
08-12-2022,0.181058942,0.500519259,-0.320634263,-0.456166731,0.06034158,-0.074306998,0.03553512580796327,0.26576068607774994,-0.33800438977009517,-0.31631056597787255,-0.11528755030922219,-0.1705035014734254
09-12-2022,0.37920238,0.458513649,-0.473570922,-0.092247917,0.119182383,0.360681052,0.20290695016106497,0.35965367226947675,-0.4040903278086557,-0.2070922387278141,-0.0012784871911838552,0.08799732321458227
10-12-2022,0.534362899,0.577663975,-0.237829511,-0.241015873,0.35484767,0.570860159,0.3643419451250129,0.4662193992318258,-0.3233151669700186,-0.22385331009579038,0.17215322673966657,0.32299293583642175
11-12-2022,0.241809398,0.173961566,-0.177809716,-0.125760278,0.084977305,0.187713092,0.3046150588825809,0.32392547840329194,-0.25253812370112655,-0.1763052301876483,0.1297641704293661,0.2572119105940195
12-12-2022,0.454999314,0.529370198,-0.106962591,0.378973121,0.459739402,0.245582361,0.3780889005750312,0.42376983470042606,-0.1818030120415588,0.09414577604228525,0.29073831016706775,0.25171302482549474
13-12-2022,0.512177852,0.414909513,0.097925993,0.70508365,-0.119746687,0.107220758,0.44391918460788815,0.4197158105573037,-0.0456309497373298,0.39185486049040824,0.09112932965849288,0.1815736390845584
14-12-2022,-0.011912092,0.223691071,0.130294251,-0.496779304,-0.306740111,-0.406736726,0.22228499010396144,0.3244722234173001,0.04005202773310716,-0.040847329909253605,-0.10252871034680722,-0.10444296429200695
15-12-2022,-0.120549298,-0.275415748,-0.167326825,-0.611217079,0.388998098,0.539850858,0.05519033751401749,0.0325055243056179,-0.06094236561417627,-0.31875845911025164,0.1367835549106064,0.20940758817105243
16-12-2022,-0.350994701,-0.560166802,-0.294035894,-0.503109006,-0.902846719,-0.225232123,-0.14263510689168427,-0.25622457986873615,-0.1741980276291344,-0.40859411169943327,-0.3697605717160638,-0.0020042899547612625
17-12-2022,-0.502359961,-0.43596619,-0.159657468,-0.726443162,-0.846830249,-0.009207282,-0.31785230964390165,-0.34401600751926237,-0.16695461201954936,-0.563561994914783,-0.6020086889389633,-0.005365887636458304
18-12-2022,-0.552251811,-0.787450699,0.15839064,-0.710098566,-0.505053182,0.106103892,-0.4323617696326517,-0.5605823183850298,-0.008350171744076082,-0.6350216274231189,-0.555182361266549,0.04898525920521986
19-12-2022,0.02727979,0.452562142,0.345087462,-0.188995165,0.541521378,-0.31940554,-0.20892625821225042,-0.0676072581329164,0.16413412381492398,-0.41805277263222124,-0.021283233021968995,-0.13068907189140416
20-12-2022,0.146403987,0.120311093,0.258548752,-0.481756389,-0.328836403,0.042866294,-0.036269190312962024,0.023547021631799434,0.21038243546072874,-0.4491991283697938,-0.17135724576736017,-0.046567374456620306
21-12-2022,0.367582249,-0.044155422,0.077342398,0.141407409,0.217178074,-0.310759622,0.16031598956398788,-0.00953106771010584,0.14580563294236,-0.16165444567846388,0.017779358043591986,-0.17542786787790188
22-12-2022,0.243140462,-0.258568275,-0.114774191,0.177291949,0.178288401,-0.425789329,0.20048560094315485,-0.13119685569693093,0.019007108053176923,0.003146018980372381,0.09570580227094681,-0.2976657401028884
23-12-2022,0.515659964,0.558988312,0.030357041,-0.000180375,0.654619655,0.236738581,0.3538462095434379,0.20472476490852914,0.024487896287530994,0.001090167130422702,0.36814384599955996,-0.037553440887662465
24-12-2022,0.047083562,0.104048033,-0.02507086,-0.223646011,0.0,-0.021029531,0.20461733585663908,0.15566300827031207,0.00027712270735228556,-0.10809325880211249,0.18920154114784327,-0.029274038832837825
25-12-2022,0.0,0.393861017,-0.183812043,-0.031687546,-0.451019433,0.303635794,0.10512878736861926,0.2719810538694696,-0.08930773524186791,-0.07055622073019421,-0.12283986172928274,0.1325677260920945
26-12-2022,0.175091154,0.477766347,0.16037395,-0.023864365,-0.029761007,0.43210276,0.13949746676627717,0.37275620527966835,0.032464846629619896,-0.047539616568199675,-0.07700794432363355,0.2787239137766701
27-12-2022,0.566448026,0.209630774,0.379110492,-0.000961465,0.6047903,0.735149012,0.34790699388029017,0.29378245303114486,0.20147073620850625,-0.024425664323021443,0.2556434592242569,0.5012740769142443
28-12-2022,0.001063009,-0.148029129,-0.339041998,-0.365386667,-0.047291253,-0.15745738,0.1794817207533898,0.07920096172918943,-0.06184193080535702,-0.19011771927630006,0.10852444074310592,0.18058321069401834
29-12-2022,-0.201887232,-0.269379622,-0.309670067,-0.308738793,-0.534670136,-0.167139524,-0.006227973622345617,-0.09086000914822559,-0.18283682919562216,-0.2479109478209145,-0.20511030141743414,0.011481690302724792
30-12-2022,-0.176256245,-0.474024323,-0.236533469,-0.47654338,0.0,-0.414631374,-0.0891608790672161,-0.27766971118528927,-0.20927166116186974,-0.3591563431265701,-0.10510325130879741,-0.196141294831522
31-12-2022,0.0,0.007408815,-0.084076744,-0.040887212,0.0,0.045785128,-0.04600463401147595,-0.13892340919215618,-0.1484540425416531,-0.2044050606767935,-0.05409646560324545,-0.07820297026801788
01-01-2023,0.0,0.568314483,-0.05366322,0.0,0.0,-0.096789465,-0.023770321254280382,0.20571913477548592,-0.10229256033009843,-0.10505498385395388,-0.027884595836480515,-0.08704285034207318
02-01-2023,0.244218524,0.263953011,-0.008963393,0.237437294,0.185117296,0.135415565,0.10646016105803344,0.2338718110373439,-0.05690456509616534,0.061743225708992815,0.07546737237755592,0.021138782890349525
03-01-2023,-0.238868954,0.332978491,-0.43662508,-0.315111491,-0.785867257,0.153730419,-0.061748374022894306,0.28223736885316736,-0.24192524353135222,-0.1216845394767366,-0.3441305750396931,0.08576395974875492
04-01-2023,-0.73006607,0.427872566,-0.619803057,-0.539144392,-0.83309359,0.0,-0.38739298745081024,0.3531220508622538,-0.4260644465606672,-0.32512799612749815,-0.5822885053266309,0.04384442155830593
05-01-2023,-0.077799301,0.356655312,-0.217393455,-0.14121262,-0.52696939,-0.597000116,-0.236906799463088,0.354766182662595,-0.3247629417745022,-0.23571068210060278,-0.5556794553765199,-0.26861763535500344
06-01-2023,0.237352421,-0.022309922,0.083554063,-0.380608112,-0.777328951,-0.186659122,-0.006344431086897459,0.17114359491486478,-0.12626613136016723,-0.3064506836356715,-0.6643872621564264,-0.22930957532810614
07-01-2023,0.0,-0.236450532,0.037075333,-0.477888192,0.518830387,0.31423012,-0.003257998628956059,-0.02723955362629378,-0.04655376668546868,-0.3899389947825541,-0.0883027967119907,0.03545999636698463
08-01-2023,0.0,0.665376366,0.004595201,-0.679797701,-0.346192482,0.079220732,-0.0015475359489979489,0.3103550735400328,-0.021470700455573213,-0.5312093471136841,-0.21367064078294776,0.05690597215426145
09-01-2023,0.0,0.776632903,0.789138658,0.0,0.0,0.415454321,-0.0006852471314182824,0.5380133292474997,0.3735938849264758,-0.27243650098048183,-0.10970216481262893,0.2318841394770845
10-01-2023,-0.414836001,0.402869727,-0.124469443,-0.49469842,0.0,-0.377857962,-0.20246112524007462,0.47249996390430665,0.1312197511985346,-0.3808667228352318,-0.05632296940973852,-0.06506860071047879
11-01-2023,-0.332932364,-0.319289716,0.03917767,-0.433025448,-0.230069909,-0.434605578,-0.2661526248304734,0.08667831831140896,0.08649121437871836,-0.40651475474903004,-0.1410079062861394,-0.24508842417046672
12-01-2023,-0.176497317,0.265175494,0.384413626,-0.501995446,0.057708092,0.071205487,-0.22278874367121004,0.17353274627973625,0.2316990656348292,-0.45343249571733363,-0.04439510098838274,-0.0912250338727414
13-01-2023,-0.070063109,0.390192016,0.608785253,-0.038459776,0.0,0.0,-0.148370399516372,0.278990912081557,0.4158309357590908,-0.25134234162428504,-0.022305942870893262,-0.04693181168368199
14-01-2023,-0.327687782,-0.375277364,-0.015316507,-0.202726126,-0.24797404,0.093522033,-0.23537368112325785,-0.03986280838869616,0.20641677127549551,-0.22747793364594734,-0.13174938351687232,0.021468611255158754
15-01-2023,-0.319355495,-0.060139769,0.001632049,0.011298289,-0.247990132,-0.136884097,-0.2763875663711273,-0.04998765612678828,0.1069078337115726,-0.11119894984915381,-0.1881371660409262,-0.05529781959014057
16-01-2023,-0.250872678,0.169483524,-0.110589261,-0.41098169,-0.262145013,-0.235792898,-0.26427517312442445,0.05692218085035925,0.0009570959060799383,-0.25708693177277003,-0.22382868747094578,-0.14315409930229456
17-01-2023,-0.253931644,0.110327459,0.106837363,-0.284458707,0.412118329,-0.270148314,-0.2593996343878714,0.08312328801896829,0.05251987592004863,-0.2702856367635666,0.0855460791734195,-0.20530964283881636
18-01-2023,-0.163617646,0.114125134,0.504712686,-0.084680245,-0.344075441,-0.696464594,-0.21289520652859606,0.09786646275767119,0.2728592444927017,-0.17960423930803862,-0.12349908520733702,-0.44477818284217696
19-01-2023,-0.473023288,-0.051353537,-0.022695936,-0.538635728,-0.67835746,-0.67727341,-0.3397623668834976,0.02474518820522511,0.12854379075482916,-0.3546367862256258,-0.39390427432504765,-0.5585839052354751
20-01-2023,0.199237369,0.446624843,0.682938879,-0.303819473,-0.623534278,0.151108955,-0.0771135780962068,0.23005173558048167,0.39880356809085216,-0.329791600709172,-0.506024913585432,-0.21293153286978816
21-01-2023,0.176326927,0.208922955,0.191494422,-0.12147702,-0.176093038,-0.488208974,0.046521989520687576,0.22009834082879062,0.2980249276269471,-0.22823612222992756,-0.3454522437125243,-0.3469100590017924
22-01-2023,-0.176574902,0.025981307,-0.032067453,-0.431941528,-0.829645889,-0.072655877,-0.06203318679541879,0.1254960074779855,0.13714939494045641,-0.32731224984477636,-0.5816027694645238,-0.21355186749609684
23-01-2023,0.049830582,-0.077784865,0.2502798,-0.51494488,-0.04504633,0.550275982,-0.007527854106686677,0.026292854778300297,0.19197442890290267,-0.4189065110740869,-0.32055152146451105,0.15845487618378
24-01-2023,-0.358043983,0.111269484,-0.146887347,-0.653544679,-0.140623988,-0.218595093,-0.17810182371157518,0.06794270191690877,0.027008511748820033,-0.5333569482387259,-0.23293530351730435,-0.025204706350923214
25-01-2023,-0.672198218,0.0,0.078275091,-0.523415374,0.043482496,-0.170497582,-0.41873944410893865,0.03492023479219219,0.05200147263203378,-0.5288510873946632,-0.09825441224346176,-0.09592257376743683
26-01-2023,-0.012820842,-0.02896042,0.382630614,-0.11295975,-0.25388782,0.019309541,-0.22107880176387543,0.003713960369366118,0.21318576433054862,-0.32630069946596574,-0.17397784444965786,-0.03969442799068054
27-01-2023,0.091837829,0.219971384,0.474757741,-0.637037501,-0.274586832,0.158152803,-0.06860453830880012,0.10900910321096072,0.3406903323195085,-0.4777185173237535,-0.22335823387783205,0.056840207580554844
28-01-2023,-0.077098336,0.064757661,0.00059608,-0.649125474,0.0,-0.182220886,-0.07268383021463293,0.08744649961458253,0.17489372335565528,-0.5614721816009445,-0.11446260354656525,-0.05916398107521633
29-01-2023,0.0,0.025705407,-0.274792929,-0.405591555,0.0,-0.311835476,-0.03702383365702974,0.05745211982202283,-0.04407241140402915,-0.4855408457249593,-0.05834645756764443,-0.1818830222052328
30-01-2023,-0.016005206,0.366528401,0.082631601,0.0,-0.0850239,-0.042965666,-0.026929986303840338,0.20779368488777653,0.017207382923553192,-0.24909660472537534,-0.07099335129225952,-0.11440854706722697
31-01-2023,-0.174549717,0.610170204,-0.208534936,-0.026816957,0.148150144,0.3491516,-0.09897677451278443,0.40383199648145,-0.09288299553489801,-0.14088044119127774,0.03583916278224214,0.11167107421950431
01-02-2023,-0.545818248,0.302287414,-0.036595746,-0.749424547,-0.002394611,-0.178582905,-0.3166311282997455,0.3545934593134641,-0.06549739117603189,-0.43718443467144075,0.017748184334273213,-0.029627221231218942
02-02-2023,0.043916857,0.460055308,0.053265203,-0.471932927,0.318520349,-0.100418313,-0.14119831757779777,0.4062428670026651,-0.00783170108735403,-0.45406578743828463,0.16432419330504272,-0.06447640517618466
03-02-2023,-0.203276232,-0.066148135,-0.280479662,-0.600523663,0.0,0.223861067,-0.17130840723482563,0.17627548790025294,-0.14058036276058558,-0.5252968078015325,0.08445404513099149,0.07609800921449121
04-02-2023,-0.309121694,-0.080162277,-0.358926033,-0.160446608,0.046250417,-0.116978335,-0.23814087468293796,0.05144755837799201,-0.2470947062360998,-0.34754189461218365,0.0658665298881376,-0.017816451013500857
05-02-2023,0.0,-0.245296629,0.0,0.0,-0.686494013,0.331012226,-0.1222576524854917,-0.09307721835973953,-0.12709989500551588,-0.17836391974016624,-0.30048745980106123,0.15211087690614133
06-02-2023,0.176975675,-0.205651482,0.309959909,-0.128970978,0.189256684,-0.026397656,0.023396950178609696,-0.14811782721060657,0.08546374383547639,-0.15401514290844287,-0.061898746063640694,0.0651372537013708
07-02-2023,0.634324797,0.437084468,0.479206341,0.279033985,-0.285085572,0.337860384,0.32110508626916245,0.13686244566461964,0.2773489042712636,0.05727463688857312,-0.170674396683727,0.1981621266031861
08-02-2023,-0.270433752,-0.106715789,0.222667833,-0.120757906,0.0,-0.506841091,0.03310473685908821,0.018259341268046902,0.25105047211857423,-0.029176345074144107,-0.08762715703798489,-0.1450012796152185
09-02-2023,0.155584826,0.33952793,0.306039891,-0.139602521,-0.290761236,0.052239952,0.09280784261531683,0.1745663956114083,0.27794590202234093,-0.0829943897662257,-0.18659628590630006,-0.04896804246590754
10-02-2023,0.782118771,0.303566245,-0.422217844,-0.129023159,0.06417298,0.537026002,0.4288079040486877,0.23714541004454626,-0.06287428067056769,-0.105454571910152,-0.06462832247957973,0.2362831158534411
11-02-2023,0.556562589,0.41509395,0.071929766,-0.190589274,0.0,0.600049783,0.491654656884994,0.3238020668173513,0.002786349894661602,-0.14653316538955746,-0.033179802402576626,0.4137685250749662
12-02-2023,0.458597262,0.0244382,0.175598918,-0.193368501,0.334997119,0.250584298,0.4758266091067074,0.17786663797901694,0.08694983783338026,-0.1691497193719435,0.1459790008256292,0.3345835061989948
13-02-2023,-0.139408589,0.25935868,-0.432707286,-0.509979465,0.300810045,-0.107389266,0.17650329385116242,0.21772109484292873,-0.16600080842646453,-0.3349354987190227,0.2215036478842356,0.11932173595323244
14-02-2023,-0.364855211,0.482589315,0.134583394,-0.810880471,0.020534971,-0.173824325,-0.08694704357788183,0.3469503598562107,-0.019435690145410148,-0.5669254636028522,0.12369978573072966,-0.02335336519962434
15-02-2023,-0.665112156,-0.160736654,-0.02189588,-0.843658674,0.244548367,-0.164921365,-0.36868467973960717,0.09997097982118971,-0.020646352534629,-0.7021022008189128,0.18307991160454168,-0.09254542454295078
16-02-2023,-0.121706979,0.373211591,0.114092367,-0.198583401,0.273527176,-0.370075557,-0.2486947510519288,0.23328409659437915,0.044793757867268316,-0.45714173443462314,0.22714225239817581,-0.22779992686528583
17-02-2023,-0.619538949,-0.256051119,-0.540005049,-0.532880962,-0.455030395,-0.563184492,-0.4299186235386167,-0.005247807845836117,-0.2403912729135674,-0.4944985583358642,-0.10489665073048449,-0.3915509904603076
18-02-2023,0.0,0.43369886,-0.260566779,-0.566654197,0.698310738,-0.093057061,-0.22055990383470253,0.20867120016344748,-0.2505079491784465,-0.5298847263509294,0.2863632887232978,-0.24605239543029028
19-02-2023,0.0,-0.268325973,0.168053961,-0.364309871,0.0,0.136896814,-0.11333569779963656,-0.023804346766476248,-0.04692844460009875,-0.44945816171756403,0.1472040956420376,-0.059663375971700766
20-02-2023,0.021940922,0.281309486,0.570863915,-0.27593003,-0.00945493,-0.026797104,-0.04798374416111785,0.12464502112586903,0.2542944829443655,-0.36511343025606335,0.07093084403674596,-0.0440207984133799
21-02-2023,-0.475807116,-0.787211147,-0.316386224,-0.300171379,-0.135229321,-0.210456386,-0.2567953740865389,-0.31979404649256543,-0.023629747463476375,-0.33358168415045675,-0.029467009364310445,-0.12550804498113236
22-02-2023,-0.359496099,-0.461372124,-0.473220793,0.014388292,0.115484093,-0.292061525,-0.3072750318501603,-0.3889847327373406,-0.24279534192307828,-0.16413663503496173,0.04092761076581781,-0.20688657429848265
23-02-2023,-0.332548377,-0.186085551,-0.1554876,-0.056643625,0.0,0.011222417,-0.3196923615802245,-0.29053365352631644,-0.20014100455771344,-0.11155129430224942,0.020826424487224444,-0.10068493003975247
24-02-2023,0.097455641,0.225409329,-0.267921973,-0.077411527,0.0,0.296531541,-0.11642863768418521,-0.039644090210317465,-0.23337162921956064,-0.09448469456788094,0.010679910543558428,0.09288543997445178
25-02-2023,0.482556061,0.519269475,0.132828092,-0.373255233,0.044689691,0.311001055,0.17573865240727043,0.2327353073694005,-0.05508918021644214,-0.2298380016210727,0.027104568945619707,0.19931185092098735
26-02-2023,0.0,0.319461302,0.364844084,-0.170283351,0.0,0.342403685,0.09030269470857534,0.27490136485179384,0.1493986311112418,-0.2008421812415692,0.01374635440128132,0.26937964693125616
27-02-2023,0.038615611,0.03306017,-0.495827589,-0.22369128,-0.542701745,-0.204975499,0.06556072076891277,0.15740483745511835,-0.16453001055618996,-0.2117684543880879,-0.2570661238597292,0.03878865406438785
28-02-2023,-0.244626272,-0.044385384,0.207106996,-0.242812513,0.0,0.12394659,-0.0855226356572632,0.05892074314734255,0.016592166956719112,-0.22667317001563053,-0.13241512294393198,0.08035959683685157
01-03-2023,-0.144863468,-0.138780468,0.519771438,0.008388953,0.394681643,0.318734722,-0.11448668864313116,-0.03719695952823133,0.2616486620056493,-0.1120648802074271,0.12430585478952434,0.1964615971103169
02-03-2023,-0.412192388,0.34921878,0.329332488,-0.231964086,-0.41786482,0.120049934,-0.2596143615808175,0.15086843012281945,0.2944326961063267,-0.1703785209441287,-0.13975834087471736,0.15937203963480295
03-03-2023,-0.055904916,0.294825916,0.2174303,-0.31631215,-0.25631835,-0.424502547,-0.16023248033347814,0.22158657474500076,0.2572956311039887,-0.24139733437683247,-0.19654952485935842,-0.12486405408612158
04-03-2023,0.314339613,-0.204883391,0.093191627,0.160938035,0.704478087,0.036923929,0.07110397502620842,0.014232621105084178,0.17779662520778378,-0.04553696586223657,0.24224028082286236,-0.04593681002509733
05-03-2023,0.0,0.593307518,0.16613351,-0.514806715,0.0,-0.513551161,0.03671218827712629,0.29648380051326834,0.17232096803320637,-0.2741596676187163,0.12437030709372006,-0.2737953239347516
06-03-2023,-0.112340934,0.341901419,0.024899009,-0.061761232,0.040381435,-0.032860835,-0.03594458973556721,0.31865546485789786,0.10076952454414656,-0.17080052123599457,0.08352779747838839,-0.1567649596337544
07-03-2023,-0.088698538,0.600142761,0.081352939,0.132167977,-0.675532886,-0.01985364,-0.061967953364054806,0.4556725083062466,0.09128983022640533,-0.023067858517339154,-0.2862646969657288,-0.09035139542155332
08-03-2023,-0.04699496,0.041328863,-0.193822535,-0.033803829,-0.725195289,-0.103574174,-0.05471148944331748,0.2538875329578625,-0.04778735640797526,-0.028207176444769683,-0.5002904524656733,-0.0970618931671546
09-03-2023,-0.104422904,-0.022257382,-0.382856771,-0.22374751,-0.113315018,0.26869025,-0.0789889010535687,0.11948584608195947,-0.2107563520869738,-0.12335379015573875,-0.31172859766364724,0.08120052577281256
10-03-2023,0.048094254,0.257944627,-0.186074841,0.0,-0.307957253,-0.254345617,-0.016970917575821948,0.1870449725432213,-0.19899053620144475,-0.06318139630406228,-0.31008446892290176,-0.08230503593028704
11-03-2023,0.0,0.15841115,0.232689001,0.0,0.42942417,0.10245681,-0.008623339783582944,0.17329651266155344,0.010879336684719826,-0.03244361187691429,0.04976931654455724,0.0074628163682535775
12-03-2023,0.0,0.0,0.0,0.0,0.0,0.0,-0.0041717982533994846,0.08875686983681369,0.005381441380780311,-0.01651328084129744,0.02581150821433717,0.0037571030117859
13-03-2023,-0.216632144,0.186877733,0.10132005,0.0,-0.394725697,0.472820143,-0.10765102122493807,0.136433870909382,0.05199153401664429,-0.008282077770247911,-0.1789005134838985,0.23255151615404063
14-03-2023,-0.151975281,-0.183131959,-0.196373436,-0.518554687,0.510777712,0.321284909,-0.12950757688352926,-0.019047904706842575,-0.06903814791024782,-0.25699330052773245,0.15656500419591635,0.2759039786756161
15-03-2023,-0.442571867,0.101472477,-0.048873494,-0.736457011,0.165217889,0.145337592,-0.28211370932666074,0.039290296919317916,-0.05935968350174044,-0.49042956411977945,0.16087779000794594,0.2127811414718918
16-03-2023,-0.078145351,-0.288356389,0.15241924,-0.461363818,-0.149592374,0.395754389,-0.18284499558799194,-0.12052775076671171,0.04376738170671034,-0.4765344355838906,0.009690533519953401,0.30207854607449114
17-03-2023,-0.569928258,-0.48769224,0.234313238,-0.54137128,-0.484453845,-0.358289317,-0.3714914618800786,-0.29985819703468986,0.13657857352919753,-0.5085005492802073,-0.2306331868855676,-0.019454991813871336
18-03-2023,0.0,-0.384975918,-0.086735811,0.0,0.351482158,0.307374818,-0.1907009377766256,-0.34153934505774186,0.027984014020707042,-0.2610519276196277,0.05328174796392744,0.13982959970218586
19-03-2023,0.0,-0.01904418,0.231626317,-0.198924414,0.271873971,0.643123501,-0.09784438064359408,-0.18461672626137823,0.12745387098945343,-0.23080635196884897,0.15988381067900048,0.3849559563522682
20-03-2023,-0.160686943,-0.094018643,-0.292354292,-0.620808254,0.719563221,-0.728360306,-0.12855194647452128,-0.14075147799879548,-0.07688349095458033,-0.42095952133850756,0.4328513250089687,-0.15705858176223436
21-03-2023,-0.105892388,0.086400319,-0.209793341,-0.642265452,0.568233687,-0.014418816,-0.11759184978251178,-0.030267951138102066,-0.14182950142060377,-0.5290414230771756,0.49881213092762317,-0.08772498009597597
22-03-2023,0.0,-0.25096523,-0.227156077,-0.433135902,-0.082186693,0.076617284,-0.06037366873705052,-0.13781107510424778,-0.18348879617455174,-0.48264399597119345,0.21605709105352972,-0.007711342684374477
23-03-2023,0.0,-0.25096523,-0.227156077,-0.433135902,-0.082186693,0.076617284,-0.030862556446546188,-0.1931414259505244,-0.20494021282920916,-0.45882276261591537,0.07113055521612223,0.03307586542296312
24-03-2023,-0.510659042,-0.179985595,-0.359980942,-0.448209158,-0.444165393,0.180183477,-0.264545707678088,-0.18673807298221506,-0.2804818192045889,-0.4536147479032374,-0.18019572604458026,0.1045684236293604
25-03-2023,0.0,0.422818924,-0.187229975,-0.354753422,-0.23688681,0.297875373,-0.1355478868582795,0.11006117144796818,-0.2351928534885661,-0.4052738511115488,-0.20802995433667393,0.19872285410183052
26-03-2023,-0.021702071,0.172432648,-0.174713773,-0.566455626,0.0,0.176909361,-0.08011746521452849,0.14069576763728628,-0.20596760084060398,-0.48376730366385123,-0.10671338793466803,0.18797309110607652
27-03-2023,0.374179856,0.0,-0.233567274,0.0,0.0,0.539466116,0.1415212103555287,0.07253799993585455,-0.2196872296922833,-0.24803874841067294,-0.05448810384513075,0.3595602159023987
28-03-2023,0.229872559,0.014297284,-0.020771888,-0.074367908,0.074438478,-0.011022292,0.18465399220451584,0.044446626306466785,-0.12285752999290307,-0.16357960094407997,0.0080735881418363,0.17904369552644298
29-03-2023,0.403685063,0.324130041,0.071036009,0.09877104,0.171895936,-0.245303903,0.2914810588639625,0.18074856660580557,-0.028611824140965962,-0.03573968987145587,0.0877247486591105,-0.027987433933484934
30-03-2023,0.382269995,0.242937838,0.372932948,-0.20429904,-0.044425843,0.668523686,0.3359940510445352,0.21121772487412455,0.16718548656680143,-0.11749953549078718,0.022948836225909142,0.3117890646596049
31-03-2023,-0.032471194,0.128528508,0.058954319,0.071462963,-0.348188074,0.595912615,0.156750693982939,0.17100868828125182,0.11468868509350277,-0.025111084913296333,-0.15820824058867683,0.45041714467756677
01-04-2023,0.0,-0.066812199,0.18051807,-0.131682675,0.0,0.575708791,0.08047848971108,0.055403296362112,0.14697290741934002,-0.07678008593320293,-0.08117586080153885,0.5116913670594321
02-04-2023,0.45887283,0.601295068,0.0,0.0,0.468130577,0.0,0.264883213281525,0.3215533150163508,0.0755992504885235,-0.039151652878469494,0.18644846194664003,0.2626636024264273
03-04-2023,0.382482066,0.0,0.386530367,-0.486465498,0.323359569,0.0,0.32265857691517674,0.16520257324040358,0.22735586901720106,-0.2568306324469944,0.2535429520412621,0.1347442707102159
04-04-2023,0.299241263,-0.167759298,0.33164189,-0.208131112,0.311774998,0.202506377,0.3114496516735553,0.002822849937135441,0.2784213781378344,-0.23304336912425233,0.2822178559996697,0.16765701988529327
05-04-2023,0.559907255,0.493368447,-0.181947697,0.317242852,0.332873704,0.199383476,0.4327054838486049,0.24171292991215032,0.05440918199260282,0.035264406064170556,0.30707251643771305,0.1831085049500829
06-04-2023,0.070602201,0.05473937,-0.472624457,-0.042236051,0.057410294,0.395909581,0.25632399774762366,0.15076873656586814,-0.20218458727398653,-0.002472177266854284,0.18562674913114385,0.286564856120717
07-04-2023,0.289506025,0.818600138,-0.024362676,0.0,0.317850679,0.784285111,0.2725067787556451,0.47622275649359747,-0.11566171578665227,-0.001223147729622967,0.25011557294409903,0.5292401268155957
08-04-2023,0.518014403,0.452949951,0.097471184,0.0,0.601270241,0.345079005,0.3920374735827888,0.4649784800722583,-0.01193850475434357,-0.0006892260797016648,0.4212476483259738,0.4399965332424729
09-04-2023,0.371157243,-0.053260525,0.133717592,0.223498072,0.395387422,0.314862238,0.38187062058099713,0.2126285998187788,0.05878693752387408,0.10866172272191382,0.40893720270959144,0.37888904633187737
10-04-2023,0.529166539,0.23742325,0.240383256,-0.300503492,-0.228594965,0.352570326,0.45389052566560917,0.22476077024074295,0.14726108888702183,-0.09066169694266019,0.0987991152583208,0.3659319278324822
11-04-2023,0.319301197,-0.738864547,0.245907254,-0.306489384,0.154800533,-0.412807664,0.3885996389825777,-0.24453950601336463,0.1953011674182782,-0.19578814026356672,0.1261444275541547,-0.013602337025826361
12-04-2023,0.219764838,0.005467888,0.287951687,-0.166712238,0.450454101,-0.349150047,0.3062992607709346,-0.12325961923012113,0.24056186310132582,-0.18174367071135916,0.2839370028238209,-0.1770905922627688
13-04-2023,-0.149953397,0.598819521,0.07441971,-0.139521534,-0.158640873,-0.030364933,0.0839644016677306,0.22846301571231825,0.1595264173455473,-0.16098398581366768,0.0682873297881913,-0.10571522546339503
14-04-2023,-0.129515471,-0.840843959,0.320072292,0.149711491,-0.084000168,0.219694125,-0.020177092224470665,-0.2922607859656712,0.23763811805415502,-0.009583012133172378,-0.006058552450801939,0.052634050713570586
15-04-2023,-0.296391776,0.275393807,0.19368585,0.049753622,-0.149114536,0.391913455,-0.1551093606749738,-0.01618492973690666,0.2164846012431798,0.019123326663911432,-0.07596599266501895,0.21784097523911958
16-04-2023,0.0,-0.363949947,-0.116863227,-0.420277307,0.146855959,-0.199507195,-0.07967957663851871,-0.18566103404788428,0.05450383756578164,-0.19491589682100968,0.03251081359453814,0.014397323401918072
17-04-2023,0.396428744,0.140284833,0.173183152,-0.002647046,0.83366191,-0.053651328,0.15205287705934944,-0.027481931465105552,0.11237364481071108,-0.10136280671852715,0.4226570410722664,-0.01923353192234931
18-04-2023,-0.001734025,-0.050814393,0.015247883,-0.181419398,-0.273846406,-0.007720481,0.07690054311792283,-0.039147457275263246,0.06506293082589529,-0.14042945917618124,0.0832077878353413,-0.013850225016445703
19-04-2023,0.101819715,-0.352459455,-0.107304183,0.035841897,0.587162578,-0.507590697,0.08885878797542088,-0.1917852243497953,-0.018957396950111415,-0.054775187481845025,0.3285424680323594,-0.2546058325527632
20-04-2023,0.0,0.174074993,-0.532788258,-0.510809177,0.0,-0.135806724,0.045293523320952045,-0.013803183636774755,-0.26945808787457426,-0.27680391594247994,0.16882106335748617,-0.19710302891559625
21-04-2023,0.0,0.026972947,-0.480525513,-0.286506516,-0.093534309,0.472914943,0.02305649364772874,0.006512626389039272,-0.3726102944282458,-0.28151264503583695,0.04100945516447002,0.12946542153866342
22-04-2023,0.0,-0.172505699,-0.109718436,-0.456633669,-0.669199566,0.373052457,0.011701337554691134,-0.08070497524693108,-0.24493818433313366,-0.3669032976382609,-0.30526031630661626,0.24843849088377126
23-04-2023,0.714965899,0.091537928,0.185958477,-0.147024743,0.0,0.082340777,0.35443411062914704,0.0027909425816626324,-0.03520208798102964,-0.2599188092808085,-0.15662750991084992,0.16768806776220713
24-04-2023,-0.217168965,-0.238561124,-0.45207213,0.0,-0.034784431,0.581097854,0.07624749144546074,-0.11427340733860773,-0.2385226674116981,-0.1335395919929032,-0.09731023827107087,0.36907027404700765
25-04-2023,-0.159898002,0.363962529,-0.22121437,-0.016749416,0.023599034,0.565801101,-0.0385722327260178,0.11848292769103752,-0.2303579971466952,-0.0767527256276737,-0.03837076848457136,0.46490394231345605
26-04-2023,-0.184911366,-0.061588998,-0.443057655,-0.496087709,0.060600837,0.468053054,-0.10989300055227025,0.03105048443638574,-0.33405626006846595,-0.2808409547187076,0.00973363960569728,0.4668501541281993
27-04-2023,-0.055044276,-0.232934725,-0.044903691,0.109481669,0.221375111,0.121117883,-0.08348447736233144,-0.09763160696006554,-0.19349479055218383,-0.09084712469552535,0.11233511975770573,0.29873111190933066
28-04-2023,-0.023900408,-0.15957278,0.051037866,0.220553001,-0.026677962,0.105839512,-0.05450563307450895,-0.12783855494823154,-0.07448719514126187,0.06092408090482944,0.0448469860151225,0.2049437722149895
29-04-2023,-0.019925675,0.398081472,0.29573993,0.0,0.160499299,0.458909947,-0.03775510335385332,0.12853048548445636,0.10590888582385673,0.03125724301443562,0.10085687724364174,0.3291186254682573
30-04-2023,0.0,0.544507468,-0.084172135,-0.193881474,0.0,0.234051386,-0.019384116392713126,0.33116744363154543,0.013696870949851066,-0.07809489756081062,0.051781647349054334,0.2830898576566766
01-05-2023,-0.10939689,0.060310769,-0.428075722,-0.652512188,-0.154330967,0.152638086,-0.06325062054989354,0.19939389303964639,-0.201229589569339,-0.3578234524441299,-0.048546918150829343,0.21941567723077668
02-05-2023,-0.014773101,0.17646894,-0.494787929,0.156971606,0.452022273,0.102529231,-0.03967144920416892,0.18845537840088647,-0.34430880708341727,-0.10695253557153464,0.1957166731817887,0.16237300072016758
03-05-2023,0.189533393,0.246185426,-0.391607784,-0.221439887,0.441565857,0.0,0.07152991886091753,0.21664171750644923,-0.36768178846330424,-0.16270626055216797,0.3156164618005031,0.08331402441287042
04-05-2023,-0.235000342,-0.108647397,-0.141239677,-0.530936633,-0.64498679,-0.062283832,-0.07763351457709686,0.058442153546825734,-0.25730620777150803,-0.3422100531526171,-0.15217498024126264,0.01206968345502675
05-05-2023,0.0,0.071570055,0.043948991,-0.301187066,-0.511579117,0.164403787,-0.0397592336934596,0.06464867328998876,-0.11055617577114907,-0.32242533000835216,-0.3273867075242111,0.08594397169218074
06-05-2023,0.0,0.166936284,0.016980445,-0.231367884,0.0,0.484453296,-0.02029842045831487,0.11456176633138068,-0.048213801573175515,-0.277954201126387,-0.16812351457777314,0.27986195546295944
07-05-2023,0.403698045,0.673955593,0.138291538,-0.03286049,-0.631499577,0.304084148,0.18629543563567869,0.38731552612157916,0.04265009057371177,-0.15878405359557843,-0.3941231826575675,0.29176150442779314
08-05-2023,0.805154051,0.792275746,0.526815917,0.053093501,0.826921668,0.706606902,0.4879354829883288,0.5849524120795024,0.2785318903523672,-0.0557918927315838,0.20054559670730004,0.4939906674763023
09-05-2023,0.140043322,0.085193565,-0.587079981,0.248850178,-0.421504874,-0.040418506,0.318756298748832,0.3415843123099885,-0.1432074034282908,0.09259601850714125,-0.10249437400413913,0.23364671316380559
10-05-2023,-0.653841978,-0.698838263,-0.202911162,-0.57967942,0.0,-0.378851636,-0.15489877500153887,-0.16543841457270256,-0.17233185214372898,-0.2347609078105547,-0.052622366218254134,-0.06476451696861041
11-05-2023,-0.132945905,-0.147065606,-0.121076587,-0.010526575,-0.509808671,-0.034711067,-0.14423148538750435,-0.15662710020506723,-0.14720156861729175,-0.12525426922639016,-0.2753018026963173,-0.05025718496265119
12-05-2023,-0.260340983,-0.123979416,-0.549091872,-0.006834348,-0.086918728,0.383793407,-0.2008806389168226,-0.14092758323034657,-0.3427881803924278,-0.06773472754417921,-0.18397198355561103,0.1611187950385684
13-05-2023,0.0,-0.337333599,-0.496327656,-0.280665715,-0.162569965,-0.163661421,-0.10325307546115789,-0.23685718804546307,-0.4175627903316145,-0.17138002271073516,-0.17393271058196236,0.0029848267001703066
14-05-2023,0.172746797,0.481129182,-0.253664046,0.132113145,-0.600046327,-0.030952675,0.03129655345064591,0.11286836808597747,-0.33788217370978674,-0.023294331465669713,-0.381244437202653,-0.013509154364658082
15-05-2023,0.048387005,0.05467739,-0.416357524,-0.294583784,0.018397337,0.33532481,0.03964247604052035,0.08454316034841355,-0.3763523399988176,-0.15529504061705496,-0.18645698958176196,0.15633345730983
16-05-2023,0.024716967,0.642795793,0.08300713,-0.161273646,0.467076325,-0.463997943,0.03239530413481856,0.3564743822483253,-0.15279494710261973,-0.15816066705542203,0.13183073518684837,-0.14609725167686494
17-05-2023,-0.480924574,0.115740889,-0.12617588,-0.479358915,0.326316543,0.142177421,-0.21792585437894646,0.23899147519638397,-0.14000654271271143,-0.31472707871948746,0.22705807544477294,-0.0059281181084647055
18-05-2023,-0.455201789,0.253452851,-0.354308681,-0.604314534,0.147213529,0.13213126,-0.3341617217890059,0.24569404625650237,-0.24482861903001546,-0.45604299029339634,0.18778564596122893,0.06089301919037639
19-05-2023,0.0,0.014596027,0.077072674,-0.683494242,0.0,0.135150656,-0.1716511796779847,0.1332019336062295,-0.0877851653160735,-0.56729495797245,0.09667371138883285,0.09713437234746353
20-05-2023,0.0,0.165369478,-0.090663691,-0.357166815,0.87551538,-0.172212833,-0.08772325192282893,0.1493899455290315,-0.08911620973653231,-0.4649122361032361,0.47618758090266733,-0.0337972443693187
21-05-2023,0.0,0.244200394,0.219817475,-0.540058527,-0.266852205,0.336116054,-0.044956188706092144,0.19576568369951966,0.061416997460381,-0.5018054609912639,0.11478778171949669,0.14642615833063957
22-05-2023,0.152173073,-0.411241229,-0.033851098,0.133917682,-0.206219732,0.690437639,0.05121930683666065,-0.09977159984759794,0.01538063830458821,-0.19238619196996185,-0.041482949426455654,0.4113229607713113
23-05-2023,0.103837937,-0.24588071,0.040528876,0.065961795,-0.42627048,-0.174200307,0.0768870142229797,-0.17080908798463582,0.027950207889024012,-0.06646356441316525,-0.2288774770792621,0.12641082783078988
24-05-2023,0.28646042,-0.66879441,-0.092533827,0.234337326,0.113894616,-0.412563235,0.17893235173941363,-0.41383320880284113,-0.030575355204158987,0.07996438159194212,-0.06164777907255629,-0.13608133476470421
25-05-2023,0.325631535,0.737705209,-0.090389937,-0.0377323,-0.255406571,0.304643533,0.25048556313963755,0.14690917042538382,-0.05947799676394025,0.02285444703781565,-0.15609725714316475,0.07834881776662596
26-05-2023,0.051032325,0.089664011,0.005807095,-0.062030452,-0.328425901,0.220014083,0.15345134824231418,0.11871169703758941,-0.027759255135918853,-0.01838755784035825,-0.24044266110039353,0.1477048192447067
27-05-2023,0.0,0.39584758,0.078117129,0.105674179,0.542351758,0.245167993,0.07908273721967743,0.2537349481908504,0.023885048860304778,0.04234149808138731,0.14058565105812157,0.1951925884551889
28-05-2023,0.0,0.491281486,0.193634308,0.05147887,0.885293731,0.348888122,0.04088467028060663,0.36946848802297716,0.10682187399577216,0.047194199004411214,0.5034054866032496,0.2701125999101174
29-05-2023,0.848923248,0.035247319,0.174669775,0.0,0.784037132,0.767643799,0.43458876800029483,0.20685499315851769,0.13989601435176086,0.02465409723363291,0.6404421683547084,0.5125949294231839
30-05-2023,0.087615693,0.430547204,-0.215303024,0.0,0.324119323,0.75527756,0.2658119339849678,0.3158642119421882,-0.03301503728332765,0.012879290033561957,0.48618300435617695,0.6312552156673126
31-05-2023,0.114164633,0.494705326,-0.28564476,-0.192258296,-0.104488178,0.186154068,0.19209373898020365,0.4030405572527348,-0.15625373778212526,-0.08672150068527626,0.19887318945365606,0.4145836358492445
01-06-2023,-0.371116027,0.473315537,0.076738069,-0.628388464,-0.239926492,0.035883742,-0.08227894694778387,0.43778361188027715,-0.04281534449622348,-0.3507600255808341,-0.014660122948172857,0.2299089068402659
02-06-2023,-0.42689735,0.593765926,0.195290234,0.0,-0.079158594,-0.182882749,-0.2502934346136596,0.5142025425187648,0.0731387106859983,-0.18012710015621702,-0.04582875471765754,0.0290461703199294
03-06-2023,0.146331889,0.198640703,-0.235926958,0.0,0.122652467,-0.441058492,-0.057389226003409816,0.36119339009072915,-0.0773362609625241,-0.09262563320357786,0.036156753672811716,-0.19971637856757757
04-06-2023,0.35660473,0.792810045,0.0,0.0,0.016643221,0.08120187,0.14407235014960174,0.5712448322107124,-0.039649715746708114,-0.047532190556258465,0.026830482002700433,-0.06316490859725717
05-06-2023,0.355233713,0.496762694,0.0,0.0,0.405030306,0.393264644,0.24700846869283305,0.5352555125797946,-0.020360443407438988,-0.02436537954010939,0.21131080745222264,0.15903331876436008
06-06-2023,0.040904516,-0.63625667,-0.498061305,-0.29326174,-0.00755391,0.0,0.1467471756763977,-0.03542219682886416,-0.2531587533111504,-0.15545309788873843,0.10447402418939657,0.08149841662037198
07-06-2023,0.049778264,-0.405317638,-0.137264635,-0.015423933,0.228095421,0.568068303,0.099594627330139,-0.21596290540681115,-0.19697182690350098,-0.08735878522245405,0.1642185963431977,0.31839089221047256
08-06-2023,-0.419571375,-0.366101455,-0.45835326,-0.150786749,-0.213269728,-0.535645944,-0.1538091676388024,-0.28926660205118004,-0.32454805148913796,-0.11831523901397623,-0.020079121111019282,-0.09797689190927139
09-06-2023,0.224977871,0.378271693,-0.612950452,-0.706045966,-0.061734889,-0.667513185,0.030587289689171154,0.03551369227908846,-0.46512627609780804,-0.4047327196952294,-0.040587346191271065,-0.37598567643409164
10-06-2023,-0.440565136,-0.001493319,-0.085645677,-0.71284899,-0.400886676,0.117743427,-0.1990113645719088,0.017199055625581487,-0.28035350730737785,-0.5549796044863338,-0.21608660832584853,-0.1357879635785569
11-06-2023,0.0,0.022375862,-0.147148117,-0.58921999,0.043711552,0.002622258,-0.10194573805135011,0.019438404455740847,-0.21567686108322875,-0.5716161042510675,-0.089497406654543,-0.06846054235517722
12-06-2023,-0.083173433,0.324411775,-0.214012176,0.0,0.45152076,-0.700909598,-0.09259833632960587,0.1676662178185287,-0.21512063395861244,-0.2934774934372168,0.17408180912608284,-0.3765206185661214
13-06-2023,0.057019741,-0.032822059,0.215053109,-0.159269564,0.320756663,0.0577022,-0.0198521175087086,0.06996854042078611,-0.005525833219274065,-0.22827296453309867,0.2455741128112277,-0.16492598148880397
14-06-2023,-0.672968276,-0.236394662,0.277572207,-0.804765779,-0.432698933,-0.281129089,-0.33828562658485406,-0.07974068794984968,0.13239693013043263,-0.5092834786986222,-0.08474054591948046,-0.2216930807073077
15-06-2023,-0.055368269,0.366807442,0.139960152,0.049584741,0.690177389,-0.055598653,-0.2008774695694026,0.13746141134071216,0.13616384403525578,-0.23731702620526196,0.29249805536767626,-0.1411526846720616
16-06-2023,0.084685896,0.30592481,0.278939992,-0.229978737,-0.098329539,0.616130022,-0.061900078643722746,0.22001699882302447,0.20611803825399044,-0.23370710288548457,0.10227175484431164,0.22771013609543095
17-06-2023,-0.290967736,-0.001741359,0.300137362,-0.184599132,0.234950909,0.21882224,-0.17357175234351546,0.11236340795585881,0.25213743442005726,-0.20991689878339748,0.16683541053205703,0.22316889465899814
18-06-2023,0.0,-0.104032795,-0.04611252,-0.060511779,0.549048941,0.580247548,-0.08885456181901492,0.00723121075667163,0.10726971434440827,-0.1371629518975793,0.353286632457532,0.3976091429727949
19-06-2023,-0.513564443,-0.448082611,-0.51851229,-0.619941944,-0.206582597,-0.220116467,-0.2959690384304027,-0.21482906557563028,-0.19716654160906438,-0.37202155759160094,0.08077403976923501,0.0973118358118034
20-06-2023,-0.295845564,-0.321084424,-0.28721676,0.052084374,0.0,-0.399139687,-0.2958192272807618,-0.266729260354451,-0.2411084166042159,-0.1651845892450565,0.04171933691495567,-0.14457345991775628
21-06-2023,0.0,0.199345712,-0.065225615,-0.449794239,-0.048611844,-0.033136838,-0.1518786554249363,-0.039835430785155626,-0.15547606180488455,-0.3035843243009382,-0.002291512693567116,-0.09037247912399105
22-06-2023,0.029453326,0.144592867,-0.096952154,-0.320181828,0.261508606,0.505678144,-0.06357578542161985,0.04979272840482083,-0.1269267493096503,-0.3118589080926709,0.12595129565422578,0.20040367195415412
23-06-2023,0.0,0.551859404,-0.521062505,0.0,0.0,0.0,-0.03267625059237571,0.29445229842371257,-0.3191628752277757,-0.16001495008747557,0.06446667231278005,0.10285489875161737
24-06-2023,-0.002281587,0.278055219,-0.141057833,-0.021271263,-0.458934891,0.287580086,-0.017470881148358347,0.2867927350977749,-0.23275957422361276,-0.09201885630341083,-0.19022783537128468,0.19309162980823594
25-06-2023,0.0,-0.18113216,-0.050136653,0.0,0.0,0.597605607,-0.008935519428837743,0.05876875208358075,-0.1440162529758456,-0.047274800171249645,-0.09809415849947592,0.39032621304291515
26-06-2023,0.620968684,-0.262620725,0.177019527,0.113734195,-0.2973656,0.239677043,0.29789759450539044,-0.0979663813845579,0.012131067901415354,0.0312825331972644,-0.19517963910611869,0.316789493391062
27-06-2023,0.348574589,-0.156806629,0.101198292,-0.04396746,0.317367111,0.206459677,0.32295268848470504,-0.1266931838440624,0.05534630603370137,-0.005245629304159255,0.05426793578238387,0.263097228303908
28-06-2023,0.284336843,0.120027373,-0.006188761,0.250891741,0.36002131,-0.333509692,0.3043391767646551,-0.006504260274777525,0.025429149799894843,0.11957951006467554,0.20292509050370597,-0.02776804350084411
29-06-2023,0.0,-0.322974222,-0.124227729,-0.18180097,0.0,0.410725957,0.15657136916384928,-0.16041555492443488,-0.04714685683440124,-0.02679541125283893,0.10431330293809092,0.1859867723417461
30-06-2023,0.515372436,0.100734191,-0.187004917,-0.083099513,0.386903421,0.000406656,0.33166080618072563,-0.033083018615759706,-0.11513726023771217,-0.05427584147753126,0.24205670879149052,0.09593439575805564
01-07-2023,0.0,0.359787368,-0.327425599,0.0,0.0,0.0,0.17028033560533506,0.15818046473387978,-0.2185957037988709,-0.027587259840454938,0.1243061989153201,0.049274906949514474
02-07-2023,0.0,0.0,-0.104428684,0.0,0.068071184,0.200729328,0.08740657736235045,0.08112290644634981,-0.16304862207325121,-0.01396524884431393,0.09682326616893197,0.12278095779257941
03-07-2023,0.184904027,0.25183056,-0.364233206,-0.42756969,0.073325137,0.277216999,0.13496181350313075,0.1640003011633763,-0.26084435751613344,-0.21548319581979172,0.0854349426307969,0.19809877475213897
04-07-2023,-0.018971596,-0.081964207,-0.034858293,0.205393749,-0.010771747,-0.057636548,0.06005010330876471,0.044094958999040534,-0.15081756018968512,-0.01055114016664542,0.03890028941662469,0.07344829966415836
05-07-2023,0.432606246,0.23648932,-0.511818239,0.299559937,0.31071029,0.360997752,0.24159777377891808,0.1379696996762627,-0.3267605673627916,0.1405293375964756,0.171351032555041,0.21321823642252968
06-07-2023,0.296753519,0.001744118,-0.079020499,-0.064289816,0.312052799,0.175731279,0.2682345917719756,0.07184857805264609,-0.2063732438939173,0.04075746337554794,0.24019196166362955,0.19493807633196847
07-07-2023,0.111261899,0.034538756,0.180430183,0.098520281,0.026295594,-0.496735224,0.191707225490498,0.053812897399963894,-0.018112191847618947,0.06895220838944882,0.13593317752456735,-0.14205431339474045
08-07-2023,-0.348648094,0.316681453,-0.171074199,0.0,-0.425373446,-0.117990701,-0.07161289282946838,0.18184216810455187,-0.09264312003187058,0.0352456835518401,-0.13767598546861076,-0.1302117431166157
09-07-2023,0.0,0.066483967,0.060996384,0.0,0.010269433,-6.69e-05,-0.03676728512209541,0.12595231837688364,-0.017769922857312673,0.01820845952543309,-0.06568191015850412,-0.06714019467215154
10-07-2023,-0.331709509,0.188784344,-0.321058174,-0.011144284,-0.544590891,0.02006905,-0.18080633911097468,0.15657990023665663,-0.16542791102263546,0.003970531481476972,-0.2992883770283128,-0.024693477860859472
11-07-2023,0.409703664,0.490504041,0.312783625,-0.159392172,0.431328897,0.30974024,0.10677974837179727,0.3191427190494382,0.06765858538444888,-0.07561779149202573,0.056484918294443104,0.13822829258635502
12-07-2023,-0.064299215,0.080163569,0.231559274,-0.620508046,0.142117871,-0.352587814,0.02349578600168689,0.202909259616573,0.14761817755743234,-0.3411367954999178,0.0981983583611783,-0.10093749630371907
13-07-2023,0.178813775,0.477017036,0.020157403,-0.474100893,-0.042134834,0.3529009,0.09906708441015957,0.3364250337167647,0.08583628071578532,-0.4058636999101223,0.029843040577711713,0.11993942442015201
14-07-2023,0.182249735,-0.092789102,0.23468123,-0.005448001,0.317703808,0.754569887,0.13966710162237003,0.12757007123844372,0.1584288077872917,-0.2111590039485482,0.170114827099478,0.42924333633373235
15-07-2023,0.0,0.13624911,-0.054240111,-0.117421619,0.0,-0.183975326,0.07143925170124213,0.13173099089607404,0.05523146516720992,-0.16580653857277483,0.08714721445533682,0.13052373280778504
16-07-2023,0.509292489,0.568229713,0.050460201,0.0,0.0,0.337887448,0.2846229220745028,0.3444750352057563,0.052990131737016166,-0.08508805367872717,0.04454938940151468,0.23152390858850952
17-07-2023,-0.118800575,0.464791682,-0.31286061,0.234163638,-0.094162786,-0.41397385,0.08818130877667299,0.40328582593748197,-0.12533243171270458,0.07033845728389795,-0.02302026844762131,-0.08251293583480303
18-07-2023,0.378604363,0.759958207,-0.207642844,0.149522506,0.10889538,0.180413014,0.22994711419090566,0.5771113459583466,-0.16540594294671435,0.10896076840787275,0.041498890996391286,0.045607349839016105
19-07-2023,0.013068566,-0.562179843,-0.194556585,0.351225367,0.0,0.080749458,0.1244258283068029,0.02236196599023077,-0.17974859707482022,0.22706034532544986,0.021299873692693535,0.06275700670993593
20-07-2023,0.055360322,-0.112973651,0.144803902,-0.158632823,0.648211348,-0.003539472,0.09105973052582297,-0.04367712770171216,-0.021538058170477672,0.039297204861551624,0.32708383921097695,0.030483637088265195
21-07-2023,-0.326532115,-0.216826678,0.231643498,-0.23831066,-0.220019587,-0.614582689,-0.11258980166668969,-0.12836730162193952,0.10160544345330257,-0.09583096170264074,0.060468821715425655,-0.2839677030466019
22-07-2023,0.603886639,0.350828854,0.075545455,0.074959397,-0.05351634,0.186188951,0.23644966485042618,0.1049691651676547,0.08882836580608597,-0.01229608562339847,0.004884294085704375,-0.05486346557547701
23-07-2023,0.43164433,0.203683516,-0.18372469,-0.132986455,-0.195525383,-0.263852453,0.3315848101233572,0.15283240316178848,-0.0439176985008516,-0.07081045176982317,-0.0927267308435942,-0.15693633529964404
24-07-2023,0.0,0.568687087,-0.036437552,0.0,0.141377488,0.476994532,0.17012831746242615,0.35559030896023325,-0.040446089287123656,-0.03635192021612978,0.02107504664216594,0.15135146714974196
25-07-2023,0.43552944,0.188878548,0.213164336,0.04832038,0.635811063,0.30121752,0.2995380019866787,0.2745038518985336,0.08312220111071955,0.004950936720943103,0.3205892910176338,0.22457455745877877
26-07-2023,-0.294047108,0.273880184,0.011840529,-0.513063564,0.0,0.021132902,0.01021155370169563,0.2740178799741588,0.048413814345165174,-0.2474241666828821,0.16459603018697477,0.125386933032613
27-07-2023,0.417896853,0.196361402,0.521616705,0.485167645,0.66144146,0.620546604,0.20891701014827843,0.23606513212929375,0.27918364187753003,0.10919809785770146,0.4068210087968521,0.3669645869124898
28-07-2023,-0.043963414,0.619435022,0.080614926,-0.163133807,0.30834612,0.3417238,0.0856077197495076,0.4225192289027524,0.18274223275860504,-0.023507801560485583,0.3590284793237152,0.3547828697695405
29-07-2023,0.0,0.264712073,0.390699553,-0.327510877,0.0,0.145756598,0.04394436592608475,0.3462456668800268,0.28429358164623914,-0.1718513312707817,0.18433136750503437,0.2531145706891551
30-07-2023,0.0,0.308557235,0.02444616,-0.451151888,0.0,0.629248891,0.022527464641556735,0.3281684832886875,0.1577816490913178,-0.3079355716771953,0.09423696859033616,0.43652744023098666
31-07-2023,0.152546568,0.003583754,0.239636865,0.071422344,0.301758053,0.806962259,0.08608957811850226,0.17036777187051555,0.19761595200485865,-0.12315446011790195,0.1955366939603368,0.617656083342861
01-08-2023,0.344665137,0.082459991,-0.039934697,0.153345593,0.875220379,0.321685829,0.2117472931672559,0.1274269536091091,0.08195627157454255,0.011434334179011324,0.5268349850314166,0.4737260365544213
02-08-2023,0.339729352,0.058386839,0.424728019,0.194722266,0.612260175,-0.279542507,0.2739641819402749,0.09374312731179017,0.24912039542801762,0.10082229362219575,0.5689022720749997,0.10718873017138297
03-08-2023,0.267098164,-0.124689215,-0.001061762,-0.188417979,0.326937102,-0.334457484,0.2707889042634648,-0.012972225834970881,0.12740797458274186,-0.040033896490027907,0.451281215219449,-0.10821188240718968
04-08-2023,0.294202445,-0.023889278,0.125964322,0.214433496,0.191328315,0.078303999,0.2820939052656756,-0.018416199154417334,0.12665145124730023,0.0838885757238104,0.32451699107933935,-0.01759466075555753
05-08-2023,0.661403369,0.665982966,0.269061431,-0.150300901,0.426897488,0.4463664,0.4672518057209098,0.31484383419647155,0.19610519437963628,-0.029839090494553543,0.3745982778568917,0.20842450674939184
06-08-2023,0.57726393,0.707743788,0.105288284,-0.154210513,0.101808942,0.669933245,0.52088063460516,0.5063392985279913,0.15165710400358962,-0.09075252977801462,0.2415166674681548,0.4330173794421645
07-08-2023,-0.103770123,0.246974116,0.190522061,-0.128185488,-0.258880496,0.466478858,0.21689918736393393,0.3799057035224512,0.17063627256672048,-0.1089450973953364,-0.0023197239857737917,0.44937651407037627
08-08-2023,0.144234426,0.34203422,0.150076462,0.172017711,0.405668559,0.075136616,0.18163118823472346,0.36152603008349793,0.16048302695885291,0.02807631851522939,0.19645191718959146,0.2672339997237877
09-08-2023,-0.004695772,0.061157176,-0.306257239,-0.131649,-0.464175527,0.466404489,0.09096476759810207,0.21521829203097603,-0.0668298426389467,-0.04944518547014684,-0.1252858910171762,0.36404598163938184
10-08-2023,-0.077476326,-0.290755995,0.218318167,-0.136667756,-0.402241717,-0.13521547,0.008861593701287952,-0.03116263398562384,0.07190507914191979,-0.09201521741462837,-0.2604843563311966,0.12052972684534204
11-08-2023,0.356196862,0.139643308,0.257457844,-0.009940511,0.618958242,-0.45609343,0.17787613923742107,0.051984068775239804,0.162376270601022,-0.05218031274184367,0.16727846636842278,-0.1605274772140807
12-08-2023,0.259511399,0.450190265,0.253122387,0.108701412,-0.394271098,0.159209223,0.21754872151212643,0.245987317181752,0.2064253765616597,0.026048644791061764,-0.10658601895273848,-0.004677032845616505
13-08-2023,-0.157285674,0.477751127,-0.040461883,-0.335660319,0.614447947,0.122917035,0.03489759036779272,0.3591331510907763,0.08626983323776177,-0.15004403968179633,0.24443503108208792,0.05769164261284658
14-08-2023,-0.024179211,0.355299602,-0.248819234,0.148044422,0.363406463,0.276048447,0.00595442369719092,0.3575029205500212,-0.07701114786265771,-0.005040460490412235,0.30243118694542204,0.1640629332372111
15-08-2023,-0.211718422,-0.049736272,-0.071594108,-0.136165136,0.0,-0.017517508,-0.10050281915494486,0.1589035329573828,-0.07458652595827603,-0.06883471825477724,0.1550086590761034,0.07542137665860432
16-08-2023,-0.108813316,0.413835268,-0.310675683,-0.067848013,-0.540126531,0.170178334,-0.1049719537400983,0.28276671868210435,-0.1897213786670299,-0.06830105695118097,-0.183630244198005,0.12121862646936529
17-08-2023,-0.162972102,0.11236758,0.107145455,-0.364217093,0.0,-0.003395794,-0.13323054003288898,0.19976995465698102,-0.04532275554918984,-0.21243508118327106,-0.09411839703808285,0.060292045946869585
18-08-2023,-0.08572658,0.364959207,0.280668254,-0.119191458,0.455271239,0.0,-0.11025850923080209,0.28016243116707806,0.11337985999223839,-0.16724488906423768,0.17323595003297582,0.030908381507450945
19-08-2023,0.138938264,0.61169771,0.041384722,0.0,-0.750256488,0.187213903,0.011085432155336833,0.44182317442327346,0.07856380708811128,-0.08578476266915562,-0.2762970400506575,0.10679086567784563
20-08-2023,-0.031476321,-0.194160968,-0.347670431,-0.088657703,-0.689959786,-0.095385261,-0.009595866889798172,0.1324240700542929,-0.1291854068640178,-0.08715291853611498,-0.4777566448150464,0.008440119456192212
21-08-2023,0.280262514,0.267242602,-0.28371766,0.625974879,0.361657608,-0.093457055,0.13139717751445168,0.19810357524053174,-0.2047137013287272,0.2602371468745587,-0.06947157369725732,-0.04091645549744444
22-08-2023,-0.304573882,0.122307556,-0.380013211,0.030854269,0.0,-0.212248552,-0.08108862694343075,0.1610192324235077,-0.29040400540743927,0.14857509768011096,-0.03542343496103521,-0.12451403591206593
23-08-2023,0.663767826,0.705205402,-0.550768615,0.221568029,-0.425659828,0.110576773,0.28185485037236635,0.42595193527607034,-0.4174093731840683,0.1844377072826296,-0.22595068229758958,-0.010130524166351407
24-08-2023,0.346562609,0.101913212,-0.416857745,0.0,0.112467401,-0.058461883,0.3135704093683475,0.26812313236954466,-0.4172451494212006,0.09460168419873749,-0.06143782632606776,-0.03385514272757479
25-08-2023,-0.113550535,-0.147498555,0.12163481,-0.181448678,-0.207494033,-0.015097842,0.10580153685879072,0.06582811870103314,-0.15491557837170783,-0.0397477735270389,-0.13263492886336875,-0.024726661032706848
26-08-2023,0.02450975,0.633576223,0.052400035,0.185806208,0.258936328,0.394752411,0.06632900942982076,0.3422208731353301,-0.05381423178584804,0.07016020607140622,0.05839238506386289,0.17952391720817695
27-08-2023,0.351489102,0.409101684,-0.133028021,-0.007784211,0.0,-0.176770691,0.20540201064966496,0.3749479150790055,-0.0925072205289934,0.03245478645586298,0.029979650112930245,0.006049562480748338
28-08-2023,0.098690735,0.11747763,0.325232685,-0.342988786,0.0,-0.286081243,0.1535924751449854,0.24951383577839026,0.11078549752233928,-0.15036838992770435,0.01510978335737189,-0.13627366567818483
29-08-2023,0.117162663,0.165144588,-0.183390085,0.074886296,-0.44078068,0.200586612,0.13585285065302705,0.20818432739798945,-0.03249467225612178,-0.04071688408055513,-0.20652682714679776,0.02764507021066047
30-08-2023,0.485985659,0.39151026,0.094025002,0.472845163,0.160922357,-0.052266098,0.3065423236736453,0.29775072209445064,0.02934150015656634,0.20952176546726778,-0.027204771299928765,-0.011211601025581396
31-08-2023,0.323636018,0.102089605,-0.218964135,0.493934189,0.475102681,-0.204610779,0.31488671561778925,0.2024429720849968,-0.09143962197237888,0.3478301125857158,0.21727977542157273,-0.10538524896393738
01-09-2023,0.108559576,0.080673246,0.176900794,0.34852282,0.356223081,-0.648070822,0.21474761710800072,0.14316609339350717,0.039475534599713535,0.34836413647061715,0.2851080786563441,-0.3697169818228558
02-09-2023,-0.112312458,0.913774421,0.319180721,0.39949411,0.883645421,0.027066255,0.05512458976042597,0.5182602327730088,0.17611468548420434,0.3733534259613547,0.5771579127642193,-0.17670083043113002
03-09-2023,-0.275870431,0.590505997,-0.175752496,0.200238491,0.688919749,0.488111491,-0.10631784874113717,0.5537167274894316,0.005051631302762635,0.2892428162199103,0.6318967272865654,0.14712435661103854
04-09-2023,-0.158460839,0.661404399,0.399157271,0.131268009,-0.212962513,0.363530073,-0.13171758093947766,0.6066172497592379,0.19698876137167598,0.21256887340950525,0.22079929350945102,0.2526584345539298
05-09-2023,0.654435036,0.498241744,-0.087450211,0.531673898,0.656150908,0.610082425,0.2512013974290721,0.553799672382639,0.05849891526263901,0.3680543642588723,0.43288022163312095,0.4267083408130766
06-09-2023,0.367448344,0.080982907,0.279214865,0.043145053,0.375702294,-0.126529456,0.3077750668182993,0.32353168473450555,0.16615112128634862,0.20999063325046963,0.40529136790678216,0.15754345089754826
07-09-2023,0.209611357,0.622569487,-0.244239339,0.482054925,0.346168513,0.43883777,0.26007906030085604,0.46935153263453133,-0.03389094144932743,0.34288401272782415,0.3767378340077241,0.29486592326970823
08-09-2023,0.1067706,0.472054699,-0.225318401,-0.179224428,0.041778282,0.705846747,0.1854753446108783,0.47085714086279823,-0.1270622630650084,0.08867742696176623,0.21405145164874723,0.49515543339583024
09-09-2023,-0.115816598,0.161894716,-0.253206975,-0.558923396,-0.133807442,0.696592128,0.03849870717174429,0.3203789453314173,-0.1886574149701768,-0.2270737755736098,0.044606527426317155,0.5936353958240348
10-09-2023,0.0,-0.079342042,0.037579467,0.005052005,-0.160208853,0.424800297,0.019565230993107516,0.1257690625063163,-0.07841535620121193,-0.11442846657277622,-0.055447043226188875,0.5118733813418046
11-09-2023,-0.151190553,-0.194647868,-0.069054257,0.025408548,-0.115861222,-0.169775703,-0.06368266342874157,-0.030311038246561284,-0.07401290531295732,-0.046586509986923486,-0.08513625523754233,0.18049116382408142
12-09-2023,-0.068696293,-0.100618663,0.221908845,0.054011541,0.296921112,0.467535582,-0.0660951663798612,-0.06515047990354692,0.06991724092702682,0.0021485696159693132,0.10040253201003242,0.32043516837622066
13-09-2023,0.100146267,-0.401845411,0.13743221,0.041216259,0.327724321,0.014339416,0.01502821117958733,-0.229595758013994,0.10296305328014822,0.021059639772558387,0.21078947067939638,0.17120046201001893
14-09-2023,0.13405892,-0.018648717,0.433327949,0.19784842,-0.032339895,-0.108359587,0.07312788768862744,-0.12737419300716285,0.26373414288603125,0.10712331569007916,0.09259887508260645,0.034878741791694985
15-09-2023,0.408730624,0.053178915,0.622004101,0.200641489,-0.189915864,0.320785621,0.23627408965739086,-0.03979609424905582,0.4385020548603399,0.15242240756161876,-0.045392548112775453,0.1738167618093309
16-09-2023,-0.368725671,-0.273884133,0.346631546,-0.148190107,0.054848003,0.141654369,-0.05856488750034748,-0.15391935507247256,0.3938412384081077,0.006030870461109644,0.0031838484646286823,0.15833337431406413
17-09-2023,-0.09077726,0.532310685,0.089608242,-0.116837121,0.646011981,-0.252721228,-0.07442512673669326,0.1799324715866985,0.24601366634452587,-0.05412592237325454,0.3161589253740363,-0.042107546258433215
18-09-2023,0.496785381,0.0,0.520863123,0.306567871,0.281962466,0.0,0.20375794896992033,0.09208772268553865,0.3802133623934955,0.12168270898669038,0.2996684352672019,-0.022056381878926265
19-09-2023,0.245675257,-0.638913955,0.453852792,0.429487937,-0.120421501,-0.644267487,0.2243783295915322,-0.2641017057506988,0.4164834471034897,0.27206830917242486,0.09526816350985384,-0.32564502836412906
20-09-2023,0.098099454,0.172041723,-0.003208549,0.04099257,0.18470246,-0.01228955,0.16299401519301915,-0.051725913973694235,0.21224321669047694,0.1596530945448717,0.1389992168229849,-0.17344262614327344
21-09-2023,0.076348732,0.077334076,-0.325611116,-0.715362569,0.533056339,-0.080935562,0.12097498506096377,0.01124110497315172,-0.04962656722944042,-0.26657384889213465,0.3311430155329169,-0.12837518873057793
22-09-2023,0.366756834,0.177419526,-0.081516659,0.117652065,0.11552199,-0.161989563,0.24083821959873447,0.09227307209783153,-0.06533187314390468,-0.07957663767719036,0.22611304267222485,-0.14512169284279977
23-09-2023,0.0,-0.291444063,-0.033095249,-0.368241277,0.0,0.198383156,0.12358837107988768,-0.09436866472816027,-0.049751815988111986,-0.22028978583429779,0.1158871077408154,0.022135998938004248
24-09-2023,0.0,-0.267787548,0.037914671,-0.242228194,0.0,0.351411516,0.06336926475378465,-0.1789057983367744,-0.007339972633301925,-0.23123750077969912,0.059518476723309524,0.1826409009499746
25-09-2023,0.145033716,0.24217605,0.148494539,0.044991797,0.002528215,-0.471798823,0.10294228848424536,0.026102604612543906,0.06819284243445521,-0.09692556087609107,0.03190731226119342,-0.13628969219030151
26-09-2023,-0.074971564,0.050030874,0.072258977,-0.178989564,0.263859784,-0.58296313,0.016554590199955477,0.037946528178944366,0.0700012344365828,-0.13687559655469164,0.14490100796875002,-0.35408262564688975
27-09-2023,0.161710346,0.590136236,0.28660737,0.230305345,0.0,0.57428262,0.08734144616215059,0.30666844067913274,0.17552021745964821,0.042003602876766744,0.07399411067028445,0.0981567781049959
28-09-2023,0.41459251,0.264089829,0.441799335,0.393969547,0.138311553,-0.002422555,0.24652524948475488,0.2861141609934118,0.30503805562275516,0.21331839770994848,0.10520080905155779,0.04921509437804458
29-09-2023,-0.15559243,-0.263062609,-0.072865414,-0.094768781,0.038227978,0.0,0.05061287215053217,0.01912718553561782,0.1208301150861173,0.06308339534272733,0.07271134355020398,0.025667337714268653
30-09-2023,0.015292865,-0.046328919,0.178464868,-0.25534642,0.781264698,-0.457479782,0.03337541867205108,-0.012858030930553998,0.1489868423339114,-0.09204284092147808,0.4178511630951088,-0.20969981142483915
01-10-2023,0.0,-0.065820847,0.330639203,0.0,-0.127655309,-0.172767215,0.017088172728572742,-0.03871759103262375,0.23778266679315793,-0.04681282332047115,0.1520073906830862,-0.1917859807167181
02-10-2023,-0.231909593,-0.122652026,0.053604388,0.178176155,0.682270915,0.215241901,-0.10444106915387227,-0.07974470384399546,0.14824844850989996,0.06270048874223326,0.41037594585963855,0.006500713764836907
03-10-2023,-0.501621889,-0.201310191,-0.130291989,-0.003223077,0.061017609,-0.102818744,-0.2980134778077573,-0.13884050302535766,0.012655174978839195,0.030849532760512506,0.24042199262313593,-0.04687901742342722
04-10-2023,-0.116537499,-0.39541021,-0.279003978,0.217295084,-0.258198737,0.580961609,-0.20978263006275832,-0.2637620602072249,-0.1294576752913025,0.12185566485493413,-0.0023584097006267013,0.25875981151938837
05-10-2023,0.015056353,-0.241156879,-0.435557748,0.180628509,0.325016233,-0.21234625,-0.10046041991084673,-0.2530624473585677,-0.27876286099573644,0.15053762363345483,0.1571364396343429,0.02968853547479726
06-10-2023,-0.653437869,-0.166065735,-0.307875162,0.0,-0.441430769,0.006936218,-0.3698884471787461,-0.2108653229980566,-0.2931641031999288,0.07739957209123909,-0.1345534191275022,0.018983403109185726
07-10-2023,-0.47811623,0.431616192,0.345590186,-0.526999374,-0.824273152,0.318760031,-0.4229469457883863,0.10165689621344481,0.017679370237381586,-0.21716016067326052,-0.47067030862779846,0.1646911464557629
08-10-2023,0.001811988,0.040923369,0.125665722,-0.280617125,0.111151867,-0.193238819,-0.21652245674496526,0.07196663147096652,0.07002766777658496,-0.24845549776996056,-0.18758243804448343,-0.00958975929897618
09-10-2023,0.666387672,0.0,0.44564601,-0.069530845,0.131997246,-0.263710118,0.2135961503923493,0.03711200754087323,0.2531186159814961,-0.16137817644904567,-0.03202229484042077,-0.1334038839683448
10-10-2023,0.141875568,-0.542129492,-0.276699042,-0.469977902,0.350377721,-0.037648381,0.17877662797369348,-0.24504440175400324,-0.004963802112463195,-0.3116705981229909,0.15377984331174094,-0.08655058702673987
11-10-2023,0.05950478,0.555307592,0.03938388,-0.106403555,-0.541188474,0.208608892,0.12077788337027254,0.14477829597599265,0.01643443351581806,-0.21185714240384917,-0.18463624604476625,0.057305427591406916
12-10-2023,-0.264256008,0.411489603,0.224099289,-0.633510413,-0.21033849,-0.274244366,-0.06659307253936861,0.2748866364459327,0.11758630927883788,-0.4175296763280527,-0.19769596336297895,-0.10432452276605358
13-10-2023,0.498678501,0.35260769,-0.187584562,0.461808275,-0.63365543,0.109804011,0.20907861538722328,0.3130478167949111,-0.03094013562059527,0.010629451177929877,-0.4102570953694675,-1.411232027008491e-06
14-10-2023,0.517102979,0.122553198,-0.184087669,0.0,0.0,0.083984008,0.3593508743139684,0.22067754968768488,-0.10540025258149802,0.00532261253553129,-0.2104729247736052,0.04055631455102864
15-10-2023,0.0,-0.222220331,-0.211898539,0.0,-0.548810317,-0.292816502,0.1844875552081136,0.005182764173092769,-0.15708181998585416,0.0026207251378479943,-0.37564390727889957,-0.12170708500485758
16-10-2023,0.219107196,0.760178486,-0.020779465,-0.178004962,0.229854052,-0.24496312,0.20187388465917183,0.3731250576498705,-0.09058141921259344,-0.08537901066208381,-0.08060274850556377,-0.18183754698108773
17-10-2023,-0.312562459,0.262818402,-0.660475277,-0.57773766,-0.677140632,-0.192078576,-0.04833938506025148,0.31934706750928077,-0.3685058060486106,-0.32498376003096463,-0.3707766437546119,-0.18713739210323893
18-10-2023,0.438974089,0.678931602,0.133605709,0.298353,-0.421211759,-0.130454926,0.18905006309041672,0.4947103310680233,-0.12418201545211169,-0.021319784158152166,-0.3956475893274626,-0.15951774649309786
19-10-2023,-0.02826181,0.29083867,0.191304148,0.36106387,-0.797259026,-0.106120328,0.08287912167449359,0.39569019983842957,0.02917045105375861,0.16500853794295012,-0.5916410068098925,-0.13343776622816508
20-10-2023,-0.016996243,0.279641204,-0.159130249,-0.07774324,0.323951332,-0.161157185,0.03418297356254268,0.33973226832908665,-0.062380549782778634,0.04713287607954685,-0.14614583397767805,-0.14700214014703616
21-10-2023,-0.503145697,-0.633037892,0.042017616,-0.420319475,0.238448958,-0.154273587,-0.22762081966428738,-0.13433784971549095,-0.011580556510795162,-0.18051607319216592,0.04147480720164205,-0.15076530005333172
22-10-2023,0.0,0.587519568,0.103428307,-0.267524999,0.129979038,-0.046870916,-0.11670057857505768,0.21701475626073133,0.044305967896256335,-0.22262620471828098,0.0847504581823546,-0.10007109278090971
23-10-2023,-0.450750205,-0.498786185,-0.23446001,0.0,0.0,-0.761428847,-0.2798320833161215,-0.13180961844234357,-0.09136584897011903,-0.11458644004510726,0.043905222019266374,-0.422416645466576
24-10-2023,-0.263096683,0.019571247,-0.179399537,-0.094795806,0.001656366,-0.257629346,-0.27217267190989014,-0.05821413280318673,-0.13419862772721058,-0.10501543264358483,0.023348678937925884,-0.3424457773784865
25-10-2023,-0.37398291,-0.1789924,-0.183292265,-0.44397051,0.0,-0.401789011,-0.32194367182968653,-0.1169559673613708,-0.15806901441493842,-0.270220446134312,0.012327890824873232,-0.3713887452821135
26-10-2023,-0.383376178,-0.396195135,-0.146912662,-0.749989982,-0.629142221,0.490056962,-0.3522092359719339,-0.2535459533996486,-0.15271873079465692,-0.5040227374793944,-0.30033308846823137,0.04823172392258723
27-10-2023,0.025474616,0.128125609,0.002361729,-0.336883429,-0.080268105,-0.38451341,-0.1682251457548308,-0.0679146186767206,-0.07684825446478456,-0.42254627417248103,-0.19288315540584627,-0.1624539656082049
28-10-2023,-0.105414125,0.163308883,0.12329512,-0.03518713,0.0,-0.296560946,-0.13799991583031262,0.04427507690121324,0.020531692405116347,-0.23427075101686962,-0.09876834965499635,-0.2278111173491214
29-10-2023,-0.046121493,0.100268705,0.08960574,-0.216033599,-0.371170794,-0.330311928,-0.09330452170600996,0.07140245851161847,0.05407888532910995,-0.22575468330734305,-0.2310505279396508,-0.277825262815239
30-10-2023,-0.242836414,0.226023721,-0.416300197,-0.076232927,0.54139602,-0.832148385,-0.1662042085379966,0.1466052733761281,-0.17495897701009694,-0.15299901991529014,0.14494356117439444,-0.54796543986818
31-10-2023,0.112807168,-0.12788065,0.102733821,0.131957791,0.213943327,-0.040919434,-0.03006013931406478,0.01335833509101185,-0.03980076940759248,-0.014001484942009937,0.17850247176760337,-0.30117525047302934
01-11-2023,-0.100638555,-0.131065781,0.025690444,-0.310067876,0.211212712,-0.425448034,-0.06446478716584436,-0.05736151251389711,-0.00798206598634855,-0.1580887003586788,0.1944690820845114,-0.361878989016247
02-11-2023,-0.215918919,-0.666139122,0.142450258,-0.612798863,0.0,-0.391105803,-0.13801417231598742,-0.35368603959719586,0.0654494236198814,-0.3797228355285638,0.0998437558647425,-0.3758706446380141
03-11-2023,0.124265648,-0.011648183,-0.318489159,-0.373440492,0.341264549,-0.404444477,-0.010153125114726803,-0.18727563094530025,-0.12145475788848314,-0.37683872302890636,0.21752554847916158,-0.38986521222587833
04-11-2023,0.0,-0.324578125,-0.396462076,-0.472961919,0.283693339,-0.322676811,-0.004980907287647576,-0.25417494171363486,-0.25540078289073936,-0.42362860022154913,0.24989756125256898,-0.3571234343817241
05-11-2023,0.248798648,0.538912685,0.063429274,0.448724625,0.383163757,-0.498725873,0.11889584777721189,0.13230771628967306,-0.10013311677127054,0.0015867854170865947,0.31537027169520393,-0.4266378328215208
06-11-2023,0.498991668,-0.038871822,-0.056129631,0.030524435,0.439115103,0.245473894,0.30413756222584154,0.04891113981961703,-0.0787580403422946,0.015895154545851047,0.3759044218509703,-0.09920916086157817
07-11-2023,-0.127700991,0.19874871,-0.378250067,0.072398907,0.315679618,-0.374532852,0.0939984963389694,0.12184151018275297,-0.22479670701071813,0.04345561986713575,0.34679579440315395,-0.23322530068485656
08-11-2023,-0.481763312,0.063784201,-0.517422691,-0.725644201,0.422132772,0.074781354,-0.1864274544999985,0.09356919589977049,-0.36755987772674753,-0.331091161038933,0.383945350724643,-0.08310336494147663
09-11-2023,-0.156754859,0.454262473,-0.34639854,-0.101026027,-0.870599852,0.517944444,-0.171935904272347,0.26921788489416576,-0.35721979186367836,-0.21916077779606782,-0.2273703493834361,0.21019330879581982
10-11-2023,-0.205877429,0.211636146,-0.124103853,-0.121516511,0.501672264,-0.773773505,-0.1886488634542558,0.24141010739439508,-0.24393021309771304,-0.17180591104649756,0.12754770661464904,-0.2690424904018986
11-11-2023,0.0,0.0,-0.122541354,0.0,0.712818147,0.029212763,-0.09679315697025495,0.12402534667711188,-0.18495638061479655,-0.08801584421998444,0.4126412945085875,-0.12363468619762345
12-11-2023,0.0,0.029767852,0.100532911,0.0,0.0,-0.595216499,-0.04956138739341358,0.07859274718740573,-0.046068168665648244,-0.04480888694193361,0.21185710462047833,-0.3532248782201006
13-11-2023,0.0,0.200721065,-0.37637066,-0.117637084,0.312131345,-0.091039863,-0.02552271327157595,0.1381499714110026,-0.2068235948086258,-0.08008723486642425,0.2606307699046506,-0.22545581762489791
14-11-2023,-0.048134278,0.37437685,0.082820848,-0.525468639,0.401670839,0.0,-0.0365549583197217,0.25352730023461234,-0.06559039715088028,-0.29683475740757825,0.32933160275167495,-0.11555280676259724
15-11-2023,-0.309270234,0.332152251,-0.135043432,-0.368329705,0.246639608,0.322683408,-0.16959956279173052,0.291656657437271,-0.09950811414898003,-0.3321295739081813,0.2890104445223408,0.0981947322914685
16-11-2023,-0.798150719,-0.098478747,-0.454750365,-0.76302023,-0.829192039,-0.238092286,-0.47624606356847266,0.10178649024381761,-0.2726100691793836,-0.5422856129391421,-0.2558741310256687,-0.06573659987150426
17-11-2023,-0.255280864,-0.098792065,-0.159090282,0.00626652,0.121195448,-0.065104494,-0.3688072836315871,0.00400391450035141,-0.21723739824946542,-0.27541053985581493,-0.07251911513193558,-0.06523717283411032
18-11-2023,0.3982897,-0.107918516,0.026595484,0.0,0.450230531,0.192553344,0.004994636700853122,-0.050562085166464155,-0.09825518385467463,-0.14095056410149595,0.1818593351862597,0.0602723018053261
19-11-2023,0.147205467,0.734100242,-0.027559259,-0.253742293,-0.041371093,0.443539915,0.07438045700517218,0.33141467863480173,-0.06365806686187202,-0.19592777730112243,0.07375337776836377,0.24671762810847808
20-11-2023,-0.06952427,0.749835692,-0.247330391,-0.324875904,0.220188854,0.0,0.004443423525206949,0.5353448811208622,-0.15310627975547125,-0.258797817391806,0.14483184525871085,0.12714881731587116
21-11-2023,-0.006991758,0.615715122,-0.460290725,-0.360342654,-0.338509313,0.183250177,-0.0011250751516751166,0.574833426869264,-0.30278638715529227,-0.3084312201138001,-0.09100554352157975,0.15454228649263604
22-11-2023,-0.510266002,0.36942471,-0.250816917,-0.272011358,-0.692364525,0.0,-0.2491807148412175,0.47509565938443155,-0.2777167803926527,-0.2908785941274412,-0.3840458166202092,0.07971370811760581
23-11-2023,-0.568460507,0.022811146,-0.087949773,-0.446264236,-0.756160548,-0.428702283,-0.4048892590207275,0.25491144819880884,-0.1852005733626308,-0.3666903463975244,-0.565772848642599,-0.1678821707023559
24-11-2023,-0.3538746,-0.312926537,0.269546787,0.0,-0.151451199,-0.114982913,-0.38025596770795567,-0.02181494389527197,0.03618748320578585,-0.18793929443460572,-0.36451397946390574,-0.14221359044681908
25-11-2023,0.0,0.580389554,-0.280051319,-0.617133786,0.33928961,0.496090691,-0.19503816633597298,0.271361370418981,-0.11777881361496455,-0.3969322528525472,-0.021997755403809965,0.16848186362606588
26-11-2023,0.521191181,0.872417887,-0.188071475,-0.305469453,-0.261837944,0.098958653,0.1542848056615842,0.5644271677889217,-0.15181667015205175,-0.35214432458175204,-0.1383481082761175,0.13486204150047681
27-11-2023,-0.026980649,0.733657734,-0.633925285,-0.127703378,-0.530550974,0.322167185,0.06622569169883225,0.6472880088365263,-0.38669688127526475,-0.24301826766254297,-0.3295914115202459,0.22624163824974136
28-11-2023,0.044933359,0.166609396,-0.25034594,-0.197241024,0.192594936,-0.230703037,0.05564611526379698,0.4135682403697475,-0.3205225596855665,-0.22086614008686983,-0.0756642161702251,0.003637749691810563
29-11-2023,0.141867906,-0.076328518,-0.41156032,-0.220418673,0.069756205,-0.27091888,0.09759685314967037,0.17469037343722163,-0.36505806789723505,-0.2206277485887112,-0.004836226327824648,-0.1303997926975407
30-11-2023,0.078620671,0.605817228,-0.141051775,0.0,0.059923129,0.317446947,0.0884552222096936,0.3843800244958453,-0.2559945445192049,-0.11307262996194958,0.026575197656471778,0.08771159105061475
01-12-2023,0.163291007,-0.28235091,-0.318645563,0.0,0.127309763,0.765078477,0.12497461454739026,0.05940333687430108,-0.2863916332107429,-0.05783000033868818,0.07587973489234143,0.41766747340864385
02-12-2023,-0.343691416,0.344962154,-0.353342226,-0.314476907,-0.29552517,0.411360397,-0.10296697141848526,0.19833620125650891,-0.31903221439158624,-0.18273632152562264,-0.10459348107564614,0.41485361415384786
03-12-2023,0.0,0.669678232,-0.16912872,0.0,-0.063604399,0.257390988,-0.05251254274497561,0.42808424207417267,-0.24614207367850827,-0.09354325812720479,-0.08421948922303515,0.33866039489922567
04-12-2023,-0.036798819,0.39194517,-0.594742547,-0.236864822,-0.376676204,0.48878382,-0.04466991699454087,0.4109366305033002,-0.4163009823820967,-0.16342794108846545,-0.22666356651861827,0.41208223761253127
05-12-2023,-0.132920313,0.183963107,-0.446462096,-0.259919468,-0.482890891,0.409656811,-0.08769346362985816,0.30024940288950286,-0.4310800437622736,-0.21015758232917583,-0.3518491735581952,0.4108484748679645
06-12-2023,-0.618624849,0.658515038,-0.387605147,-0.531316936,-0.106552496,0.015945316,-0.3467423078710655,0.47444270139854655,-0.4100496202869084,-0.36656825830469086,-0.23239572772508613,0.21864388728932743
07-12-2023,-0.069032248,0.306993491,0.016152822,-0.560820479,0.022933671,-0.304799166,-0.2116394201558825,0.39270023717518754,-0.20226373953391139,-0.4613566094681607,-0.10781363571864383,-0.03644328010952899
08-12-2023,0.009559684,-0.038680256,-0.169830734,-0.495857912,0.214259699,-0.259678911,-0.10402965555962877,0.1826705880864572,-0.1864324723476526,-0.47832950434718546,0.048915168193899884,-0.14508388245984458
09-12-2023,-0.088630126,0.741193146,-0.219743904,-0.573385607,-0.264635435,0.27836537,-0.09667942400174942,0.4549449920893012,-0.20252231262635315,-0.5248010270330763,-0.10386052078466677,0.061299847950009825
10-12-2023,0.0,0.50764092,-0.199360371,0.0,-0.220041851,0.595926236,-0.04968561858561564,0.48052505616334606,-0.20101991909124242,-0.2694418313646675,-0.16056595409223628,0.3216125618510218
11-12-2023,-0.029060362,-0.11014446,-0.184391772,0.04096485,-0.172625483,0.23051312,-0.039768985606729056,0.1932221546080624,-0.1928457058764134,-0.11837785460215768,-0.1666198835299289,0.2769536859445626
12-12-2023,0.018432361,0.671801111,-0.533115887,-0.191141762,-0.238033605,0.252437736,-0.01122467876954428,0.42629313223024656,-0.3585268161385317,-0.1537070546940609,-0.20133293131701036,0.2649261074313483
13-12-2023,0.065748404,0.544425159,-0.235199567,-0.104192443,0.158425515,0.534771911,0.026269871643097804,0.4836964933755956,-0.29855885391723563,-0.1296786948195371,-0.02614296464970517,0.39640044069034386
14-12-2023,0.427109152,0.40516729,0.376701354,0.365264685,-0.280330414,-0.01018327,0.2215990407579367,0.4454937254799036,0.030613528683944652,0.1115256197451752,-0.1497664886940464,0.19825439237745482
15-12-2023,0.187916339,0.312577846,0.230358998,-0.453448501,0.598571988,0.481741295,0.2054085433338798,0.3808988790278264,0.12822590459175665,-0.16350110957833713,0.21503274362992336,0.33623896077909965
16-12-2023,0.176529433,0.160413063,-0.233755459,-0.748699436,0.0,0.331881265,0.19184948284797912,0.273305416839821,-0.04781263860167802,-0.4483833810516552,0.1104675575714749,0.33431447066135067
17-12-2023,0.118542515,0.456375254,-0.258669246,0.0,0.0,0.076324557,0.15629586938547133,0.3624766869314774,-0.1505822522730103,-0.22985997769880845,0.05670171557038664,0.2090173036940772
18-12-2023,0.273663851,0.343009182,0.0,0.0,-0.148407677,-0.14668679,0.21356887275550546,0.3532407915400484,-0.07720620583766041,-0.11770660030666985,-0.04332586855726084,0.03600783961828215
19-12-2023,0.445152782,0.485373172,0.0,0.0,0.807172468,0.537465755,0.3265846003948998,0.4173755296062161,-0.03950273976341661,-0.06007706683020214,0.37117661631478016,0.2801693270119106
20-12-2023,0.522511953,0.540110556,0.037123118,-0.388260885,0.372621627,0.489270987,0.42224346963901804,0.47711642452194303,-0.002071282067253769,-0.2200064283056794,0.3722472034429779,0.38184848559462237
21-12-2023,0.177666911,0.555134691,-0.287307681,0.056361376,0.131124303,0.124824147,0.3033648804151903,0.5154912710195039,-0.14092624185975627,-0.08552103955820875,0.25510926212950485,0.25671931201412024
22-12-2023,0.305471675,0.326950947,-0.097956904,0.0,0.108184296,0.114615814,0.3045679838362731,0.42353695922417184,-0.1197482856375432,-0.043789451949122885,0.18383275461875934,0.18748872870538785
23-12-2023,0.134106794,0.510757204,-0.220162947,0.0,0.123388578,0.491272201,0.22166687130625382,0.46595596203364764,-0.16859901768571658,-0.022417651730179962,0.15439992903853839,0.33527759468071405
24-12-2023,0.583558286,0.599026713,-0.276755753,0.0,0.0,0.413092167,0.3978540417616876,0.5308261102426556,-0.2216313971450477,-0.011736081555879284,0.07944538026293953,0.37340327730858264
25-12-2023,0.602486947,0.235206086,0.110081011,0.0,0.472030111,0.443726275,0.49768195691787526,0.3869344942935058,-0.06030039400497124,-0.00574435310180841,0.2703919296957,0.4075976736367105
26-12-2023,0.286072251,0.240787437,0.151784078,-0.008444953,0.287077597,-0.091182829,0.3947842165030375,0.3158716727056684,0.04313532581535967,-0.006599438131917024,0.2786888867425322,0.16463730688505357
27-12-2023,-0.260219849,0.251321492,-0.174014162,-0.494941593,0.031463501,-0.238999073,0.07583560689813654,0.2843355201436187,-0.06247340879904248,-0.2445252498237207,0.15841275464229757,-0.03196075609479897
28-12-2023,-0.092329217,0.150597546,-0.436014175,-0.322325752,-0.63773054,0.095272999,-0.006217444600652308,0.21914161023143586,-0.2445022932344884,-0.2825814942374556,-0.22928033861971162,0.030099033559754136
29-12-2023,-0.251963923,0.485810481,-0.351154563,-0.568812806,-0.576601167,0.193392394,-0.126225707941448,0.34889838877941937,-0.29661518859624403,-0.422209432050433,-0.3991386903166298,0.10934145121208344
30-12-2023,0.0,0.428579045,-0.184232978,-0.316826209,0.0,0.038640656,-0.065130412872359,0.387600479058157,-0.24206917641287656,-0.3708874680669177,-0.20515567339722376,0.07466024986422232
31-12-2023,0.0,0.371454158,0.186900317,-0.50485514,0.0,0.243787374,-0.03354922791194617,0.37963006803561455,-0.03304594085208824,-0.43642181541061376,-0.10541173590757488,0.15702837405190115
