date,z_Supply Shock and availability risk,z_Transport logistics and chokepoints,z_Demand and macro economy,z_Inventory SPR and refinery,z_OPEC producer policy,z_Geopolitical Normalisation and Peace
01-01-2017,0.370751749,0.184194717,0.461120659,0.026913263,0.600724711,0.401279395
02-01-2017,0.139959091,-0.168404959,0.235712928,-0.375279893,0.605195033,0.247117699
03-01-2017,0.357725855,0,0,0.483364642,0.642266053,0
04-01-2017,0.408715962,0,0.437834585,0.517983656,0.588541697,0.245297085
05-01-2017,0.369908029,-0.618362875,0,0.29165789,0.356601188,-0.131100084
06-01-2017,0.480683533,-0.566849838,0.375901097,0.072358161,0.348978572,0.648875326
07-01-2017,0.332938919,-0.391181183,0.311045302,-0.368128299,0.322765869,0.147661709
08-01-2017,0.227754975,0.38309643,0.490984816,-0.328908756,0.37891304,0.130585478
09-01-2017,-0.535477387,0,0,-0.733744096,-0.158819936,-0.054491793
10-01-2017,-0.246427634,0,0.269591686,-0.207651156,-0.124261181,0.366658439
11-01-2017,0.373385143,0.25336301,0,-0.261578677,0.366304359,0.575362643
12-01-2017,0.284095868,0,0.821634629,-0.327334783,0.609413473,0.504952688
13-01-2017,0.051654887,0,0.034283141,-0.109116016,0.108218333,0
14-01-2017,-0.063211101,0.042962416,-0.172164102,-0.433507274,0.101846387,-0.323878608
15-01-2017,0.285698426,-0.402811145,-0.066584099,-0.067077236,0.271365126,0.337557811
16-01-2017,0.001571144,0.5525504,0.28018288,-0.131564423,-0.101463557,0.386612492
17-01-2017,0.254370106,0.08635635,0,0,0.189409461,0.016885368
18-01-2017,-0.15241633,0.629641285,-0.083101539,-0.569048799,0.239428305,-0.403297937
19-01-2017,0.104647612,0,0.353924961,-0.242897634,0.066263203,0
20-01-2017,0.200694426,0.434941779,0.635395255,-0.051388278,0.442728399,0
21-01-2017,0.170559922,-0.04832483,0.464943345,-0.189070332,0.498038285,0.600925734
22-01-2017,0.392697692,0.156483303,0,0.080607195,0.448395302,0.456308322
23-01-2017,-0.434635654,0,0,-0.184610562,0.026292786,0.089756029
24-01-2017,0.174187737,0.04402049,0.29131337,0.127381315,0.62603692,0.124940719
25-01-2017,-0.064608827,0.096068482,0.22566886,-0.515613233,0.458769142,0.397731499
26-01-2017,-0.116555589,-0.007031426,0.39182089,0.103428844,-0.009446058,0
27-01-2017,-0.336014223,-0.417840452,0.275884514,-0.021221518,0.054984452,0.095117748
28-01-2017,-0.328391787,0.267735481,0.092697079,-0.110607595,-0.059254209,-0.249108899
29-01-2017,-0.079878464,0.537632366,0.174190877,-0.355844054,0.192684818,0.473160238
30-01-2017,-0.40999366,-0.290930608,-0.339326478,-0.327662572,0.14481608,0.487328231
31-01-2017,-0.309939099,0.587742556,-0.145088265,-0.581017985,0.200952576,0
01-02-2017,-0.03155241,0.135521971,0.05914585,-0.271046094,0.084712142,-0.337834926
02-02-2017,0.123210183,-0.031094069,0.220154318,-0.328441037,0.572113182,-0.071040173
03-02-2017,0.496264695,-0.079253725,0.112801836,-0.556065516,0.725390796,0.019683913
04-02-2017,0.493544021,0.103023832,0.229647814,0.094099788,0.340772523,0.08247394
05-02-2017,0.034441796,0.311422115,-0.061919574,-0.111345579,0.278714118,-0.448671618
06-02-2017,0.158174006,0.275450498,0.057713038,-0.547285969,-0.073972893,0
07-02-2017,-0.243875023,0.215465723,-0.008640461,-0.537090127,-0.03665602,0.2508108
08-02-2017,-0.361557502,0,-0.617290981,-0.630370296,0.17024983,-0.001627577
09-02-2017,-0.148502829,-0.054161346,0.060753753,-0.394230415,-0.191887035,-0.448325218
10-02-2017,0.475009319,0.617337557,0.592986179,-0.026479179,0.590375094,0.198730654
11-02-2017,0.199026267,0.203455472,0.423233662,0.077647667,0.537384897,0.022131586
12-02-2017,0.048177215,-0.525056362,0.237825171,0.125685947,0.181552641,-0.098420745
13-02-2017,-0.318805237,0.554589448,-0.109360682,-0.479868468,-0.264264288,0
14-02-2017,-0.190421454,-0.361408787,0.058634024,-0.158419304,0.08243851,0.631787743
15-02-2017,-0.638820602,-0.442666879,-0.169167331,-0.52949844,-0.288477193,0.279637507
16-02-2017,-0.164482872,-0.331030946,0.329188091,-0.343678123,0.018324195,-0.105953419
17-02-2017,-0.214421517,0.469935313,0.054621228,-0.373363418,-0.118555389,0.587596518
18-02-2017,-0.061803633,-0.310334538,0.107157361,-0.318968397,0.092414299,-0.147833765
19-02-2017,-0.039260605,-0.447821153,0,-0.138109338,-0.178091085,0.493885572
20-02-2017,0.092707344,0.026139899,0.39240261,-0.270430468,-0.127310454,0
21-02-2017,0.501068814,-0.281776605,0,-0.206456155,0.560763486,0.577730164
22-02-2017,-0.226640542,-0.194634118,0,-0.356811322,0.400677288,0.002467399
23-02-2017,0.127161291,-0.590001736,0.14603435,0.322901168,-0.067790979,0.011605933
24-02-2017,-0.230961539,-0.399434995,0,-0.294373952,0.549536904,0
25-02-2017,-0.282125227,-0.118268791,0.176804936,-0.860340592,-0.064423454,0
26-02-2017,-0.119132135,0.208170147,0,-0.407687922,0.150893902,0.669436493
27-02-2017,-0.015222245,-0.14783746,0,-0.066526141,-0.002731112,0
28-02-2017,-0.069426409,0,0,-0.688635939,0.047005196,-0.344756858
01-03-2017,0.021784986,-0.677042335,0,-0.358429686,0.552892932,0
02-03-2017,-0.390772969,-0.405790616,0,-0.659342857,0.385986637,-0.096548951
03-03-2017,0.243267566,0.723266451,0.655811554,-0.046402372,-0.045719346,0.698309814
04-03-2017,-0.278954495,0.366481704,0,-0.626660468,-0.490206112,0.44959829
05-03-2017,0.355297431,0.177339024,0.246937553,0.318518082,0.225407068,0.478826741
06-03-2017,-0.486406193,-0.354161116,-0.654514265,-0.644502409,0.091986787,0.645498055
07-03-2017,-0.163442917,0.238111892,-0.196783292,-0.464513129,-0.041506811,-0.117423156
08-03-2017,-0.503331431,0.039134849,-0.332984443,-0.759252798,-0.100534464,-0.596268626
09-03-2017,-0.276907159,0,-0.331713983,-0.613578718,0.088453137,0
10-03-2017,-0.550794251,0.097038098,-0.354734913,-0.572904747,-0.073143068,0.311617521
11-03-2017,-0.506956122,0.003131114,-0.449611101,-0.525163213,-0.05990199,-0.001454763
12-03-2017,0.125936702,0.277099559,-0.010848623,-0.260784081,0.264448968,-0.022403202
13-03-2017,-0.481003382,-0.015417881,-0.441867086,-0.596854328,-0.1288656,-0.117548844
14-03-2017,-0.270717379,0.464950965,-0.015706335,-0.516276869,0.105010695,-0.0670437
15-03-2017,-0.021402953,-0.095262959,-0.137641984,0.18162987,0.069449412,0.40858884
16-03-2017,-0.049498336,-0.14223934,-0.049148178,-0.181933139,-0.173782203,0.399147965
17-03-2017,-0.122262208,-0.569092945,0.122736895,-0.23023659,-0.18561082,0
18-03-2017,-0.006204014,0.01314914,-0.04312161,-0.191655318,0.090951408,0.193492253
19-03-2017,-0.336656818,-0.270552011,-0.173354289,-0.139449504,0.01725209,0.268839084
20-03-2017,-0.60433593,-0.051906215,0,-0.458600294,-0.331212192,0
21-03-2017,-0.342008452,0.558655093,0,-0.557028086,0.158176617,0
22-03-2017,-0.775396436,-0.062762386,-0.198599956,-0.815869216,-0.293721749,0.138544641
23-03-2017,-0.176791642,0.232020574,0.154605038,-0.286133302,-0.135118288,0.501691385
24-03-2017,0.030367047,0,0,-0.148227078,0.040509797,-0.325479137
25-03-2017,-0.073589093,-0.506709776,0.211345426,-0.195048501,0.494859893,0.035581939
26-03-2017,0.209713167,-0.430701953,0,-0.687725274,0.351808955,0.02007703
27-03-2017,-0.406917708,-0.199187452,0,-0.660780347,-0.127419375,0.069943665
28-03-2017,0.483234962,-0.277765658,0.020716492,-0.247580552,0.490033981,0.702598542
29-03-2017,0.42223064,0.517043878,0,0.123584043,0.537190167,0.500314254
30-03-2017,0.297844616,0.189395525,0.44897699,0.094064437,0.413298869,-0.540742075
31-03-2017,-0.092261463,0.001149161,0.116013621,-0.049964972,0.502246324,-0.164717685
01-04-2017,-0.118735452,0.33538869,0.092285858,-0.042236792,0.504075578,-0.018446388
02-04-2017,-0.028648089,0,0.108698533,0.452036185,0.596045588,0.415605492
03-04-2017,-0.355154281,0,0.479012774,-0.479881641,0.394167945,-0.243269822
04-04-2017,-0.164787144,-0.290706795,0.563685723,0.064686862,0.449575092,-0.315773529
05-04-2017,-0.048318218,-0.37956084,0.053749803,0.119247056,0.225189067,0.029001618
06-04-2017,-0.150516755,-0.326617035,-0.028938212,0.098603759,0.210245355,-0.012200701
07-04-2017,0.311201556,0.396834204,0,-0.242260295,-0.171793764,0.627190322
08-04-2017,0.493601539,0.016812918,0.464468045,0.094033924,0.376821523,0.741524963
09-04-2017,0.009057596,0.282506934,0.135137642,-0.279305911,0.005977458,0.385074528
10-04-2017,0.523691112,0.326003258,0.704210874,0.188116177,0.155909253,0.783496368
11-04-2017,0.489514028,0,0,-0.22592534,0.76837444,0.211711482
12-04-2017,0.638512064,0.268040937,0,-0.152975873,0.776768495,0.55935147
13-04-2017,-0.444095037,0.072892768,-0.403018367,-0.708727922,0.211524261,0.121957911
14-04-2017,-0.128511623,0.537904053,0.052347941,-0.411280124,-0.09658828,0.196350134
15-04-2017,-0.145341791,0.609940121,0.001029504,-0.419901206,-0.108175795,-0.231800056
16-04-2017,0.36715656,0.432521644,0.44734358,0.054531814,0.197144429,0.115341924
17-04-2017,-0.628655863,0.128398056,-0.104314962,-0.756746666,0.575595062,-0.278446776
18-04-2017,-0.121183427,0.37106836,-0.018471905,-0.495876019,0.355986275,0.28916626
19-04-2017,-0.455823391,-0.387569058,-0.53513588,-0.699714253,0.219645126,-0.500577005
20-04-2017,0.154005678,-0.115512852,0.031471174,-0.287617232,0.490460603,0.013847854
21-04-2017,-0.1689076,0,-0.504358645,-0.401363057,0.169211871,0
22-04-2017,-0.180468573,0.212008267,-0.307328656,-0.130256337,-0.114550684,0.215533627
23-04-2017,-0.364303466,-0.225204905,0.013767081,-0.223794395,-0.30903352,-0.33261744
24-04-2017,-0.022501128,0.27352053,0.429291411,-0.385342935,0.174323706,0.296449161
25-04-2017,-0.154534213,-0.152031328,0.15408844,-0.064354553,-0.211933848,0.628410867
26-04-2017,-0.133194895,-0.157859109,-0.204990982,-0.308926998,-0.224025391,0.102869067
27-04-2017,-0.336096295,-0.429020029,-0.001266193,-0.539976454,0.247615366,-0.151262962
28-04-2017,0.210701957,0.055553792,0.144267645,-0.090202393,0.617822296,0.16715357
29-04-2017,0.177689766,0.089661206,0.065054714,-0.074433275,0.420816491,0.461373379
30-04-2017,-0.071659514,-0.148957809,-0.055226643,-0.224313451,0.468103314,0.234119485
01-05-2017,-0.672113939,-0.669648771,-0.678876382,-0.492368032,0.042888588,-0.381675753
02-05-2017,-0.478210649,0.213403064,-0.431762334,-0.383289031,0.136149829,-0.105704472
03-05-2017,-0.123485831,0.618936278,-0.261886121,0.071759874,-0.27791798,0.086759723
04-05-2017,-0.701313908,0.111233311,-0.378762758,-0.650634537,-0.430035075,0
05-05-2017,-0.089193124,-0.025798116,-0.70114084,-0.506181401,-0.183098537,0.471572247
06-05-2017,-0.120382217,0.268057306,-0.034321757,-0.451637839,0.075066273,0
07-05-2017,-0.039183472,0.085570273,0.330896242,-0.082747769,0.079723269,-0.346823804
08-05-2017,0.182496062,0,0,-0.310357967,0.432132086,0.142404396
09-05-2017,-0.15715243,0,-0.101492178,-0.06090485,-0.001144695,0.058012375
10-05-2017,-0.108918846,0,-0.140485986,-0.193237824,-0.170373672,-0.429958715
11-05-2017,0.156096516,0,0,0.109761401,0.212945588,0.741762315
12-05-2017,0.061802276,0.664000655,0,0.065225103,0.279898983,0.660283503
13-05-2017,0.204313345,0.0374101,-0.025551612,0.128212527,0.173959122,0.131571656
14-05-2017,-0.014445632,0.219763186,-0.057412349,-0.140692971,0.108356899,0.078525337
15-05-2017,0.635551066,0,0,0.325909162,0.660444711,0.620488595
16-05-2017,0.357708188,0,0,-0.341108903,0.440287178,0.130870319
17-05-2017,-0.132894962,0.009742742,0,-0.191357087,0.115871099,0.285228148
18-05-2017,0.109976636,0.250049833,-0.129226469,-0.377041858,0.14000867,0.243608586
19-05-2017,0.21067818,-0.2474395,0.556956138,-0.313025395,0.500800882,0.383241386
20-05-2017,0.083625635,-0.367837987,0.281697266,-0.068217206,0.206498737,0.23613018
21-05-2017,0.057136202,0.254544668,0.036100445,-0.163881931,0.12696655,-0.070219845
22-05-2017,0.38687867,0,0.690568081,0.234741184,0.347801487,0.436847426
23-05-2017,-0.068040116,-0.232115521,0.036112907,-0.391273523,0.190970689,0.257958095
24-05-2017,-0.092156795,-0.333813419,0,-0.243384939,0.127903192,0.130987391
25-05-2017,-0.253316636,0,0,-0.195061898,-0.1513167,0.332752463
26-05-2017,-0.441856706,0,0,-0.316223823,-0.293054484,0.705517336
27-05-2017,0.401504059,0.230209717,0.319731408,-0.13970026,0.251081976,0.198986334
28-05-2017,-0.041633228,0.151458952,-0.346520229,-0.445922108,-0.017295683,-0.018418101
29-05-2017,-0.4171164,0.467071266,0,0.23295699,-0.248188322,-0.085710842
30-05-2017,-0.505402973,0,-0.100007571,-0.414997423,-0.288213805,0.409731262
31-05-2017,-0.668868637,0,0,-0.541814893,-0.576783924,0.097681511
01-06-2017,0.04122999,0.564327331,0.132016405,0.038280668,0.198697949,0.154379107
02-06-2017,-0.432585983,0.712368674,-0.490409557,-0.584860292,-0.2126745,-0.058443948
03-06-2017,-0.319496916,0.209571484,-0.184642076,-0.266738325,0.130020975,0.181962587
04-06-2017,0.164377127,0.356787695,0.307551257,-0.16305791,0.4266015,0.53958148
05-06-2017,0.084695467,0.528266444,0,-0.582032265,-0.236621043,-0.036384131
06-06-2017,-0.653620603,0.181785872,0,0.068847512,-0.643842138,0.762136603
07-06-2017,-0.720810383,0.218491656,0,-0.841968137,-0.07399329,0.357141291
08-06-2017,-0.491423024,-0.196389578,-0.289284046,-0.621701975,-0.138197922,0.487167094
09-06-2017,-0.438589899,0.050830888,0,-0.64789776,-0.388716018,-0.1576443
10-06-2017,-0.351941875,0.397074395,0.00761154,-0.230032849,-0.018703002,0.317865083
11-06-2017,-0.226556932,0.011571412,-0.168184129,-0.236044708,0.223276134,0.191659678
12-06-2017,-0.284303871,0.318814367,-0.093003137,-0.0160875,-0.400633848,0.310778908
13-06-2017,0.025901273,0.283752365,-0.052264963,-0.018328148,0.200950466,-0.293927294
14-06-2017,-0.205797368,0.380680425,-0.356563717,-0.301700448,-0.395758509,-0.549463486
15-06-2017,-0.551841225,0.120583921,-0.113305079,-0.465331021,-0.762592778,0
16-06-2017,-0.42618207,-0.050133355,0.015708843,-0.333793082,-0.260583098,-0.18836715
17-06-2017,-0.174641178,0.589021965,-0.134856723,-0.318820222,-0.290487857,0.500422332
18-06-2017,-0.21087225,-0.055795649,-0.139530858,-0.425536636,-0.164441927,0.097581921
19-06-2017,-0.814827909,0,-0.877257543,-0.530556708,-0.467735043,-0.283615014
20-06-2017,-0.806959432,-0.118800084,-0.426451239,-0.707122669,0.43056528,0
21-06-2017,-0.559341771,-0.434601105,-0.429268515,-0.471721988,-0.791129664,0.638814582
22-06-2017,-0.538928158,-0.143078791,-0.143090194,-0.070913822,-0.416101901,0.021371192
23-06-2017,0.006164171,0,0.112219977,0.12875367,0.07882112,-0.729987843
24-06-2017,-0.308718928,0.419164277,-0.15341068,-0.281301334,0.012189846,0.063984314
25-06-2017,-0.389045057,-0.260433592,-0.681777249,-0.384096519,-0.02723249,0.115798568
26-06-2017,0.307285279,0.04634015,0.295270678,0.180757167,0,0
27-06-2017,0.007670426,-0.257156992,0.201596882,-0.032109453,-0.088722369,-0.012753071
28-06-2017,-0.254329895,0.218176882,-0.355840088,-0.515432329,-0.113924065,0
29-06-2017,0.15919249,0.379977524,0.199360392,0.275808887,-0.334767702,0.683829781
30-06-2017,0.04615963,0.093680403,0.514673923,0.483540175,-0.366092922,0
01-07-2017,0.016263812,0.246933781,0.1200451,-0.046782561,-0.242560885,0.202888779
02-07-2017,-0.402556094,0.129710808,-0.048449054,-0.231688644,-0.403368012,-0.448853339
03-07-2017,0.382964422,0.490553702,0.284497665,0.138084829,-0.105288579,0.388541615
04-07-2017,0.018114922,-0.358480394,-0.284255987,-0.181217103,-0.515793878,0
05-07-2017,-0.425684818,0.213818598,-0.105803125,0.27587962,-0.6024323,-0.300459887
06-07-2017,0.44336567,-0.226752574,0.074171633,0.565189831,0.129762126,0
07-07-2017,-0.597301928,0.220816159,0.050646248,-0.484812779,-0.254544286,0.105547448
08-07-2017,-0.552246504,0.136254876,-0.278044248,-0.720386984,-0.506986138,0.425455734
09-07-2017,-0.012003217,0.380580293,0.163797425,0.023292639,-0.291070769,0.21155504
10-07-2017,-0.212524523,0.462192943,0.201102756,-0.212713687,-0.010289548,-0.042988895
11-07-2017,0.105447916,0,0.382705355,0.168219098,-0.124888639,0.495637459
12-07-2017,0.219189369,0.725039466,0.066663976,0.189347682,0.425456364,0.504296208
13-07-2017,0.046073288,0.138643731,0.343745532,0.311059614,-0.236315313,0
14-07-2017,0.118149185,0.54162332,0.443854485,-0.316839255,-0.03127798,0.279656655
15-07-2017,0.032669757,0.016332318,-0.167975573,-0.334469815,0.205784955,0.17217725
16-07-2017,0.031628373,-0.275890981,-0.239490393,-0.305439476,0.342844112,-0.153415555
17-07-2017,0.522604988,0.282538773,0.669042396,-0.130292097,-0.058084139,0.314878962
18-07-2017,0.449535544,0.257456537,0.39018871,-0.147952482,0.429022523,0.807259535
19-07-2017,-0.025860897,0,0.261166497,-0.136186717,-0.006062215,0.008525344
20-07-2017,0.080426339,-0.273477436,0.215247574,-0.030498724,-0.065719139,0.505473992
21-07-2017,-0.493705794,-0.079292418,0.04650213,-0.436922706,-0.027570912,-0.200744208
22-07-2017,-0.057130455,0.430744322,-0.332960994,-0.488769321,0.19855122,0.414768276
23-07-2017,0.173107537,-0.07363661,-0.364159452,0.138228959,0.309669386,0.57800187
24-07-2017,0.032459899,-0.540305562,0,0,0.026071666,-0.43072915
25-07-2017,0.410076544,0,0.072195036,0.072302602,0.346689944,0.077737304
26-07-2017,0.329145473,-0.103821323,0.164985399,0.300354353,0.312655033,0.623747429
27-07-2017,0.054428947,0.367551268,-0.025977593,-0.022670876,0.069424431,0.100580793
28-07-2017,0.148818619,-0.10460537,0.396776512,0.279446263,0.427207205,0.336281611
29-07-2017,0.037376362,-0.223040126,-0.042597926,0.022743396,0.559228418,0.498591681
30-07-2017,-0.157492224,0.576827184,-0.062346203,-0.055224293,-0.178753877,0.329639697
31-07-2017,0.144825961,-0.668118067,0.445210315,-0.228358611,0.048028767,0
01-08-2017,-0.21224921,0.272178757,0.649161623,-0.109576449,-0.079810349,-0.023469846
02-08-2017,-0.558499444,0.766357273,0.317528238,-0.67115375,-0.339493552,0.409282134
03-08-2017,-0.228420255,-0.063683953,0.290599148,-0.293659378,-0.343274874,0.471712209
04-08-2017,-0.229818855,0.283173185,0.472204335,-0.043809925,-0.098749909,0.188302075
05-08-2017,0.186526917,0.019898816,0.405132451,0.133499299,0.371668237,0.488126377
06-08-2017,0.049773441,0.102661312,0.446043888,0.078267349,-0.128391108,0.555255125
07-08-2017,-0.663932527,0.163264629,0.119722143,-0.236614923,-0.468816661,-0.36631288
08-08-2017,-0.257267428,0.140471386,0.130278257,-0.385212071,-0.028699278,-0.208851453
09-08-2017,-0.555710205,0.173621919,0,-0.135167144,-0.530280853,0.068913076
10-08-2017,-0.163253067,0.172747887,0.722195267,-0.005720523,0.331064048,-0.026628669
11-08-2017,-0.30976672,0.273111031,0.187420226,-0.29402835,-0.099591795,0.144488035
12-08-2017,-0.28113552,0.292454856,0.239936316,0,-0.317911959,0.152724959
13-08-2017,0.26626249,-0.055365027,-0.017115981,-0.208940792,0.16617369,0.222549954
14-08-2017,-0.644807928,-0.344253254,-0.290123371,-0.55937462,-0.625886558,-0.554111556
15-08-2017,-0.066222199,0.191465011,-0.404758328,0.018092277,0.206625697,0.297712724
16-08-2017,-0.115425065,0.106780488,0.186120276,-0.205562493,0.028508612,0.188532461
17-08-2017,0.142479507,0.505808397,-0.047763017,-0.171108738,0,0
18-08-2017,-0.273408916,0.655290297,0.078220701,-0.197519233,0.274308,0.469310377
19-08-2017,-0.25286335,-0.396435172,0.037107646,-0.124954755,0.409750103,0.093791379
20-08-2017,0,-0.170495629,0,-0.290879039,0.355643252,-0.492729797
21-08-2017,-0.309610869,-0.340561616,0.113328035,0.000481196,-0.12574938,-0.438686942
22-08-2017,0.092229805,0.16251664,0.314732634,0.234581149,0.200681759,0.310011912
23-08-2017,-0.02563406,0.020131116,-0.110369407,0.026899064,-0.284013802,0.48637251
24-08-2017,-0.29026163,-0.125943822,-0.254561972,-0.208566453,0.202409482,0.381748279
25-08-2017,0.419063793,0.391018685,0,0.05513703,0.287930408,0.721320989
26-08-2017,0,0.398578634,0,0,0,0.1821471
27-08-2017,0.364123804,0.505055195,0,0.146374502,-0.396859762,-0.223936902
28-08-2017,0.239599815,0.384219838,0,0.325632229,0.101142246,0.867109758
29-08-2017,0.425121129,0.307075255,0.112202894,0.362936031,0.774201471,0
30-08-2017,-0.024996502,0.317381353,-0.021587733,-0.151998924,0.532896237,-0.098600738
31-08-2017,-0.253502298,0.373845195,0.113775757,-0.280119769,-0.563119772,0
01-09-2017,-0.371174201,-0.176240786,-0.02590679,-0.459110975,0.274370446,-0.261999813
02-09-2017,-0.127497485,-0.147055381,0.205432819,-0.226297527,-0.105918044,0.098071345
03-09-2017,-0.127497485,-0.147055381,0.205432819,-0.226297527,-0.105918044,0.098071345
04-09-2017,-0.127497485,-0.147055381,0.205432819,-0.226297527,-0.105918044,0.098071345
05-09-2017,-0.127497485,-0.147055381,0.205432819,-0.226297527,-0.105918044,0.098071345
06-09-2017,-0.127497485,-0.147055381,0.205432819,-0.226297527,-0.105918044,0.098071345
07-09-2017,-0.127497485,-0.147055381,0.205432819,-0.226297527,-0.105918044,0.098071345
08-09-2017,0,0,0,0,0,0
09-09-2017,-0.304689863,0.098089947,-0.26101407,0.084407536,0.2204634,0.392555557
10-09-2017,0.012896986,0.108413536,-0.156869909,-0.273893281,0.508951039,0.149030596
11-09-2017,0.211465897,0.010800968,0.222423098,-0.031329417,0.391380427,0.19115202
12-09-2017,0.231586318,0.35949506,-0.173669383,0.326251877,0.16043774,0.08436799
13-09-2017,0.255932507,0.056927632,0.505495932,-0.150312143,0.192848359,0.43644913
14-09-2017,0.336151542,-0.576262195,0.690318202,0.050967035,0.016615889,0.290042441
15-09-2017,-0.256542944,0.253397146,0.742748305,-0.405282046,0.468383673,-0.107157199
16-09-2017,0.005869766,-0.101702056,0.351138759,-0.336329874,0,-0.109635899
17-09-2017,0.005869766,-0.101702056,0.351138759,-0.336329874,0,-0.109635899
18-09-2017,-0.356620682,-0.412313054,0.494443259,-0.247863697,0.126728083,0.17374002
19-09-2017,0.327709357,-0.313698456,0.426548247,0.370750963,0.43707835,0.205804744
20-09-2017,0.423607419,-0.199610172,0.620098866,0.265611496,0.737463638,0.746063908
21-09-2017,-0.219653038,0,0.433157999,-0.356806833,-0.024001011,-0.014624477
22-09-2017,-0.105592089,-0.466832667,0,-0.240305265,0.049149148,-0.209859112
23-09-2017,0.042270161,0,0,-0.48757908,0.273653765,0.5737086
24-09-2017,0.121241823,0.562136093,0,-0.121087866,0.200667406,0.316022182
25-09-2017,0.249249639,-0.265936514,0.090554021,-0.251017087,0.36401852,0.03272184
26-09-2017,0.018929311,-0.302187283,0.263799655,-0.184115933,0.246482435,0.138442093
27-09-2017,-0.059542175,0.06096385,0.197573075,0.046729767,-0.149941918,0.34227404
28-09-2017,-0.094545568,-0.077013775,0.05805604,-0.116870502,0.296723231,0.561838475
29-09-2017,-0.536010097,0.133489245,0.218992732,-0.353384435,0.230136959,-0.049446879
30-09-2017,-0.653363014,-0.422144481,-0.058927494,-0.22456789,-0.352955606,0
01-10-2017,0.013488026,0.151319606,0.042081614,-0.135600147,-0.013425841,-0.19593633
02-10-2017,-0.579536339,0.222169055,-0.278930889,-0.320072972,-0.405291185,0.047819826
03-10-2017,-0.707791273,-0.440367041,-0.252850666,-0.416709106,-0.290916022,0.149058836
04-10-2017,-0.234041222,0.420464371,-0.179419843,-0.253020846,0.208451747,0.392926233
05-10-2017,-0.070802807,-0.084356104,0.128330397,-0.268804756,0.305002881,0.535650314
06-10-2017,-0.49043192,-0.384992547,0.024060115,-0.531965446,0.174519376,0.63766812
07-10-2017,-0.452618766,0.34136065,-0.044605961,-0.558165921,0.569647456,0.384026803
08-10-2017,0.037590911,0.313229622,0.21381435,-0.085467815,0.394359615,0.648246274
09-10-2017,-0.204924066,-0.164101722,0.383184169,-0.058430013,0.012824598,0.548836881
10-10-2017,0.05956414,0.082435651,0.32619822,0.232063523,0.177170745,0.37197823
11-10-2017,0.311758245,0.535490184,0.678498577,0.222495285,0.335001317,0.51946309
12-10-2017,-0.52816079,-0.124146495,0.187308201,-0.587519839,-0.451079286,0.293949508
13-10-2017,0.076545411,-0.249408498,0.146829389,-0.309550617,-0.40271165,0.239067813
14-10-2017,-0.001128034,-0.07908526,0.226560089,-0.270048285,-0.367887828,-0.006814038
15-10-2017,0.56100451,0.420713813,0.268145794,-0.164159962,0.354005368,0.240464586
16-10-2017,0.781898257,0.387166563,0.441739873,0.077745946,0.174318423,0.52116383
17-10-2017,0.44028682,-0.178711266,0,0.065735276,0.173338166,-0.020750285
18-10-2017,-0.009405411,-0.282459328,0.361257372,-0.301897878,0.374258282,0.050327972
19-10-2017,-0.248004075,-0.130874816,0.251583541,-0.382686465,-0.211741217,-0.603093398
20-10-2017,0.197145613,-0.196036306,0.460417327,0.084207495,-0.123967764,-0.231071595
21-10-2017,-0.687675226,-0.336389256,0.729154211,0,-0.7178207,0.290076499
22-10-2017,-0.266269807,-0.013300215,0.125935832,0.094631133,-0.126459454,-0.000640072
23-10-2017,0.149350472,0.091657091,0.497303017,0.062824192,0.215992202,0.684918455
24-10-2017,0.266113671,0.334421526,0.177130609,0.376451043,0.128264763,0.19916313
25-10-2017,-0.026742844,-0.138830489,0,-0.028721758,0.005371317,-0.364516676
26-10-2017,-0.026742844,-0.138830489,0,-0.028721758,0.005371317,-0.364516676
27-10-2017,0.186452906,0.270389897,0.409146575,-0.116494179,0.552955083,-0.065285831
28-10-2017,0.390292768,0.237648674,0.753355562,-0.397123654,0.74820687,-0.063275256
29-10-2017,-0.130592045,0.616976048,0.209529973,-0.214662755,0.466977062,0.092203366
30-10-2017,0.366945119,0.142238,0.488402193,0.253066873,0.45635075,0.585946166
31-10-2017,0.223860598,0.408964052,0.170010031,0.01961379,0.435602757,0.400653714
01-11-2017,0.229209121,0,0,-0.030582978,0.449159534,0
02-11-2017,0.122363052,-0.078835786,0.536267885,-0.062559566,0.303946451,0.224404877
03-11-2017,0.378176822,0.048445039,0.624607498,0.432211006,0.523540964,0.257783708
04-11-2017,0.287061255,0.323610005,0,0.061037718,0.405856542,0.329370927
05-11-2017,-0.100243647,0.25774947,0.336329175,0.014304823,0.028070412,-0.019235473
06-11-2017,0.560437968,-0.269767325,0.640516948,0.175013381,0.096194887,0.302393566
07-11-2017,0.265674887,0.086302373,0.50520888,0.077375677,0.33623086,-0.517791396
08-11-2017,-0.657419732,-0.187509427,0.424093361,-0.416215708,0.628938562,-0.461526148
09-11-2017,0.099775832,0.166304118,0.366513174,-0.299212543,0.4844634,0.138073215
10-11-2017,0.101878225,-0.154334547,0.100200012,0.027464238,0.257372077,-0.007706493
11-11-2017,0.018523791,0.276018907,0.191686237,0,0.333007832,0.090548268
12-11-2017,0.098488024,0.321712585,0.272153987,-0.162030122,0.119826544,0.416648601
13-11-2017,-0.193285927,-0.264930383,0.339345413,-0.34943309,-0.017789235,-0.10250258
14-11-2017,-0.120165541,-0.152785439,0.057739656,-0.234019011,-0.105405372,0.16444227
15-11-2017,-0.460289976,0.240817303,-0.544044222,-0.646364677,-0.436998788,0.033217768
16-11-2017,-0.470189845,-0.481985075,0.020808771,-0.645978628,-0.139981173,0.201987503
17-11-2017,-0.194258996,0.079196467,0.410480031,-0.439197013,0.448788351,0.574990387
18-11-2017,0.230094807,0.879436798,0.169345192,0,-0.00556072,-0.105438616
19-11-2017,-0.052058739,-0.027964482,0.237066376,0.447426098,0.292322459,-0.466759597
20-11-2017,0.407678862,-0.041827079,-0.051990746,0.198508761,0.026910925,0.074184916
21-11-2017,0.198082806,-0.013994591,0,0.647448969,0.099369407,0.401398714
22-11-2017,0.451625416,0.745731244,0,0.10629017,0.111971315,0
23-11-2017,-0.417730869,-0.020867336,0.206105881,-0.068678905,0.100623262,-0.132522043
24-11-2017,0.452311834,0.367790574,0.543891745,0.367050595,0.346402177,0.156569345
25-11-2017,0,-0.243177557,0.390060844,-0.162722742,0.293647723,-0.07049692
26-11-2017,0.381330301,0.395390883,0.215297704,0.286105712,0.276565731,0.425828094
27-11-2017,-0.545820715,0.640045934,0,0,-0.226036767,0
28-11-2017,-0.508012569,-0.111683464,0.107032259,-0.263184746,-0.342204642,-0.092418317
29-11-2017,-0.342857854,0,0,-0.35726849,-0.225374882,0
30-11-2017,0.245496688,0.06539833,0,0.34030062,0.293891961,0.137203082
01-12-2017,0.245496688,0.06539833,0,0.34030062,0.293891961,0.137203082
02-12-2017,0,0,0,0,0,0
03-12-2017,0.462731406,0.311759319,0.245110802,0.669148713,0.54503903,0.394262249
04-12-2017,-0.216514586,0.494245076,0.042407103,-0.060116357,0.177842887,0.303988886
05-12-2017,0.035458959,0.167018631,-0.112871587,-0.062439248,0.192021527,0.560911162
06-12-2017,-0.35882496,0.288512166,-0.242278159,-0.519926538,-0.013886598,-0.25323739
07-12-2017,0.24536094,0.159248315,0.269145674,0.065635454,0.278075145,0.108088772
08-12-2017,0.611403489,0.757867634,0.618899002,0.247785016,0.147658898,0.14661898
09-12-2017,0.331907337,-0.158131654,0.679253553,0,0,0.705892914
10-12-2017,-0.08956202,0.007093854,0.210046918,0,-0.113240386,0.046872616
11-12-2017,-0.08956202,0.007093854,0.210046918,0,-0.113240386,0.046872616
12-12-2017,0.685116316,0.682728234,0,0.151350241,0,0
13-12-2017,0.001622768,0.309366584,0.082750834,-0.073469178,0.033185729,0.343484196
14-12-2017,-0.261837588,-0.062696405,0,-0.071852065,-0.065371538,-0.549948895
15-12-2017,0.283259199,0.608857517,0.31768245,0.07054486,0.091772102,0
16-12-2017,-0.073433477,0.246960795,-0.168383202,-0.156664702,0.138142827,0.351094869
17-12-2017,-0.153068023,-0.268001798,0.017124804,-0.055886705,0.255178263,-0.037732965
18-12-2017,0.317126185,0.29192038,0.004788684,0.152254303,-0.188774001,-0.617449534
19-12-2017,0.601995684,0.698336598,0.111433364,0.226926111,-0.386602904,-0.280151503
20-12-2017,0.49509069,0.461310727,0.457431943,0.342067173,0.474648018,0.308212258
21-12-2017,-0.080747251,-0.144852644,0.181814948,0.368768057,0.183773925,-0.038501532
22-12-2017,-0.090434391,-0.1513276,-0.099923505,0.098694159,0.1848124,0.25732472
23-12-2017,0.123312305,-0.143426115,0,0.006281043,-0.058420255,0.098341054
24-12-2017,0,0.191246393,0,0,-0.119312074,-0.301904875
25-12-2017,0,-0.229475675,0.211518926,0,0.140170387,0.315243351
26-12-2017,0.376731995,-0.418781128,0.554308398,-0.21255622,0.54524077,0.269778542
27-12-2017,0.072252926,-0.188602876,0.136553152,-0.53370437,0.258820578,-0.517539185
28-12-2017,-0.018787506,0.045527055,0.397598416,-0.16249998,0.146824255,0.098452939
29-12-2017,0.274365566,-0.113580636,0.321139691,0.008423506,0.086663013,-0.038722481
30-12-2017,0.516582281,0.24226979,0.460280189,0.404699693,0.688394712,0.164260042
31-12-2017,0.372306901,0.416373939,0,0.144128139,0.206479208,0.431769751
01-01-2018,0.327409502,0.362237255,0.275635128,-0.323490506,0.598090816,0.639353528
02-01-2018,0.406844448,-0.316918331,0.535371388,0.056277157,0.492946084,0.502999565
03-01-2018,0.28405647,0.63482206,0.528775915,0.580580239,-0.033188178,0.236002883
04-01-2018,0.605959656,0,0.696401653,-0.077170816,0.351203909,0
05-01-2018,-0.232167035,0.528437625,0.298403115,-0.152857351,-0.259115235,0.552905586
06-01-2018,-0.04945443,-0.172479849,0.274500935,-0.131626373,0.044111173,0.328111242
07-01-2018,0.746413493,0.860500604,0.499284308,-0.08921146,0.301243596,0.59619476
08-01-2018,0.02756225,0.523086903,0.502362809,-0.143521482,0.130529494,0.651713039
09-01-2018,0.073858321,0.621014059,0.552282833,-0.068955784,0.413922387,0.253101668
10-01-2018,-0.132697386,0.436536647,0.652584188,-0.024771233,0.776102641,0.200457178
11-01-2018,-0.313697685,0.740157042,0.329776889,-0.571389941,-0.213860288,0.116368675
12-01-2018,-0.253131898,0.048469153,0.346712677,-0.400158345,-0.347527206,-0.000686855
13-01-2018,-0.21386982,0.816419695,0.328878348,0,-0.268151867,-0.039703576
14-01-2018,0.34005988,0.872164337,0.420178422,0.209635429,0.303160979,0.462102877
15-01-2018,0.28380525,0.054932229,0.471603931,0.200931307,0.489751005,0.464773092
16-01-2018,0.015920086,0.571810386,0.026535303,0.234358663,0.54450101,-0.007207197
17-01-2018,0.084793164,0.293803722,-0.04208331,0.079200597,0.145499989,0.320135761
18-01-2018,0.028141519,0.694777711,0.301379148,0.070852124,-0.199210778,0.395213251
19-01-2018,-0.446070604,-0.056568425,0.138442803,-0.180613307,-0.234484751,0.070831464
20-01-2018,-0.203418682,0.637167811,0.147857636,-0.219277452,-0.050690445,0.162843048
21-01-2018,-0.23620858,0.385538919,0.525998076,-0.259680728,-0.280707383,0.024870465
22-01-2018,0.258604137,0.50187099,0.381753712,-0.227527535,0.338399091,0.336009385
23-01-2018,0.102720537,0,0.521414002,-0.219326398,0.09190278,0.263031381
24-01-2018,-0.033057152,-0.52227436,0.295657388,0.05688759,0.291605498,0.380660015
25-01-2018,-0.153721318,0.136539428,0.507235522,-0.076163896,0.041437405,0.485838812
26-01-2018,-0.058913848,0.289338537,-0.084945812,-0.194637991,-0.038474607,0.409569776
27-01-2018,0.102872843,0.524750684,0.273741164,0.352732926,-0.04563756,0.618047252
28-01-2018,-0.365514542,0.855417249,0.308435161,-0.450145767,0.328921844,0.415038837
29-01-2018,-0.298489445,0.650004954,0.504822496,0.093364081,0.370575628,0.36107984
30-01-2018,-0.491545169,0.22326995,0.45722265,-0.117623061,-0.165395762,0.113693457
31-01-2018,-0.460127482,-0.242297409,0.175240727,-0.678302541,-0.068557434,-0.200482086
01-02-2018,0.189935771,0,0.526775375,-0.355833965,0.578864144,0.725337917
02-02-2018,0.056125443,-0.076648043,0.155313125,-0.221103482,0.333869075,-0.450413341
03-02-2018,0,-0.259833495,0.090730649,-0.032820847,0,-0.453075242
04-02-2018,-0.366654621,-0.230062257,0.192627668,-0.122747019,-0.053897427,-0.152023264
05-02-2018,-0.430413276,0,0.043623145,-0.465795732,-0.406069865,0.028150293
06-02-2018,-0.657180317,0.38546594,-0.241658458,-0.484986712,-0.006171451,0
07-02-2018,-0.179772293,0.847812122,0.149128941,-0.417722175,-0.006352518,0.426399679
08-02-2018,-0.759024965,-0.279019263,-0.219954743,-0.538727908,0.081016488,0
09-02-2018,-0.638362976,0.599346447,-0.243639497,-0.434808936,0.277611757,-0.430818391
10-02-2018,-0.256420526,0.384554731,-0.204596903,-0.772092102,-0.21275192,-0.095003442
11-02-2018,-0.383288035,0.073132618,-0.167186036,-0.465450518,-0.196296532,-0.135677406
12-02-2018,-0.369522314,0.384768416,0.400423521,-0.087216714,-0.284689305,0.446948337
13-02-2018,-0.353359879,0.583668701,0.172260069,-0.391316834,-0.198587886,0.111243174
14-02-2018,-0.160100657,-0.24196113,0.024685223,-0.362849943,0.338705339,0.134854623
15-02-2018,-0.019159615,-0.122053389,0.448209685,-0.377206315,0.420663511,0
16-02-2018,0.138298184,-0.190508498,0.299400483,-0.195124083,0.165603305,0.29987263
17-02-2018,0.005766129,0.407110253,0.144165832,-0.465439337,0.168090152,0.041304052
18-02-2018,0.077458989,0.624649355,0.273421708,-0.049467855,0.238802402,0.473030488
19-02-2018,-0.224847874,-0.044937942,0.46598095,0.027935243,0.039487282,0.732135076
20-02-2018,-0.385729756,0.238799353,-0.083421917,-0.212972832,0.336684026,0.228886825
21-02-2018,-0.026848503,0.010138137,-0.497745262,-0.16309079,0.169435688,0.6781257
22-02-2018,-0.110146144,-0.252902672,-0.089170569,-0.266418594,-0.798700992,0.582024083
23-02-2018,0.032653531,0.283571737,-0.022427186,-0.152380154,-0.497902828,0
24-02-2018,0.28918135,0.298575202,0.111282521,-0.037613498,0.266287959,-0.028763019
25-02-2018,0.175274398,0.326165008,0.330773289,-0.272624429,0.225544185,-0.296802652
26-02-2018,0.157587995,0.120012755,0.442877609,-0.00118209,0.037286066,0.343621017
27-02-2018,0.089445891,0.03653758,0.369307881,-0.43286164,0.130269177,-0.067059705
28-02-2018,-0.513605721,-0.287899685,-0.633774303,-0.781878605,0.177376481,0
01-03-2018,-0.422365064,0.412558027,0,-0.696546673,0.88777227,0
02-03-2018,-0.031454038,-0.528455173,-0.008765879,-0.628304852,0.419136047,0.365902684
03-03-2018,-0.032973539,0.30892114,0.312255612,-0.286272099,0.17225942,0.137223092
04-03-2018,0.420704636,0.284996937,0.227398424,-0.080475099,0.158267192,0.395200725
05-03-2018,0.283834111,0.466822653,0.475285081,0.122217661,0.666630938,0.553524146
06-03-2018,0.148809086,0.658319985,0.43230587,0.028107812,0.109742739,0.768635186
07-03-2018,-0.113078444,0.081252162,-0.196333329,-0.538116363,-0.090715845,0.479397196
08-03-2018,-0.518695461,0.218635609,-0.249288279,-0.462228934,-0.503869701,-0.04529914
09-03-2018,0.202461707,0.153980169,0.251077164,-0.524539693,-0.257357616,0.313652454
10-03-2018,0.393108058,0.398206699,0.261787234,-0.242742585,0.385184688,0.295714432
11-03-2018,0.1981418,-0.020573434,0.182763581,-0.364928249,0.419369048,0.030848878
12-03-2018,-0.362442366,-0.216543964,-0.090739544,-0.586033415,-0.328425125,-0.226596779
13-03-2018,-0.527413241,-0.041407523,-0.526011241,-0.304072519,0.100563996,0
14-03-2018,-0.456415461,-0.019433322,-0.047831682,-0.347904285,-0.160121772,-0.257423039
15-03-2018,-0.306764155,-0.153610761,0.367698788,0.318392469,-0.143517964,-0.418891396
16-03-2018,-0.311179053,-0.115229478,0.648573697,-0.426977839,0.103053552,0.073471456
17-03-2018,-0.184940578,0.088548381,0.20448157,-0.527656017,0.493569783,0.26115264
18-03-2018,0.054732438,-0.277350295,0.348650736,-0.024255525,0.129796821,0.120762789
19-03-2018,-0.591575532,0.055204056,-0.000679639,-0.51344054,-0.01020528,-0.521992255
20-03-2018,0.61086605,0.503473026,0.127103044,0.442214714,0.653782814,0.6673282
21-03-2018,0.548215838,0.126926822,0.688216002,0.53904831,0.242986902,0.748210455
22-03-2018,0.077222485,0.266798737,-0.229993224,0.015391088,-0.064968408,0.185199083
23-03-2018,0.396001455,-0.469306731,-0.035598228,-0.033833308,0.622479959,0
24-03-2018,0.674976854,0.110849017,0.365034923,0.201730727,0.619081153,-0.31773786
25-03-2018,0.350963847,0.349059848,0.06544532,-0.152779462,0.340404378,-0.215000226
26-03-2018,0.293258382,-0.237931222,-0.146831838,-0.14840546,0.7951082,-0.151857211
27-03-2018,0.019734511,-0.535326528,0.25047058,-0.423752426,0.265391941,0.473664231
28-03-2018,-0.50869617,-0.286063587,-0.065391272,-0.70478125,-0.096599493,-0.644623631
29-03-2018,0.013674529,-0.155967874,0.43464162,0.185268726,0.160256625,0.137935339
30-03-2018,0.241477344,0.520663413,0.012786357,-0.376714303,0.176606388,0.048621599
31-03-2018,0,0.904990072,0.160270718,-0.067938802,0.607392841,0.156585044
01-04-2018,-0.308318026,0.194724372,0.100342558,-0.327276537,0.434030204,-0.139447653
02-04-2018,-0.380626435,0.151811561,0.15269078,-0.297078095,0.129295693,-0.216925717
03-04-2018,-0.190458397,0.104802027,-0.194224797,-0.061443332,-0.010196578,0.727749101
04-04-2018,-0.014827748,0.470540479,-0.547512018,-0.255056643,0.209837917,-0.489104387
05-04-2018,-0.133313863,-0.24733931,-0.212831669,-0.270139778,0.028679263,0.001942393
06-04-2018,-0.776273825,-0.016299892,-0.553011814,-0.307882155,-0.200590651,0.009282692
07-04-2018,-0.550611514,0.287411273,-0.328811067,0.173527926,0.087130606,-0.077052742
08-04-2018,-0.625427322,-0.079913359,0.367830101,0,0.041775528,0.028860431
09-04-2018,-0.001256881,0.090135304,0.037018861,0.038867726,0.32909391,0.615972873
10-04-2018,0.541399528,-0.052994746,0.734646232,0.221353357,0.469868188,0.726987673
11-04-2018,0.014191199,0,0.71171982,-0.267040969,0.166752473,0.586068982
12-04-2018,-0.092179277,0,0,-0.162098842,-0.061086761,-0.571866057
13-04-2018,0.321141978,0.431784158,0.342436556,0.33878566,0.15575138,-0.358685633
14-04-2018,0.487384413,0.272602406,0.606731954,0.019244979,0.338410914,-0.355703493
15-04-2018,-0.124388611,-0.135720183,0.137155305,-0.338832025,0.470015237,0.498902846
16-04-2018,-0.155615345,0.631547017,0.557112604,0.110288633,0.303908746,-0.362820107
17-04-2018,0.353621304,0.66217602,0.087196253,0.37435859,0.244907322,-0.349791574
18-04-2018,0.247704424,0.430503142,0.522804584,0.201461762,0.370182054,-0.30800823
19-04-2018,0.288557197,-0.561494114,0.533945037,0.332617261,0.168682879,-0.404961763
20-04-2018,-0.070784413,-0.159121485,0.180089911,-0.240929813,0.228610787,0.101051547
21-04-2018,0.127896624,0.452848143,0.234630006,-0.576231496,0.242335695,-0.24346725
22-04-2018,0.446857611,0.349649302,0.447247356,0.012865008,0.524818932,-0.195780996
23-04-2018,0.117348655,0.456829194,0.478071902,-0.43661219,0.186361598,-0.075780834
24-04-2018,0.272456357,0.365866912,0.53587597,0.338049881,0.531484756,-0.256711708
25-04-2018,-0.227984557,0.586330054,0.506225166,-0.094449193,0.512015211,-0.852651783
26-04-2018,0.667185634,0.30776616,0.685751822,0.481683405,0.393936582,0.681099725
27-04-2018,-0.063381022,0.250078447,0.405624509,0.179074914,-0.036352604,-0.428700778
28-04-2018,-0.043316157,0.306194756,0.005344146,-0.078482571,0.272804144,-0.455098901
29-04-2018,0.157187589,0.239987974,0.224521332,0.29321473,-0.549558287,-0.351063931
30-04-2018,-0.406435544,-0.364340421,0.43982421,-0.251769725,-0.021425307,0.113151645
01-05-2018,0.040140195,-0.678913993,0.430216443,-0.477144568,0.435961044,-0.385573601
02-05-2018,-0.034905152,0.223773233,0.441996095,-0.39629642,-0.157950916,-0.600044303
03-05-2018,0.00804306,0.209560942,0.284525945,-0.614409953,0.192640016,-0.013029272
04-05-2018,0.598223072,0.364848117,0.687964847,0.363580193,0.456312176,0.631647067
05-05-2018,0.388959733,-0.052429162,0.310229979,-0.333148701,0.373860705,-0.166973842
06-05-2018,-0.124180517,0.461034355,0.3008421,0.071372975,-0.052774353,-0.170019213
07-05-2018,0.694620799,0,0.810951201,0.334564884,0.694629694,0.888048493
08-05-2018,0.166641283,0,0.931103799,0,-0.067980678,0.415167213
09-05-2018,0.239597937,0,0.741467143,0.549041922,-0.377483648,0.398914187
10-05-2018,0.082449391,0.709323629,0.46922564,0.027114547,-0.44937373,0.454766273
11-05-2018,0.251716858,0.433132105,0.513237085,0.472606272,-0.313411978,0.056473403
12-05-2018,0.309165548,-0.013734656,0.266022216,-0.064534266,-0.310781025,-0.300528262
13-05-2018,-0.000181862,0.112645272,0.529281688,-0.107504707,-0.302298899,-0.147054586
14-05-2018,-0.418709203,0,0.392023299,-0.218093461,-0.170437051,-0.285696755
15-05-2018,0.34130812,0.187287391,0.507160879,0.315619394,-0.169757067,0.17667409
16-05-2018,-0.007448335,0.512595912,-0.402701924,-0.01113764,0.40837299,0.490631192
17-05-2018,0.45402084,-0.327475375,0.304490919,0.130863451,-0.470493794,-0.300919416
18-05-2018,-0.019176645,0,0.49695341,0.082283466,-0.026092016,0.243962892
19-05-2018,0.032837348,0.287996265,0.425273981,-0.016715707,-0.055749775,0.186449186
20-05-2018,0.683296753,0.085246125,0.35358938,-0.057947397,0.551203866,0.571072091
21-05-2018,0.423900587,-0.263378325,0.614382281,0.084032178,0.432984329,0.692365222
22-05-2018,0.722562238,0.225495284,0.44131041,0.498048598,0.222834637,0.431718512
23-05-2018,-0.177936731,0.340638018,0.228421334,-0.423115427,-0.79163122,0.6276021
24-05-2018,-0.637744564,0.15914885,-0.221161667,-0.688793311,-0.678638653,-0.406249569
25-05-2018,-0.798519474,0,0.736247647,-0.563646474,-0.725540712,-0.609747111
26-05-2018,-0.559579394,0.300510046,0.37747069,-0.111203956,-0.539604365,0.294843768
27-05-2018,-0.437709731,0.194502294,0.208118109,0.01306369,-0.258892087,-0.460979454
28-05-2018,-0.82607921,0,-0.078992009,-0.333231023,-0.674689173,-0.705919808
29-05-2018,-0.632544025,0.368882572,0.069132463,-0.330162569,-0.410904416,0.229028667
30-05-2018,-0.116473295,-0.025029681,0.082537166,-0.097438472,-0.198031403,0.10965996
31-05-2018,0.039791502,0.492249797,0.005870256,-0.282822663,-0.357346164,0.253828299
01-06-2018,-0.310466518,0.540687473,-0.38454705,-0.116939552,-0.496178943,-0.217029988
02-06-2018,-0.233014556,0.372292786,0.138097533,-0.243999762,-0.073070565,-0.252305127
03-06-2018,-0.052520265,0.488507104,-0.08722162,0.005694864,-0.267147768,0.033556598
04-06-2018,-0.56039435,0.557148673,-0.133489964,-0.416246076,-0.33327662,0.267042725
05-06-2018,-0.425937723,0.498249844,0,0.05473115,-0.541753681,-0.146067298
06-06-2018,-0.128578768,0.046900245,0.110721561,-0.325742391,-0.133560081,-0.097853992
07-06-2018,0.22268323,0.457178595,0.030601491,-0.039762954,0.154356189,0.002122932
08-06-2018,-0.104420132,0.421034479,-0.572109249,0.377567546,-0.054076239,0.349195095
09-06-2018,-0.474938608,0.087279516,-0.045865618,0.163208757,-0.623281892,-0.161966523
10-06-2018,0.098773505,0.276096892,0.302104133,0.291503992,-0.200867726,0.29920935
11-06-2018,-0.598174883,0.168771111,-0.067699251,-0.410585856,-0.089305841,0.00854995
12-06-2018,-0.37980659,0,0.137219345,-0.038833655,-0.271877236,0.335902554
13-06-2018,-0.459229596,0,-0.132265817,-0.592330095,-0.402898584,-0.186759584
14-06-2018,-0.155114454,-0.050053762,0.346335888,-0.297938748,-0.120899107,0.553106971
15-06-2018,-0.421441552,0.307750772,-0.385443412,-0.060745476,-0.370960147,-0.043489978
16-06-2018,-0.36634249,-0.588033119,-0.110242745,0.024929294,-0.224277742,0.254067639
17-06-2018,-0.35295097,-0.462208732,-0.085696165,0.318528044,-0.135618225,0.180450114
18-06-2018,-0.463912959,0,-0.433209341,0.0160894,-0.176846092,0.223537106
19-06-2018,-0.578320236,-0.154673108,-0.258839835,-0.224653107,-0.425218969,-0.305532403
20-06-2018,-0.043236674,-0.182572429,0.204164104,0.304559364,0.156582315,0.230562044
21-06-2018,-0.646330979,0,0,0,-0.672708894,-0.188454417
22-06-2018,-0.334117838,0,0,0,-0.124242949,-0.830189107
23-06-2018,-0.648062304,0,0,0,-0.455803529,-0.709749419
24-06-2018,-0.747821436,-0.025552644,-0.014444098,0.082657734,-0.520242117,-0.213818612
25-06-2018,-0.424138101,0.095435262,-0.120627339,-0.080867772,-0.558946807,-0.335149944
26-06-2018,0.31759197,0.079047977,0.080873003,0.221352957,-0.196511341,0.15977112
27-06-2018,0.31759197,0.079047977,0.080873003,0.221352957,-0.196511341,0.15977112
28-06-2018,-0.047117078,-0.173744691,0.155709455,-0.106718878,-0.240223281,0.235381613
29-06-2018,-0.047573353,-0.135917514,-0.441135913,0.002557676,-0.454903583,-0.592139651
30-06-2018,-0.047573353,-0.135917514,-0.441135913,0.002557676,-0.454903583,-0.592139651
01-07-2018,-0.723217485,-0.487732225,0.228872913,-0.423207575,-0.379136861,0.057805805
02-07-2018,-0.519984638,-0.183906539,0.061287243,-0.403522123,-0.398829379,-0.046402218
03-07-2018,0.010713627,0.05770006,0.498460369,0.179712712,-0.252357075,-0.463245159
04-07-2018,-0.164278614,0.114875317,0.494261511,0.087777117,-0.352127015,0.008604204
05-07-2018,-0.400911861,0.101132481,-0.187320048,-0.311156129,-0.616652889,-0.14818152
06-07-2018,-0.552396958,0.076619028,-0.33156551,-0.582986029,-0.346130883,0.001301849
07-07-2018,-0.449502623,-0.100662506,0.172917988,-0.434228742,-0.488872663,-0.285186625
08-07-2018,-0.069998338,0.130763056,0.295097217,-0.008718108,0.267380151,-0.150207067
09-07-2018,0.256512399,0.111113877,0.686985103,-0.035804009,0.628581219,-0.031613411
10-07-2018,0.467906567,0.211888071,0.190553406,0.182178249,0.633136852,0.171235584
11-07-2018,-0.544732643,-0.362625769,-0.666037495,-0.177117482,-0.720425158,-0.692943579
12-07-2018,-0.371908948,-0.036291599,-0.266418673,-0.203317288,-0.78130018,0.316356953
13-07-2018,-0.608680062,-0.482223946,-0.181423845,-0.467351639,-0.616314289,-0.149357253
14-07-2018,-0.189250732,0.164926171,0.28056549,-0.05115743,0.090400787,0.10572174
15-07-2018,-0.092951346,-0.210662863,0.214029242,-0.020352154,-0.586917073,-0.334187723
16-07-2018,-0.578431209,-0.36119072,-0.082056512,-0.575759632,-0.24066387,-0.717074082
17-07-2018,-0.398412314,0.234661373,-0.251556234,-0.630712297,-0.26221781,-0.038316998
18-07-2018,-0.366144276,-0.013225058,0.187523209,-0.343345753,0.008711481,-0.101387533
19-07-2018,-0.136008254,0.068734368,0.369633146,-0.503498447,0.15419307,0.405951199
20-07-2018,-0.162636353,-0.407793388,-0.2936597,-0.527272463,0.217849628,0.300848063
21-07-2018,-0.302066111,-0.203994001,0.022358613,-0.478296034,-0.01882183,0.115630309
22-07-2018,-0.007775149,-0.108670195,0.193959934,0.029509008,-0.145372603,0.140472078
23-07-2018,0.275341258,-0.113409255,-0.147055234,-0.407333902,-0.325254785,-0.276790795
24-07-2018,0.373714459,0.118958206,-0.009283394,0.095780065,-0.04842169,0.135043469
25-07-2018,0.102722347,0.541251126,0.217983939,0.07106294,-0.399313667,0.297885191
26-07-2018,0.556526109,0.561345843,0,-0.389766277,0.777261474,-0.025218621
27-07-2018,0.204690235,0.421894712,-0.179409887,-0.408797313,0.157030501,-0.321392717
28-07-2018,0.408950913,0.451202845,0.142092724,-0.075685094,-0.307611195,0.218659579
29-07-2018,0.40051587,0.595675861,0.348696634,-0.137124239,0,0.194452436
30-07-2018,0.087875881,0.068905621,0.233145671,0.411138531,-0.274664005,-0.464326458
31-07-2018,-0.190592252,0.096189757,0.036349069,-0.178711945,-0.52198993,0.304146086
01-08-2018,-0.751761824,0.247690835,-0.717049863,-0.837413867,-0.899825515,-0.60243556
02-08-2018,-0.386235344,0.09535283,-0.086657225,-0.411294447,-0.86396989,0.130188615
03-08-2018,-0.456424926,-0.234495121,-0.137856213,-0.228554505,-0.524592504,-0.355231915
04-08-2018,-0.790265282,-0.960394216,-0.460871795,-0.788274078,0.266450474,-0.765145915
05-08-2018,-0.464031634,-0.200670847,0.083989028,-0.336137755,-0.443019274,-0.47200789
06-08-2018,0.089238881,-0.211771428,0.422868915,-0.221796233,0.562139053,-0.390115173
07-08-2018,0.634193042,-0.407548103,0,-0.055436804,0.459439491,0.094806397
08-08-2018,0.059546555,0.416995587,-0.518425451,-0.019996554,0.175617515,-0.298021224
09-08-2018,-0.0068016,0.145551747,-0.184464853,-0.256240401,-0.149447315,0.269273733
10-08-2018,-0.267895031,0.138930526,-0.454239065,-0.437568544,-0.552768012,-0.458000291
11-08-2018,0.151994768,-0.074612691,0.057231837,0.089046105,0.625856553,-0.031241674
12-08-2018,0.161402573,-0.248797949,-0.184575348,0.346070777,-0.263426854,-0.083456711
13-08-2018,-0.189025514,-0.565278658,-0.699612906,-0.88549783,-0.068233333,-0.469193217
14-08-2018,0.292152285,0.104553806,-0.259476019,-0.430756469,0.362942266,0.033555216
15-08-2018,-0.528154313,-0.461531598,-0.325457452,-0.664304054,-0.093317038,0.009376558
16-08-2018,0.02983561,-0.566745501,0.250128839,-0.461079366,0.346927734,0.133580268
17-08-2018,-0.063106574,0.481576159,-0.294935357,-0.310656374,-0.025553908,0.437115522
18-08-2018,-0.057132357,-0.091388673,-0.226343596,-0.7610382,0,-0.047423677
19-08-2018,-0.104526998,0.200237195,0.00461421,-0.269505232,-0.115231012,0.225124619
20-08-2018,-0.211438344,0.062898503,-0.296012878,-0.688787313,-0.312795119,0.296955462
21-08-2018,0.275391561,0.126317071,0.019851043,-0.169180638,-0.403694161,0.582374954
22-08-2018,0.271549671,-0.489290017,-0.079407789,0.292684543,-0.615524524,-0.108753569
23-08-2018,0.11462087,-0.003551553,-0.304046695,-0.105239878,-0.272921474,0.214731681
24-08-2018,0.749209805,0.010209177,0.0976888,0.32667087,0.198813712,-0.386461436
25-08-2018,0.540826353,0.049952274,0.315831565,0.19772683,0.128005459,0.143326683
26-08-2018,0.144899414,0.054020827,-0.130179881,0.057374126,-0.227005072,-0.467251901
27-08-2018,-0.137006111,0.273756092,-0.176998977,0.162511795,0.033839901,-0.035220559
28-08-2018,0.601034089,0.344820931,0.493279281,0.124703288,0.173297974,0.222604689
29-08-2018,0.100899662,-0.080582657,0.350571037,0.267720885,-0.348997001,-0.231808109
30-08-2018,-0.052069141,0.225368075,-0.021696905,0.124101706,-0.613795864,-0.607975498
31-08-2018,-0.138390607,0.08410295,-0.094678814,0.181618161,-0.542025378,-0.195489755
01-09-2018,-0.482003169,0.291273637,0.015215926,-0.290812912,-0.393502606,0.104790074
02-09-2018,-0.054317389,0.166519287,0.020877942,-0.345226892,0.013608246,-0.16340057
03-09-2018,-0.268960812,-0.239306801,0.139755549,-0.261614244,-0.246463444,-0.497843836
04-09-2018,0.591368293,0.187302961,0.015036107,0.320884776,-0.63492486,0
05-09-2018,-0.441392378,-0.254691144,-0.302399442,-0.379469536,-0.129098186,-0.764855711
06-09-2018,-0.288796361,-0.160046518,-0.177784791,-0.28716963,0.267806459,-0.12239282
07-09-2018,-0.445708116,-0.538828294,-0.242133194,-0.477947251,-0.730661516,-0.726945428
08-09-2018,-0.250396485,0.120111732,0.201497569,-0.310771395,-0.682107989,0.073031285
09-09-2018,-0.286944996,0.358398654,-0.166517173,-0.548612645,-0.598879402,0.104706736
10-09-2018,0.545318841,0.256909052,0.170193891,-0.052624263,0.273258542,0.721994545
11-09-2018,0.438581871,0.071022166,0.489936351,-0.079064353,0.046861023,0.488136102
12-09-2018,0.197842929,0.348773638,0.392188264,0.088769308,0.033024626,0.509714339
13-09-2018,-0.030633112,-0.059094354,-0.209669752,-0.555053404,-0.677263955,0.417933111
14-09-2018,0.093443258,-0.147510792,0.182626688,0.176951133,0.594108892,-0.110883702
15-09-2018,0.007260591,0.172325847,0.318117659,-0.174609252,0.692018701,-0.552144804
16-09-2018,0.254610307,0.148032028,0.230295299,-0.606050207,0.480529777,-0.032029007
17-09-2018,0.426757809,0.26053068,-0.278422517,0.509739108,0.583958923,0.280792503
18-09-2018,0.302164951,0,-0.5120428,0.004796398,0.375022904,-0.052876585
19-09-2018,0.115709124,0,-0.300970395,-0.017324349,0.394782632,-0.252995975
20-09-2018,0.098739763,-0.035555071,0.050014378,0.222267419,-0.346991701,0.169290095
21-09-2018,-0.055834276,-0.639998158,0.162444384,0.322596546,-0.110347119,0.424831362
22-09-2018,-0.256539706,0.643494657,0.042295478,0.184922753,-0.33657263,-0.041632281
23-09-2018,-0.713658601,-0.387023217,-0.267340612,-0.552979646,-0.668489445,-0.206474538
24-09-2018,0.163624659,0,0.455923237,-0.234875935,0.288237099,0
25-09-2018,0.147483201,0.353855904,0.515726599,-0.264807489,0.239768266,0.434373168
26-09-2018,-0.065207502,0.123131757,0.129975021,-0.098879025,-0.076960856,-0.131037061
27-09-2018,0.112905652,-0.185670257,0.616871086,-0.158445639,-0.435229495,0.168042995
28-09-2018,0.108367763,-0.226075922,0.176711625,-0.143386046,-0.321234728,0.536003296
29-09-2018,-0.140565421,0.046478662,0.332670514,-0.299181185,-0.297283212,-0.076882243
30-09-2018,0.060505641,0.458825231,0.616853426,0.0354425,0.09754445,0.428864652
01-10-2018,0.174286628,-0.337520849,0.394214672,0.167301203,0.017929082,0.589983931
02-10-2018,0.281099924,0.142922912,0.485214981,-0.187737739,0.504481202,0
03-10-2018,0.126447043,0.558210993,0.394011853,-0.346281323,-0.260216877,0.072512296
04-10-2018,-0.309943928,0.184891545,0.150297944,-0.345935064,-0.362262642,-0.51494034
05-10-2018,0.373102224,0.140697734,-0.022627564,0.079386341,-0.11053114,0.20689576
06-10-2018,0.177878639,-0.418574031,0.117638535,0.061969946,0.035590661,0.286204087
07-10-2018,-0.054255669,0.015651932,0.204139776,-0.340840147,-0.08099924,0.33000624
08-10-2018,-0.451830714,-0.018170042,0.041966509,-0.182643751,-0.859817235,-0.753282715
09-10-2018,0.073882345,-0.187701586,0.254513292,0.0811439,-0.153493742,-0.297379505
10-10-2018,-0.435390473,-0.133819276,-0.262921216,-0.361533856,-0.707343633,-0.191085354
11-10-2018,-0.287319995,0.845358812,-0.36433085,-0.470061214,-0.468700628,0.318559384
12-10-2018,0.056724417,0.065142694,-0.024382703,-0.272009921,-0.109031034,-0.505588558
13-10-2018,-0.089072233,0.293300041,0.033426861,-0.071209414,0.185983453,-0.017445209
14-10-2018,0.007649568,0.625248826,-0.179577884,-0.291136796,-0.559253107,0.125274659
15-10-2018,0.432688317,0.395709122,0.115174604,0.010132664,0.257793175,-0.064884686
16-10-2018,0.10079883,-0.176909029,-0.041301275,-0.173748668,-0.170303815,0.113994821
17-10-2018,-0.188158299,0.208149788,0.106769851,-0.503989988,-0.044826657,0.245646503
18-10-2018,-0.413887806,0.129326952,-0.010252391,-0.415930394,-0.024211969,0.123428559
19-10-2018,-0.51821477,0.085882002,0.328552606,-0.133349771,-0.785231338,-0.13832615
20-10-2018,-0.455522376,0.181202637,0.045256401,-0.255492999,-0.595694709,0.426131416
21-10-2018,-0.409265468,0.420116864,-0.089570319,-0.361564797,-0.008429199,0.378431158
22-10-2018,0.145992812,0.164953648,0.168419278,-0.29612999,-0.169813228,0.259240575
23-10-2018,-0.621556613,-0.05646728,-0.006045712,-0.592812778,-0.453703945,-0.029266092
24-10-2018,-0.371354683,-0.190888721,-0.382441929,-0.2741462,-0.416746845,0.141225323
25-10-2018,-0.398792378,-0.041202061,-0.328631841,-0.79870697,-0.296930997,0.212713653
26-10-2018,-0.379965943,-0.05995182,-0.30327939,-0.734833507,-0.174771098,-0.337001074
27-10-2018,-0.174051294,-0.03212518,0.127044892,-0.631694664,-0.332359852,0.078377919
28-10-2018,-0.174850498,-0.137080836,-0.246915677,-0.432153718,-0.497285139,-0.263488988
29-10-2018,-0.558275244,-0.603560897,-0.584111359,-0.652893019,-0.041362786,-0.296073496
30-10-2018,-0.588922825,0.124243078,-0.541589885,-0.514322045,-0.332506642,-0.096287095
31-10-2018,-0.201824485,0.37584655,0.039960767,-0.327372444,0.50140471,0.175693648
01-11-2018,-0.524392069,0.390286307,0.049794577,-0.617673085,0.350711473,0.359566977
02-11-2018,-0.603401364,0.004631595,-0.259827066,-0.629470727,-0.122823871,-0.090195076
03-11-2018,-0.213048456,0.030318885,-0.229444326,-0.677767634,0,-0.06084473
04-11-2018,-0.113261297,0.242283528,0.182166937,0.597447474,-0.670145989,-0.033668616
05-11-2018,-0.367234511,0.258524268,-0.460399649,-0.616570778,-0.319662106,-0.769522927
06-11-2018,-0.415469022,-0.294370901,-0.664959034,-0.512471494,0.298583352,-0.688077499
07-11-2018,-0.120590585,-0.073890582,0,-0.685548709,0.439185456,-0.610383504
08-11-2018,0.022847352,0.735081513,0.412370031,-0.59865916,0.395364396,0
09-11-2018,-0.620772268,0.508797473,-0.796272309,-0.696446884,-0.805443574,0.327507501
10-11-2018,-0.136861627,0.665947334,-0.429625903,-0.27294218,0.168155358,-0.094496031
11-11-2018,0.172183317,-0.03540251,0.058721137,-0.207781016,0.287021947,-0.171446833
12-11-2018,0.172183317,-0.03540251,0.058721137,-0.207781016,0.287021947,-0.171446833
13-11-2018,0.172183317,-0.03540251,0.058721137,-0.207781016,0.287021947,-0.171446833
14-11-2018,-0.072713464,-0.500641245,-0.507734185,-0.585164305,0.127089348,0.150545209
15-11-2018,-0.116953446,-0.614372565,-0.394010125,-0.269113134,0.226020069,0.32573587
16-11-2018,-0.083956548,-0.113122857,-0.112191593,-0.385006893,0.174431358,-0.520916831
17-11-2018,-0.226171036,0.367027785,-0.332120896,-0.537755752,0.160667946,-0.031303623
18-11-2018,0.114926424,-0.251833308,-0.287152978,-0.352712783,0.076435954,0.065163421
19-11-2018,-0.050778567,-0.178429489,-0.076426532,-0.042460183,0.264445494,0.081472291
20-11-2018,-0.39589696,-0.17495155,-0.617860486,-0.54666099,-0.213544911,-0.362520119
21-11-2018,-0.396227278,0,-0.384599451,0.104977844,-0.236213631,0
22-11-2018,-0.645570808,0.132705261,-0.243433842,-0.695304863,-0.752421756,0.0305861
23-11-2018,-0.841735798,0,-0.430438335,-0.879069493,-0.762057479,0
24-11-2018,-0.49831818,0.824862851,-0.231274861,-0.912502084,-0.397627951,0.713115525
25-11-2018,-0.49831818,0.824862851,-0.231274861,-0.912502084,-0.397627951,0.713115525
26-11-2018,-0.09671142,0.308785058,0.317184804,-0.212519739,0.198282333,0.366538087
27-11-2018,-0.339687917,-0.059732924,0.242369204,-0.049579656,-0.136758822,0.396975159
28-11-2018,0.10803252,0.288583009,0.146006369,-0.808736569,0.429322511,0.256674661
29-11-2018,0.122588433,0.383255394,-0.42038872,-0.380984307,0.421256359,0.238316362
30-11-2018,-0.104754768,-0.656397206,-0.539620595,-0.790686313,0.006654316,0.55377243
01-12-2018,0.006895616,0.063252029,-0.435322311,-0.66996377,0.085166064,0.451521878
02-12-2018,0.554660092,0.448973979,-0.141749253,0.071053943,0.32427979,0.704260236
03-12-2018,0.582466186,-0.60976813,0.735543223,-0.423477885,0.071151549,0.785657722
04-12-2018,0.333188362,0,0.33567286,-0.468996408,0.090553406,0.819028439
05-12-2018,0.021884394,-0.368084246,-0.42200429,-0.321704699,0.150819533,0.815920834
06-12-2018,-0.221591446,0,-0.357791313,-0.188054755,-0.283159043,0.435807802
07-12-2018,0.37368861,0,0,0.474123716,0.398030101,0.424190499
08-12-2018,0.652668138,-0.064592247,0,-0.080148732,0.568075026,0.368326651
09-12-2018,0.399482637,0.131723909,0.057963563,-0.214356872,0.392972557,0.588915088
10-12-2018,0.193905318,0,-0.156317698,-0.189332696,0.157410029,0.488582596
11-12-2018,0.398752525,-0.064080679,-0.153217663,-0.001715369,0.093132511,-0.033353245
12-12-2018,0.36180162,0.196792196,-0.225157942,0.107957685,0.278970689,-0.265872069
13-12-2018,0.302154954,0.213178762,0.412494888,0.136476081,-0.00528722,0.607039135
14-12-2018,0.221067906,-0.184067139,-0.441837918,0.067319263,0.097177477,0.607438759
15-12-2018,-0.118350122,0.248353272,-0.432702518,-0.239328788,0.192537121,0.413011539
16-12-2018,0.184185098,-0.046946388,-0.419154761,-0.188326468,0.599858646,0.317049592
17-12-2018,-0.258240697,-0.146638214,0.12023238,-0.44047781,0.182266067,0.446945629
18-12-2018,-0.726136012,-0.476875716,-0.654014166,-0.792714635,-0.36179482,0
19-12-2018,-0.197976922,0.627948207,-0.465408304,0.043692505,0.370346747,0.805741935
20-12-2018,-0.006342323,0.441027976,-0.648763461,-0.154026303,-0.030019467,-0.100654003
21-12-2018,-0.057713814,0.431872521,-0.563010492,-0.598948603,0.233174194,-0.532423019
22-12-2018,-0.453891773,0,-0.340248574,-0.756969019,-0.201865547,0.424009082
23-12-2018,0.422746664,0.232917722,-0.315308121,-0.121152273,0.341363352,0.069305295
24-12-2018,-0.291980635,0,-0.267194258,-0.662310777,-0.097223844,-0.294594687
25-12-2018,-0.33530314,-0.579555771,-0.5201035,-0.427639394,-0.130098222,0.266312669
26-12-2018,-0.001889643,0.413499788,0.106654896,0.006571286,-0.357115907,0.552477825
27-12-2018,-0.396121945,-0.028476746,-0.070656837,-0.562153126,-0.304506062,-0.599576364
28-12-2018,-0.323072619,0.003168431,-0.353279919,0.005961641,0.070029531,-0.473394418
29-12-2018,0.076548746,0.174382676,-0.392199869,0.220263152,0.016360551,-0.012187759
30-12-2018,-0.026568036,0.029809831,0.135110904,-0.132759794,-0.062809196,0.116674751
31-12-2018,-0.183499057,-0.300747626,0.002683401,-0.015612333,0.114534837,-0.226035396
01-01-2019,-0.560672706,0.475093057,-0.406429308,-0.194491875,-0.092822414,0.111941006
02-01-2019,-0.169155398,-0.660543576,-0.123271523,-0.523532035,0.611451779,0.385649892
03-01-2019,0.300443657,-0.446303925,-0.159339051,0.100090841,0.412651546,0
04-01-2019,0.084701673,0.189399133,0.219436636,0.080643665,0.108695154,0.258591255
05-01-2019,0.161029045,0.38876721,0.315048197,-0.244774892,0.378859856,0.331276852
06-01-2019,0.056120848,0.172737244,0.253389032,-0.466902974,0.164847764,0.177171413
07-01-2019,0.516252626,0.119362564,0.515395508,-0.03356034,0.614327793,0.86406455
08-01-2019,0.148282371,0.007840755,0.445009495,-0.052964884,0.427513104,0.250575208
09-01-2019,0.557744467,-0.370319951,0.832628936,0.163728784,0.781466886,0.693040527
10-01-2019,-0.32174538,-0.536416489,-0.062939145,-0.640756886,0.255635285,-0.404133572
11-01-2019,0.067960104,-0.577642406,-0.286068175,-0.25505426,-0.101009552,-0.435420662
12-01-2019,0.173096596,0.196058763,-0.262233894,-0.216778284,0.41705566,0.284933222
13-01-2019,0.379355296,0.667384002,0.207426077,-0.178949121,0.354000106,0.407725161
14-01-2019,-0.333706851,0.001654448,-0.442350497,0.029754835,-0.001826206,0.521125322
15-01-2019,0.420864912,0.218082613,0.238595753,-0.075346273,0.457912224,-0.489820478
16-01-2019,-0.381431483,-0.270498556,-0.233827267,-0.371867505,-0.118261695,-0.425190363
17-01-2019,-0.276761245,-0.537527434,-0.341767436,-0.571430367,-0.166421383,-0.434325643
18-01-2019,0.229411348,-0.579063207,0.307280562,-0.23546571,0.387249124,0.696550303
19-01-2019,0.085094204,-0.030976294,0.254915425,0.038587531,0.330278339,0.644126941
20-01-2019,0.092019438,-0.318564912,0.409019844,-0.058302845,0.062511355,0.555486874
21-01-2019,-0.168939723,-0.224439469,-0.228338546,-0.329450199,-0.014598413,0.597069225
22-01-2019,-0.615769494,-0.122582598,-0.560047076,-0.518868898,0.235821846,0.571564901
23-01-2019,-0.103351326,0.044727239,0.071409966,0.123058322,-0.0332894,-0.42319696
24-01-2019,0.214712689,0.218676884,-0.231943068,-0.144899193,-0.397651773,-0.362796801
25-01-2019,0.288283078,-0.207677593,0.169513704,-0.028993926,0.169360561,0.132157866
26-01-2019,0.241788219,0,0.103011919,-0.300290614,-0.067080212,0.479769133
27-01-2019,-0.035170037,0.270712369,-0.07370381,-0.164125896,0,0.424464296
28-01-2019,-0.411052279,0.15083462,-0.207339099,-0.385700886,0.099891919,0.107504005
29-01-2019,0.422910775,0.13716797,0.235918312,0.41572613,0.299142391,-0.38773958
30-01-2019,0.277433925,-0.420600359,0.093252526,0.083812137,0.306481677,0.241733797
31-01-2019,0.229200452,-0.174739349,-0.013655404,0.037722954,0.565106489,0.184641524
01-02-2019,0.341880642,0.236227934,-0.185867549,0.190799932,0.463285699,0.228067035
02-02-2019,0.274663254,-0.277700744,0.277357626,0.014236018,0.38034316,-0.304217326
03-02-2019,0.264340694,-0.092679116,0.015104837,0.064203039,0.113505894,0.19854529
04-02-2019,0.000367283,0,-0.21341789,-0.645358013,0.023459848,0.672716491
05-02-2019,0.277370343,-0.386983446,-0.317216157,-0.126203868,0.011326244,0.123995408
06-02-2019,-0.043642466,0.190449413,-0.133706938,-0.537321924,-0.258297745,0.28101228
07-02-2019,-0.299114818,0.073367243,-0.180262284,-0.40796522,-0.540200444,0.251677209
08-02-2019,-0.199875498,-0.523406028,-0.321622175,-0.503718178,-0.13745166,0.354413761
09-02-2019,0.420550062,0.279554707,0.068880991,0.264762905,-0.615065816,0.106294838
10-02-2019,-0.559304337,-0.036190136,0.050509827,-0.517220401,-0.573731768,0.026710938
11-02-2019,-0.359095893,0.476454144,-0.551828366,-0.250196567,-0.594919541,-0.474588048
12-02-2019,0.53739726,-0.340597527,-0.355251689,-0.441596687,0.722432404,0.146489453
13-02-2019,-0.010941491,0.235810013,0.27380648,-0.242570549,0.432338543,0.117595278
14-02-2019,0.413177727,0.280517451,0.419647833,0.196545062,0.690699269,0.741243151
15-02-2019,0.562438697,0.15007164,0.341190055,0.501953429,0.515066464,-0.183214273
16-02-2019,0.410402608,0.073349082,0.080512055,0.262766271,0.154080121,0.24439047
17-02-2019,0.269690049,-0.094490536,-0.106365652,-0.122505723,0.001035874,-0.193211902
18-02-2019,0.225530682,-0.278337983,0.061106833,-0.062694683,0.640646876,0.286984631
19-02-2019,0.154678466,0.462011083,-0.265857876,-0.050975687,0.125049363,0.326464665
20-02-2019,-0.23737822,-0.457930297,0.451084622,-0.441415251,-0.28248787,0.782505148
21-02-2019,0.18952121,0.245502486,0.083531517,-0.310970995,0.140149788,0.871131866
22-02-2019,-0.133338249,0.410253767,0.255549487,-0.500334851,0.017439596,0.376229217
23-02-2019,0.238856035,-0.216270022,0.098497519,0.165438151,0.253898863,0.227341595
24-02-2019,-0.083101055,0.036724018,0.063391393,0.205991878,0.398198038,0.158050813
25-02-2019,-0.585714011,0.722092884,-0.077772599,0.206345562,-0.451377631,0.21633671
26-02-2019,-0.125846466,-0.189797867,-0.055108299,0.010118114,0.200886007,-0.017801838
27-02-2019,0.316130794,0.501820214,0.625996479,0.222611724,0.323508949,0.451926234
28-02-2019,0.044209914,0.217248455,-0.409439097,-0.453225821,0.327110191,0.395677231
01-03-2019,0.247809702,0.118602132,-0.202908273,-0.31828378,0.152197634,0.422824465
02-03-2019,0.354042203,0.533678274,-0.14582841,-0.353418774,0.573626247,0.121254045
03-03-2019,0.450533181,0.446810023,-0.003663052,-0.251119135,0.421244076,0.112748106
04-03-2019,0.600870099,0.109055285,0.648046777,0.146734166,0.63817976,0.59975501
05-03-2019,-0.278285899,-0.100304013,-0.114385995,-0.375038577,-0.113162317,0.534905554
06-03-2019,-0.551117178,-0.521112607,-0.386697497,-0.575843477,-0.410877043,-0.085051372
07-03-2019,0.244332442,0,0.014878304,-0.26042051,0.485206295,0.219785111
08-03-2019,-0.602864459,0.704522465,-0.691655642,-0.684805631,0.30798627,0.481139456
09-03-2019,-0.385506917,0.549695721,-0.013102731,-0.48324299,0.692713032,-0.565057049
10-03-2019,-0.218491597,-0.108502158,0.201339904,-0.53420423,0.243397291,-0.168967657
11-03-2019,0.265801706,-0.448668723,-0.056130052,-0.276991407,0.355133622,0.031627143
12-03-2019,0.447312488,-0.010733512,0.571142682,0.150547449,0.44778275,0.012151076
13-03-2019,0.154760346,-0.102851718,0.168572218,0.206057035,0.318948816,0.260325046
14-03-2019,0.2296375,0.112478508,0.03383732,0.090641605,0.176036915,0.129198673
15-03-2019,-0.213618683,-0.451574611,0.240860889,-0.229076628,-0.166423942,-0.457687561
16-03-2019,-0.136103946,-0.018548211,-0.170756876,-0.28483767,-0.202117673,0.126068488
17-03-2019,-0.003208339,0.144882576,-0.10041058,-0.380989207,0.126944402,-0.376543345
18-03-2019,-0.100208375,-0.531995763,-0.641761787,-0.21355379,-0.151278712,0.091951553
19-03-2019,0.155866318,0.557496873,-0.024266458,0.224107896,0.130783798,0.333924949
20-03-2019,0.428893012,0.033454907,-0.295528483,0.440806755,0.130863981,-0.031805804
21-03-2019,-0.11310164,0.163749472,-0.330210048,-0.545672424,-0.428879808,0.536977153
22-03-2019,-0.351342333,-0.004904173,-0.521622374,-0.279773884,-0.460785007,0.480414953
23-03-2019,-0.079609346,0.199398336,-0.339249589,0.281597025,-0.010418151,0.437754518
24-03-2019,0.601478427,0.252699499,-0.304341633,0.212689785,0.143292156,0.083216237
25-03-2019,-0.184774273,0.605576545,-0.600669569,0.046176602,0.638317292,0
26-03-2019,0.441760043,0.324202004,0.185325564,0.513760851,0.767254403,-0.190877882
27-03-2019,-0.188249883,-0.411574808,-0.200897162,-0.657511746,0.049401269,0.022881295
28-03-2019,-0.803398186,-0.937041474,-0.471690743,-0.796593915,-0.714939985,0.0662329
29-03-2019,-0.054634108,-0.823918713,0.629199317,-0.6066455,0.453461672,0
30-03-2019,0.051435395,0.011235573,0.055857967,-0.485197152,0.35019247,-0.461034332
31-03-2019,-0.072789221,-0.441125694,-0.083273169,-0.436678947,0.446033047,0.244522776
01-04-2019,0.357792392,0.640993206,0.566971496,0.647921841,0.655895615,0.786494031
02-04-2019,0.263406444,-0.547147239,0.567821807,-0.033516738,0.669744424,0.074558038
03-04-2019,-0.096730054,0.571375776,0.528544386,-0.258674207,0.167270871,0.272009729
04-04-2019,0.065797302,0.515296774,-0.118181164,-0.366079924,-0.360700801,0.381881171
05-04-2019,0.413996538,-0.10438104,-0.318375825,-0.398102275,0.160546854,0.077276738
06-04-2019,0.207461443,0.660583845,0.295589102,0.139244183,0.470472915,0.294604364
07-04-2019,0.480069478,0.214731719,0.256644669,0.193052149,0.052646908,-0.249121076
08-04-2019,0.363312484,0,0.49089743,0.158325517,0.189723476,-0.178942723
09-04-2019,0.349304166,-0.075256345,-0.272701294,-0.249939407,0.349859504,0.577056594
10-04-2019,0.37773486,0.109945273,0.535225859,0.290921341,0.256905995,0
11-04-2019,0.37773486,0.109945273,0.535225859,0.290921341,0.256905995,0
12-04-2019,0.051392874,0.090984469,0.169373124,0.2374989,-0.185906601,0.306410653
13-04-2019,0.105742161,0.364174085,0.312555732,-0.134404262,-0.031675549,-0.259342386
14-04-2019,-0.14003455,0.066463155,0.083061844,-0.0451068,-0.18751453,-0.33164507
15-04-2019,-0.619439549,-0.450394621,0.181336646,-0.733880237,-0.335173935,-0.163531289
16-04-2019,0.463712463,-0.365943161,0.22836144,0.277231719,-0.402275076,-0.32250911
17-04-2019,-0.01306567,-0.295981087,0.268383612,-0.039420122,-0.321893062,-0.373992999
18-04-2019,-0.116443661,0.107299443,0.027138897,-0.449310976,-0.228047442,0.196017077
19-04-2019,0.023394599,-0.082281415,0.208241276,-0.04751491,-0.519059658,-0.18751966
20-04-2019,-0.079434724,0.349896241,-0.040306688,-0.276934694,0.094892747,0.081552854
21-04-2019,0.165982422,-0.113567542,0.490997513,-0.09602107,0.210137664,-0.079315284
22-04-2019,0.561933952,0,0,0.428325914,0.276165257,0.329668502
23-04-2019,0.506274004,0.393873253,0,-0.07589052,0.699879694,0.582035665
24-04-2019,-0.217639979,0.475447732,0.06075673,-0.785473641,0.19204903,-0.13513324
25-04-2019,-0.25748298,-0.272376282,0.19992781,-0.204540038,-0.167040215,0.362528116
26-04-2019,-0.525238338,-0.304546885,-0.227047807,-0.430230568,-0.756591299,0.176047024
27-04-2019,-0.299124868,0.032077326,0.060260061,0,-0.536279455,-0.616312211
28-04-2019,-0.170679674,0.306520181,0.088802222,-0.575642125,-0.228308424,-0.32613694
29-04-2019,-0.541988368,-0.305123699,0.366781395,-0.223163017,-0.766066824,-0.026613629
30-04-2019,0.035983657,0.071063863,0,-0.111592823,0.189154287,0.176215904
01-05-2019,-0.191732913,-0.095049314,-0.203689086,-0.685129073,0.088089814,-0.011015299
02-05-2019,-0.059656976,0.763324663,-0.125277393,-0.755494077,-0.438199675,0.143567413
03-05-2019,-0.229607231,0.517873096,0.276389428,-0.862005374,-0.121851101,0.218521518
04-05-2019,0.266128943,0.763091414,0.158840037,-0.370489493,0.297540445,0.30890507
05-05-2019,0.065758278,0.237665565,0.257320594,-0.324776848,0.193307039,-0.202942517
06-05-2019,0.042550473,0.191337098,-0.533499302,-0.291255582,0.291522708,0.181234894
07-05-2019,-0.487533862,0.121768205,-0.492955794,-0.534698515,0.19813448,0
08-05-2019,0.181930049,-0.311973042,-0.116227862,0.119618871,0.295926259,0.58412606
09-05-2019,-0.418034466,0.523556879,-0.680296138,-0.799393913,0.726414112,-0.356478293
10-05-2019,0.165545631,0.576791235,0.420596875,-0.323848679,0.025925604,0.072446773
11-05-2019,0.003142856,0.37386277,-0.027685967,-0.218186203,0.519039717,0.001171611
12-05-2019,0.12266426,0.302177721,0.054890122,-0.260802003,0.452846598,0.24851419
13-05-2019,0.62889417,0.771290299,-0.590872101,-0.222683754,-0.077249316,0.389091987
14-05-2019,0.684237827,0.401279106,0.223579925,0.227878579,0.459804979,-0.145358553
15-05-2019,0.01548253,0.552479244,0.08980248,-0.488366771,-0.018735025,0.258336137
16-05-2019,0.392842496,0.439004994,0.491545863,-0.189992452,-0.133922246,0.442048544
17-05-2019,0.242324494,0.071294006,0.389501839,0.013032057,0.477648616,0.557410645
18-05-2019,0.007797346,0.70208843,0,-0.566530516,-0.574183276,0.615564704
19-05-2019,-0.134640035,0.214263026,0,-0.481119048,-0.168441074,0.355109297
20-05-2019,0.453632761,0.290143664,0.282094586,-0.344541708,0.51634097,0.242915406
21-05-2019,0.45094313,0.113557508,0.160217218,-0.333902213,0.158902113,0.189163949
22-05-2019,-0.627784746,0.430581375,-0.484252092,-0.84468617,-0.659370465,-0.338430286
23-05-2019,-0.736169849,0,-0.799016716,-0.710701249,-0.107929777,0.074375194
24-05-2019,-0.521028593,-0.199556517,-0.140698534,-0.23964661,-0.562530878,-0.255684913
25-05-2019,-0.4333124,-0.488626505,-0.088870632,-0.622654821,0,0.402472219
26-05-2019,0.176532894,0.544266362,0.020663322,-0.217278648,-0.184896657,0.261384404
27-05-2019,0.145350022,0.123155657,-0.35561649,-0.27584126,-0.308333523,-0.55526849
28-05-2019,0.378726766,-0.089536782,-0.286876393,0.161756659,-0.048554273,0.222320224
29-05-2019,0.112011741,0.263724954,-0.453593426,-0.118300469,-0.014637584,-0.252222636
30-05-2019,-0.161639486,0.245688812,-0.277419353,-0.128796591,-0.286816679,-0.241957171
31-05-2019,-0.396124039,-0.108741187,-0.546282548,-0.423478029,0.133076986,-0.554299603
01-06-2019,-0.511486074,-0.420083377,-0.392784722,-0.396799697,-0.201871501,-0.431939722
02-06-2019,0.223976372,0.49639684,0.044634991,-0.136535491,0.230925787,0.0568109
03-06-2019,-0.006034574,0,-0.529201365,-0.382704522,-0.038940411,0.532564749
04-06-2019,-0.178849102,0,-0.662765004,-0.443211145,-0.309983012,0.378950587
05-06-2019,-0.675095731,-0.153622015,-0.350148051,-0.729734141,0.234448436,0.20670041
06-06-2019,-0.66497956,0,-0.224362908,-0.625659684,-0.337473301,0.664265207
07-06-2019,0.147037678,0.012672192,0.248868216,-0.256903788,0.347193776,0.425850549
08-06-2019,0.252939787,-0.103612612,-0.06813356,0,0.140074938,0.159554135
09-06-2019,-0.257354675,-0.111584077,-0.175393025,0.080497568,-0.194055812,0.020965182
10-06-2019,0.083182281,-0.600542632,-0.044556575,-0.224583473,0.517117995,0.116970306
11-06-2019,-0.031918364,0.183846245,-0.144318106,-0.381515533,0.251961557,0.536486853
12-06-2019,-0.709222269,0.100014502,-0.565512421,-0.682492075,-0.36963865,-0.009781096
13-06-2019,0.394341838,0.778413943,-0.418263632,-0.389813851,-0.092160082,0.881652104
14-06-2019,0.413885538,0.491229771,-0.148961112,0,-0.31620004,0.105623265
15-06-2019,-0.360360515,0.305532082,-0.415500049,-0.957067013,-0.3237756,-0.963892027
16-06-2019,0.234620922,0.599332192,-0.343506241,-0.328834906,0.238868154,0.27332645
17-06-2019,0.364442935,0.503061893,-0.62187611,-0.500738959,-0.043364017,0.698899668
18-06-2019,-0.122617229,0.3942067,-0.347665897,-0.565705686,-0.271103854,0.611256786
19-06-2019,0.150941797,0.036706253,0.258642977,-0.304572038,-0.020004855,0.845516375
20-06-2019,0.835530192,0.207478085,0.348136123,0.068251428,0.394831535,0.471382637
21-06-2019,0.8097825,0.573642174,0.236547053,0.226046797,0.119099171,0.695905902
22-06-2019,0.435217085,0.01312769,-0.122381901,0.035446168,-0.276941798,0.113388431
23-06-2019,0.509492758,0.417414342,0.094214501,0.061676279,0.523142928,0.520370119
24-06-2019,0.547040374,0.392862245,-0.238796615,-0.216441688,-0.297619746,-0.369955146
25-06-2019,-0.017056916,0.040829838,-0.506943117,-0.020174481,-0.062838189,-0.311602314
26-06-2019,0.34189936,0.388910383,0.312087205,0.348497116,0.223123073,0.462370321
27-06-2019,-0.12638317,-0.280873126,-0.217597542,-0.037898078,-0.218897424,-0.388372165
28-06-2019,-0.100771343,-0.047258179,0.112624954,-0.329384104,-0.022595735,-0.261356835
29-06-2019,0.261665859,-0.166164499,0.099012483,0.056384629,0.481318072,0.279097419
30-06-2019,-0.032274065,0.203591125,-0.186553138,-0.109986514,-0.069573351,0.429686119
01-07-2019,0.307497825,0.40420774,0.285588907,0,0.309237038,0.7226874
02-07-2019,-0.370359909,0,-0.477769763,-0.39342567,-0.323350793,0.424541215
03-07-2019,0.122237445,-0.040100455,-0.223439673,0.25602872,-0.058074616,0.569797496
04-07-2019,0.46714193,0.771734131,-0.704192627,-0.390759087,0.096902806,0
05-07-2019,0.368432934,0.657706622,-0.709529224,-0.245615041,-0.059677185,-0.017062437
06-07-2019,0.370104368,0.721455994,-0.327363568,-0.405631693,0.405023751,0.408205611
07-07-2019,0.113370274,0.553899225,0.006761923,0.081757875,0.182297036,-0.066698463
08-07-2019,0.41044581,0.526503054,-0.06485378,0.255101606,0.655423612,-0.295414601
09-07-2019,0.476983982,0.444480121,-0.430143649,0.552963017,0.233916461,0.060662942
10-07-2019,0.298808152,0.831769789,-0.295768787,0.184697226,-0.318043311,-0.442705788
11-07-2019,0.257545478,0.181209982,-0.194989875,0.113008593,-0.142475113,0.136299947
12-07-2019,0.364084841,0.212456459,0.286133331,0.100723979,0.065467376,-0.335932445
13-07-2019,0.288274961,0.66945267,0.066988086,-0.095917853,-0.183811547,0.599322483
14-07-2019,0.166050696,0.305819554,0.079064067,-0.412616807,0.019064756,0.49011708
15-07-2019,-0.057086909,0.089146953,0.001250266,-0.164313539,0.07083255,0.344240316
16-07-2019,-0.642490674,0.068103323,-0.128516729,-0.640618197,-0.419551143,-0.905382958
17-07-2019,0.141504152,0.426639206,0.056952414,0.077465461,0.434946703,-0.279670206
18-07-2019,0.246227704,0.616286433,-0.350270599,-0.331871595,0.093680368,-0.221641814
19-07-2019,0.538355663,0.38813234,-0.259541345,0.429659163,0.644054374,-0.305491313
20-07-2019,0.5622454,0.587908812,-0.450661464,-0.427965484,0,0.577610737
21-07-2019,0.507423045,0.436270352,-0.528430609,0,0,0.432523356
22-07-2019,0.597146349,0.712746485,0.124288361,-0.210066639,-0.01925909,0.37405971
23-07-2019,0.331093755,0.35044117,0.145060721,0.030475032,-0.273872403,-0.520906473
24-07-2019,-0.024203075,0.474199733,0.015970477,-0.232400767,-0.569228433,-0.370174004
25-07-2019,0.178558555,0.186327657,0.260791663,0.089900041,-0.4897451,-0.649288314
26-07-2019,0.129303172,-0.319566604,-0.232039318,-0.038479672,-0.197242927,0.275463343
27-07-2019,0.112126856,0.347783367,-0.089929279,-0.269918281,0,0.506531752
28-07-2019,0.061254512,0.385569273,-0.137336882,-0.551534602,0,0.548737468
29-07-2019,-0.368269328,0.496160319,-0.078690419,-0.099419403,-0.409313224,-0.814019958
30-07-2019,0.40560163,0.093000598,0.437305252,-0.032251837,-0.49462998,-0.588389762
31-07-2019,0.443222844,0.098721646,0.320062841,0.140726699,0.404307505,0.007331618
01-08-2019,0.008907464,0.204242682,-0.312127047,0.073111879,0.325349715,-0.180178511
02-08-2019,-0.323325573,0.169248223,0.004677393,-0.007856783,-0.473346132,-0.464193337
03-08-2019,-0.18526199,0.270403599,-0.143954711,-0.267542917,-0.299155115,0.407306736
04-08-2019,0.293612268,0.387008495,-0.242067481,-0.028584176,-0.624926492,0.23301629
05-08-2019,-0.468227333,-0.056931048,-0.802701664,0.019328117,-0.542352781,0
06-08-2019,-0.299056226,0.395512698,-0.272109479,-0.314708489,-0.361278086,-0.239537152
07-08-2019,-0.67872226,0.242280743,-0.706189911,-0.716802254,-0.149092821,-0.025908531
08-08-2019,0.161862339,0.56021006,0.14352414,-0.374018134,0.25202827,0.242010465
09-08-2019,0.192464787,0.076190261,0.147446359,0.144970475,0.429689458,-0.381723489
10-08-2019,0.21611917,0.118813871,-0.206970023,-0.438206107,0.16216652,0.289259047
11-08-2019,-0.182254984,0.125833197,-0.393715941,-0.165028321,-0.469904626,0.123182402
12-08-2019,-0.14816252,-0.411264572,-0.61757652,-0.382265274,0.156448477,-0.485290774
13-08-2019,0.05810757,0.479738319,-0.10718377,-0.424684246,-0.017708393,0.643695995
14-08-2019,-0.153885454,0.375336121,-0.167686387,-0.508028435,0.321081531,0.55168994
15-08-2019,-0.389246679,0.592051329,-0.635610645,-0.556968054,0.168797193,0.25125589
16-08-2019,0.006502147,0.447498919,0.319364447,-0.750793312,0.419947789,0.470742128
17-08-2019,-0.16670689,0.473116733,-0.11829362,0,0.807522875,0.678794289
18-08-2019,0.092779687,0.278415491,-0.078868637,-0.829025848,-0.047536541,0.158208295
19-08-2019,0.656617508,0.413774486,0.38421851,0.27558567,0.006023068,0.564724406
20-08-2019,0.566644206,0.145139761,-0.037555772,0.160244291,0.368450016,-0.287807273
21-08-2019,0.43255654,0.527966165,0.086944111,0.142289936,0.000564715,-0.221295068
22-08-2019,-0.073636042,-0.071855073,-0.349054899,-0.256739785,-0.813917664,-0.394483738
23-08-2019,-0.350746116,0.035477011,-0.156691024,-0.333893313,-0.835056712,-0.297837886
24-08-2019,-0.350746116,0.035477011,-0.156691024,-0.333893313,-0.835056712,-0.297837886
25-08-2019,-0.012004856,0.294937731,-0.252029963,-0.4684094,0,-0.557682182
26-08-2019,-0.012004856,0.294937731,-0.252029963,-0.4684094,0,-0.557682182
27-08-2019,0.153869023,-0.174708999,0.242067139,0.243471757,-0.007173155,-0.018381544
28-08-2019,0.569366283,0.46774155,0.267554109,0.470157172,0.705511975,-0.156623324
29-08-2019,0.14818662,0.074727735,-0.532007284,0.244524049,0.107752434,0.637381335
30-08-2019,-0.367572011,0.135813702,-0.366329452,0.021490483,-0.044575474,-0.318484456
31-08-2019,0.279048543,0.737378254,0.04731898,-0.746817184,-0.881810614,-0.352868468
01-09-2019,0.208859218,0.504656403,0.137554036,-0.03464805,-0.449732187,-0.145290717
02-09-2019,-0.817748979,0.180733379,-0.790561897,-0.438070739,-0.493599818,0.238767401
03-09-2019,-0.648743436,0.63438023,-0.719134137,-0.363726701,-0.734634212,0.229946698
04-09-2019,-0.289874998,0.229090241,0.271576936,-0.0691465,-0.08752426,0.489617379
05-09-2019,0.160317091,0.103661304,0.182589757,-0.278319936,-0.362244653,0.410302625
06-09-2019,-0.226119351,0.174644224,0.330714421,0.004092428,-0.273179837,0.407005045
07-09-2019,0.31722518,0.587597358,0.196146624,0,-0.767348978,0
08-09-2019,-0.009654669,-0.213124564,-0.123957874,-0.180192033,0.089933659,-0.40401634
09-09-2019,0.545832385,-0.295500877,-0.013162781,-0.342796359,0.630536525,0.217350196
10-09-2019,0.3694039,-0.305254226,-0.258376571,-0.137007744,0.587309085,-0.311761127
11-09-2019,0.011566554,-0.396366013,-0.394015574,0.367602869,-0.376469719,-0.882889962
12-09-2019,-0.096359703,0.015865602,-0.482373069,-0.179092655,-0.210199653,-0.375761536
13-09-2019,-0.260958879,-0.084715786,-0.749931466,-0.610330607,0.099376425,-0.709945171
14-09-2019,0.397018454,0.163204515,0,-0.430576808,0.356630767,0
15-09-2019,0.279538577,-0.105736549,0,-0.252349453,0.16114205,-0.053703066
16-09-2019,0.485458315,0.191981614,0,0.398941865,0.549087316,0.600418591
17-09-2019,-0.003575394,-0.040559288,0.286971017,-0.380828841,-0.579814582,-0.05202632
18-09-2019,-0.307920172,-0.097868152,0.171494325,-0.472624526,-0.758902531,0.035289952
19-09-2019,0.254083086,0.369971769,0,-0.166549979,-0.123606599,0.079966747
20-09-2019,0.495150022,-0.407074629,0.234358603,-0.531800583,0.161398123,-0.098226962
21-09-2019,0.30128099,0.243925983,-0.029371713,0.114367114,-0.567521149,0.160441226
22-09-2019,0.430452017,-0.098820635,0.142266155,0.366148977,0.296650529,0.092164974
23-09-2019,0.038235085,0.008204307,-0.274162447,-0.208200759,0.000514553,0.180979284
24-09-2019,-0.315118447,0.333314082,-0.678457565,-0.478330727,-0.422885291,-0.643601846
25-09-2019,-0.512560516,0.271151873,-0.31157745,-0.634377695,-0.487680741,0.051931263
26-09-2019,-0.405066908,0.475281194,-0.113602462,-0.308042993,0.193056198,0.223726288
27-09-2019,-0.698843073,0.130522697,-0.579169117,-0.611249999,0.526850589,-0.286442168
28-09-2019,0.316439855,0.625996159,-0.377949422,-0.133338858,0,-0.296685788
29-09-2019,-0.144751233,0.095342046,-0.147771052,-0.233249769,-0.585867285,-0.276608855
30-09-2019,0.257036885,0.692913451,-0.157398611,-0.348076764,0.205915589,-0.733207505
01-10-2019,0.257036885,0.692913451,-0.157398611,-0.348076764,0.205915589,-0.733207505
02-10-2019,-0.060757432,-0.331285584,-0.414833444,-0.337921437,-0.087184166,-0.079313231
03-10-2019,-0.439499106,-0.279097182,-0.601374108,-0.68647738,-0.279892568,-0.233352419
04-10-2019,-0.234584293,-0.030609929,-0.080299314,-0.025941969,-0.397423724,-0.574021273
05-10-2019,-0.114819343,0.377856573,-0.230781391,-0.454316073,0.414375991,-0.199166946
06-10-2019,-0.465187825,-0.048833584,-0.336191803,-0.327719395,-0.096442946,-0.337335075
07-10-2019,0.097157097,-0.137148635,-0.464611226,0.085908996,-0.115297206,-0.415431221
08-10-2019,0.301941422,0.293575018,-0.542553734,0.292834636,0.23994776,0.083097022
09-10-2019,-0.252804335,-0.073279145,-0.620271998,-0.790419176,-0.389724962,0.183870407
10-10-2019,-0.05268642,-0.318895286,-0.539304053,-0.448150312,-0.058644767,-0.175294122
11-10-2019,0.833445877,0.919446586,0.027618575,0.173817686,0.498529044,-0.000343156
12-10-2019,0.751706969,0.846278352,0.192574336,-0.23420671,0.253906435,0.641783828
13-10-2019,0.581021212,0.82031683,-0.033858872,-0.178542522,-0.098545063,0.384765367
14-10-2019,-0.063101958,0.413285283,-0.64490725,0.047334369,0.398121955,0.04839117
15-10-2019,0.001593458,0.129701689,-0.678247016,-0.354067697,0.20780474,0.116041459
16-10-2019,0.04536623,0.10871541,-0.543237037,-0.563310795,0.596084728,-0.025411756
17-10-2019,-0.318746025,-0.023849408,-0.225216773,-0.670566372,-0.052839039,-0.345271285
18-10-2019,-0.132718562,-0.330863657,-0.366224411,-0.292217463,-0.139425415,0.338570516
19-10-2019,-0.463093219,0.057003028,-0.559030851,-0.272433837,-0.437078316,0.05036248
20-10-2019,-0.452829505,0.300055512,-0.012581784,0,-0.35524464,-0.481343753
21-10-2019,-0.347204362,0.246480241,-0.580223484,-0.267796764,0,0.272218806
22-10-2019,-0.203929766,0.166596419,-0.017735541,-0.190253398,0.426056087,-0.100345302
23-10-2019,-0.142080318,0.146245903,0.330793495,-0.36852978,-0.224001724,0.155522121
24-10-2019,-0.244873536,0.236324179,-0.281681908,-0.161338665,0.335988821,-0.786564809
25-10-2019,0.015078246,-0.030809093,-0.412196019,-0.210345224,0.078280541,-0.442211186
26-10-2019,0,-0.146891858,-0.085853744,-0.509365185,0,0.1751375
27-10-2019,0,-0.093670491,-0.025128599,-0.09093347,0.099580866,0.350905897
28-10-2019,-0.5662469,-0.196468405,-0.48943329,-0.401764,-0.72448236,0.039226143
29-10-2019,-0.385776581,-0.051259627,-0.283096703,-0.838739609,-0.21087817,-0.164951156
30-10-2019,-0.697714311,0.079621893,-0.624580142,-0.775524732,-0.240633901,-0.466620036
31-10-2019,-0.147078193,0.402448403,-0.269693282,-0.526866804,-0.049395701,0
01-11-2019,-0.061623714,0.072910871,0.405454158,-0.252328591,-0.20885762,-0.28776967
02-11-2019,0.320442306,0.460111361,-0.013172348,-0.251925394,-0.001398506,-0.229876382
03-11-2019,0,-0.154622475,0.062369658,0.043133302,0.567330615,0.087744688
04-11-2019,0.225881528,0.0817369,-0.159435819,-0.278995972,0.190671417,0.735913103
05-11-2019,-0.164912112,0.490033209,0.315037655,-0.179810084,-0.501046009,0.304245143
06-11-2019,-0.63806186,-0.16149858,-0.064519003,-0.806282951,-0.427108812,-0.255887095
07-11-2019,0.069076624,-0.350134365,0.510847382,-0.354801585,-0.115176579,-0.007385879
08-11-2019,-0.611841295,-0.007396621,-0.483408127,-0.686423554,-0.636969855,-0.581851263
09-11-2019,-0.186000696,0.194237663,-0.542100546,-0.459467743,-0.679514648,0.069704952
10-11-2019,-0.346006079,0,-0.116060358,0.211223584,-0.806467409,0.11164251
11-11-2019,-0.635085416,0.15923559,-0.694389665,-0.55536696,-0.444777134,-0.210468225
12-11-2019,-0.358063347,-0.008068919,0.006784864,-0.315572826,-0.471198904,0.545594104
13-11-2019,-0.134772717,0.498952539,-0.143645892,0.241276993,0.312945085,0.386977632
14-11-2019,-0.062711024,0.507525096,0.156885368,-0.064823452,-0.098213151,0.14382006
15-11-2019,-0.09529769,0.331697568,0.339138501,-0.27067631,0.157367249,0
16-11-2019,-0.411347168,0.129234488,0.522115174,-0.501258094,-0.197476042,-0.196932024
17-11-2019,0,0.560985328,0.130417484,-0.151324714,0.330528593,0.012553251
18-11-2019,-0.384547844,-0.086784981,0.147511744,-0.377400549,-0.193349123,0.160521382
19-11-2019,-0.640809732,-0.162193033,-0.720247556,-0.543092589,-0.455045278,-0.569120495
20-11-2019,-0.241194372,-0.025483518,-0.036073034,0.009341383,0.111507566,0.525531358
21-11-2019,-0.250454416,0.036078117,-0.474663764,0.044798016,0.351171107,0.295126349
22-11-2019,-0.334559819,0.097328185,-0.267495284,-0.365358489,0.653920278,0.447168972
23-11-2019,-0.261195084,-0.427653084,-0.148108778,-0.471986765,0.021793693,-0.257433576
24-11-2019,0,0.487017593,0.372065115,-0.034969672,0.734496159,0.456151552
25-11-2019,0.161444064,0.500563913,0.532617091,-0.005650499,-0.174419646,0.240144285
26-11-2019,0.021362177,0.024427722,0.25183011,-0.17840377,0.290744488,0.290820054
27-11-2019,-0.48729873,-0.426703892,-0.031032638,-0.647898562,0.229922793,0.20980453
28-11-2019,-0.715585275,-0.197292379,-0.69208456,-0.661213178,-0.403092641,0.064749731
29-11-2019,-0.064141914,-0.42637765,-0.613174369,-0.732288989,-0.129021355,-0.489365335
30-11-2019,-0.099836395,0.445437498,-0.395489524,-0.437912266,-0.108057511,0.277129548
01-12-2019,0.142542057,0.188615512,0.124088972,-0.2483772,0.106334544,-0.109928613
02-12-2019,0.193565668,0,0.541167215,-0.150358395,0.329139673,0.148296558
03-12-2019,0.343987086,0.004757125,-0.072746578,0.142252805,0.323880727,-0.101242494
04-12-2019,0.332294879,0,0,0.518195749,0.340273296,0
05-12-2019,0.456811201,0.510631508,0,0.229501327,0.295677169,0.809620879
06-12-2019,0.26640519,0,0,0,0.163155637,0.274968792
07-12-2019,0.459685079,-0.11194899,-0.140995065,-0.124781446,0.437791199,0.242142323
08-12-2019,0.078036308,-0.155651078,0.083220361,-0.474317914,0.141096467,0.166149687
09-12-2019,-0.053644916,-0.130354118,-0.61433202,0.049800126,0.227692526,0.574487429
10-12-2019,-0.109685793,-0.07339701,-0.496916854,-0.400373333,0.462065111,-0.174655917
11-12-2019,-0.427148824,-0.111404366,-0.114224284,-0.744454686,0.385055132,-0.205094098
12-12-2019,-0.357438921,-0.477060932,0.282799974,-0.431041518,0.116414171,0.43844419
13-12-2019,-0.039887027,-0.384709469,0.715985833,-0.608614825,0.084014996,0.451723704
14-12-2019,-0.167862279,-0.240463017,0.305658907,-0.34427272,-0.241245801,0.618252424
15-12-2019,0.126533027,-0.608047309,0.103886583,-0.531539345,0.218623267,0.484561241
16-12-2019,0,-0.225762421,0.063178967,-0.282336586,0.110918923,-0.209853306
17-12-2019,0.343880964,0.379849167,0.5008002,-0.131589902,0.470609885,0.509665434
18-12-2019,-0.551203806,-0.064996081,-0.161900187,-0.744912759,-0.155153443,0.557882032
19-12-2019,-0.65657524,0.423016505,-0.469601627,-0.65757226,0.328900727,-0.230417662
20-12-2019,-0.559267492,0.310309794,0.3662153,-0.501043586,-0.159612981,0.103500211
21-12-2019,-0.144649153,0.566584507,0.519157505,0.32149978,0.290139256,-0.188097207
22-12-2019,0,-0.052072582,-0.02295782,7.97E-05,0.092541222,0.018021132
23-12-2019,-0.538318126,-0.433155026,0.078123471,-0.33328455,-0.534801339,-0.300943211
24-12-2019,-0.071184705,0,-0.079986372,-0.012449984,-0.045637397,-0.015436301
25-12-2019,0.024218815,0.180200453,0.2609278,0.022526832,0.366137796,-0.299659363
26-12-2019,0.430463711,0.242302274,0.59945123,0.04943366,0.459129252,-0.371534803
27-12-2019,0.261172094,0.173003268,0.699694757,0.297309224,-0.005486124,0.087777366
28-12-2019,0.49105859,-0.073276646,0.093143191,0.415804445,0.104424036,-0.237377932
29-12-2019,0.384510427,0.087966333,0.111120469,0.437581783,0.298960888,-0.288088268
30-12-2019,0.011581462,-0.243876228,0.354331541,-0.153695561,-0.230877905,-0.164764198
31-12-2019,0.050705059,0.346723975,0.427022399,-0.101599767,0.151170105,0.424238479
01-01-2020,-0.056532319,-0.012950367,0.38961414,0.367717729,0.444528094,0.064819815
02-01-2020,0.007246118,0.372319886,0.4745884,-0.085141062,0.739812525,0.126878181
03-01-2020,0.658565247,0.616380943,0.094973864,0.372073386,0.17688343,0.290004614
04-01-2020,0.55870647,0.138199715,0.349439764,-0.106817508,0.365921626,0.283916375
05-01-2020,0.53497079,0.653363674,-0.065424709,0.121010192,0,0.110617606
06-01-2020,0.540126543,0.053255465,0,-0.137145127,0.899450319,-0.480607527
07-01-2020,-0.234623024,-0.152842447,0.170397769,-0.153803959,0.42556565,-0.254965337
08-01-2020,0.118560396,0.426880425,0.262966644,-0.427639292,-0.390148341,-0.428533212
09-01-2020,-0.201396882,-0.064184705,0.294343736,-0.583936689,-0.062702627,-0.289957689
10-01-2020,-0.242653185,0.118422553,0.347936077,-0.295864609,0.435487721,-0.781009304
11-01-2020,0.059809259,0.20274588,-0.154483992,-0.538161076,0.358427937,-0.467453338
12-01-2020,-0.288460354,0.137388036,-0.132906438,-0.353123653,-0.333974809,-0.422757089
13-01-2020,-0.267653537,-0.003869068,-0.042817427,-0.248432972,-0.10585617,-0.189713764
14-01-2020,-0.254237679,-0.029880891,0.192067258,-0.374253595,0.41459979,-0.456530051
15-01-2020,-0.432196371,0.157448432,-0.332486874,-0.701160924,-0.384987275,-0.559967149
16-01-2020,-0.049262263,-0.001142708,0.553547488,-0.08516751,-0.808917311,-0.084276738
17-01-2020,-0.129054923,-0.3008654,0.081124291,-0.435785402,-0.45884726,0.265263528
18-01-2020,0.455942703,0.641910267,0.045044051,-0.195761189,-0.055231883,0.486028144
19-01-2020,0.72701035,0.699770931,0.056781055,0,0.49261206,0.721049702
20-01-2020,0.578466115,0.428646195,-0.129692117,-0.223522013,0.517571682,0.298965993
21-01-2020,-0.135956286,-0.332157009,0.094859455,-0.634218235,0.096204085,-0.553764226
22-01-2020,-0.135956286,-0.332157009,0.094859455,-0.634218235,0.096204085,-0.553764226
23-01-2020,-0.396600592,0.338947757,-0.558727624,-0.292358196,-0.187319289,0.016298629
24-01-2020,-0.332157728,0.541258231,-0.38354829,0.10035517,-0.304300655,0.528459225
25-01-2020,0.164073306,0.367048527,-0.207626748,-0.442135172,0.085336071,0.452923433
26-01-2020,-0.150119023,0.049181479,-0.29116263,-0.382408687,-0.346545466,-0.574662911
27-01-2020,-0.505184189,0.206448742,-0.847263843,-0.316077571,-0.028269401,0.411445307
28-01-2020,0.104376956,0.389437105,-0.493582829,0.247776813,0.079861689,0
29-01-2020,-0.131975879,0.317316714,0.185837208,-0.497571025,0.209648294,0.015384415
30-01-2020,-0.514106948,-0.141962506,-0.390672416,-0.391470035,-0.265169683,0.104770035
31-01-2020,0.31042654,0.372587317,-0.226790254,0.088840792,-0.425932007,0.572449157
01-02-2020,-0.276411383,0.097183207,-0.094980097,-0.27063966,-0.33375512,0.034408932
02-02-2020,-0.53828679,0.41813881,-0.136061502,0,0.24617414,0.062004434
03-02-2020,-0.331523146,-0.151463877,-0.616228713,0.030437413,-0.201303244,0
04-02-2020,-0.108521008,-0.30081121,-0.251492394,0.230085922,0.136008902,0.200512236
05-02-2020,0.387910675,-0.296023722,-0.050846277,-0.529506379,0.422676307,-0.291980939
06-02-2020,0.154868456,0.326059963,0.163012009,-0.051309649,0.074201603,0.12542786
07-02-2020,0.292784587,0.346297852,-0.303393882,0.165944679,0.214144075,0.233539279
08-02-2020,0.277751975,0.562601634,-0.11311652,-0.096817177,0.234586406,0.498807628
09-02-2020,0.208856531,0.226746632,0.189300339,-0.015134042,0.14349607,0.344794151
10-02-2020,-0.291345581,0.373075174,-0.399398544,-0.493493152,-0.2276692,0
11-02-2020,0.160048621,0.020402322,0.023893046,-0.195284593,0.289108118,-0.302484227
12-02-2020,0.085380524,-0.221644552,0.031493295,-0.289815864,-0.231415599,0.483151361
13-02-2020,0.256916248,0.219477343,-0.39272258,-0.035198634,0.123637295,0.521550152
14-02-2020,0.280167434,0.109799479,0.121958355,0.055844862,-0.076734807,0.324511228
15-02-2020,0.199882771,-0.211698627,0.415371,-0.121309413,-0.333833568,0.07795166
16-02-2020,0.153034976,0.081267513,0.064936727,-0.066204203,-0.381643194,0.406421197
17-02-2020,0.237095232,0.199152389,-0.167431778,-0.063713185,-0.232079401,-0.158053341
18-02-2020,-0.192301681,0.308767454,-0.669725174,0.241381367,0.097638364,-0.045151227
19-02-2020,0.350770324,0.291194076,0.638016252,0.269798289,0.267699614,0.275979853
20-02-2020,0.104867674,0.219300167,0.445906122,-0.10637036,-0.10799937,0.081808699
21-02-2020,-0.263326832,0.115957754,-0.632305369,-0.130703049,-0.023528559,-0.380364356
22-02-2020,-0.159795501,0.121356148,-0.097905203,0.108076298,0.045116921,0.160914461
23-02-2020,0,0.317397742,-0.244752582,0.183799045,-0.727198886,-0.218397312
24-02-2020,-0.677205006,-0.089921876,-0.441130865,-0.48867946,-0.007228553,-0.884401071
25-02-2020,-0.378788404,-0.069661712,-0.222189463,-0.342192354,0.483496497,-0.005022907
26-02-2020,-0.368856586,0.338089567,-0.374682553,-0.27072406,0.761295792,0.415084662
27-02-2020,-0.560849802,-0.352682422,-0.45611385,-0.24188258,-0.036073329,0.389305537
28-02-2020,-0.601256241,0.258062252,-0.702913379,-0.572212586,-0.363095043,-0.304412586
29-02-2020,-0.40356278,0,-0.508672856,-0.134347056,-0.082638153,0.164460232
01-03-2020,-0.437792384,0,-0.36008005,-0.503444755,-0.098726018,0.068541183
02-03-2020,0.207234997,0.389831794,0.003039016,-0.347686901,0.332882476,0.190852848
03-03-2020,0.177128105,0.429269489,0.37883472,-0.044982364,0.202152349,0.562706885
04-03-2020,0.261303705,0.003754709,-0.031008534,-0.486854662,0.33549994,-0.049684535
05-03-2020,0.159128313,-0.175776996,0.000946159,-0.224734166,0.171577895,0.424768642
06-03-2020,-0.549540758,-0.083206185,-0.488496899,0,-0.562433147,0.455205865
07-03-2020,-0.563743219,0,-0.211018887,0.084284938,-0.497318552,-0.009845255
08-03-2020,-0.534443125,0,-0.153865523,0.007317364,-0.667473996,0.623609541
09-03-2020,-0.711844956,-0.623030256,-0.610677825,-0.536999007,-0.767102095,0
10-03-2020,-0.037643629,0.272618762,0.516377531,-0.232455197,-0.293997841,0.760222807
11-03-2020,-0.431808784,0.067582369,0.139879128,-0.669746068,-0.460852419,0.403773937
12-03-2020,-0.771065923,0.407182704,-0.415605807,-0.443914262,-0.410628357,0.303045814
13-03-2020,-0.102762722,0.189060454,-0.18233399,-0.224129146,-0.479088938,-0.325168533
14-03-2020,0.031488451,0.522965348,-0.062986003,-0.377830341,-0.267486938,0.224255627
15-03-2020,0.373463098,0.318216598,0.106474275,-0.099101049,0.245660988,0.267011632
16-03-2020,-0.321504534,0.074288396,-0.650735206,-0.192408714,-0.542933952,-0.152241369
17-03-2020,-0.483988017,0.010939575,-0.687669076,-0.279135136,-0.599263566,-0.582918219
18-03-2020,-0.649382511,-0.640273212,-0.760026015,-0.517147384,-0.069887093,-0.08551576
19-03-2020,-0.023558275,-0.318074005,-0.150568184,-0.363869664,-0.111153375,0.016732983
20-03-2020,-0.063464652,-0.144261825,-0.065155527,-0.404343485,-0.181941531,-0.037188886
21-03-2020,0.184067908,0.531324655,-0.331844615,0.203567405,0.177547226,0.207967466
22-03-2020,0.134982001,-0.08847727,-0.242454619,-0.011595177,0.203084147,0.295465346
23-03-2020,-0.384008444,0.072033814,-0.459384104,-0.578153896,-0.574182027,0.05743492
24-03-2020,-0.065101021,-0.130054786,0.1468908,0.123622031,-0.276500283,0.10409271
25-03-2020,-0.285169503,-0.275408875,-0.134034546,-0.728465524,-0.057532095,0.109490825
26-03-2020,-0.437310777,-0.428193365,-0.688299308,-0.58772318,-0.434396965,0.20251477
27-03-2020,-0.311717009,-0.147484038,-0.313845229,-0.108824982,-0.148516768,-0.472465668
28-03-2020,-0.334732174,0.910001752,-0.560750453,-0.245923649,-0.183520182,-0.028287962
29-03-2020,-0.090173944,0.825695374,-0.270219982,0.045074682,0.023038352,0.179008204
30-03-2020,-0.193281709,0.128052583,-0.655817303,-0.34682873,-0.129186403,0.57485785
31-03-2020,0.077646863,0.315640336,-0.507371012,-0.083824595,-0.035034824,0.791231736
01-04-2020,-0.352817453,0.138388683,-0.388141705,-0.709607967,-0.192056393,-0.100053485
02-04-2020,0.278681015,-0.256858622,-0.145367865,-0.796043596,0.449348822,0.68940732
03-04-2020,0.476992912,0.127255186,0.383265768,-0.096980726,0.55154252,0.56469474
04-04-2020,0.137905251,0.033696421,-0.226783897,0.018969987,-0.216471858,0.363161296
05-04-2020,-0.01300929,0.258656479,-0.375078278,-0.158378361,-0.369636254,0.035535407
06-04-2020,-0.561297376,0.421317595,-0.483401729,-0.426231809,-0.555493534,-0.201423516
07-04-2020,0.295111323,0.158802463,-0.274891276,-0.318638853,0.302931572,0.342815133
08-04-2020,0.164927609,0.050812632,-0.559803925,-0.433924131,0.410269933,-0.319045386
09-04-2020,0.278668477,-0.239647594,-0.279745546,-0.467796553,0.272122178,0.400087028
10-04-2020,0.265128156,0.667324241,-0.34253868,0,0.141920929,-0.53177325
11-04-2020,0.656956575,0,-0.006075978,-0.470814286,0.357312127,0.227928809
12-04-2020,0.218027385,0,0,-0.754683711,0.232367592,-0.179797001
13-04-2020,0.263065088,0,-0.214841702,0,0.217131691,-0.285025288
14-04-2020,0.349067138,0,-0.412949729,-0.51323103,0.148381568,-0.218977953
15-04-2020,-0.354044389,0.140248402,-0.484442702,-0.502620711,0.211988,0.179869147
16-04-2020,-0.213879454,-0.329236291,-0.481711344,-0.166924638,-0.163069919,0.127739078
17-04-2020,-0.003072825,-0.179486005,-0.545150909,-0.240180524,0.123731661,0.52089144
18-04-2020,-0.081512653,-0.53118619,-0.53328392,-0.430925183,0.047140042,0.131935232
19-04-2020,0.171982202,0.26831853,-0.219046959,-0.230539632,0.482579718,0.161679926
20-04-2020,-0.761355558,-0.302507282,-0.87175935,-0.755405004,-0.195643254,-0.11533116
21-04-2020,-0.508871762,0,-0.585492881,-0.639041671,-0.66781665,-0.160074103
22-04-2020,-0.325953364,0.047445617,-0.552714607,-0.417281195,-0.283055632,0.099326046
23-04-2020,0.354157137,-0.068340097,-0.178889555,0.048578152,0.42496725,0.353925979
24-04-2020,0.193865974,0.140421912,0.046867672,-0.166984633,0.522070804,-0.14962182
25-04-2020,0.072585648,-0.108159561,-0.060821689,-0.309870423,0.069887889,0.338305725
26-04-2020,-0.03029227,0.004859145,-0.236538041,-0.021497292,0.399431512,0.439227235
27-04-2020,-0.422871393,0.296442525,-0.432613857,-0.747492905,-0.401070075,0
28-04-2020,-0.41929956,-0.282412842,-0.803789055,-0.804503407,-0.244955809,-0.888837337
29-04-2020,0.150387399,0.319409997,0.093652695,0.181600781,0.262886277,-0.21384339
30-04-2020,0.378682935,0.247777858,0.490813658,0.156003894,0.327245682,0.114869833
01-05-2020,0.419859804,-0.603159804,-0.173830899,0.24133868,0.362361975,0.475331152
02-05-2020,-0.167291455,-0.156879928,-0.089294915,-0.660116585,0.252644048,0.501351272
03-05-2020,-0.062619023,-0.110558577,-0.185212051,-0.308143601,0.579740849,0.269487288
04-05-2020,-0.337022263,-0.217407383,-0.591151894,-0.313877483,-0.163474769,-0.125717708
05-05-2020,0.574219961,-0.028649682,0.755432357,0.374750017,0.725713808,0.81928408
06-05-2020,-0.03635422,0.274886682,0.161536606,-0.310420939,0.442509614,0.378446323
07-05-2020,0.116287077,-0.555319424,0.420010918,-0.054195348,0.477761229,0.178490111
08-05-2020,0.32289975,0.118025675,0.62215308,-0.196042613,0.179388717,0.152750942
09-05-2020,-0.105807707,-0.277735729,-0.081784085,-0.383468505,-0.116593629,-0.101226902
10-05-2020,0.424827047,0.149065144,0.313035535,-0.133386665,0.520098738,0.229478607
11-05-2020,0.339888975,0.078160254,-0.197499609,-0.5404051,0.638531338,-0.575286749
12-05-2020,0.622785205,0,0.188400314,-0.224427534,0.740236451,0
13-05-2020,-0.037198952,0.098412545,-0.621263017,-0.486061817,0.37851075,0.154423621
14-05-2020,0.298444909,-0.210918173,-0.235067772,0.049295131,0.335574889,-0.248778175
15-05-2020,0.344135303,0.348914938,0.465185836,0.157602127,0.070060931,0.03133122
16-05-2020,0.073843693,-0.092341557,0.081625319,-0.432656348,-0.092890968,0.347156264
17-05-2020,0.390696894,0.431801603,0.537387826,-0.292396415,0.579779774,0.324134596
18-05-2020,0.738430655,0.680699253,0.695859024,-0.123244516,0.708068545,0.66666917
19-05-2020,0.571778909,0.121537714,0.541329,-0.136205463,0.306176486,0.587914761
20-05-2020,0.233254546,0.377683337,0.128251042,-0.071318061,0.760009372,0.07375745
21-05-2020,0.423655838,0.525399434,0.294534513,0.140237478,0.364562685,0.712010308
22-05-2020,-0.262152772,0.401845075,-0.392276935,-0.16685484,0.383182459,0.353564476
23-05-2020,0.08787114,0.600882255,-0.326035161,0.004136153,0.500345412,0.446277821
24-05-2020,0.520937435,0.420197319,0.065551309,0.529992642,0.116045839,0.598977365
25-05-2020,0.295351803,0.29416368,0.14904073,-0.221428279,0.254108222,0.277004728
26-05-2020,0.479987196,-0.479003796,0.485590028,0.293705665,0.513651793,-0.218197926
27-05-2020,-0.26397295,0.026809709,-0.289188539,-0.38972161,0.108837769,-0.205648455
28-05-2020,-0.275069067,0.070677475,-0.175639419,-0.460398337,0.044980184,-0.461221809
29-05-2020,-0.364265681,-0.246289933,-0.296391839,-0.123989502,-0.45183894,-0.114298358
30-05-2020,0.200641126,0.269050154,0.282976757,-0.194938056,-0.185406049,0.01184462
31-05-2020,0.397475998,0.283262057,0.137396308,-0.302144993,0.219063533,0.17434861
01-06-2020,-0.384273317,-0.181862433,0.262619685,-0.437598775,-0.268692252,0.170487829
02-06-2020,0.576947483,0.218070597,0.652590352,0.120857757,0.52873361,0.589616017
03-06-2020,0.007039245,0.33329871,0.472061906,-0.01321512,0.013888283,0.536893287
04-06-2020,-0.22803331,-0.450635271,0.165989231,-0.590798015,-0.139191838,0.21227119
05-06-2020,0.222564726,0.32967698,0.34076064,-0.268660588,0.389398336,0.099592416
06-06-2020,0.266282798,0,0,0,0.252862436,-0.283375045
07-06-2020,0.563635509,-0.146051306,0.650412804,0.005130825,0.538766041,0.39500567
08-06-2020,0.051926768,0.531928239,0.47930166,0.411105195,0.178800538,-0.235488055
09-06-2020,-0.006437132,0.043998168,0.389969775,-0.486789148,0.03338444,0.730077899
10-06-2020,-0.489676289,0.20716063,0.245530661,-0.583072828,0.049944939,0.372951932
11-06-2020,-0.192497877,0.332664134,-0.592119531,-0.269178764,-0.081802051,-0.205736249
12-06-2020,-0.159965883,0.383860685,-0.083524888,-0.379371772,0.282530095,0.051965671
13-06-2020,0,0.732530309,0,0,0,0.798528204
14-06-2020,0.099919997,-0.209465867,0.388574601,-0.36092083,0.312831054,0.205909274
15-06-2020,0.005862849,-0.51963117,-0.409661855,-0.24769202,0.615819865,0.565586312
16-06-2020,0.249047281,0.226029789,0.21419555,-0.075591862,0.59655194,-0.02034945
17-06-2020,-0.187931436,-0.355842896,-0.043740752,-0.732417209,0.267291717,0.310757648
18-06-2020,0.031449814,-0.274235314,-0.313994114,-0.27073619,0.319901153,0.582249249
19-06-2020,0.419231472,0,0.695982231,-0.054024104,0.746609114,-0.048563346
20-06-2020,0.382997437,0.569812081,0.598916624,0.249671324,0.456242936,0.292067658
21-06-2020,0.140444354,0.016528091,0.097682805,-0.223102713,-0.279378392,-0.237871002
22-06-2020,0.111457564,-0.314512167,-0.13335264,-0.106432176,0.130935092,-0.002174641
23-06-2020,-0.010213152,-0.071705938,0.261248362,-0.465974782,-0.246227037,0.09926104
24-06-2020,-0.397055167,0.536549557,-0.480536113,-0.657696594,-0.043156235,0.25333514
25-06-2020,-0.285204366,0.310900159,-0.030810046,-0.54537463,-0.096459468,-0.099088084
26-06-2020,-0.143535348,0.362084587,0.479361616,-0.256110323,0.23340332,-0.543652549
27-06-2020,-0.284592323,0.856027151,0.0241433,-0.32146507,-0.80011673,0.170559366
28-06-2020,-0.096472251,0.280699312,0.136248512,-0.035910148,-0.15757536,-0.16302336
29-06-2020,0.010848869,0.282841458,-0.172241574,-0.3337923,0.308812364,0.310535871
30-06-2020,0.117109703,0.053410481,-0.285135468,0.166314062,0.770325521,0.49304162
01-07-2020,0.331134378,0.157684169,0.461529269,0.098291622,0.403579766,0
02-07-2020,0.295208763,-0.086620108,0.050952759,0.27241474,0.370485581,0.069949794
03-07-2020,-0.016086016,0.093693222,-0.342155233,0.065888093,0.508252358,0.649026418
04-07-2020,0.029907932,0.283624604,-0.225101002,-0.20051843,0,0.484092826
05-07-2020,0.326943912,-0.068335628,0.199557918,-0.429528707,0.515991338,0.58218831
06-07-2020,0.100269262,0.158887511,-0.06135049,-0.157883337,-0.101138012,0.233350984
07-07-2020,-0.157396312,0.1556805,-0.276171512,-0.42723622,0.443669889,0.032093247
08-07-2020,-0.52776299,0.252052659,-0.252055278,-0.585828635,0.126741152,-0.431469383
09-07-2020,-0.458647318,-0.281616345,-0.410225301,-0.362831759,0.278641278,0.03146086
10-07-2020,-0.293801996,0.398902881,0.248515131,0.051189852,0.077823309,-0.763212087
11-07-2020,-0.438181049,0.428218105,0.274167071,-0.478797616,-0.17067081,-0.473308964
12-07-2020,0.223556192,0.60592117,0.255378475,-0.150807053,-0.058156693,0.280539756
13-07-2020,-0.583778943,0.004940204,0.026763467,-0.259773867,-0.510158859,-0.190141709
14-07-2020,-0.184869366,0.240010547,-0.100665473,0.138166292,-0.200447948,-0.491024922
15-07-2020,0.188695656,0.215639673,-0.007068439,0.348326633,0.104547892,-0.112533702
16-07-2020,-0.313101295,0.208516569,-0.124840205,-0.056493763,-0.533955223,-0.408849818
17-07-2020,-0.215613484,-0.218230475,-0.387479278,-0.42252523,-0.222933556,0.310829506
18-07-2020,0.172246873,0.846331571,-0.373177771,-0.300814778,-0.389574733,0.090829502
19-07-2020,0.172967726,0.633462697,-0.019813873,-0.048289144,0.016197243,0.223047101
20-07-2020,-0.295915533,-0.125015762,-0.324560701,-0.351930881,-0.01864901,-0.306960579
21-07-2020,-0.518248556,0.022477589,0.520629002,-0.418133449,-0.567390479,0.105326242
22-07-2020,-0.642049863,-0.412378632,0.331014533,-0.825322778,0,0.166771528
23-07-2020,-0.389690652,-0.559146285,-0.198068884,-0.378165256,-0.445775247,-0.172682001
24-07-2020,-0.10197685,0.046479991,-0.095836923,-0.153203037,0.082447923,-0.483408431
25-07-2020,0,0.261037978,-0.000769549,-0.557259146,-0.153145467,-0.279763394
26-07-2020,0,0.096631217,0.340455447,0,-0.657595935,0.403113657
27-07-2020,-0.604553813,0.213292009,-0.317889363,-0.441649102,-0.022914494,-0.113568385
28-07-2020,-0.048344094,0.330458831,-0.099903798,0.085709135,-0.621541336,0.0554621
29-07-2020,0.043765662,-0.555104285,-0.186350973,-0.029161758,-0.655065035,0.072375709
30-07-2020,-0.420090649,-0.361664007,-0.572608972,-0.171114654,-0.661230567,-0.316078178
31-07-2020,-0.396324092,-0.112358675,0.07497647,-0.113401936,-0.026025603,-0.142294518
01-08-2020,-0.113217167,0.07292001,-0.074940009,0.067420438,-0.423361336,-0.043943634
02-08-2020,-0.499639753,0.182886132,0.007498458,-0.425508144,-0.418335662,0.055918891
03-08-2020,-0.721515713,-0.222760547,0.359560601,-0.462512498,-0.715441638,-0.497233308
04-08-2020,-0.14593892,0.429545036,-0.121252516,0.239666073,-0.592533669,0.091928134
05-08-2020,0.279966845,0.28967034,0.050863184,0.162496172,0.102523545,0.017741736
06-08-2020,-0.287251725,-0.153025716,-0.213632543,-0.367265767,-0.224753397,-0.05976362
07-08-2020,0.040097507,-0.231822626,-0.628248613,-0.162388581,0.492257744,-0.148230152
08-08-2020,0.121305022,0.531572663,-0.33185579,-0.283171923,0.311326037,0.303115516
09-08-2020,0.041941901,0.005594059,-0.157433865,0,0.029732036,0.452916688
10-08-2020,0.225638059,-0.097748739,0.508827001,0.277557471,0.116255107,-0.017668725
11-08-2020,0.370954095,0.404987474,0.526082926,0.232601704,0.376752092,0.082854285
12-08-2020,0.20708157,0.343105446,-0.275402546,0.164076438,-0.545798823,0.631964468
13-08-2020,0.059855571,0.369222555,-0.501168958,-0.340140988,-0.582613518,0.126735303
14-08-2020,-0.297962986,-0.399388729,-0.293222555,-0.506129865,0.014897603,-0.283376244
15-08-2020,0.013294982,0.340611828,-0.379448848,-0.599646227,-0.701520817,-0.003555721
16-08-2020,0.275176399,0.399285656,0.0275189,-0.190823142,0.619096185,0.019867015
17-08-2020,0.487568832,0.199250557,0.360687955,-0.108281669,0.450345207,-0.10095824
18-08-2020,0.025014079,0.572606323,0.227396894,0.121787621,-0.173710225,-0.790916487
19-08-2020,0.278211753,0.10540183,-0.248066271,-0.255886007,-0.033295429,0.165350573
20-08-2020,-0.079272837,0.380122198,-0.583203644,-0.603561479,0.032323536,0.118872062
21-08-2020,0.131656441,-0.022858051,-0.538945693,-0.546362946,0.216350412,0.393460993
22-08-2020,-0.046078927,0.209045213,-0.337000268,-0.677387005,-0.157036154,0.511525794
23-08-2020,0.295632691,0.304188589,-0.191816824,-0.397986278,0.088858611,0.513621384
24-08-2020,0.655930097,-0.532595927,0.10202493,0.016542788,0.316590127,-0.085770318
25-08-2020,0.232255909,0.099512725,0.386022486,0.229277276,0.197297909,-0.588946697
26-08-2020,0.462431014,0.198986733,0.342974352,0.286426646,0.632219145,0.510206655
27-08-2020,0.510594521,0.368840142,0.322191855,0.187197147,0.881163922,0
28-08-2020,-0.396832844,0.118815793,0.119880225,-0.248762934,0.410896538,0
29-08-2020,-0.052263719,0.154547217,0.038276061,-0.013127967,-0.475563088,0.246809792
30-08-2020,-0.057797873,-0.004725097,-0.047204449,0.22442126,0.21776805,0.261898624
31-08-2020,0.014205264,0,0.589629824,0.072504248,0.006762842,-0.162082363
01-09-2020,-0.316584335,-0.088511283,0.545698202,-0.16594587,-0.190559843,-0.306263206
02-09-2020,0.175523958,0.452212518,0.333845892,0.354789708,0.24561011,-0.445401707
03-09-2020,0.112095019,0.511416873,-0.517095988,-0.222908508,0.256227176,0.349767407
04-09-2020,0.114638381,0.624261819,-0.713782811,-0.201728192,0.489704386,-0.229725231
05-09-2020,0.444669924,0.923562315,-0.23138766,-0.041732349,-0.226545557,0.231282768
06-09-2020,0.245637279,0.762961578,-0.182532382,0,-0.866211494,0.511004114
07-09-2020,-0.57609758,-0.182697,-0.748753314,-0.145322261,-0.676185495,0.01053794
08-09-2020,-0.46205109,-0.334928688,-0.836352688,-0.258366299,-0.502829261,0
09-09-2020,-0.281215289,0.612393434,-0.365350883,-0.409195791,-0.335335144,0
10-09-2020,-0.541362238,0.271265397,-0.260803849,-0.636767677,-0.447919239,-0.196163343
11-09-2020,-0.099452692,0.525673574,-0.445712123,-0.477345531,-0.001602706,-0.175005922
12-09-2020,0.015322021,0.672259763,-0.208770702,-0.730280129,-0.533616642,-0.024974496
13-09-2020,-0.034029189,0.585770568,0.214786256,-0.144230735,-0.349547203,-0.267944437
14-09-2020,0.218478189,0.443216031,-0.544465252,-0.18910441,-0.158977057,0.356732338
15-09-2020,0.208427304,-0.103667162,-0.189325586,0.03759848,-0.318789513,-0.065705833
16-09-2020,0.20666329,-0.029444969,0.269526112,0.113184422,0.355512333,-0.087510363
17-09-2020,-0.112169312,-0.549959203,-0.315319189,-0.164216724,0.021685343,-0.084814646
18-09-2020,0.065102666,0.571961475,0.399518953,0.104731412,0.205642208,0.104018135
19-09-2020,-0.135645326,-0.47393656,-0.180123781,0.253876102,-0.0935984,0.24350235
20-09-2020,-0.093102546,0.111946443,-0.018087419,-0.662705086,0.553221391,0.07307611
21-09-2020,-0.219043745,0.034073971,-0.063923498,-0.080104694,0.363899161,-0.193811253
22-09-2020,-0.295396462,-0.259894825,0.221476581,-0.217760862,-0.135093997,-0.303342768
23-09-2020,-0.275411084,-0.512557972,-0.074517316,-0.101458208,0.135832991,-0.424348611
24-09-2020,-0.452678499,-0.436380343,-0.422237953,-0.240902215,-0.195910989,-0.674219099
25-09-2020,-0.657901738,-0.324598504,-0.119889728,-0.295176823,-0.103528434,-0.279414452
26-09-2020,-0.290682876,0.301119516,0.025433756,-0.330490523,-0.362780704,0.327710257
27-09-2020,0.037868326,0.10069591,0.187995221,-0.111845916,-0.51859986,0.165617884
28-09-2020,-0.43517943,0.311773042,-0.20044355,-0.409615162,-0.476621486,-0.3864176
29-09-2020,-0.419665928,-0.038583612,-0.636949881,-0.517064827,-0.166244522,-0.33245678
30-09-2020,0.152991801,0.399672231,-0.592452521,0.14277296,-0.546728513,0.03010583
01-10-2020,-0.574926627,0.49036308,-0.451164104,-0.278389921,-0.398127813,-0.434365273
02-10-2020,-0.712358065,0.232012065,-0.600163049,-0.394108048,-0.115966373,-0.482582413
03-10-2020,-0.069987524,0.408761387,-0.077663998,0,-0.418901753,0.29730957
04-10-2020,-0.250339088,0.248034037,-0.058862386,0.155113642,0.138546984,-0.351922898
05-10-2020,0.294642257,0.127938019,0.254766795,-0.287826324,-0.419903439,0.509654786
06-10-2020,0.325725205,-0.091496222,0.352038237,-0.0207385,-0.016948315,0.447484497
07-10-2020,-0.637883923,-0.54471078,-0.551257139,-0.638692303,-0.143948567,-0.377948593
08-10-2020,0.184220425,0.24244414,0.135298073,-0.08522933,0.093791341,-0.371872392
09-10-2020,0.356472049,0.403788913,0.014339196,0.568096208,0.011636611,-0.38111935
10-10-2020,0.369998799,0.308821347,-0.010234275,-0.047640895,-0.104455004,0.325329503
11-10-2020,-0.37585402,0.145762408,-0.094975513,-0.385676101,-0.270182474,0.187238943
12-10-2020,-0.741550422,-0.194170711,0.416513898,-0.696850766,-0.272105948,-0.103700706
13-10-2020,0.4112775,0.363392154,0.008736381,0.091561709,-0.613074742,-0.560875993
14-10-2020,-0.27189264,0.210280597,-0.210583466,-0.094677299,0.012754211,-0.499502687
15-10-2020,-0.173952844,-0.282826702,-0.451912004,0.136495688,-0.362401343,0.202199837
16-10-2020,-0.158939011,0.269474577,-0.279086293,-0.133512405,-0.106474209,-0.186510462
17-10-2020,-0.329287365,0.132709462,0.478020811,0.146767774,-0.058064351,0.180716399
18-10-2020,0,0.267201973,0,-0.13918035,0.125910184,-0.248939702
19-10-2020,-0.451260567,0.550417462,-0.283362615,-0.037141844,-0.512533881,-0.034721008
20-10-2020,-0.451260567,0.550417462,-0.283362615,-0.037141844,-0.512533881,-0.034721008
21-10-2020,0.087278392,0.160213951,-0.0258074,-0.494769175,0.038811489,0.448713521
22-10-2020,0.008024154,0.59943369,-0.464453018,-0.651389093,-0.3345649,0.771842338
23-10-2020,0.299139088,0.465404278,-0.183898544,-0.192060926,0.370350579,0.207674497
24-10-2020,-0.150489276,-0.51749262,-0.007899311,-0.289045657,-0.692431018,0.299767645
25-10-2020,-0.249972619,-0.192466351,0,-0.547462962,0,0.048305684
26-10-2020,-0.418559673,-0.25816362,-0.376657353,-0.476962799,-0.14192464,-0.252311139
27-10-2020,0.436888605,0.204028364,0.12830529,0.399166316,0.099731555,-0.068723917
28-10-2020,-0.413481623,0.754866993,-0.63264704,-0.647420805,0,-0.133701218
29-10-2020,-0.310521061,0.224910102,-0.465978102,-0.40460235,-0.402604365,-0.290781269
30-10-2020,-0.01263296,-0.165974952,-0.284245131,0.290218517,-0.505353343,0.418209329
31-10-2020,-0.287886146,0.027491195,-0.150705413,-0.300734788,-0.123768583,0.538901103
01-11-2020,-0.151609608,0.116258892,0.160015551,0.080771507,0,0.456857773
02-11-2020,-0.476188208,-0.235533564,-0.628423352,-0.512307845,-0.346064176,-0.004790187
03-11-2020,-0.351910948,-0.363599666,0.027738546,-0.444693043,0.340374488,0.238823974
04-11-2020,0.281907356,0.497210715,0.032446782,0.084549565,0.225460697,0.243095385
05-11-2020,-0.071973164,-0.451627609,-0.225703277,-0.114194982,-0.517837517,0.219128535
06-11-2020,-0.540330209,0.282675354,-0.277542154,0,-0.360680905,-0.056423951
07-11-2020,0,-0.537892726,-0.305495577,-0.451054512,-0.731987146,-0.096733746
08-11-2020,-0.398236713,0,0.418677071,0.101722556,-0.831402255,0.658092545
09-11-2020,-0.054113257,-0.750175837,0.35439131,-0.572737152,-0.254112867,0.593968308
10-11-2020,-0.342220606,0.486739756,0.229689558,-0.670876722,0.359274001,0.194709017
11-11-2020,0.175803105,-0.368852073,0.294399254,0.224076089,0.19032465,0.46978388
12-11-2020,-0.153285823,-0.579159752,-0.310398482,-0.196744489,0.14224883,0.8056192
13-11-2020,-0.135772482,0.318861815,0.164380052,-0.496555203,0,0.327450879
14-11-2020,0,0.227004577,0,0,0,0.550458111
15-11-2020,0,-0.1517296,0.094399324,-0.271630033,0.215529288,0.177466052
16-11-2020,0.248922036,-0.22052716,0.379872675,-0.189495787,0.251856706,0.420432923
17-11-2020,-0.29640049,-0.444479828,-0.052807488,-0.339804534,0.217811195,0.012101016
18-11-2020,-0.180782371,-0.173936053,0.47346355,-0.355527576,0.132345985,0.016789851
19-11-2020,-0.365832847,-0.354983564,-0.027657068,-0.415952286,-0.119384844,-0.435255448
20-11-2020,-0.225161561,0.024328373,-0.051698859,-0.546263873,-0.487191096,0.160599303
21-11-2020,0.241925853,0.637075289,0.249645295,-0.19840781,0.021512238,0.269806994
22-11-2020,0.05544605,0.361107316,0.0110054,-0.155766926,-0.45952165,0.328884554
23-11-2020,0.233319336,-0.216208749,0.524485677,-0.486106178,0.374509497,0.191608084
24-11-2020,0.229398096,0.309161062,0.567771709,-0.458883342,0.164254466,-0.227714405
25-11-2020,0.284421667,-0.078038437,0.537454125,0.339213612,-0.188547596,-0.204328347
26-11-2020,0.221193514,0.259525193,0.007657704,0.172861117,-0.392236961,-0.149925225
27-11-2020,-0.582035593,-0.595027982,-0.202747534,-0.744375513,-0.099317342,-0.731994976
28-11-2020,0.135086595,-0.003404847,0.306278962,-0.192330506,0.044288686,-0.432192103
29-11-2020,-0.105801478,0,-0.103675185,-0.365785014,-0.091908044,0.30872232
30-11-2020,-0.370968661,0,-0.20470433,-0.361991597,-0.435672598,0
01-12-2020,-0.339946254,0.65739873,0,-0.576276136,-0.451100141,-0.050951423
02-12-2020,-0.239666043,0.125450502,0.051162505,-0.595924752,-0.257369261,0.032922108
03-12-2020,-0.274979701,0.371901339,0,-0.062811886,-0.190851045,-0.217210155
04-12-2020,-0.297757164,0.062209641,0.351545235,-0.353689835,0.216256526,-0.230557125
05-12-2020,0.277623913,-0.160784562,0.642955573,0.455730624,0.346108728,-0.024486467
06-12-2020,-0.392272985,0.057703904,0.662781643,-0.227404296,0.10120018,-0.592249374
07-12-2020,-0.475643027,0.29102789,0.171028598,-0.007392905,0.163612857,0.342253467
08-12-2020,-0.357646277,0.460389866,-0.265885045,-0.316345094,0.118731011,-0.083159725
09-12-2020,-0.275155932,0.121148337,0.345898525,-0.466638214,0.010093192,0.185510148
10-12-2020,-0.002081543,-0.214915039,0.724493355,-0.201572259,-0.708079582,-0.615701089
11-12-2020,0.289603055,0.399118406,0.520364503,-0.120023591,-0.18503617,0.490027613
12-12-2020,0,-0.003568168,0.187646002,0.12331925,-0.801775907,0.593216457
13-12-2020,0.367129423,0.545675923,0.217680267,-0.135995414,-0.010016461,0.024683183
14-12-2020,0.721164595,0.771515931,-0.18287604,-0.337563028,-0.681783492,0
15-12-2020,0.040861252,0.62452609,-0.181936107,-0.385480451,-0.612904387,-0.328856431
16-12-2020,-0.004539357,0.288944909,-0.067860446,-0.56501457,-0.432218094,-0.206079238
17-12-2020,0.273965855,0.0822498,0.280708683,0.201150216,0.332200631,-0.567736856
18-12-2020,-0.257685215,0.210636217,0.176610523,-0.175137123,-0.096631152,0.212474881
19-12-2020,0,0.087539806,0.268275596,0,0.785726899,0.309236805
20-12-2020,0,0.203850126,0.031108262,-0.162837215,0.315467569,0.18303698
21-12-2020,-0.609971528,-0.29650508,-0.427978933,0.142155218,-0.539981158,0.354739175
22-12-2020,-0.590125129,0.048504894,-0.609458063,-0.420028554,0.19509312,-0.228702651
23-12-2020,-0.053845012,0.030283632,-0.304766884,-0.045434374,0.198910657,-0.470364647
24-12-2020,-0.019525491,-0.1907306,0.195272649,0.422356132,0.398939046,-0.172447152
25-12-2020,0.041310616,0.757453841,0.267091929,-0.225134666,-0.602124872,0.405882132
26-12-2020,-0.300071263,0.671639667,0.038356613,0,-0.587018415,0.15935795
27-12-2020,-0.349767733,0.18404157,-0.031631421,-0.27609094,-0.527823279,-0.235063027
28-12-2020,-0.256108349,0.108979138,0.030818366,-0.271407118,-0.355034545,0.318983087
29-12-2020,0.089926734,-0.135116363,0.482330232,0.016125471,-0.132797494,-0.793079489
30-12-2020,0.424298122,0.030429452,0.310977057,0.265764052,0.542181323,0.198544877
31-12-2020,-0.059902917,0.330878085,-0.260454914,0.242349026,-0.005553816,0.007462386
01-01-2021,0.204065209,0.660003305,-0.102506279,-0.230497605,-0.165151041,0.223435373
02-01-2021,0.562238019,0.290692195,0.011507333,0,0.13780658,0.25041351
03-01-2021,-0.178659161,0.003029725,-0.001131675,-0.04717743,-0.249073522,0.585556749
04-01-2021,-0.039527202,0.298410355,-0.452940032,-0.011203872,-0.240438686,0.452289968
05-01-2021,0.179891181,0.21867328,0,-0.289371223,0.048153064,0.601850926
06-01-2021,0.35036527,0.455257527,0.073015386,0.020433511,0.484035671,0.338793549
07-01-2021,0.223593545,0.200669014,0.587182908,0.302130784,0.346556619,-0.122512492
08-01-2021,0.195132771,0.362717291,0.063920996,-0.468465221,0.393470105,-0.462175267
09-01-2021,0.472320348,0.072937848,-0.090363107,-0.549304028,0.233091341,0.110216246
10-01-2021,0.517432072,0.39153,0.395755418,0.120011463,0.480329669,0.330085784
11-01-2021,0.075726313,0.397227627,0.042994725,0.099789609,0.525416816,-0.069288457
12-01-2021,0.376026582,0.584721907,-0.014486502,0.106129589,0.575251632,-0.269701383
13-01-2021,0.348349214,0.621820444,0.232997937,0.241172122,0.228836837,0.295872007
14-01-2021,0.023994273,0.15640248,0.282037137,-0.380318473,0.090427428,0.101007461
15-01-2021,-0.212911308,-0.160997756,-0.142491037,-0.227911491,0.31737489,-0.26030473
16-01-2021,-0.363627699,0.342770195,-0.070592837,0.517302333,-0.413102934,-0.027462379
17-01-2021,0.059870839,0.420307552,0.182516577,-0.297425914,0,-0.018973129
18-01-2021,-0.114703306,0.133082727,0.342676914,-0.407028642,0.0063787,0.328145677
19-01-2021,-0.299427193,-0.081665982,0.327887524,-0.474365509,-0.069213113,-0.033516522
20-01-2021,0.145237277,-0.092103097,0.602447551,0.330001221,0.239563202,0.460215287
21-01-2021,-0.185636716,-0.067409943,-0.110314351,-0.4017882,0.234411653,0.303504778
22-01-2021,-0.507435796,0.299809531,-0.290710956,-0.574034999,0.683076192,0.153068912
23-01-2021,-0.382351398,0.234684402,0.283223123,-0.595132426,0.524048857,0.520469907
24-01-2021,0.042561705,0.522187805,0.319882871,-0.486129407,0.543618237,0.222483834
25-01-2021,0.422055348,0.32398768,0.012319444,0.377018498,0.294103217,0.543346
26-01-2021,0.258617212,0.324553755,-0.132624654,0.221444699,0.205078627,-0.009529623
27-01-2021,0.150254242,0.384470562,0.140824364,0.022485963,0.058072664,0.320988294
28-01-2021,-0.566143455,-0.417486952,-0.411795472,-0.554552187,-0.300110727,0.059523188
29-01-2021,-0.154289952,0.235510226,0.030705615,-0.32809939,-0.209664142,0.114386754
30-01-2021,-0.364982742,-0.084483872,0.007110302,-0.644718133,-0.62105628,0.24593342
31-01-2021,0,0.097423736,0.122283803,0,-0.852631397,0.127839924
01-02-2021,0.174562104,0.005755268,0.007467907,0.086898561,0.313895987,-0.524437387
02-02-2021,0.480071695,0.00419224,0.298866742,0.241544156,0.682343442,0.393857908
03-02-2021,0.030719044,0.456714784,0.275305241,0.112820687,0.496263518,-0.079478868
04-02-2021,0.579118546,0.051480155,0.530470796,0.30829823,0.632150504,0.044849838
05-02-2021,0.352544068,-0.010675939,0.696583318,0.306937264,0.48642619,-0.019271464
06-02-2021,0.311479879,-0.093673516,0.406839859,-0.085486166,-0.011512221,0.143378873
07-02-2021,0.400913872,-0.080894972,-0.025311961,0.507759984,0.067972117,0.17017911
08-02-2021,0.174008765,-0.099974695,0.75031643,0.032485061,0.386854725,-0.39370795
09-02-2021,0.350271386,0.138721578,0.615631312,0.077590389,0.494263378,-0.349735548
10-02-2021,0.057836983,-0.241342016,0.504806435,-0.031711122,0.161902015,-0.003141851
11-02-2021,-0.176899967,0.22665283,-0.230073164,-0.446564414,-0.12943462,0
12-02-2021,0.090861292,-0.372230906,-0.008737008,-0.076303265,-0.695126309,0.488626724
13-02-2021,0.108589309,-0.627443871,0.28138679,-0.371040711,-0.35705074,-0.201133714
14-02-2021,0,-0.156529098,0.393726971,-0.017086206,-0.299528194,0.361940975
15-02-2021,0.523453162,-0.001390401,0.510749794,0.030805872,0.183546594,0.098555183
16-02-2021,0.554185219,-0.404141228,0.584013649,0.327833005,0.434738891,-0.024508859
17-02-2021,0.126825932,0.078100455,0.393887869,0.166705829,0.203639115,0.197308875
18-02-2021,-0.004934866,0.012059659,0.109974713,-0.296827829,-0.443316894,0.186891751
19-02-2021,-0.098390871,-0.25418653,-0.078144064,-0.244026543,0.380392608,-0.06258104
20-02-2021,0.070734087,-0.255670085,0.096209183,0.332240825,0.047555921,-0.127921915
21-02-2021,0.224574185,0.16957594,0.120750348,0.259575011,0.32317895,0.468055508
22-02-2021,0.458300909,-0.383581424,0.334038637,0.050910423,0.339996909,-0.118114833
23-02-2021,0.517685556,-0.173767695,0,-0.242782228,0.212342021,0.073683693
24-02-2021,0.042437592,0.147394846,0.342075858,-0.161192655,-0.103765936,-0.474909951
25-02-2021,0.267185934,-0.258791832,0.343376374,-0.034097244,-0.375153032,-0.44732771
26-02-2021,-0.157356543,-0.372246025,0.357689629,0.066365901,-0.065722576,-0.390525464
27-02-2021,0.032433712,0.312754995,-0.026375835,-0.337883516,-0.056288888,-0.172457801
28-02-2021,0,0.645825076,0.443116441,0,-0.001284412,0.176684955
01-03-2021,0.155117757,-0.54350673,0.701098854,0,0.156308706,0
02-03-2021,-0.569194861,0.063811252,0.028300161,-0.478408472,-0.243386838,0.051488239
03-03-2021,-0.042125346,0.560209614,0.566543459,-0.195902282,-0.010505118,0.45201942
04-03-2021,0.215030373,0.814695972,0,-0.027076402,0.118943913,0
05-03-2021,0.370143658,0.087666449,0.53299061,-0.074209223,0.461656787,0.259509888
06-03-2021,0.171647901,0.140205426,0.556076333,-0.005549567,0.251881369,-0.122190478
07-03-2021,0.282823424,0.208270358,0.485665877,-0.161514329,0.258557074,0.213044326
08-03-2021,0.175558373,0,0.630301531,0.283710504,0.405288202,0
09-03-2021,-0.113602465,0,0.710748526,-0.398474077,-0.058093099,0.014591517
10-03-2021,-0.277224031,-0.370894261,0.432029605,-0.352791319,-0.029374521,-0.651269345
11-03-2021,-0.367265705,-0.610399074,0.498919499,-0.274860667,0.257871981,-0.251795195
12-03-2021,-0.277538592,0.01752324,0.019625563,-0.335320467,-0.41944824,-0.53361692
13-03-2021,0,0.502167939,0.335531114,0,-0.498822324,0.088383585
14-03-2021,-0.077173573,-0.005835805,0.140582852,0,0.763407675,0.747914273
15-03-2021,0,-0.239756097,0.543214352,-0.042881733,0.502634833,0.506024829
16-03-2021,-0.313970317,-0.140320527,-0.156805488,-0.381252436,0.164461544,-0.168452637
17-03-2021,-0.286099057,0.464481192,0.006729445,-0.382696266,-0.445152333,0.411781413
18-03-2021,-0.582197955,0.444334641,-0.192966495,-0.590637088,0.380290973,-0.036948209
19-03-2021,-0.546403519,-0.454476048,-0.000468181,-0.680977003,-0.174921073,0
20-03-2021,-0.303559818,-0.524038906,0.302582026,-0.469940176,-0.213176669,-0.394571231
21-03-2021,0,0.755439515,0.247074609,0,0.476913925,0.394067098
22-03-2021,0.043873277,0.071542712,-0.114504893,0.06103497,0,0.619441795
23-03-2021,-0.692662985,0.475249467,-0.667598082,-0.763457591,-0.433302585,-0.407889482
24-03-2021,0.660853673,0.715359632,0,0.156725427,0.221405494,-0.149122518
25-03-2021,0.006824232,0.114006387,-0.786648423,-0.038677049,0,0
26-03-2021,0.521848572,0.510723293,0,0,-0.335946163,0.579686036
27-03-2021,0.285610715,0.399961201,0,-0.38341079,-0.117715347,0.260674849
28-03-2021,0.39527801,0.461733164,0,0,0,0.450916876
29-03-2021,-0.288732824,-0.096038071,0,0,0.629904471,-0.209637043
30-03-2021,-0.074124042,0.180428454,0,-0.436213563,-0.255254763,0.28537076
31-03-2021,-0.09911895,0.518909583,-0.248581402,-0.267951838,-0.113889663,0.471868233
01-04-2021,-0.143080374,0.318762663,0.102811314,-0.326825007,0.095728255,0.099863994
02-04-2021,0.029482547,0.355276502,0.204944959,0,0.074261502,0.326698457
03-04-2021,0.314263701,0.427318493,-0.021793542,-0.332953443,-0.11049501,0.324869069
04-04-2021,0.120853682,0.598651648,0.355240954,-0.437066696,0.11533725,0.655323891
05-04-2021,-0.507470577,0.355629563,-0.124422128,0.045652823,-0.702610074,0.508119771
06-04-2021,-0.056650787,0.324519096,0.578961195,-0.441839852,0.094321776,0.694923813
07-04-2021,-0.100945717,0.359111592,0.247603564,-0.406862231,-0.030596044,0.190985552
08-04-2021,-0.100945717,0.359111592,0.247603564,-0.406862231,-0.030596044,0.190985552
09-04-2021,-0.128944481,0.347818089,-0.148701646,-0.477153592,-0.055945798,0.315415851
10-04-2021,-0.092008258,0.354932745,0.034910665,-0.505469677,0.070476509,0.635376391
11-04-2021,0.214082927,0.606078936,0.553088747,-0.498220273,0.375257996,0.604605575
12-04-2021,0.284902574,0.415632828,0.398448199,-0.183488392,0.157110799,0.498912128
13-04-2021,0.66347871,0.632072692,0.783589705,0.571671859,0.624938532,0
14-04-2021,0.517922222,0.636861162,0.669406131,0.152366356,0.448043636,0
15-04-2021,0.069904754,0.397984098,0.641455017,-0.207254224,-0.110367817,0.12046806
16-04-2021,0.158869747,0.386570532,0.511623735,-0.134677689,0.281234037,-0.437660627
17-04-2021,0.120945931,0.311180002,0.185959402,-0.124827718,-0.046099637,0.423876702
18-04-2021,-0.008306889,0.124992186,0.093554502,-0.214770539,-0.633707062,0.196443518
19-04-2021,-0.07214977,0.37406893,-0.081090023,-0.428922684,-0.026213944,0.273656681
20-04-2021,0.179994845,0.082946453,0.34068109,-0.539147783,-0.203825884,0.267802961
21-04-2021,-0.618119904,-0.019849713,-0.196273635,-0.674695618,-0.389917842,-0.388979163
22-04-2021,-0.304273074,0.372227668,-0.075373585,-0.660463895,-0.358149684,0.093976387
23-04-2021,-0.033641835,0.362888114,0.093184879,-0.439755389,-0.573005824,0.131978781
24-04-2021,0.585131536,0.805463883,0.030774993,-0.146323012,0,0.068401721
25-04-2021,0.235201768,0.543701331,0.024088376,-0.264110485,0.345239652,0.026064462
26-04-2021,-0.282313656,0.516108231,-0.312847022,0.03005184,-0.076662497,0.202019652
27-04-2021,-0.193155132,0.329156356,0.630180649,-0.458531876,0.212668976,0.294504417
28-04-2021,-0.278873578,0.33002703,0.457306826,-0.456606915,0.1252982,0.173376755
29-04-2021,-0.252697718,0.461646679,0.628809123,0.027842151,-0.248789943,0.636072435
30-04-2021,-0.636296432,0.292021831,-0.024850787,-0.656639015,-0.505862968,-0.16830382
01-05-2021,0,0.548195847,-0.17600838,-0.366876105,-0.710364877,0.317963404
02-05-2021,-0.298122907,-0.024774664,0.063139166,0,-0.855487569,-0.374431431
03-05-2021,-0.276342656,0.199736496,-0.1168052,-0.086230618,-0.335428549,-0.353667442
04-05-2021,0.223840405,0.134518545,0.322096364,0.30985707,-0.530700791,-0.000274707
05-05-2021,0.220246818,0.45103173,0.393501211,0.17564376,-0.342742171,0.587917224
06-05-2021,-0.317199181,0.064421081,-0.146972346,-0.433473744,-0.463749964,-0.297746923
07-05-2021,0.118072371,0.480206938,0.098286009,-0.471978614,0.223437438,-0.038750213
08-05-2021,0.604771963,0.295009216,0.450252664,-0.321247404,0,0.31861485
09-05-2021,0.501896432,0.417227314,0.176709268,-0.27440076,0,0.286323443
10-05-2021,0.54101413,0.605337364,0.082241152,0.331621756,-0.48142273,0.093092093
11-05-2021,-0.24032994,0.002759638,-0.009760168,-0.226309855,0.338638679,-0.272648701
12-05-2021,-0.227907767,0.265458671,0.682896481,-0.105074954,-0.298520599,-0.058328013
13-05-2021,-0.437301145,-0.282765961,-0.145554416,-0.444690607,0,-0.539376611
14-05-2021,-0.147221525,0.111920104,-0.204356998,-0.425200655,0,-0.519072082
15-05-2021,0.019313637,0.288736579,0.078357741,-0.150359915,0.500479226,0.249779185
16-05-2021,0.230313638,0.284821197,0.183439581,-0.157421665,-0.231899358,0.277143559
17-05-2021,-0.300941277,0.061043997,0.115635105,-0.426877068,-0.305407389,0.26981352
18-05-2021,-0.197816358,0.386132486,0.678947166,-0.598830486,0,-0.860798394
19-05-2021,-0.519819028,0.355762959,-0.282520187,-0.529440002,-0.522152168,-0.803049076
20-05-2021,-0.519028511,0.177742328,0.027026053,-0.339115153,-0.412108087,-0.768070267
21-05-2021,-0.330706858,-0.200663981,0.313848905,-0.174115469,0.494682384,-0.183377137
22-05-2021,0.141980153,0.483373216,0.283682955,0,0,0.354046438
23-05-2021,0.328990609,0.551676324,0.207572611,0.18719397,-0.298319618,0.139448968
24-05-2021,0.594761904,0.628050269,0.187005752,0.101325701,0.672486019,0.655238333
25-05-2021,0.362122964,0.365810101,0.3190974,0.038086809,0.028710007,0.069269715
26-05-2021,-0.108623789,0.440917471,-0.004438835,-0.122252064,0.000512574,0.095282835
27-05-2021,-0.427024745,0.149371912,0.034081845,-0.147381171,-0.366109799,0.098549255
28-05-2021,0.0999868,0.190135436,0.58670963,0.12190599,-0.306753798,0.05011245
29-05-2021,0.229554821,0.639155155,0.251310897,0,0.305262663,0.479710695
30-05-2021,-0.167033382,0.459811791,0.118999981,-0.133956361,0.241880441,0.367630801
31-05-2021,-0.201896785,0.656684862,0.446827208,-0.347428439,0.337179523,0.43722786
01-06-2021,-0.571421987,0.095178552,0.77091378,-0.439329345,-0.376533865,0.456032268
02-06-2021,-0.267251066,0.040870788,0.615275549,0.305663003,-0.017520245,0.10655318
03-06-2021,0.375524681,0.272442892,0.249551463,-0.017647667,0.439771998,0.17585407
04-06-2021,0.218281225,0.05226427,0.33699003,-0.46618329,0.363768423,0.428647362
05-06-2021,0,0.164061224,0.368128585,-0.338270457,0.224595317,0.00481014
06-06-2021,0,0.07164972,0.026082409,0,0.879164743,0.284123928
07-06-2021,-0.340506349,-0.13183208,0.064061666,-0.435312668,-0.184835083,-0.850059741
08-06-2021,-0.252565923,0.062159046,0.002257521,-0.264437546,0.257859799,-0.003228913
09-06-2021,-0.294576066,0.081709584,0.456150656,-0.43784869,-0.319467078,-0.219955678
10-06-2021,-0.410973202,0.36407929,0.169456491,-0.110935733,0.130791947,-0.307840566
11-06-2021,0.289574957,-0.145692984,0.428174357,-0.05466873,0.477425445,0.284782828
12-06-2021,0,0.193298479,0.5092979,-0.214406375,0,0.182456948
13-06-2021,0,0.376124984,0.230074789,-0.295112631,-0.823468865,0.438776161
14-06-2021,0.214284915,-0.071150344,0.789806984,-0.117194923,0.314010119,0.389552219
15-06-2021,0.29139229,-0.140947709,0.496825436,0.061934213,0.097855384,0.609240796
16-06-2021,0.259968194,0.08557927,0.485804702,0.040993207,-0.343185201,0.218652005
17-06-2021,-0.1768368,0.123735345,0.087520652,-0.283734144,-0.350843775,-0.211466589
18-06-2021,-0.357350776,0.174702615,0.015803491,-0.230126104,-0.128915263,0.436736679
19-06-2021,0,0.339833697,0.232275467,0.0892454,-0.12484053,0.288054017
20-06-2021,-0.176306401,0.339233883,-0.022717539,0,0.606750501,0.369773485
21-06-2021,0.130526953,0.057370953,0.421908826,-0.561936788,0,0.238672145
22-06-2021,-0.282277601,0.348824699,0.424771763,0.069616642,-0.583972753,0.308009121
23-06-2021,0.072809799,0.692872511,0.376909591,0.013134008,0.078213965,0.813333923
24-06-2021,0.10760667,0.562857703,-0.031093207,-0.061349276,0.101621097,0.664657027
25-06-2021,0.093741559,-0.034906801,0.460882877,0.105929103,0.329432221,0.624059748
26-06-2021,0,0.06998712,0.493440096,-0.057398896,0.413522357,0.287863081
27-06-2021,0,0.008625793,-0.016497679,-0.063857461,0.240131569,0.152372291
28-06-2021,-0.6050718,0.036207731,0.0487989,-0.365793015,-0.400279681,0.027142977
29-06-2021,-0.091686496,-0.064384128,0.447613868,0.00306028,0.303812513,0.297883779
30-06-2021,-0.031359116,0.020488996,0.250905727,-0.221109598,0.066819081,0.280367738
01-07-2021,-0.30145472,0.218476537,0.381959992,-0.430075563,0.071745974,0.658217796
02-07-2021,-0.360202791,0.116760838,0.297691409,-0.317734466,-0.24916013,-0.353852431
03-07-2021,-0.382696574,-0.079487899,0.198299757,-0.271587941,-0.261792175,-0.361537504
04-07-2021,-0.099301938,0.742718778,0,-0.429483918,-0.214094108,0.508194797
05-07-2021,0.426518087,0.851812705,0,0,0.131864258,0.704332701
06-07-2021,0.408499926,0.768604696,0.618243809,0.151055697,0.349227291,0.71600229
07-07-2021,0.227681699,0.493882908,0.272021909,-0.680106312,-0.417192074,0.558047169
08-07-2021,-0.223571866,0.453064869,-0.024829261,-0.227651137,-0.402176762,0.580676019
09-07-2021,0.044110164,0.087184657,0.396441066,0.019951205,-0.290668987,-0.249275163
10-07-2021,0.178355896,0.174797711,0.05211885,0.007489477,0.148956877,0.27482078
11-07-2021,0.27189113,-0.04467574,0.056740088,0.17961603,-0.237085367,0.304244308
12-07-2021,-0.504270376,0.229233248,-0.098477429,-0.386314956,-0.204202507,-0.185306755
13-07-2021,0.122747827,0.475930947,0.257824836,0.127060936,-0.029645577,0.329402526
14-07-2021,-0.452794434,0.284517132,-0.267952973,-0.167111734,-0.454775762,-0.237386396
15-07-2021,-0.659651264,0.074838678,0.358602837,-0.520863046,-0.23053114,0.056871584
16-07-2021,-0.389963036,-0.412250896,0.11235205,-0.448083565,-0.057827162,0.359595275
17-07-2021,-0.144392836,0.305772119,0.131944444,-0.405531663,-0.350199129,0.363985243
18-07-2021,-0.724517721,0.44224247,0,-0.27372244,-0.398431877,0.127356836
19-07-2021,-0.76936844,-0.797569304,-0.238487104,-0.173763719,-0.551058756,-0.082938429
20-07-2021,-0.328844936,-0.447884194,-0.090233795,-0.233089673,-0.07940227,0.0181922
21-07-2021,-0.373973553,0.296944001,-0.103745402,-0.232011152,-0.018225424,0.439324239
22-07-2021,-0.158950441,-0.238322093,0.43854334,0.031627467,0.128731337,-0.179077386
23-07-2021,-0.366674425,-0.124951988,0.073493336,-0.467348918,-0.25798784,-0.254939451
24-07-2021,0.329794342,0.174360548,0.100886727,-0.019996506,0.626942062,0.256614775
25-07-2021,0,0.075448627,0.127822098,-0.464792474,-0.25657814,0.331636847
26-07-2021,-0.178090284,0.196106072,-0.458732315,-0.534620871,0.054483764,-0.357267348
27-07-2021,0.261530865,0.222837083,-0.151182587,0.131784069,-0.198696187,-0.054078487
28-07-2021,-0.087957622,0.22246798,-0.193956606,-0.025046529,0.25335201,0.141161027
29-07-2021,0.14428347,0.595928374,0.283386767,0.075187649,0,0.156861212
30-07-2021,-0.16201212,0.379733904,0.209447479,0.000175054,0.083172582,0.156592123
31-07-2021,0,0.441567897,0.285839571,-0.187309314,-0.077979046,0.604378278
01-08-2021,0,0.437265707,0.270557667,0.03395532,0.163696564,0.314922444
02-08-2021,-0.638978482,0.008406861,-0.16761709,-0.207436005,-0.52182315,-0.153951441
03-08-2021,-0.122138245,0.354690147,-0.045586557,0.108781406,-0.408234715,-0.120468275
04-08-2021,-0.448731808,0.434301076,-0.214811825,-0.763186189,-0.670207199,-0.008935766
05-08-2021,-0.089635019,0.123694928,-0.028663376,-0.450361354,0.329667877,0.343319773
06-08-2021,-0.007934746,0.338027221,0.078529549,-0.323454202,-0.155471712,0.488873587
07-08-2021,0,0.335102194,-0.17188809,-0.004214776,-0.17617231,-0.088507582
08-08-2021,0,0.149933434,0.020977099,-0.656714467,-0.539051259,-0.06988871
09-08-2021,-0.919932363,0.513825854,-0.510494154,-0.295036233,0.168026402,0.107758524
10-08-2021,0.17330821,0.198741041,0.023677495,0.045455209,-0.094951482,0.527248432
11-08-2021,-0.398176213,-0.317148856,-0.024460232,-0.179246236,-0.665970114,0.226709673
12-08-2021,-0.25566237,-0.238203667,-0.175957412,-0.066421316,-0.251757998,0.049505899
13-08-2021,-0.394910391,0.22113547,-0.210475492,-0.271901793,-0.200699624,-0.353661051
14-08-2021,0,0.063762092,-0.251999503,-0.480107226,-0.787935817,0.654722116
15-08-2021,0,0.704019703,0.240892675,-0.239367273,0,-0.063124
16-08-2021,0.01726456,-0.517714357,-0.400209603,0.001716986,-0.61155346,0.188243051
17-08-2021,-0.360417556,0.081231266,-0.14883867,-0.480086279,-0.395794763,0.152439874
18-08-2021,0.027466788,-0.341055475,-0.070723286,-0.00821018,-0.373634243,0.117565811
19-08-2021,-0.613756856,0.173577802,-0.699042629,-0.471389289,-0.52642598,0.539095306
20-08-2021,-0.103071294,0.299293389,-0.391612962,-0.343513365,-0.015425862,-0.140872282
21-08-2021,0.278596979,0.623643902,-0.078333436,-0.228682291,-0.091314212,0.169190425
22-08-2021,-0.098417897,0.245085979,0.025910317,0.068032464,-0.161005756,0.100403249
23-08-2021,-0.014751927,0.071405732,-0.073631291,-0.280488966,-0.273783532,-0.784784341
24-08-2021,0.130910302,0.150880554,0.647695342,-0.451065593,-0.729788335,0.598974557
25-08-2021,-0.160089799,0.215286836,0.343161308,-0.164646173,-0.481190891,0.165236548
26-08-2021,-0.305899497,-0.364688466,-0.056846331,-0.334976578,0.294019006,-0.117019309
27-08-2021,0.679189356,0.451921641,0.39477237,-0.42162233,-0.038002211,0.242244403
28-08-2021,-0.112562905,0.175353632,0.216898425,-0.303171511,0.111434147,-0.06557036
29-08-2021,0.215647647,0.140732819,0.162882836,-0.125233949,-0.651749823,0.280329245
30-08-2021,0.003279021,0.297928141,0.195997305,0.345605338,-0.081905736,0.120193241
31-08-2021,-0.382164156,0.266343545,-0.487560079,-0.400068149,-0.365089889,-0.426067676
01-09-2021,-0.489818425,0.27370126,0.181103401,-0.438325679,-0.293434216,-0.286170156
02-09-2021,-0.525571648,0.197561122,0.361411586,-0.298877073,-0.550935041,-0.082769704
03-09-2021,-0.058213736,0.075785637,0.159434637,-0.358333463,-0.40263956,-0.664528602
04-09-2021,0.427111855,0.210773987,-0.17935294,-0.227343118,0.605911297,0.756062764
05-09-2021,-0.575280774,-0.129251683,0.106834847,-0.51116919,-0.593397035,-0.052193747
06-09-2021,-0.353774959,-0.507535213,-0.487123825,-0.414220285,-0.673825254,-0.176532379
07-09-2021,-0.3743748,-0.031937004,-0.44769098,-0.583663698,-0.509728117,-0.112480174
08-09-2021,0.253966306,-0.336193103,-0.402044571,0.356827594,-0.806915255,0
09-09-2021,0.034872451,0.766924374,0.150570714,-0.207074304,0,0
10-09-2021,-0.138360511,0.358328637,-0.029561249,-0.405351047,-0.314969281,0.290603176
11-09-2021,-0.321826014,0.140168317,0.109118242,-0.42177762,0,0.347778027
12-09-2021,-0.213632616,0.470004304,-0.246103623,-0.232422715,-0.0109748,-0.123866414
13-09-2021,0.441668941,0.054979705,0.117123123,0.408241202,-0.171468065,0
14-09-2021,0.486031613,0.324091499,0.278716722,0.205635164,-0.22405331,0
15-09-2021,0.269288382,0.392411086,0.341157962,0.237376587,0.646612957,0
16-09-2021,-0.198359569,0.113628944,0.359676516,-0.059209226,0,-0.152124822
17-09-2021,-0.42089953,-0.349041393,0.133818516,-0.257076793,0,0.599222338
18-09-2021,-0.396032071,0.10378512,0.029398817,-0.459633976,-0.684722905,0.119190954
19-09-2021,-0.484546323,-0.12834719,0.038313115,-0.133156771,-0.354248898,0.142562728
20-09-2021,-0.405043862,0.238501869,0.04101706,-0.033863579,0,-0.368426188
21-09-2021,0.480494176,-0.081319994,0.143012935,0.528055999,0.145626799,0.243977704
22-09-2021,0.039677884,0.336962087,0.232448777,0.108444251,-0.319866286,-0.012329448
23-09-2021,0.160268202,-0.732061049,0.079985601,0.011047362,-0.088092284,-0.106512868
24-09-2021,0.19227642,0.197766666,0.388025214,-0.260495375,0.148576472,-0.00725859
25-09-2021,0.05382566,0.423567655,0.184001906,-0.333080261,0.572230015,-0.112851383
26-09-2021,-0.252201738,0.351226677,0.206861248,-0.606573588,-0.208417398,-0.412029338
27-09-2021,0.003769915,-0.576520971,0.313668486,-0.06980471,-0.533693879,-0.617648879
28-09-2021,0.245897924,-0.137083143,0.460832897,0.023681341,0.242165988,-0.216257975
29-09-2021,-0.503844162,-0.434041576,-0.062830409,-0.567140016,-0.19964207,0.480823374
30-09-2021,-0.466172711,-0.470790532,0.166260433,-0.443698194,-0.410196012,0.393886051
01-10-2021,-0.534081513,0.019392199,-0.124102926,-0.433839112,-0.247392517,0.157893792
02-10-2021,-0.113022032,0.01549168,0.3359478,-0.115972003,0.779858226,0.248864207
03-10-2021,0.167691161,0.213334802,0.462020869,-0.34288042,0.281829408,0.074229406
04-10-2021,0.10816785,0,0,0,0.260925898,0
05-10-2021,0.067978385,-0.307892157,0.482867688,-0.195741851,0.334553925,0
06-10-2021,0.09512502,0.548709559,0.1764521,-0.284610454,0.344879218,-0.306578362
07-10-2021,-0.460284193,-0.266960724,0.360676318,-0.281055797,-0.708991395,-0.358978027
08-10-2021,0.55653267,0.079415027,0.341259444,0.451021469,-0.281875579,0.60974626
09-10-2021,0.344172046,0.257226102,0.280834996,-0.22065814,0.304925743,-0.085823585
10-10-2021,-0.216735285,-0.027273895,-0.000558102,-0.46208776,-0.655143294,0.475826068
11-10-2021,0.475761949,-0.019347171,0.869458254,0.347318141,-0.01780297,0.337209925
12-10-2021,0.008656448,0.325177991,0.051242704,0.000720424,0.071795991,0
13-10-2021,-0.153276503,0.0604885,-0.089978933,-0.436593405,-0.21282963,0.314912691
14-10-2021,-0.022231076,0.128826866,0.314457433,-0.109174111,0.228509469,0.515975428
15-10-2021,-0.100275171,0.0786696,0.469616203,0.168214354,0.062723317,0
16-10-2021,-0.09816225,-0.028861338,0.368249993,-0.058162135,-0.354449373,-0.029407037
17-10-2021,0.424332343,0.15461631,0.305268083,0.010488217,0.657498441,-0.121892166
18-10-2021,0.011910351,0.191611583,0.023048717,-7.79E-05,-0.278029929,-0.189250344
19-10-2021,-0.31113238,0.062197974,0.38057378,-0.032639587,-0.301447786,0.013769917
20-10-2021,-0.301356265,0.522995415,0.046886492,-0.004274417,-0.125346055,-0.858259027
21-10-2021,-0.104703692,-0.15270722,0.182216093,0.030734089,-0.21954973,-0.513486633
22-10-2021,-0.356100042,-0.046241855,0.327005208,-0.394057412,-0.151638011,0.483110243
23-10-2021,-0.265153656,-0.116936207,0.372075466,-0.287688883,-0.637356079,0.221167845
24-10-2021,0.001377557,0.188726747,0.426650769,0.18110877,-0.328008589,0.010827417
25-10-2021,0.469179502,0.685597962,0.531297283,0.297258683,0.426735817,0.321205889
26-10-2021,5.07E-05,0.294453951,0.304780697,0.028418784,0.035631551,-0.130954292
27-10-2021,-0.58189714,-0.298870393,0.438486706,-0.645424256,-0.142077809,-0.756947672
28-10-2021,-0.60561101,-0.054320355,0.011298685,-0.643156092,0.230317152,-0.602904046
29-10-2021,-0.33706628,0.16397086,0.12730417,-0.32933261,-0.057798104,-0.59174729
30-10-2021,0,-0.307852389,0.230020816,-0.387347945,0.556667531,0.457312632
31-10-2021,0.399979323,0.183777309,0.340448472,-0.126116736,0.576895778,-0.50349709
01-11-2021,-0.448491051,-0.300328056,0.408260151,-0.329372497,0.028225733,-0.598380219
02-11-2021,-0.370686034,0.69095547,0.33575454,-0.564143807,-0.136079341,-0.02348173
03-11-2021,-0.655165991,0.280817533,-0.046708113,-0.835582425,-0.232625531,-0.58151014
04-11-2021,-0.350886613,0.385715988,-0.067322528,-0.693476759,0.006371445,-0.887582654
05-11-2021,-0.238066873,0.661858649,0,-0.319515069,0.026988188,-0.076714446
06-11-2021,-0.065713456,-0.095892764,0.380554944,-0.232982952,-0.086025425,0.013066
07-11-2021,-0.382405871,0.12741461,-0.008729167,-0.266114232,-0.128901687,0.141289384
08-11-2021,-0.015613177,0.582170048,0.451384507,0.012885298,0.32198837,-0.099698773
09-11-2021,-0.054644796,0.039763909,0.405298068,-0.063274202,0.101907703,-0.255231862
10-11-2021,-0.091468095,0.039939092,0.146830217,-0.259707649,0.399568977,0.433300628
11-11-2021,0.139865536,0.004240523,0.081566841,-0.061043924,-0.017517917,0.137930023
12-11-2021,-0.348416054,-0.063036326,0.226863988,-0.595424521,-0.131277331,-0.132363472
13-11-2021,-0.200731863,0.112568615,0.229076763,-0.700596417,0,0.303105267
14-11-2021,0.135250375,0.227332952,0.208976121,-0.719429596,-0.42994279,-0.083272777
15-11-2021,-0.597453925,0.510400622,0.039009829,-0.25434092,-0.675149324,-0.019577654
16-11-2021,-0.332556471,0.328617051,0.139335583,-0.078554741,-0.499290725,0.074296962
17-11-2021,-0.503595693,-0.142796015,0.144800852,-0.532922834,-0.465091599,-0.65197478
18-11-2021,-0.731226564,0.243710033,-0.090970613,-0.661456137,-0.675023385,-0.720883295
19-11-2021,-0.528926137,0.092166557,-0.359000378,-0.221007987,0.018575391,-0.497152754
20-11-2021,-0.75841709,0.572882742,0.023688752,-0.888920088,0.132372727,-0.500164893
21-11-2021,-0.107519867,0.276906727,0.007096377,-0.093016593,-0.212803206,-0.043770591
22-11-2021,-0.180105535,-0.039296628,0.221750246,-0.407953642,0.243398261,-0.076268491
23-11-2021,-0.511059782,0.425095636,-0.429597277,-0.598438629,-0.525129605,-0.520846428
24-11-2021,-0.587646434,-0.182435452,-0.210566637,-0.639299897,-0.469365116,-0.446451036
25-11-2021,-0.532938125,-0.058577277,-0.241665648,-0.570036039,-0.457387367,-0.362568313
26-11-2021,-0.772928407,-0.157335702,-0.452982064,-0.557527813,-0.802184862,-0.486492316
27-11-2021,-0.471133567,0,-0.286159732,-0.429180638,-0.646678502,-0.138558845
28-11-2021,-0.441392905,-0.312578976,-0.168034075,-0.398669423,-0.32527665,-0.120088115
29-11-2021,-0.062543995,-0.153862187,0.319417415,-0.407981005,0.001355553,0.450469391
30-11-2021,-0.616688072,0.137564145,0.000870709,-0.272105464,-0.143264535,0.139497779
01-12-2021,0.098652092,0.235361264,0.228785998,-0.155055493,0.361871485,0.612150137
02-12-2021,-0.305446525,0.445783201,0,-0.022483597,-0.21067579,-0.528728996
03-12-2021,-0.189056065,-0.10247469,-0.004170767,-0.424018707,0.038223919,0.149028081
04-12-2021,-0.261424207,-0.073456664,-0.115725631,-0.353137159,-0.373281812,0.368192533
05-12-2021,-0.037764221,-0.080534496,-0.007940844,-0.152430067,0.065560525,0.104781307
06-12-2021,-0.125635996,0.514016233,0.113574064,-0.082650416,-0.011494773,0.794033805
07-12-2021,0.426751411,-0.041370071,0.056367431,0.052579377,0.290593021,0.802319105
08-12-2021,-0.011440091,0.513755668,-0.16583531,-0.178935968,-0.102006497,0.261674089
09-12-2021,-0.110573032,-0.409081315,0.085209989,-0.194064569,-0.477326637,0.504689083
10-12-2021,-0.09372019,-0.560189776,0.460607846,-0.438093362,-0.043010378,0.46565331
11-12-2021,-0.053703483,0.037295252,0.419642925,-0.333446303,-0.021102221,0.520276482
12-12-2021,0,-0.156085114,0.183262281,-0.292178085,0.711718278,0.231490007
13-12-2021,-0.260133503,0.319233117,0.09626875,-0.204579184,-0.271545952,0.228698182
14-12-2021,-0.182804523,-0.056868922,-0.11523103,-0.383419442,-0.190404516,-0.06377779
15-12-2021,-0.175131811,0.11922945,-0.00619456,-0.097498313,-0.11429592,-0.015477746
16-12-2021,0.044766973,-0.292124373,0.438315348,0.000586356,0,0.135210941
17-12-2021,-0.24107278,0.187339674,0.126585831,0.048868938,0.2274542,-0.217402513
18-12-2021,0,0,0.050081176,0,0,0
19-12-2021,-0.397577175,0.045863242,-0.075884414,-0.265955198,-0.207744586,0.268894675
20-12-2021,-0.637751421,0.107054284,-0.609163938,-0.671712721,-0.548387217,0.1191952
21-12-2021,-0.034196821,-0.190000372,-0.018434852,-0.034064956,-0.590334036,-0.212482597
22-12-2021,0.353888902,-0.058449099,0.107044379,0.269565645,-0.381587231,0.26584613
23-12-2021,0.278075336,-0.405168902,0.137181466,0.145313015,-0.355544895,0.437856492
24-12-2021,-0.249950982,-0.103720832,0.167768923,-0.590705841,-0.918357308,0.187130797
25-12-2021,0,-0.708895234,-0.040609455,-0.315471646,-0.148575906,0.203419854
26-12-2021,-0.348017928,-0.043417126,-0.012725322,-0.465824438,-0.740374695,0.644205353
27-12-2021,-0.162137926,0.244544987,-0.144474852,-0.043244632,0.427898296,0.435867097
28-12-2021,0.642708472,-0.089171124,0.38624947,-0.18764572,0.490543936,0.713699301
29-12-2021,-0.022174825,0.057510875,0.137700732,-0.235491866,-0.669979167,0.6399344
30-12-2021,-0.027015989,-0.573883156,0.266400186,0.084736493,0.00414567,-0.225556597
31-12-2021,0,0.515239339,0.268996402,0,0.187173274,0.586943865
01-01-2022,0,0.087743936,0.358503204,0,-0.731436298,0.113464714
02-01-2022,-0.243753169,0.609257393,0.262835312,-0.555617194,-0.432949353,-0.346116135
03-01-2022,0.175601261,0.814724316,0.351180101,0.408399903,0.094397512,0.51857856
04-01-2022,-0.211573463,-0.329014425,0.605934253,-0.154461036,0.060544272,0.541049479
05-01-2022,-0.489046829,-0.05251195,0.050204314,-0.036232012,-0.234069349,0.540659022
06-01-2022,0.022051484,0.57595426,0.102508465,-0.306898305,-0.373656916,0.636994232
07-01-2022,0.352654593,-0.096713105,-0.202172432,-0.116983848,-0.408739424,0.061995992
08-01-2022,-0.21601291,0.41001567,0.15106024,-0.408161672,0.431198097,0.096624836
09-01-2022,0.483279791,0.481105759,0.110294467,-0.117012715,0.67754577,-0.063084597
10-01-2022,-0.052122724,0.224827398,0.004074031,-0.464808982,-0.056246742,-0.371454797
11-01-2022,-0.009151367,-0.164183275,0.261625469,-0.197074695,-0.050387576,0.221338288
12-01-2022,-0.106438614,0.372295449,0.466416467,-0.122778342,-0.331867988,0.182765577
13-01-2022,0,0.276887107,0.334020176,-0.374023722,0,0
14-01-2022,-0.192711841,-0.236821169,-0.11260062,-0.31826666,0,-0.406373154
15-01-2022,0,0.505120501,-0.056713742,-0.053493308,0.397143487,0.240145081
16-01-2022,-0.163646668,0.263522753,0.102602365,-0.511511021,0.100154414,0.476030054
17-01-2022,0.261281232,-0.118280746,0.223222474,0.092539161,0.747431387,-0.388835607
18-01-2022,0.600869781,-0.239959574,0.501774452,0.24537625,0.069312604,0.022202464
19-01-2022,0.487173859,0.149443553,0.418474545,0.265514857,0.277677909,0.39485492
20-01-2022,-0.00915357,0.435099086,0.258808895,-0.276389684,-0.448326535,0.128209235
21-01-2022,-0.335561262,-0.363573244,-0.151090207,-0.514469998,-0.488515331,0.249581892
22-01-2022,0.003527269,-0.145292384,0.030168691,-0.057567143,0.502989371,-0.074763923
23-01-2022,0.146054943,-0.239570243,0.297192466,0.184520586,0.482064586,0.107094446
24-01-2022,0.333726751,-0.148151904,0.407991166,0.180203205,0.331496583,0
25-01-2022,0.121073022,0.129911954,0.221129119,0.018037442,-0.40542317,0.213534073
26-01-2022,0.347940365,0.013341162,0.396307639,-0.119078244,-0.010087789,0.757299885
27-01-2022,-0.329388722,0.540011772,0.164062225,-0.340593816,0.265467349,0.001760994
28-01-2022,0.105919162,0.033341952,0.382343796,0.195748192,0.5723928,-0.032536507
29-01-2022,-0.343889143,0.088516073,0.091091032,-0.257888689,0,0.389841545
30-01-2022,0.401319898,0.201405757,0.00918801,0.187178299,0.156394896,0.447128417
31-01-2022,0.659692751,0.196411797,0.427061899,0.241807798,0.260811777,0.659051572
01-02-2022,-0.040261183,0.122998154,0.391537007,-0.363276546,-0.024984296,0.517246897
02-02-2022,-0.131214481,-0.108479276,0.286358985,0.190541593,0.088088619,0.020230549
03-02-2022,-0.255478553,-0.1407699,0.010341092,-0.099840236,-0.304531051,-0.055714538
04-02-2022,0.41055034,0.166409341,0.680308189,0.232667843,-0.616092405,-0.001804717
05-02-2022,0.114112405,0.068256341,0.278261676,-0.36324766,-0.033275916,0.004818495
06-02-2022,0,0.442409235,0.134981109,-0.162034705,0.244586065,0.782869771
07-02-2022,-0.260043943,-0.457091059,0.288582757,-0.261160603,-0.126598124,-0.335856835
08-02-2022,-0.420294801,-0.264996781,0.151537296,-0.302282833,-0.14217976,-0.667461116
09-02-2022,-0.147717557,-0.250239643,0.256347625,-0.02225089,0.340799073,-0.721348525
10-02-2022,-0.176087078,-0.419555654,0.219246852,-0.26353606,0.257151056,-0.513020291
11-02-2022,0.128288819,0,-0.114215674,-0.161038507,0.255617424,-0.577593329
12-02-2022,0.264479107,-0.209060522,0.099312527,-0.095206716,0.14172114,-0.10462341
13-02-2022,-0.038649389,-0.025632892,0.055786571,0.069140104,-0.404665709,-0.342199137
14-02-2022,0.616819657,0.149171463,0.520373537,0.655081099,0.091250948,-0.321477435
15-02-2022,-0.576864679,-0.278519097,0.184222134,-0.170589017,0.311991753,-0.701803012
16-02-2022,0.085408594,0.690576375,0.344195103,-0.055326129,-0.554026718,0.040814798
17-02-2022,-0.501531426,-0.08199484,0.233097578,-0.235596394,-0.706626772,-0.448329545
18-02-2022,-0.611351924,-0.367352764,-0.060353408,0.002073141,-0.41721021,-0.703421968
19-02-2022,-0.412051178,0.214496864,-0.001226017,-0.338878982,-0.517645524,-0.04427063
20-02-2022,-0.300278764,-0.0790297,0.276432604,-0.365815706,-0.189941155,-0.07242636
21-02-2022,0.147075324,0.291597002,0.431371266,-0.02628086,-0.124081852,-0.101026574
22-02-2022,0.685827082,0.070316483,0.442427742,0.490333065,0.029320103,9.01E-05
23-02-2022,-0.233152037,0.268015764,0.500313611,-0.584022706,-0.17251394,-0.343618705
24-02-2022,0.529723978,-0.003512383,0.45624446,-0.043970339,0.513286876,-0.285712109
25-02-2022,0.312168105,0.311758917,0.370663973,0.270495351,-0.053280163,-0.312570028
26-02-2022,-0.004677414,0.624256262,0.20455958,-0.247843387,0.414759456,-0.344470596
27-02-2022,0.116891798,0.151118028,0.203586224,-0.387112212,0.666191458,0.388029514
28-02-2022,0.419946193,0.557810737,0.353795609,-0.244820185,-0.333806889,0.481245839
01-03-2022,0.104479825,0.139549529,0.349604108,-0.232621476,-0.363401706,0.233662657
02-03-2022,0.324876883,0.517730182,0.257512671,0.433442046,0.081166078,0.397962155
03-03-2022,0.120297884,0.024913385,0.356448102,-0.152090089,0.394599453,-0.576627817
04-03-2022,0.540058808,0.264304299,0.421238901,0.193375296,-0.109589515,-0.083141435
05-03-2022,0.258493496,-0.048705049,0.387607654,0.289322022,0.109486765,-0.074222703
06-03-2022,0.115542982,0.073295292,0.099472635,-0.057831941,-0.210888083,0.138131058
07-03-2022,0.642331256,0.219871441,0.489771712,0.119529263,0.367347516,0
08-03-2022,0.399563049,0.207137372,0.575293146,0.130847757,0.148730015,0.203537182
09-03-2022,0.028307788,0.031303659,0.340610914,-0.10340652,-0.615410285,-0.247177229
10-03-2022,-0.131685983,0,0.096975326,0.225586365,-0.023033304,0.173464105
11-03-2022,-0.088695335,0.379642453,0.207897931,-0.092846372,-0.19056451,0.139742942
12-03-2022,0.090756568,0.377590361,0.077018796,0.367000179,-0.395845772,-0.053008783
13-03-2022,0.179942813,0.265823733,0.186778995,-0.007236846,0.240912513,-0.107697209
14-03-2022,-0.713005297,0.088716496,-0.26325701,-0.369186844,0.629909336,-0.619279548
15-03-2022,-0.713005297,0.088716496,-0.26325701,-0.369186844,0.629909336,-0.619279548
16-03-2022,-0.115339548,-0.093754332,-0.11330252,-0.58403114,-0.570019112,-0.110328747
17-03-2022,0.426751379,0.624345767,0.353220739,0.104079349,-0.105273894,-0.224028804
18-03-2022,0.489438843,-0.323081324,0.128303383,0.03310574,0.024008754,0.704323925
19-03-2022,-0.06432898,0.427945567,0.306367926,0.35853403,0.509416596,0.104074434
20-03-2022,-0.006683404,-0.147719359,0.419924999,0.005717651,-0.650682222,0.353053168
21-03-2022,0.506641348,0.273849319,0.392410358,0.244146726,0.185012181,0.755134647
22-03-2022,0.313937412,0.423526699,0.473108886,-0.013788995,0.683714018,0.483239047
23-03-2022,0.599691268,0.557063885,0.454333782,0.353269272,0,0
24-03-2022,0.108739421,0.61501338,-0.106876153,-0.182398136,-0.591370673,-0.24586603
25-03-2022,0.108739421,0.61501338,-0.106876153,-0.182398136,-0.591370673,-0.24586603
26-03-2022,0.473534586,0.879345037,0.176420539,-0.044699698,-0.555277935,0.276354048
27-03-2022,0.025238883,0.388400614,0.112425974,-0.434976256,-0.25285287,0.15755886
28-03-2022,0.025238883,0.388400614,0.112425974,-0.434976256,-0.25285287,0.15755886
29-03-2022,-0.404158495,-0.031131529,-0.571471576,-0.25979016,-0.025154854,-0.670845821
30-03-2022,0.122177977,0.037847179,-0.097052715,0.026683048,-0.265740017,-0.045743185
31-03-2022,-0.551835881,0.164039171,0,-0.701052478,-0.476561005,-0.81362351
01-04-2022,-0.759868297,0.070836027,-0.516141101,-0.738501102,-0.648014975,-0.592926303
02-04-2022,0,-0.105801013,0,0,-0.037463155,0
03-04-2022,-0.598310307,0.034500263,0.109035117,-0.777937213,-0.618943148,-0.09544297
04-04-2022,-0.110086732,-0.141145549,0.084108826,-0.217656711,0.261836295,-0.432271059
05-04-2022,0.377549643,0.461363246,-0.091680296,0.039567344,-0.085058899,-0.054711738
06-04-2022,-0.357959631,-0.190759392,-0.144927208,-0.636942023,0.309360709,-0.697068704
07-04-2022,0.069269065,0.117194258,-0.056049402,-0.040801882,-0.122900515,-0.744044498
08-04-2022,-0.601253714,0.502375134,0.042337073,-0.563146499,-0.588391828,-0.597904094
09-04-2022,0.194454182,0.810876794,-0.00358986,-0.24941621,-0.326748032,0.475113714
10-04-2022,0.002260697,0.209668323,0.079448865,-0.109860387,-0.025085327,0.006728773
11-04-2022,-0.4934709,0.096499792,-0.757286626,-0.389025143,-0.376679131,-0.778418259
12-04-2022,0.408740277,-0.624959062,0.112611756,-0.236310473,0.030485943,0.497390473
13-04-2022,0.273448383,-0.194768281,0.255068614,-0.07024863,-0.100158679,0.603107318
14-04-2022,0.180190902,0,0.196797917,-0.203618295,-0.723042935,0
15-04-2022,0.100257139,0.192640146,0.071771221,-0.098812954,0.574211939,-0.186662515
16-04-2022,0,-0.029142712,-0.156505618,-0.213794429,-0.65651943,0.49441892
17-04-2022,-0.079058445,0.548562891,-0.175820885,-0.377203607,-0.804096693,0.305339193
18-04-2022,0.571482619,0.269946732,-0.260956543,0.277088873,-0.523522385,0.463963878
19-04-2022,-0.168092627,0.337087458,-0.203943316,-0.201564767,-0.381769354,0.471994018
20-04-2022,-0.207259988,-0.327047039,-0.342702029,-0.2096923,-0.476851197,0.293464824
21-04-2022,0.151660304,-0.16413025,-0.176230399,-0.006444224,-0.827608064,-0.130395756
22-04-2022,-0.02246625,-0.406701748,-0.530514768,-0.1582843,0.455737333,-0.338891657
23-04-2022,-0.210981708,-0.343869948,-0.302569765,-0.117808473,0.091152656,-0.188898548
24-04-2022,0.14389537,0.034773277,-0.027003843,-0.437895027,0.151276267,0.378276988
25-04-2022,-0.477926131,-0.772777567,-0.518282898,0.296622849,-0.175854013,-0.072480867
26-04-2022,-0.119472518,-0.410238728,0.069247554,-0.504329753,-0.146989927,-0.109335262
27-04-2022,0.439604159,0.438939106,0.250493776,0.171615618,0.417132597,-0.302211882
28-04-2022,0.006726341,-0.187092451,-0.144988174,-0.185986319,-0.668470788,0.792211692
29-04-2022,0.1464698,0.204702132,0.248629586,0.195675284,-0.526486636,0.18079122
30-04-2022,-0.060592944,0.295402081,-0.115736969,-0.234619617,-0.640725317,-0.543566126
01-05-2022,-0.33110653,0.003348227,-0.236789272,-0.19826864,0,0.086896934
02-05-2022,-0.393050635,-0.484481621,-0.188885974,0.237188301,-0.039283506,-0.142601621
03-05-2022,-0.2737937,-0.776068906,-0.536679849,0.121765911,-0.460442515,-0.020674564
04-05-2022,0.090467208,-0.655681695,-0.113305766,-0.12555865,-0.299726569,0.222445666
05-05-2022,-0.13131801,0,0.235763672,0.01851976,-0.362982342,-0.303273349
06-05-2022,0.39296264,-0.309520779,-0.033059059,0.738894727,-0.145186367,0.466972632
07-05-2022,0.1756804,-0.301009856,0.118859685,0.434263749,-0.15728708,-0.232676772
08-05-2022,-0.102623558,0.613712692,0.227055195,-0.151380524,-0.669369836,0.240415295
09-05-2022,-0.11709851,-0.319107904,-0.519446417,0.446116146,-0.440232489,-0.195015024
10-05-2022,-0.630604002,0.121133854,-0.315194795,-0.308909648,-0.219369282,-0.582450343
11-05-2022,-0.048192628,0.177860838,0.067583739,-0.31930513,-0.069516665,0.430817758
12-05-2022,-0.155636692,0.552548308,-0.232642888,-0.003442801,-0.332613587,-0.712463563
13-05-2022,0.087323878,-0.077834065,0.425053864,0.236093244,0.242349572,-0.211960293
14-05-2022,0.17297791,0.143891917,0.234148455,0.459467951,-0.21931982,0.076591956
15-05-2022,-0.090991039,-0.244596808,-0.03404628,-0.393326201,-0.830967005,-0.265635453
16-05-2022,-0.08781827,-0.163750396,0.082937708,-0.091721871,0.280459935,0.019270599
17-05-2022,-0.114178614,-0.106298235,0.52605843,-0.368219055,0.620973422,-0.078019169
18-05-2022,0.224603858,-0.785734274,0.257669283,-0.184130719,-0.251345219,0.512207152
19-05-2022,-0.473619012,-0.376702358,-0.303899933,-0.35578886,-0.141304262,-0.162998036
20-05-2022,-0.171602876,-0.629890891,0.13166425,0.047831822,0,0.020414506
21-05-2022,0,-0.110462774,0.049691498,0.106986114,0,0.428840512
22-05-2022,0,0.259584227,0.157487052,0.032359794,0.246181483,0.056510947
23-05-2022,0.551402268,-0.05176784,0.116963269,-0.008824208,0.218569838,0.497095051
24-05-2022,-0.108525848,0.392758464,-0.287351424,-0.057428385,0.653471,-0.398399008
25-05-2022,0.308287383,0.413385888,0.234805153,0.076887328,0.373930111,0.105959512
26-05-2022,0.149883443,0.016352552,-0.265238667,-0.115934705,0.001596459,0.248532678
27-05-2022,-0.067688679,0.168988499,0.132924449,0.115306027,-0.44715678,0.055260316
28-05-2022,0.338367542,0.362835179,0.141619566,0,-0.082568124,-0.130301393
29-05-2022,-0.036292976,0.342413189,0.140737092,-0.060518756,-0.860413124,-0.252781455
30-05-2022,0.483287221,0.636796768,0.578445324,0,0,0.544949734
31-05-2022,0.357532305,0,0.448937034,0.148722644,-0.266115263,0.745152062
01-06-2022,0.052555315,-0.109496381,0.367062718,-0.060137222,-0.055006293,0.689990121
02-06-2022,-0.595176773,0,0,-0.024506409,-0.521234539,0
03-06-2022,-0.517346601,-0.614194602,0.134840948,0.005559389,-0.214425942,0
04-06-2022,0.12910502,0.584648862,0.103926085,0.323278497,-0.28465476,0.459194326
05-06-2022,0.008332786,0.454010994,0.17699096,-0.073130791,0.060580345,0.041919193
06-06-2022,-0.018534406,-0.492173727,0.326109559,-0.058477437,0.045622338,-0.164357309
07-06-2022,0.114724196,-0.268190205,0.196338937,-0.134470626,0.134658097,0.202535912
08-06-2022,0.167691412,0.041316751,0.447384644,0.057488403,0.133047272,-0.311046543
09-06-2022,-0.087223367,0.045126609,0.176213062,-0.111654972,0.223904654,0.300243056
10-06-2022,0.023586356,0,-0.25022843,0.142216527,0.220931701,-0.538132353
11-06-2022,0,0,0.473890285,-0.063824078,0,-0.941934322
12-06-2022,-0.117091579,0.576967025,0.533428759,-0.237337425,-0.055278628,-0.116432123
13-06-2022,-0.532041242,-0.099350736,-0.094895909,-0.223261875,0,0.001744428
14-06-2022,0.211462648,0.637367053,0.411768911,-0.024006064,-0.164228024,0.254418579
15-06-2022,0.060514808,0.693745071,0.021799799,-0.562407641,0.741497323,0.444488245
16-06-2022,0.341386342,-0.04077259,0.03188097,0.086951891,0.546403579,0.478364193
17-06-2022,0.136285153,0.022549415,-0.484018414,0.194913432,-0.392375507,-0.206616525
18-06-2022,-0.19971028,0.377303616,-0.210893688,-0.243928364,0,-0.435088948
19-06-2022,-0.168342318,-0.680159934,-0.109033166,-0.15128441,-0.155689255,-0.491279434
20-06-2022,-0.456134844,0.190437382,-0.388206079,-0.488826958,0,-0.415846303
21-06-2022,-0.048140726,-0.152571232,0.039473618,-0.205663649,0,-0.656279436
22-06-2022,-0.470904123,0.49278896,-0.466078132,-0.45074354,-0.090411003,0
23-06-2022,-0.139776247,-0.043817449,-0.442385033,-0.402560415,-0.780242874,-0.005407421
24-06-2022,0.094324028,0.505110109,-0.341472429,0.287111047,0.084622565,-0.519561684
25-06-2022,0.275785449,0.132616114,-0.34675266,-0.008793012,-0.498743668,0.146577214
26-06-2022,0,0.553434798,-0.143641001,0.19165587,-0.46097703,0.142044681
27-06-2022,0.363059154,-0.110394459,-0.152420416,0.005623759,-0.30136917,-0.165154306
28-06-2022,0.154751407,0.341778202,0.03587932,0.188605281,-0.21879468,-0.211103816
29-06-2022,-0.040065669,-0.116519274,-0.480101358,-0.050165674,-0.354910523,0.772046292
30-06-2022,-0.502510201,0.012900621,-0.335017211,-0.383705197,-0.378977769,0.29174457
01-07-2022,0.392567855,0.284584464,-0.282934106,0.472892183,-0.141043246,0
02-07-2022,0.201761284,0.031387086,-0.089705255,0.069680929,-0.359817017,-0.043940475
03-07-2022,-0.046088436,0.420030111,0.117435128,-0.071390813,-0.157264195,0.388808122
04-07-2022,-0.075145522,0.422894112,-0.332741286,-0.440665108,-0.356618973,-0.297620671
05-07-2022,0.157214213,0.257247049,-0.677267239,-0.091502622,0.341891869,0.537613233
06-07-2022,0.050983055,-0.168396801,-0.659051593,0.17876825,0.306564944,-0.087019057
07-07-2022,0.109749922,-0.195538483,-0.291794143,-0.099113957,-0.231663623,-0.110366089
08-07-2022,-0.170299093,-0.114213861,-0.283788257,-0.398879537,-0.052586698,0.102203429
09-07-2022,0.02539314,-0.318089946,0.01488906,-0.183719571,0.279095212,0.408573015
10-07-2022,0.393004116,0.344564135,-0.034636258,-0.361711476,-0.282806219,0.626260152
11-07-2022,-0.384337674,0.227374959,-0.498485588,-0.707098159,-0.51961724,0.574441248
12-07-2022,-0.57636091,0.013316754,-0.399522695,-0.416715151,-0.390555151,0.349597312
13-07-2022,-0.357190773,-0.020791358,-0.092742481,-0.462717978,0.001814027,0.24881996
14-07-2022,-0.368601657,-0.487573858,-0.06583726,-0.428743772,-0.128788966,0.172565176
15-07-2022,-0.590181409,-0.374796754,-0.293394384,-0.60700882,-0.483530663,0.049046115
16-07-2022,-0.283036046,-0.074657883,-0.329603826,-0.243339182,-0.274136959,0.573407951
17-07-2022,-0.425390298,-0.017336783,0.107045953,-0.310207804,-0.427303499,-0.195354997
18-07-2022,0.126480977,0.447563052,-0.294308223,0.135014286,0.138612276,-0.361297368
19-07-2022,-0.122188715,0.416255748,-0.263795468,-0.252465172,-0.083724283,-0.276667642
20-07-2022,-0.297494931,0.573744077,-0.34488251,-0.545947118,0.009112273,0.541862397
21-07-2022,-0.417050919,0.095003674,-0.596151605,-0.623346591,0.178519777,-0.046413719
22-07-2022,-0.061313722,0.43198444,-0.371919314,0.262851516,0.239712818,-0.449058836
23-07-2022,-0.487341081,-0.029560019,-0.208829229,0.032312725,0.247011427,-0.382447546
24-07-2022,-0.487341081,-0.029560019,-0.208829229,0.032312725,0.247011427,-0.382447546
25-07-2022,-0.118512965,-0.79506891,-0.362168103,-0.043613469,0.740356871,-0.355413005
26-07-2022,0.064629712,0.354174686,-0.282731595,-0.170214939,0.159096019,0.154327916
27-07-2022,-0.082358559,0.162615383,0.026651316,-0.16538851,0.505147862,0.31726027
28-07-2022,-0.219187059,-0.19992316,-0.000153697,0.067564863,-0.061264709,-0.114369892
29-07-2022,0.734978329,0.01393995,0.228838783,0.101064348,0.73414839,0.382540096
30-07-2022,-0.131979131,-0.682595268,0.03068757,0,0.384507702,0.505166976
31-07-2022,-0.19316128,0.287072201,0.038760314,-0.135029607,-0.145774577,0.008402801
01-08-2022,-0.238171008,0.250246152,-0.466607853,-0.00595908,-0.280259792,0.361655164
02-08-2022,-0.270133719,-0.274215389,-0.379282783,0.031328795,-0.163129325,0
03-08-2022,-0.775988758,0,-0.722867944,-0.514455913,-0.595259758,-0.27471943
04-08-2022,-0.486262905,0.230805611,-0.293320313,-0.14055323,-0.651951491,0.0351806
05-08-2022,-0.124631005,-0.455088396,-0.357644419,0.190063577,0.07057335,-0.46740819
06-08-2022,-0.410218709,0.234876558,-0.18030753,-0.441267276,-0.40236764,0.01436638
07-08-2022,-0.038044564,-0.283343596,-0.118305431,-0.460064169,-0.547922971,-0.242639951
08-08-2022,0.227824097,0.514546444,-0.149267007,0.123772162,0.3518295,0.018665416
09-08-2022,-0.083947677,0.205549766,0.048194498,-0.392960989,-0.540109361,-0.734980581
10-08-2022,-0.588034732,-0.281458552,-0.267951605,-0.386562517,-0.50631312,-0.677799415
11-08-2022,-0.373808917,-0.116339449,-0.07607558,-0.378800449,-0.453422282,-0.618436867
12-08-2022,0.230366661,-0.409152479,-0.062371739,-0.290800372,-0.416528173,0.458441075
13-08-2022,0.030684516,0.048158927,-0.158348505,-0.558896478,-0.235767485,0.150003754
14-08-2022,-0.22324675,-0.019932908,0.355020914,-0.176213865,0.443904588,0.049243771
15-08-2022,-0.515155912,-0.39642203,-0.551559557,-0.278306997,-0.340366389,-0.44992147
16-08-2022,-0.414100232,0.06814473,-0.457527333,-0.343972147,0,-0.521280914
17-08-2022,0.008850161,0.074099591,-0.137673229,0.227684909,0.028683632,-0.48079806
18-08-2022,-0.161879017,0.007762082,-0.024967303,-0.486396201,-0.22680049,0.238336638
19-08-2022,-0.322639973,0.084551351,-0.24698622,-0.276590621,-0.083274003,-0.33573202
20-08-2022,-0.008750892,0.126459624,-0.342314546,-0.119813777,0,0.340351002
21-08-2022,-0.333952081,0.339099914,-0.53072908,0,0.305747919,-0.418896865
22-08-2022,-0.138258532,0.128122209,-0.472861256,-0.318537563,0.236908419,-0.559305995
23-08-2022,0.396622634,0.537944555,-0.386169368,0.334943388,0.518517796,-0.212497695
24-08-2022,-0.00830251,0.214806479,0.120771783,0.018797083,0.255116515,0.169932415
25-08-2022,-0.030600901,-0.016890969,0.27374005,0.368064737,0.268786414,-0.396127447
26-08-2022,0.334859561,0.320255484,0.194021587,0.263846725,0.33188309,0.316823915
27-08-2022,0.344914237,0.482458602,-0.25296214,0.216170122,0.595952139,0.151510122
28-08-2022,-0.23938167,0.213186522,-0.586824403,-0.268798665,0.726919702,0.347377336
29-08-2022,0.530295015,0.484808206,0.159172485,0.723173402,0.096490408,0.708450638
30-08-2022,-0.14880134,0.729089326,-0.562852839,0.143104659,0.20444906,-0.56535793
31-08-2022,-0.256464748,0.759566934,-0.560339011,-0.427598838,-0.621605389,-0.386568722
01-09-2022,0.297615006,0.848438727,-0.841227859,0,-0.33744425,-0.048173732
02-09-2022,-0.237158918,0.749741033,-0.267685119,-0.453623548,0.549839572,0.32880232
03-09-2022,0.163206661,0.275352928,-0.030157788,-0.117596199,0.655176248,0.187681209
04-09-2022,-0.147505916,0.107756458,-0.095195879,-0.244689267,0.104595918,0.177571465
05-09-2022,0.462717904,0,0,-0.17104278,0.370909912,0.752467946
06-09-2022,0.23195965,-0.125560221,-0.410497637,-0.400556619,0.040029073,0.101837923
07-09-2022,-0.138060966,0.423823174,-0.778291856,0.033191423,-0.168339275,-0.018137728
08-09-2022,0.053765366,0,-0.144149471,-0.350600906,0.746730155,-0.223620788
09-09-2022,0.006108798,0.128129593,-0.201203823,-0.44375091,-0.154097313,0.297544419
10-09-2022,0.407897834,0.082722135,0.048396326,0.422366796,0.397953535,0.450284048
11-09-2022,0,0.371958397,0.232906036,-0.425237374,0.268855042,0.251402833
12-09-2022,0.150695825,-0.232195043,-0.173380874,0.058655286,-0.344973219,0.219617326
13-09-2022,0.279898537,0.043942505,-0.346524826,0.122734284,-0.041431222,0.382484732
14-09-2022,0.220184698,-0.195365691,-0.304922897,0.087847825,-0.022207524,0.707918013
15-09-2022,0.073786582,0.28178498,-0.19094754,0.08713418,-0.357011789,-0.454870006
16-09-2022,0.002256794,0.036686743,-0.265066255,-0.159161257,0.596802153,-0.138704675
17-09-2022,0.085563527,0.321806136,-0.147927283,-0.165883608,0.595576137,0.391485299
18-09-2022,0,0.221530703,0.107826128,0,0.176976872,0.001901073
19-09-2022,0.302060394,0.532287175,-0.353113245,0.001553158,0.251699514,0.80893313
20-09-2022,-0.030047946,-0.019335312,-0.119381274,-0.516834219,0.019753488,-0.525781924
21-09-2022,0.182349458,0.081883808,-0.015637876,-0.236204668,0,-0.152728193
22-09-2022,0.551176915,0.444163281,0.091113342,0.355085916,-0.679691833,-0.175151146
23-09-2022,-0.210929361,0.23547504,-0.609396373,-0.099838395,0.146183429,-0.099272506
24-09-2022,-0.321594557,0.472641877,-0.426845858,-0.465598185,0.409694345,0.364892056
25-09-2022,0.014867579,-0.052901481,-0.255461303,-0.162552111,0.014341511,0.149157696
26-09-2022,-0.550638081,-0.341997158,-0.651368872,-0.483728268,-0.41060299,-0.339867377
27-09-2022,0.171485039,0.016513549,-0.292143206,0.076211778,0.009459298,-0.514059504
28-09-2022,0.280904817,0.597354283,-0.205207245,0.145688167,0.220741927,-0.557843425
29-09-2022,0.116280898,0.315031984,-0.216836769,-0.441672742,-0.105432639,-0.064404375
30-09-2022,-0.261081518,-0.071346416,-0.134059914,-0.411524307,-0.356641038,-0.102155565
01-10-2022,-0.469157146,-0.019119306,0.044827265,-0.148699836,-0.2581949,-0.089731968
02-10-2022,0.419925099,-0.30268255,-0.135582816,-0.506599015,0.523192533,-0.029089806
03-10-2022,0.664317262,0,0.146231633,-0.261633141,0.60768667,0
04-10-2022,0.664317262,0,0.146231633,-0.261633141,0.60768667,0
05-10-2022,0.37662167,0,0,0,0.307679825,0
06-10-2022,0.369508803,0,-0.160095879,-0.240435135,0.326002578,-0.081186958
07-10-2022,0.333555305,0.298127673,-0.00250777,0.174865606,0.158846774,0.451168378
08-10-2022,0.199426149,0.081677654,0.188008138,0.059337528,0.197650361,0.230676593
09-10-2022,0.499868257,0.328266564,0.369603425,0.344122544,0.507788076,0.298766795
10-10-2022,0.168472274,0.041103569,-0.2401345,-0.261258784,0.296031158,-0.191971755
11-10-2022,-0.076063616,-0.020050204,-0.741104826,-0.59700032,0.147080385,0.198628339
12-10-2022,0.250832497,0.57476709,-0.601964832,-0.624075128,0.193224137,0.220796466
13-10-2022,-0.057560308,0.237693094,-0.489553999,-0.179738613,-0.198562412,-0.374833387
14-10-2022,0.050885227,-0.163820774,-0.441853705,-0.33562802,0.127003312,-0.103956661
15-10-2022,0.389958962,0.175779628,-0.252356463,-0.110430999,0.531139529,0.277005314
16-10-2022,0.186097255,-0.21823111,0.006975693,-0.659344754,0.365637836,0.049851962
17-10-2022,0.361957809,0.690916868,0.173123527,-0.458476995,0.49015835,-0.025089777
18-10-2022,-0.243875803,-0.451951289,-0.12065922,-0.609912604,0.314822355,-0.410008742
19-10-2022,-0.186109925,-0.276547745,0.05853602,-0.52747874,0.583214126,-0.703941529
20-10-2022,0.340161794,-0.365937233,-0.045150432,-0.28716571,0.45419949,0.321784815
21-10-2022,0.095559591,-0.182053223,-0.021755491,-0.371544289,0.558720243,-0.134458085
22-10-2022,-0.275128712,0.080450492,0.01422264,-0.323406894,0.066412097,0.04792802
23-10-2022,0.310586896,0.247728043,-0.189422126,-0.038889474,0.473647296,0.401491509
24-10-2022,-0.140672931,-0.354703804,-0.343038257,-0.472914315,0.308753816,0.268607474
25-10-2022,0.053380075,-0.075437641,-0.197047305,-0.144553896,0.053695033,0.335297014
26-10-2022,-0.488804309,-0.378116846,-0.142359279,-0.438992926,0.125627094,0.289841449
27-10-2022,-0.450674938,0.176931076,0.27032755,-0.23264519,-0.15198772,0.191197292
28-10-2022,-0.561873959,-0.37770114,-0.274617891,-0.202958666,-0.038674789,-0.163790444
29-10-2022,0.477358407,-0.268347346,0.103676175,0.289501796,0.852041495,0.334258839
30-10-2022,-0.123279735,-0.096574754,-0.025193193,-0.427221894,0.518332196,0.487991077
31-10-2022,-0.194875305,-0.242681358,-0.254094431,-0.422542897,0.012262922,-0.037184502
01-11-2022,-0.07145499,-0.037529058,0.070294449,0.272545382,-0.233525931,-0.367848613
02-11-2022,0.28589667,-0.288955526,0.291357976,0.204503295,0.196015936,-0.270335345
03-11-2022,-0.127631095,0.344419736,-0.257056562,-0.300035055,-0.243869376,-0.062058463
04-11-2022,0.060442496,0.17929027,0.036373347,-0.155458303,-0.711017009,0.379932
05-11-2022,0,0.364364182,-0.208029811,-0.514743685,-0.317157881,0.088966787
06-11-2022,-0.335898405,-0.10734534,-0.263526415,-0.607641462,-0.18509813,-0.227294257
07-11-2022,-0.406647371,-0.275637742,-0.066923035,-0.465805155,0.565741957,-0.400463026
08-11-2022,-0.549445802,0.0066947,-0.471752897,-0.495436023,-0.533181896,0.551777286
09-11-2022,-0.378681699,0.151787369,-0.342930838,-0.746320028,0.026171965,-0.561324139
10-11-2022,-0.525986574,-0.042226104,-0.294500526,-0.747753029,-0.81909613,-0.39840586
11-11-2022,-0.197088991,0.041069164,-0.065054457,-0.468528843,0.520784009,0.040139807
12-11-2022,-0.221602274,0.158777852,0.071263589,-0.366676752,0.087064337,0.174166331
13-11-2022,0,0.142059549,-0.061046626,-0.299523186,-0.32606681,-0.022084622
14-11-2022,-0.01171192,0.1070835,-0.132232645,-0.09307101,-0.35730659,0.536933666
15-11-2022,-0.057876986,0.157302436,-0.605633825,-0.175297606,-0.376835914,0.422395304
16-11-2022,0.003615665,0.080782881,0.061204107,-0.031786532,0.226268838,-0.008673838
17-11-2022,-0.297353483,-0.063223827,-0.805205046,-0.279612204,0.524265142,-0.785626431
18-11-2022,-0.665104487,-0.35611684,-0.41337515,-0.588483328,-0.280304358,-0.096710272
19-11-2022,-0.245350586,-0.108456821,-0.017820501,-0.32315545,-0.425902708,0.11465354
20-11-2022,0,0.673185359,0.074604486,-0.160962795,0.010765875,0.356633997
21-11-2022,-0.537745987,0.068139449,-0.669416611,-0.653333638,-0.317920674,0.24171325
22-11-2022,-0.019519168,0.284658098,-0.070980613,0.076954976,-0.175987017,0.026460105
23-11-2022,0.167467422,-0.190207179,-0.286664001,-0.030713422,-0.220755635,-0.652954403
24-11-2022,-0.577445411,0.050087727,-0.328320709,-0.770337452,-0.638633571,-0.234542108
25-11-2022,0.374879525,0.209548783,-0.027627153,-0.461340227,0.090574516,-0.38730772
26-11-2022,-0.387864494,0.22884421,-0.087423128,-0.237748899,-0.044533762,0.069215125
27-11-2022,-0.026052022,-0.012758425,0.120531656,-0.42113518,-0.145861484,0.230086014
28-11-2022,-0.314571303,-0.09787784,-0.588571405,-0.243438654,0.18734431,-0.210044995
29-11-2022,0.138534188,0.292886131,-0.277477107,-0.403971083,0.248196167,0.303402723
30-11-2022,0.285658414,-0.20559664,-0.037022749,0.169305086,0.118049184,0.50179445
01-12-2022,0.410585585,0.313087455,-0.14004021,0.168273864,0.037794429,0.117021601
02-12-2022,-0.027940469,0.725372115,0.053433353,-0.043693512,-0.207712682,-0.012233788
03-12-2022,-0.431155373,0,0,0,-0.322949476,-0.163858845
04-12-2022,-0.278836377,0,0,0,-0.207420349,-0.802118588
05-12-2022,0.326778396,-0.160128393,-0.026376215,0,0.15717936,-0.021747324
06-12-2022,-0.056238163,-0.00229755,-0.557988164,-0.287261091,0.190377527,-0.348394887
07-12-2022,-0.210040842,0.099873502,-0.430979778,-0.229731449,-0.66267938,-0.240252123
08-12-2022,0.181058942,0.500519259,-0.320634263,-0.456166731,0.06034158,-0.074306998
09-12-2022,0.37920238,0.458513649,-0.473570922,-0.092247917,0.119182383,0.360681052
10-12-2022,0.534362899,0.577663975,-0.237829511,-0.241015873,0.35484767,0.570860159
11-12-2022,0.241809398,0.173961566,-0.177809716,-0.125760278,0.084977305,0.187713092
12-12-2022,0.454999314,0.529370198,-0.106962591,0.378973121,0.459739402,0.245582361
13-12-2022,0.512177852,0.414909513,0.097925993,0.70508365,-0.119746687,0.107220758
14-12-2022,-0.011912092,0.223691071,0.130294251,-0.496779304,-0.306740111,-0.406736726
15-12-2022,-0.120549298,-0.275415748,-0.167326825,-0.611217079,0.388998098,0.539850858
16-12-2022,-0.350994701,-0.560166802,-0.294035894,-0.503109006,-0.902846719,-0.225232123
17-12-2022,-0.502359961,-0.43596619,-0.159657468,-0.726443162,-0.846830249,-0.009207282
18-12-2022,-0.552251811,-0.787450699,0.15839064,-0.710098566,-0.505053182,0.106103892
19-12-2022,0.02727979,0.452562142,0.345087462,-0.188995165,0.541521378,-0.31940554
20-12-2022,0.146403987,0.120311093,0.258548752,-0.481756389,-0.328836403,0.042866294
21-12-2022,0.367582249,-0.044155422,0.077342398,0.141407409,0.217178074,-0.310759622
22-12-2022,0.243140462,-0.258568275,-0.114774191,0.177291949,0.178288401,-0.425789329
23-12-2022,0.515659964,0.558988312,0.030357041,-0.000180375,0.654619655,0.236738581
24-12-2022,0.047083562,0.104048033,-0.02507086,-0.223646011,0,-0.021029531
25-12-2022,0,0.393861017,-0.183812043,-0.031687546,-0.451019433,0.303635794
26-12-2022,0.175091154,0.477766347,0.16037395,-0.023864365,-0.029761007,0.43210276
27-12-2022,0.566448026,0.209630774,0.379110492,-0.000961465,0.6047903,0.735149012
28-12-2022,0.001063009,-0.148029129,-0.339041998,-0.365386667,-0.047291253,-0.15745738
29-12-2022,-0.201887232,-0.269379622,-0.309670067,-0.308738793,-0.534670136,-0.167139524
30-12-2022,-0.176256245,-0.474024323,-0.236533469,-0.47654338,0,-0.414631374
31-12-2022,0,0.007408815,-0.084076744,-0.040887212,0,0.045785128
01-01-2023,0,0.568314483,-0.05366322,0,0,-0.096789465
02-01-2023,0.244218524,0.263953011,-0.008963393,0.237437294,0.185117296,0.135415565
03-01-2023,-0.238868954,0.332978491,-0.43662508,-0.315111491,-0.785867257,0.153730419
04-01-2023,-0.73006607,0.427872566,-0.619803057,-0.539144392,-0.83309359,0
05-01-2023,-0.077799301,0.356655312,-0.217393455,-0.14121262,-0.52696939,-0.597000116
06-01-2023,0.237352421,-0.022309922,0.083554063,-0.380608112,-0.777328951,-0.186659122
07-01-2023,0,-0.236450532,0.037075333,-0.477888192,0.518830387,0.31423012
08-01-2023,0,0.665376366,0.004595201,-0.679797701,-0.346192482,0.079220732
09-01-2023,0,0.776632903,0.789138658,0,0,0.415454321
10-01-2023,-0.414836001,0.402869727,-0.124469443,-0.49469842,0,-0.377857962
11-01-2023,-0.332932364,-0.319289716,0.03917767,-0.433025448,-0.230069909,-0.434605578
12-01-2023,-0.176497317,0.265175494,0.384413626,-0.501995446,0.057708092,0.071205487
13-01-2023,-0.070063109,0.390192016,0.608785253,-0.038459776,0,0
14-01-2023,-0.327687782,-0.375277364,-0.015316507,-0.202726126,-0.24797404,0.093522033
15-01-2023,-0.319355495,-0.060139769,0.001632049,0.011298289,-0.247990132,-0.136884097
16-01-2023,-0.250872678,0.169483524,-0.110589261,-0.41098169,-0.262145013,-0.235792898
17-01-2023,-0.253931644,0.110327459,0.106837363,-0.284458707,0.412118329,-0.270148314
18-01-2023,-0.163617646,0.114125134,0.504712686,-0.084680245,-0.344075441,-0.696464594
19-01-2023,-0.473023288,-0.051353537,-0.022695936,-0.538635728,-0.67835746,-0.67727341
20-01-2023,0.199237369,0.446624843,0.682938879,-0.303819473,-0.623534278,0.151108955
21-01-2023,0.176326927,0.208922955,0.191494422,-0.12147702,-0.176093038,-0.488208974
22-01-2023,-0.176574902,0.025981307,-0.032067453,-0.431941528,-0.829645889,-0.072655877
23-01-2023,0.049830582,-0.077784865,0.2502798,-0.51494488,-0.04504633,0.550275982
24-01-2023,-0.358043983,0.111269484,-0.146887347,-0.653544679,-0.140623988,-0.218595093
25-01-2023,-0.672198218,0,0.078275091,-0.523415374,0.043482496,-0.170497582
26-01-2023,-0.012820842,-0.02896042,0.382630614,-0.11295975,-0.25388782,0.019309541
27-01-2023,0.091837829,0.219971384,0.474757741,-0.637037501,-0.274586832,0.158152803
28-01-2023,-0.077098336,0.064757661,0.00059608,-0.649125474,0,-0.182220886
29-01-2023,0,0.025705407,-0.274792929,-0.405591555,0,-0.311835476
30-01-2023,-0.016005206,0.366528401,0.082631601,0,-0.0850239,-0.042965666
31-01-2023,-0.174549717,0.610170204,-0.208534936,-0.026816957,0.148150144,0.3491516
01-02-2023,-0.545818248,0.302287414,-0.036595746,-0.749424547,-0.002394611,-0.178582905
02-02-2023,0.043916857,0.460055308,0.053265203,-0.471932927,0.318520349,-0.100418313
03-02-2023,-0.203276232,-0.066148135,-0.280479662,-0.600523663,0,0.223861067
04-02-2023,-0.309121694,-0.080162277,-0.358926033,-0.160446608,0.046250417,-0.116978335
05-02-2023,0,-0.245296629,0,0,-0.686494013,0.331012226
06-02-2023,0.176975675,-0.205651482,0.309959909,-0.128970978,0.189256684,-0.026397656
07-02-2023,0.634324797,0.437084468,0.479206341,0.279033985,-0.285085572,0.337860384
08-02-2023,-0.270433752,-0.106715789,0.222667833,-0.120757906,0,-0.506841091
09-02-2023,0.155584826,0.33952793,0.306039891,-0.139602521,-0.290761236,0.052239952
10-02-2023,0.782118771,0.303566245,-0.422217844,-0.129023159,0.06417298,0.537026002
11-02-2023,0.556562589,0.41509395,0.071929766,-0.190589274,0,0.600049783
12-02-2023,0.458597262,0.0244382,0.175598918,-0.193368501,0.334997119,0.250584298
13-02-2023,-0.139408589,0.25935868,-0.432707286,-0.509979465,0.300810045,-0.107389266
14-02-2023,-0.364855211,0.482589315,0.134583394,-0.810880471,0.020534971,-0.173824325
15-02-2023,-0.665112156,-0.160736654,-0.02189588,-0.843658674,0.244548367,-0.164921365
16-02-2023,-0.121706979,0.373211591,0.114092367,-0.198583401,0.273527176,-0.370075557
17-02-2023,-0.619538949,-0.256051119,-0.540005049,-0.532880962,-0.455030395,-0.563184492
18-02-2023,0,0.43369886,-0.260566779,-0.566654197,0.698310738,-0.093057061
19-02-2023,0,-0.268325973,0.168053961,-0.364309871,0,0.136896814
20-02-2023,0.021940922,0.281309486,0.570863915,-0.27593003,-0.00945493,-0.026797104
21-02-2023,-0.475807116,-0.787211147,-0.316386224,-0.300171379,-0.135229321,-0.210456386
22-02-2023,-0.359496099,-0.461372124,-0.473220793,0.014388292,0.115484093,-0.292061525
23-02-2023,-0.332548377,-0.186085551,-0.1554876,-0.056643625,0,0.011222417
24-02-2023,0.097455641,0.225409329,-0.267921973,-0.077411527,0,0.296531541
25-02-2023,0.482556061,0.519269475,0.132828092,-0.373255233,0.044689691,0.311001055
26-02-2023,0,0.319461302,0.364844084,-0.170283351,0,0.342403685
27-02-2023,0.038615611,0.03306017,-0.495827589,-0.22369128,-0.542701745,-0.204975499
28-02-2023,-0.244626272,-0.044385384,0.207106996,-0.242812513,0,0.12394659
01-03-2023,-0.144863468,-0.138780468,0.519771438,0.008388953,0.394681643,0.318734722
02-03-2023,-0.412192388,0.34921878,0.329332488,-0.231964086,-0.41786482,0.120049934
03-03-2023,-0.055904916,0.294825916,0.2174303,-0.31631215,-0.25631835,-0.424502547
04-03-2023,0.314339613,-0.204883391,0.093191627,0.160938035,0.704478087,0.036923929
05-03-2023,0,0.593307518,0.16613351,-0.514806715,0,-0.513551161
06-03-2023,-0.112340934,0.341901419,0.024899009,-0.061761232,0.040381435,-0.032860835
07-03-2023,-0.088698538,0.600142761,0.081352939,0.132167977,-0.675532886,-0.01985364
08-03-2023,-0.04699496,0.041328863,-0.193822535,-0.033803829,-0.725195289,-0.103574174
09-03-2023,-0.104422904,-0.022257382,-0.382856771,-0.22374751,-0.113315018,0.26869025
10-03-2023,0.048094254,0.257944627,-0.186074841,0,-0.307957253,-0.254345617
11-03-2023,0,0.15841115,0.232689001,0,0.42942417,0.10245681
12-03-2023,0,0,0,0,0,0
13-03-2023,-0.216632144,0.186877733,0.10132005,0,-0.394725697,0.472820143
14-03-2023,-0.151975281,-0.183131959,-0.196373436,-0.518554687,0.510777712,0.321284909
15-03-2023,-0.442571867,0.101472477,-0.048873494,-0.736457011,0.165217889,0.145337592
16-03-2023,-0.078145351,-0.288356389,0.15241924,-0.461363818,-0.149592374,0.395754389
17-03-2023,-0.569928258,-0.48769224,0.234313238,-0.54137128,-0.484453845,-0.358289317
18-03-2023,0,-0.384975918,-0.086735811,0,0.351482158,0.307374818
19-03-2023,0,-0.01904418,0.231626317,-0.198924414,0.271873971,0.643123501
20-03-2023,-0.160686943,-0.094018643,-0.292354292,-0.620808254,0.719563221,-0.728360306
21-03-2023,-0.105892388,0.086400319,-0.209793341,-0.642265452,0.568233687,-0.014418816
22-03-2023,0,-0.25096523,-0.227156077,-0.433135902,-0.082186693,0.076617284
23-03-2023,0,-0.25096523,-0.227156077,-0.433135902,-0.082186693,0.076617284
24-03-2023,-0.510659042,-0.179985595,-0.359980942,-0.448209158,-0.444165393,0.180183477
25-03-2023,0,0.422818924,-0.187229975,-0.354753422,-0.23688681,0.297875373
26-03-2023,-0.021702071,0.172432648,-0.174713773,-0.566455626,0,0.176909361
27-03-2023,0.374179856,0,-0.233567274,0,0,0.539466116
28-03-2023,0.229872559,0.014297284,-0.020771888,-0.074367908,0.074438478,-0.011022292
29-03-2023,0.403685063,0.324130041,0.071036009,0.09877104,0.171895936,-0.245303903
30-03-2023,0.382269995,0.242937838,0.372932948,-0.20429904,-0.044425843,0.668523686
31-03-2023,-0.032471194,0.128528508,0.058954319,0.071462963,-0.348188074,0.595912615
01-04-2023,0,-0.066812199,0.18051807,-0.131682675,0,0.575708791
02-04-2023,0.45887283,0.601295068,0,0,0.468130577,0
03-04-2023,0.382482066,0,0.386530367,-0.486465498,0.323359569,0
04-04-2023,0.299241263,-0.167759298,0.33164189,-0.208131112,0.311774998,0.202506377
05-04-2023,0.559907255,0.493368447,-0.181947697,0.317242852,0.332873704,0.199383476
06-04-2023,0.070602201,0.05473937,-0.472624457,-0.042236051,0.057410294,0.395909581
07-04-2023,0.289506025,0.818600138,-0.024362676,0,0.317850679,0.784285111
08-04-2023,0.518014403,0.452949951,0.097471184,0,0.601270241,0.345079005
09-04-2023,0.371157243,-0.053260525,0.133717592,0.223498072,0.395387422,0.314862238
10-04-2023,0.529166539,0.23742325,0.240383256,-0.300503492,-0.228594965,0.352570326
11-04-2023,0.319301197,-0.738864547,0.245907254,-0.306489384,0.154800533,-0.412807664
12-04-2023,0.219764838,0.005467888,0.287951687,-0.166712238,0.450454101,-0.349150047
13-04-2023,-0.149953397,0.598819521,0.07441971,-0.139521534,-0.158640873,-0.030364933
14-04-2023,-0.129515471,-0.840843959,0.320072292,0.149711491,-0.084000168,0.219694125
15-04-2023,-0.296391776,0.275393807,0.19368585,0.049753622,-0.149114536,0.391913455
16-04-2023,0,-0.363949947,-0.116863227,-0.420277307,0.146855959,-0.199507195
17-04-2023,0.396428744,0.140284833,0.173183152,-0.002647046,0.83366191,-0.053651328
18-04-2023,-0.001734025,-0.050814393,0.015247883,-0.181419398,-0.273846406,-0.007720481
19-04-2023,0.101819715,-0.352459455,-0.107304183,0.035841897,0.587162578,-0.507590697
20-04-2023,0,0.174074993,-0.532788258,-0.510809177,0,-0.135806724
21-04-2023,0,0.026972947,-0.480525513,-0.286506516,-0.093534309,0.472914943
22-04-2023,0,-0.172505699,-0.109718436,-0.456633669,-0.669199566,0.373052457
23-04-2023,0.714965899,0.091537928,0.185958477,-0.147024743,0,0.082340777
24-04-2023,-0.217168965,-0.238561124,-0.45207213,0,-0.034784431,0.581097854
25-04-2023,-0.159898002,0.363962529,-0.22121437,-0.016749416,0.023599034,0.565801101
26-04-2023,-0.184911366,-0.061588998,-0.443057655,-0.496087709,0.060600837,0.468053054
27-04-2023,-0.055044276,-0.232934725,-0.044903691,0.109481669,0.221375111,0.121117883
28-04-2023,-0.023900408,-0.15957278,0.051037866,0.220553001,-0.026677962,0.105839512
29-04-2023,-0.019925675,0.398081472,0.29573993,0,0.160499299,0.458909947
30-04-2023,0,0.544507468,-0.084172135,-0.193881474,0,0.234051386
01-05-2023,-0.10939689,0.060310769,-0.428075722,-0.652512188,-0.154330967,0.152638086
02-05-2023,-0.014773101,0.17646894,-0.494787929,0.156971606,0.452022273,0.102529231
03-05-2023,0.189533393,0.246185426,-0.391607784,-0.221439887,0.441565857,0
04-05-2023,-0.235000342,-0.108647397,-0.141239677,-0.530936633,-0.64498679,-0.062283832
05-05-2023,0,0.071570055,0.043948991,-0.301187066,-0.511579117,0.164403787
06-05-2023,0,0.166936284,0.016980445,-0.231367884,0,0.484453296
07-05-2023,0.403698045,0.673955593,0.138291538,-0.03286049,-0.631499577,0.304084148
08-05-2023,0.805154051,0.792275746,0.526815917,0.053093501,0.826921668,0.706606902
09-05-2023,0.140043322,0.085193565,-0.587079981,0.248850178,-0.421504874,-0.040418506
10-05-2023,-0.653841978,-0.698838263,-0.202911162,-0.57967942,0,-0.378851636
11-05-2023,-0.132945905,-0.147065606,-0.121076587,-0.010526575,-0.509808671,-0.034711067
12-05-2023,-0.260340983,-0.123979416,-0.549091872,-0.006834348,-0.086918728,0.383793407
13-05-2023,0,-0.337333599,-0.496327656,-0.280665715,-0.162569965,-0.163661421
14-05-2023,0.172746797,0.481129182,-0.253664046,0.132113145,-0.600046327,-0.030952675
15-05-2023,0.048387005,0.05467739,-0.416357524,-0.294583784,0.018397337,0.33532481
16-05-2023,0.024716967,0.642795793,0.08300713,-0.161273646,0.467076325,-0.463997943
17-05-2023,-0.480924574,0.115740889,-0.12617588,-0.479358915,0.326316543,0.142177421
18-05-2023,-0.455201789,0.253452851,-0.354308681,-0.604314534,0.147213529,0.13213126
19-05-2023,0,0.014596027,0.077072674,-0.683494242,0,0.135150656
20-05-2023,0,0.165369478,-0.090663691,-0.357166815,0.87551538,-0.172212833
21-05-2023,0,0.244200394,0.219817475,-0.540058527,-0.266852205,0.336116054
22-05-2023,0.152173073,-0.411241229,-0.033851098,0.133917682,-0.206219732,0.690437639
23-05-2023,0.103837937,-0.24588071,0.040528876,0.065961795,-0.42627048,-0.174200307
24-05-2023,0.28646042,-0.66879441,-0.092533827,0.234337326,0.113894616,-0.412563235
25-05-2023,0.325631535,0.737705209,-0.090389937,-0.0377323,-0.255406571,0.304643533
26-05-2023,0.051032325,0.089664011,0.005807095,-0.062030452,-0.328425901,0.220014083
27-05-2023,0,0.39584758,0.078117129,0.105674179,0.542351758,0.245167993
28-05-2023,0,0.491281486,0.193634308,0.05147887,0.885293731,0.348888122
29-05-2023,0.848923248,0.035247319,0.174669775,0,0.784037132,0.767643799
30-05-2023,0.087615693,0.430547204,-0.215303024,0,0.324119323,0.75527756
31-05-2023,0.114164633,0.494705326,-0.28564476,-0.192258296,-0.104488178,0.186154068
01-06-2023,-0.371116027,0.473315537,0.076738069,-0.628388464,-0.239926492,0.035883742
02-06-2023,-0.42689735,0.593765926,0.195290234,0,-0.079158594,-0.182882749
03-06-2023,0.146331889,0.198640703,-0.235926958,0,0.122652467,-0.441058492
04-06-2023,0.35660473,0.792810045,0,0,0.016643221,0.08120187
05-06-2023,0.355233713,0.496762694,0,0,0.405030306,0.393264644
06-06-2023,0.040904516,-0.63625667,-0.498061305,-0.29326174,-0.00755391,0
07-06-2023,0.049778264,-0.405317638,-0.137264635,-0.015423933,0.228095421,0.568068303
08-06-2023,-0.419571375,-0.366101455,-0.45835326,-0.150786749,-0.213269728,-0.535645944
09-06-2023,0.224977871,0.378271693,-0.612950452,-0.706045966,-0.061734889,-0.667513185
10-06-2023,-0.440565136,-0.001493319,-0.085645677,-0.71284899,-0.400886676,0.117743427
11-06-2023,0,0.022375862,-0.147148117,-0.58921999,0.043711552,0.002622258
12-06-2023,-0.083173433,0.324411775,-0.214012176,0,0.45152076,-0.700909598
13-06-2023,0.057019741,-0.032822059,0.215053109,-0.159269564,0.320756663,0.0577022
14-06-2023,-0.672968276,-0.236394662,0.277572207,-0.804765779,-0.432698933,-0.281129089
15-06-2023,-0.055368269,0.366807442,0.139960152,0.049584741,0.690177389,-0.055598653
16-06-2023,0.084685896,0.30592481,0.278939992,-0.229978737,-0.098329539,0.616130022
17-06-2023,-0.290967736,-0.001741359,0.300137362,-0.184599132,0.234950909,0.21882224
18-06-2023,0,-0.104032795,-0.04611252,-0.060511779,0.549048941,0.580247548
19-06-2023,-0.513564443,-0.448082611,-0.51851229,-0.619941944,-0.206582597,-0.220116467
20-06-2023,-0.295845564,-0.321084424,-0.28721676,0.052084374,0,-0.399139687
21-06-2023,0,0.199345712,-0.065225615,-0.449794239,-0.048611844,-0.033136838
22-06-2023,0.029453326,0.144592867,-0.096952154,-0.320181828,0.261508606,0.505678144
23-06-2023,0,0.551859404,-0.521062505,0,0,0
24-06-2023,-0.002281587,0.278055219,-0.141057833,-0.021271263,-0.458934891,0.287580086
25-06-2023,0,-0.18113216,-0.050136653,0,0,0.597605607
26-06-2023,0.620968684,-0.262620725,0.177019527,0.113734195,-0.2973656,0.239677043
27-06-2023,0.348574589,-0.156806629,0.101198292,-0.04396746,0.317367111,0.206459677
28-06-2023,0.284336843,0.120027373,-0.006188761,0.250891741,0.36002131,-0.333509692
29-06-2023,0,-0.322974222,-0.124227729,-0.18180097,0,0.410725957
30-06-2023,0.515372436,0.100734191,-0.187004917,-0.083099513,0.386903421,0.000406656
01-07-2023,0,0.359787368,-0.327425599,0,0,0
02-07-2023,0,0,-0.104428684,0,0.068071184,0.200729328
03-07-2023,0.184904027,0.25183056,-0.364233206,-0.42756969,0.073325137,0.277216999
04-07-2023,-0.018971596,-0.081964207,-0.034858293,0.205393749,-0.010771747,-0.057636548
05-07-2023,0.432606246,0.23648932,-0.511818239,0.299559937,0.31071029,0.360997752
06-07-2023,0.296753519,0.001744118,-0.079020499,-0.064289816,0.312052799,0.175731279
07-07-2023,0.111261899,0.034538756,0.180430183,0.098520281,0.026295594,-0.496735224
08-07-2023,-0.348648094,0.316681453,-0.171074199,0,-0.425373446,-0.117990701
09-07-2023,0,0.066483967,0.060996384,0,0.010269433,-6.69E-05
10-07-2023,-0.331709509,0.188784344,-0.321058174,-0.011144284,-0.544590891,0.02006905
11-07-2023,0.409703664,0.490504041,0.312783625,-0.159392172,0.431328897,0.30974024
12-07-2023,-0.064299215,0.080163569,0.231559274,-0.620508046,0.142117871,-0.352587814
13-07-2023,0.178813775,0.477017036,0.020157403,-0.474100893,-0.042134834,0.3529009
14-07-2023,0.182249735,-0.092789102,0.23468123,-0.005448001,0.317703808,0.754569887
15-07-2023,0,0.13624911,-0.054240111,-0.117421619,0,-0.183975326
16-07-2023,0.509292489,0.568229713,0.050460201,0,0,0.337887448
17-07-2023,-0.118800575,0.464791682,-0.31286061,0.234163638,-0.094162786,-0.41397385
18-07-2023,0.378604363,0.759958207,-0.207642844,0.149522506,0.10889538,0.180413014
19-07-2023,0.013068566,-0.562179843,-0.194556585,0.351225367,0,0.080749458
20-07-2023,0.055360322,-0.112973651,0.144803902,-0.158632823,0.648211348,-0.003539472
21-07-2023,-0.326532115,-0.216826678,0.231643498,-0.23831066,-0.220019587,-0.614582689
22-07-2023,0.603886639,0.350828854,0.075545455,0.074959397,-0.05351634,0.186188951
23-07-2023,0.43164433,0.203683516,-0.18372469,-0.132986455,-0.195525383,-0.263852453
24-07-2023,0,0.568687087,-0.036437552,0,0.141377488,0.476994532
25-07-2023,0.43552944,0.188878548,0.213164336,0.04832038,0.635811063,0.30121752
26-07-2023,-0.294047108,0.273880184,0.011840529,-0.513063564,0,0.021132902
27-07-2023,0.417896853,0.196361402,0.521616705,0.485167645,0.66144146,0.620546604
28-07-2023,-0.043963414,0.619435022,0.080614926,-0.163133807,0.30834612,0.3417238
29-07-2023,0,0.264712073,0.390699553,-0.327510877,0,0.145756598
30-07-2023,0,0.308557235,0.02444616,-0.451151888,0,0.629248891
31-07-2023,0.152546568,0.003583754,0.239636865,0.071422344,0.301758053,0.806962259
01-08-2023,0.344665137,0.082459991,-0.039934697,0.153345593,0.875220379,0.321685829
02-08-2023,0.339729352,0.058386839,0.424728019,0.194722266,0.612260175,-0.279542507
03-08-2023,0.267098164,-0.124689215,-0.001061762,-0.188417979,0.326937102,-0.334457484
04-08-2023,0.294202445,-0.023889278,0.125964322,0.214433496,0.191328315,0.078303999
05-08-2023,0.661403369,0.665982966,0.269061431,-0.150300901,0.426897488,0.4463664
06-08-2023,0.57726393,0.707743788,0.105288284,-0.154210513,0.101808942,0.669933245
07-08-2023,-0.103770123,0.246974116,0.190522061,-0.128185488,-0.258880496,0.466478858
08-08-2023,0.144234426,0.34203422,0.150076462,0.172017711,0.405668559,0.075136616
09-08-2023,-0.004695772,0.061157176,-0.306257239,-0.131649,-0.464175527,0.466404489
10-08-2023,-0.077476326,-0.290755995,0.218318167,-0.136667756,-0.402241717,-0.13521547
11-08-2023,0.356196862,0.139643308,0.257457844,-0.009940511,0.618958242,-0.45609343
12-08-2023,0.259511399,0.450190265,0.253122387,0.108701412,-0.394271098,0.159209223
13-08-2023,-0.157285674,0.477751127,-0.040461883,-0.335660319,0.614447947,0.122917035
14-08-2023,-0.024179211,0.355299602,-0.248819234,0.148044422,0.363406463,0.276048447
15-08-2023,-0.211718422,-0.049736272,-0.071594108,-0.136165136,0,-0.017517508
16-08-2023,-0.108813316,0.413835268,-0.310675683,-0.067848013,-0.540126531,0.170178334
17-08-2023,-0.162972102,0.11236758,0.107145455,-0.364217093,0,-0.003395794
18-08-2023,-0.08572658,0.364959207,0.280668254,-0.119191458,0.455271239,0
19-08-2023,0.138938264,0.61169771,0.041384722,0,-0.750256488,0.187213903
20-08-2023,-0.031476321,-0.194160968,-0.347670431,-0.088657703,-0.689959786,-0.095385261
21-08-2023,0.280262514,0.267242602,-0.28371766,0.625974879,0.361657608,-0.093457055
22-08-2023,-0.304573882,0.122307556,-0.380013211,0.030854269,0,-0.212248552
23-08-2023,0.663767826,0.705205402,-0.550768615,0.221568029,-0.425659828,0.110576773
24-08-2023,0.346562609,0.101913212,-0.416857745,0,0.112467401,-0.058461883
25-08-2023,-0.113550535,-0.147498555,0.12163481,-0.181448678,-0.207494033,-0.015097842
26-08-2023,0.02450975,0.633576223,0.052400035,0.185806208,0.258936328,0.394752411
27-08-2023,0.351489102,0.409101684,-0.133028021,-0.007784211,0,-0.176770691
28-08-2023,0.098690735,0.11747763,0.325232685,-0.342988786,0,-0.286081243
29-08-2023,0.117162663,0.165144588,-0.183390085,0.074886296,-0.44078068,0.200586612
30-08-2023,0.485985659,0.39151026,0.094025002,0.472845163,0.160922357,-0.052266098
31-08-2023,0.323636018,0.102089605,-0.218964135,0.493934189,0.475102681,-0.204610779
01-09-2023,0.108559576,0.080673246,0.176900794,0.34852282,0.356223081,-0.648070822
02-09-2023,-0.112312458,0.913774421,0.319180721,0.39949411,0.883645421,0.027066255
03-09-2023,-0.275870431,0.590505997,-0.175752496,0.200238491,0.688919749,0.488111491
04-09-2023,-0.158460839,0.661404399,0.399157271,0.131268009,-0.212962513,0.363530073
05-09-2023,0.654435036,0.498241744,-0.087450211,0.531673898,0.656150908,0.610082425
06-09-2023,0.367448344,0.080982907,0.279214865,0.043145053,0.375702294,-0.126529456
07-09-2023,0.209611357,0.622569487,-0.244239339,0.482054925,0.346168513,0.43883777
08-09-2023,0.1067706,0.472054699,-0.225318401,-0.179224428,0.041778282,0.705846747
09-09-2023,-0.115816598,0.161894716,-0.253206975,-0.558923396,-0.133807442,0.696592128
10-09-2023,0,-0.079342042,0.037579467,0.005052005,-0.160208853,0.424800297
11-09-2023,-0.151190553,-0.194647868,-0.069054257,0.025408548,-0.115861222,-0.169775703
12-09-2023,-0.068696293,-0.100618663,0.221908845,0.054011541,0.296921112,0.467535582
13-09-2023,0.100146267,-0.401845411,0.13743221,0.041216259,0.327724321,0.014339416
14-09-2023,0.13405892,-0.018648717,0.433327949,0.19784842,-0.032339895,-0.108359587
15-09-2023,0.408730624,0.053178915,0.622004101,0.200641489,-0.189915864,0.320785621
16-09-2023,-0.368725671,-0.273884133,0.346631546,-0.148190107,0.054848003,0.141654369
17-09-2023,-0.09077726,0.532310685,0.089608242,-0.116837121,0.646011981,-0.252721228
18-09-2023,0.496785381,0,0.520863123,0.306567871,0.281962466,0
19-09-2023,0.245675257,-0.638913955,0.453852792,0.429487937,-0.120421501,-0.644267487
20-09-2023,0.098099454,0.172041723,-0.003208549,0.04099257,0.18470246,-0.01228955
21-09-2023,0.076348732,0.077334076,-0.325611116,-0.715362569,0.533056339,-0.080935562
22-09-2023,0.366756834,0.177419526,-0.081516659,0.117652065,0.11552199,-0.161989563
23-09-2023,0,-0.291444063,-0.033095249,-0.368241277,0,0.198383156
24-09-2023,0,-0.267787548,0.037914671,-0.242228194,0,0.351411516
25-09-2023,0.145033716,0.24217605,0.148494539,0.044991797,0.002528215,-0.471798823
26-09-2023,-0.074971564,0.050030874,0.072258977,-0.178989564,0.263859784,-0.58296313
27-09-2023,0.161710346,0.590136236,0.28660737,0.230305345,0,0.57428262
28-09-2023,0.41459251,0.264089829,0.441799335,0.393969547,0.138311553,-0.002422555
29-09-2023,-0.15559243,-0.263062609,-0.072865414,-0.094768781,0.038227978,0
30-09-2023,0.015292865,-0.046328919,0.178464868,-0.25534642,0.781264698,-0.457479782
01-10-2023,0,-0.065820847,0.330639203,0,-0.127655309,-0.172767215
02-10-2023,-0.231909593,-0.122652026,0.053604388,0.178176155,0.682270915,0.215241901
03-10-2023,-0.501621889,-0.201310191,-0.130291989,-0.003223077,0.061017609,-0.102818744
04-10-2023,-0.116537499,-0.39541021,-0.279003978,0.217295084,-0.258198737,0.580961609
05-10-2023,0.015056353,-0.241156879,-0.435557748,0.180628509,0.325016233,-0.21234625
06-10-2023,-0.653437869,-0.166065735,-0.307875162,0,-0.441430769,0.006936218
07-10-2023,-0.47811623,0.431616192,0.345590186,-0.526999374,-0.824273152,0.318760031
08-10-2023,0.001811988,0.040923369,0.125665722,-0.280617125,0.111151867,-0.193238819
09-10-2023,0.666387672,0,0.44564601,-0.069530845,0.131997246,-0.263710118
10-10-2023,0.141875568,-0.542129492,-0.276699042,-0.469977902,0.350377721,-0.037648381
11-10-2023,0.05950478,0.555307592,0.03938388,-0.106403555,-0.541188474,0.208608892
12-10-2023,-0.264256008,0.411489603,0.224099289,-0.633510413,-0.21033849,-0.274244366
13-10-2023,0.498678501,0.35260769,-0.187584562,0.461808275,-0.63365543,0.109804011
14-10-2023,0.517102979,0.122553198,-0.184087669,0,0,0.083984008
15-10-2023,0,-0.222220331,-0.211898539,0,-0.548810317,-0.292816502
16-10-2023,0.219107196,0.760178486,-0.020779465,-0.178004962,0.229854052,-0.24496312
17-10-2023,-0.312562459,0.262818402,-0.660475277,-0.57773766,-0.677140632,-0.192078576
18-10-2023,0.438974089,0.678931602,0.133605709,0.298353,-0.421211759,-0.130454926
19-10-2023,-0.02826181,0.29083867,0.191304148,0.36106387,-0.797259026,-0.106120328
20-10-2023,-0.016996243,0.279641204,-0.159130249,-0.07774324,0.323951332,-0.161157185
21-10-2023,-0.503145697,-0.633037892,0.042017616,-0.420319475,0.238448958,-0.154273587
22-10-2023,0,0.587519568,0.103428307,-0.267524999,0.129979038,-0.046870916
23-10-2023,-0.450750205,-0.498786185,-0.23446001,0,0,-0.761428847
24-10-2023,-0.263096683,0.019571247,-0.179399537,-0.094795806,0.001656366,-0.257629346
25-10-2023,-0.37398291,-0.1789924,-0.183292265,-0.44397051,0,-0.401789011
26-10-2023,-0.383376178,-0.396195135,-0.146912662,-0.749989982,-0.629142221,0.490056962
27-10-2023,0.025474616,0.128125609,0.002361729,-0.336883429,-0.080268105,-0.38451341
28-10-2023,-0.105414125,0.163308883,0.12329512,-0.03518713,0,-0.296560946
29-10-2023,-0.046121493,0.100268705,0.08960574,-0.216033599,-0.371170794,-0.330311928
30-10-2023,-0.242836414,0.226023721,-0.416300197,-0.076232927,0.54139602,-0.832148385
31-10-2023,0.112807168,-0.12788065,0.102733821,0.131957791,0.213943327,-0.040919434
01-11-2023,-0.100638555,-0.131065781,0.025690444,-0.310067876,0.211212712,-0.425448034
02-11-2023,-0.215918919,-0.666139122,0.142450258,-0.612798863,0,-0.391105803
03-11-2023,0.124265648,-0.011648183,-0.318489159,-0.373440492,0.341264549,-0.404444477
04-11-2023,0,-0.324578125,-0.396462076,-0.472961919,0.283693339,-0.322676811
05-11-2023,0.248798648,0.538912685,0.063429274,0.448724625,0.383163757,-0.498725873
06-11-2023,0.498991668,-0.038871822,-0.056129631,0.030524435,0.439115103,0.245473894
07-11-2023,-0.127700991,0.19874871,-0.378250067,0.072398907,0.315679618,-0.374532852
08-11-2023,-0.481763312,0.063784201,-0.517422691,-0.725644201,0.422132772,0.074781354
09-11-2023,-0.156754859,0.454262473,-0.34639854,-0.101026027,-0.870599852,0.517944444
10-11-2023,-0.205877429,0.211636146,-0.124103853,-0.121516511,0.501672264,-0.773773505
11-11-2023,0,0,-0.122541354,0,0.712818147,0.029212763
12-11-2023,0,0.029767852,0.100532911,0,0,-0.595216499
13-11-2023,0,0.200721065,-0.37637066,-0.117637084,0.312131345,-0.091039863
14-11-2023,-0.048134278,0.37437685,0.082820848,-0.525468639,0.401670839,0
15-11-2023,-0.309270234,0.332152251,-0.135043432,-0.368329705,0.246639608,0.322683408
16-11-2023,-0.798150719,-0.098478747,-0.454750365,-0.76302023,-0.829192039,-0.238092286
17-11-2023,-0.255280864,-0.098792065,-0.159090282,0.00626652,0.121195448,-0.065104494
18-11-2023,0.3982897,-0.107918516,0.026595484,0,0.450230531,0.192553344
19-11-2023,0.147205467,0.734100242,-0.027559259,-0.253742293,-0.041371093,0.443539915
20-11-2023,-0.06952427,0.749835692,-0.247330391,-0.324875904,0.220188854,0
21-11-2023,-0.006991758,0.615715122,-0.460290725,-0.360342654,-0.338509313,0.183250177
22-11-2023,-0.510266002,0.36942471,-0.250816917,-0.272011358,-0.692364525,0
23-11-2023,-0.568460507,0.022811146,-0.087949773,-0.446264236,-0.756160548,-0.428702283
24-11-2023,-0.3538746,-0.312926537,0.269546787,0,-0.151451199,-0.114982913
25-11-2023,0,0.580389554,-0.280051319,-0.617133786,0.33928961,0.496090691
26-11-2023,0.521191181,0.872417887,-0.188071475,-0.305469453,-0.261837944,0.098958653
27-11-2023,-0.026980649,0.733657734,-0.633925285,-0.127703378,-0.530550974,0.322167185
28-11-2023,0.044933359,0.166609396,-0.25034594,-0.197241024,0.192594936,-0.230703037
29-11-2023,0.141867906,-0.076328518,-0.41156032,-0.220418673,0.069756205,-0.27091888
30-11-2023,0.078620671,0.605817228,-0.141051775,0,0.059923129,0.317446947
01-12-2023,0.163291007,-0.28235091,-0.318645563,0,0.127309763,0.765078477
02-12-2023,-0.343691416,0.344962154,-0.353342226,-0.314476907,-0.29552517,0.411360397
03-12-2023,0,0.669678232,-0.16912872,0,-0.063604399,0.257390988
04-12-2023,-0.036798819,0.39194517,-0.594742547,-0.236864822,-0.376676204,0.48878382
05-12-2023,-0.132920313,0.183963107,-0.446462096,-0.259919468,-0.482890891,0.409656811
06-12-2023,-0.618624849,0.658515038,-0.387605147,-0.531316936,-0.106552496,0.015945316
07-12-2023,-0.069032248,0.306993491,0.016152822,-0.560820479,0.022933671,-0.304799166
08-12-2023,0.009559684,-0.038680256,-0.169830734,-0.495857912,0.214259699,-0.259678911
09-12-2023,-0.088630126,0.741193146,-0.219743904,-0.573385607,-0.264635435,0.27836537
10-12-2023,0,0.50764092,-0.199360371,0,-0.220041851,0.595926236
11-12-2023,-0.029060362,-0.11014446,-0.184391772,0.04096485,-0.172625483,0.23051312
12-12-2023,0.018432361,0.671801111,-0.533115887,-0.191141762,-0.238033605,0.252437736
13-12-2023,0.065748404,0.544425159,-0.235199567,-0.104192443,0.158425515,0.534771911
14-12-2023,0.427109152,0.40516729,0.376701354,0.365264685,-0.280330414,-0.01018327
15-12-2023,0.187916339,0.312577846,0.230358998,-0.453448501,0.598571988,0.481741295
16-12-2023,0.176529433,0.160413063,-0.233755459,-0.748699436,0,0.331881265
17-12-2023,0.118542515,0.456375254,-0.258669246,0,0,0.076324557
18-12-2023,0.273663851,0.343009182,0,0,-0.148407677,-0.14668679
19-12-2023,0.445152782,0.485373172,0,0,0.807172468,0.537465755
20-12-2023,0.522511953,0.540110556,0.037123118,-0.388260885,0.372621627,0.489270987
21-12-2023,0.177666911,0.555134691,-0.287307681,0.056361376,0.131124303,0.124824147
22-12-2023,0.305471675,0.326950947,-0.097956904,0,0.108184296,0.114615814
23-12-2023,0.134106794,0.510757204,-0.220162947,0,0.123388578,0.491272201
24-12-2023,0.583558286,0.599026713,-0.276755753,0,0,0.413092167
25-12-2023,0.602486947,0.235206086,0.110081011,0,0.472030111,0.443726275
26-12-2023,0.286072251,0.240787437,0.151784078,-0.008444953,0.287077597,-0.091182829
27-12-2023,-0.260219849,0.251321492,-0.174014162,-0.494941593,0.031463501,-0.238999073
28-12-2023,-0.092329217,0.150597546,-0.436014175,-0.322325752,-0.63773054,0.095272999
29-12-2023,-0.251963923,0.485810481,-0.351154563,-0.568812806,-0.576601167,0.193392394
30-12-2023,0,0.428579045,-0.184232978,-0.316826209,0,0.038640656
31-12-2023,0,0.371454158,0.186900317,-0.50485514,0,0.243787374
