Date,y_true,y_pred,base_value,shap_ret_lag1,shap_ret_lag2,shap_ret_lag3,shap_ret_lag4,shap_CO1 Comdty - Open Interest,shap_SMAVG (15),shap_raw__z_Supply Shock and availability risk,shap_raw__z_Transport logistics and chokepoints,shap_raw__z_Demand and macro economy,shap_raw__z_Inventory SPR and refinery,shap_raw__z_OPEC producer policy,shap_raw__z_Geopolitical Normalisation and Peace,ret_lag1,ret_lag2,ret_lag3,ret_lag4,CO1 Comdty - Open Interest,SMAVG (15),raw__z_Supply Shock and availability risk,raw__z_Transport logistics and chokepoints,raw__z_Demand and macro economy,raw__z_Inventory SPR and refinery,raw__z_OPEC producer policy,raw__z_Geopolitical Normalisation and Peace
2024-01-02,0.0374565566600884,-0.11935877573050344,0.00681338525072176,-0.08818559830404976,-0.007384933481688946,-0.00792951879942605,-0.009240650317506979,-0.003034785688489989,-0.003038329680675042,0.0013263029986176462,0.003552349189632704,-0.01793529721619794,-0.0012200442837892733,0.0009820623244954922,0.005936282277852903,-0.1606055764471978,-0.1211240803230335,-0.0476341818327776,-0.0972112627673436,526073.0,271450.0,-0.4671364396518904,-0.0395607872453837,-0.181503719412342,-0.7009090794121431,-0.0742954153953316,0.069022232955553
2024-01-03,0.0856066133335531,-0.006484455363556878,0.00681338525072176,0.0316709131457909,-0.006017184866888117,-0.02006960217956236,-0.0031707645090462686,-0.0017346770341642504,-0.0028146859754934897,6.799274679168715e-05,0.0026758117125431995,-0.01741841733356716,-0.0003301422537862209,0.0001734797491209287,0.003669436183982529,0.0374565566600884,-0.1606055764471978,-0.1211240803230335,-0.0476341818327776,520589.0,281003.0,0.3180479841155091,-0.0860388172107883,-0.1225903506338906,-0.3669696376421533,0.1045815723286641,-0.1862296731860854
2024-01-04,0.052521824954983,-0.002366682135999656,0.00681338525072176,0.03926592975470452,0.0015253063091265505,-0.01888403961874763,-0.01597417239175322,-0.0004180644645380163,-0.0012654232225453553,-0.00028226210835803156,-0.001184114861319152,-0.017055246230612036,0.00227939054157245,-0.002992055634108592,0.0058046845398571035,0.0856066133335531,0.0374565566600884,-0.1606055764471978,-0.1211240803230335,499963.0,289829.0,0.2293731148847468,0.2963836250942027,-0.2928903266877906,0.1423017496566287,0.2444401155303778,-0.4812356786380443
2024-01-05,0.0854428215840643,0.009538865858734582,0.00681338525072176,0.024456832554196607,0.0021987043687293917,0.010989657002561505,-0.02756413111854524,-0.0009362397845448142,-0.0015898712034020197,0.005203987355705056,-0.002441075497575135,-0.012978542572661777,-0.00016134306164831608,0.001063698020623795,0.004483804544573736,0.052521824954983,0.0856066133335531,0.0374565566600884,-0.1606055764471978,494881.0,299638.0,0.4673122134397849,0.5756241186094079,-0.0623097988263264,0.0088743980106903,-0.029596847345293,-0.4677681597943606
2024-01-08,0.0064580125600111,0.0450799955274189,0.00681338525072176,0.033617332668584306,0.0030765721840771126,0.015889703108679636,0.011781641546316987,-0.0008862519831884494,0.00017230863685004831,-0.0004891979389090095,-0.0006049091060743983,-0.017746152087513442,-0.0013034860576113584,0.0005158214994680251,-0.005756772193982326,0.0854428215840643,0.052521824954983,0.0856066133335531,0.0374565566600884,464344.0,309138.0,0.0601721003304184,0.3436653858379596,-0.2549274161642004,-0.1642617564080519,-0.6583827296822375,0.2569848791492031
2024-01-09,0.0491317613652118,0.021899999220196024,0.00681338525072176,-0.0015363893115334572,0.003262441250113854,0.010891287355644019,0.014895866631077772,-0.0011708569802669718,0.005371845259778449,-0.000122173794246454,-0.003152881803762609,-0.01771494290735778,-0.00048778229629431376,0.002584626956312669,0.0022655736100090948,0.0064580125600111,0.0854428215840643,0.052521824954983,0.0856066133335531,444047.0,319277.0,-0.4286683693601935,0.3156249137901065,-0.3731213567891706,,-0.7525155925309034,-0.0278645298553837
2024-01-10,0.0625959646782332,0.048310979285814466,0.00681338525072176,0.02339814571809351,0.0007777232722263515,0.01558319849180939,0.013215492600388368,-0.0017570009126077696,0.0049493334548446,0.0010358710844747968,-0.002694696288777001,-0.017608296977142612,0.0006130926563410686,0.0007791335903619248,0.00320559734508004,0.0491317613652118,0.0064580125600111,0.0854428215840643,0.052521824954983,418606.0,329879.0,0.3224236006749919,0.4747986257751119,-0.2941206876962688,-0.0876705424909843,0.0154996530039525,-0.1351219191297029
2024-01-11,0.0698144390655528,0.036685411054907184,0.00681338525072176,0.030095051199079962,0.0031288099965722633,-0.0008633267910823085,0.015655120651502562,-0.002522320889703152,0.009524787229555002,-6.14923186834618e-05,-0.002661144832675344,-0.016234859769286493,-0.0011235626957380902,0.0019219259575107093,-0.006986961932866271,0.0625959646782332,0.0491317613652118,0.0064580125600111,0.0854428215840643,413438.0,342029.0,0.1180692552823054,0.5777438744830946,-0.2103992841797407,-0.276884071051397,,0.3188208112728295
2024-01-12,0.0628624028723914,0.04582648934996338,0.00681338525072176,0.02800402490682044,0.001114946480592975,0.0127467881203002,-0.005169657582828545,-0.002295084846154254,0.00935433376995763,0.004907627507775427,-0.0029642287308495182,-0.01144179368326674,-0.0013550226950746033,0.003103096997426251,0.003008073854542332,0.0698144390655528,0.0625959646782332,0.0491317613652118,0.0064580125600111,400825.0,355724.0,0.4897301236818629,0.5597944667467184,-0.0738409390282297,-0.3861186595350553,,0.019820390483166
2024-02-08,0.0698857990353154,0.05925545574304788,0.00681338525072176,0.036556781471242375,0.002673911525618826,-0.0031826096348423205,0.0012951302649738515,-0.001791141349160342,0.0030001155255593524,-0.00037444047959288583,0.0029133867422341995,0.010685756715628504,6.427366161304414e-05,0.001092222610135557,-0.0004913165610840653,0.1077339622705393,0.0863291264615968,-0.0098246404285182,0.0187970552051224,520213.0,323188.0,0.1534007989712961,-0.0548692339868206,0.1458116062581292,-0.435599246727627,0.0980628237573435,0.2129606887002582
2024-02-09,0.0575950872545503,0.0488718292275911,0.00681338525072176,0.028299292909615616,0.004390014874679475,0.014127098538507039,-0.008003924424986975,-0.0009893498179322816,0.0038673469981185776,-0.00047728021467279317,0.00242496791872151,0.005060428465010592,-0.001157555508651938,0.0015403020888737201,-0.007022897850413171,0.0698857990353154,0.1077339622705393,0.0863291264615968,-0.0098246404285182,486916.0,335666.0,0.1664399464164599,0.0412402144592562,0.1032428589533516,-0.2481250563960604,,0.3725807606488929
2024-02-12,0.0462993663444306,0.035180829027062994,0.00681338525072176,0.028061452439198206,0.003646336428456277,0.010945579919657441,0.015275192898170638,-0.0005431384239011426,0.008709350575695529,0.0004589076615337014,-0.00290108308453953,-0.01700349638234948,-0.0015732237153585679,0.0011433379783962723,-0.01785177251861808,0.0575950872545503,0.0698857990353154,0.1077339622705393,0.0863291264615968,457637.0,347726.0,0.1578102358583236,0.4543583843664083,-0.1444120336481389,-0.1698846976590724,-0.3265675223760455,0.6994563462614151
2024-03-01,0.0598020996180457,0.04211945637153934,0.00681338525072176,0.019212034232461903,0.002084398420047074,0.014043678958439686,0.016665972135072152,0.00039811456350267364,-0.0037917637161671296,-0.00045249077362646454,-0.0022761540928952734,-0.014375851185750159,-0.0034315270162546497,0.00046972217656462707,0.006759937419423109,0.0462993663444306,0.0575950872545503,0.0698857990353154,0.1077339622705393,593033.0,281457.0,-0.077844618493264,0.1364465964356999,-0.0053181685497924,-0.5328266602674644,-0.015015709550003,-0.5694083188285519
2024-03-04,0.0649895084853557,0.05697188684220731,0.00681338525072176,0.027573518968291744,0.002905432443872276,0.015230307342717766,0.013876775548175865,-0.0015426004423533355,-0.002060340130390294,0.00474201938665747,-0.0029420219897468352,0.004932829720555002,-0.001204454981698972,-0.004677377613270829,-0.006675586661324364,0.0598020996180457,0.0462993663444306,0.0575950872545503,0.0698857990353154,564495.0,288581.0,0.5572662325934418,0.9193394950256114,0.0820012654190338,-0.3683593070217081,0.554937976894983,0.4514570686273998
2024-03-05,0.0506263198617737,0.04058379831241539,0.00681338525072176,0.02449781144616351,0.0026883298192862375,0.01091182417033072,0.014101419843475042,-0.0029983752279025035,-0.0018793541770142635,0.0004587285333843972,-0.0013904619606732451,-0.018275294525095343,0.0008880406670081145,-0.0026704582531663283,0.007438202725897283,0.0649895084853557,0.0598020996180457,0.0462993663444306,0.0575950872545503,551331.0,296740.0,0.2992490559259911,0.1850203714773186,,0.0867836530754311,0.1971428984566622,-0.6484973575515206
2024-03-06,0.054114099043188,0.03703259646131927,0.00681338525072176,0.021323884744144508,0.0028086744511006964,0.013736214686768049,0.013527389263046558,-0.0033115843094682516,0.0010317743498955555,-0.0007824304732642983,-0.0012578452698324394,-0.019050377972961986,-7.817344629385146e-05,-0.0012167546338389965,0.003488439821301968,0.0506263198617737,0.0649895084853557,0.0598020996180457,0.0462993663444306,541646.0,306169.0,-0.3279919354901192,0.1916669708276686,-0.4115930496452955,-0.1746741120147621,0.1329917394014853,-0.1877111886807791
2024-03-07,0.0462560104450835,0.054535894750110184,0.00681338525072176,0.02403986324032604,0.0010092823901775535,0.013936938043060482,0.013151299738568505,-0.0024484915568784584,0.0005954559075177296,0.0002767825699430681,-0.0038569425327798328,-0.003978607006630961,0.00501266682128597,-0.003470783123664892,0.003455045008463263,0.054114099043188,0.0506263198617737,0.0649895084853557,0.0598020996180457,505293.0,314645.0,0.0993951958262922,0.5756700306374578,0.0507502495794123,0.3621907021563145,0.4396110798410718,0.1134400698246455
2024-03-08,0.0054975399591947,0.05816817124338546,0.00681338525072176,0.020618740793543863,0.001901085249345551,0.011448833754038662,0.014144101147575194,-0.0014622413004838721,0.004953945510303083,0.0008081467510529607,-0.0028660066568613027,-0.017955950944202794,0.00259685379910847,0.010833626967308546,0.006333650921935347,0.0462560104450835,0.054114099043188,0.0506263198617737,0.0649895084853557,481810.0,324322.0,0.0529799469410094,0.5323778683300932,-0.2665715711973681,-0.0291233461432185,0.8363775799211891,-0.6008367657097904
2024-03-11,0.0601609779474197,0.008533148481541195,0.00681338525072176,-0.0009178203781755622,0.001989412234058654,0.010356595233520926,0.011952368285930564,-0.0011717434922298895,0.004700422400416493,-0.0009236939334517874,-0.0024615736879179985,-0.016445155444082475,-0.0023669021504020477,-0.006449816308442979,0.003457670471595564,0.0054975399591947,0.0462560104450835,0.054114099043188,0.0506263198617737,465992.0,334169.0,,0.2786360267691188,-0.1985614314935865,,0.4453568078394923,-0.2915770455838902
2024-03-12,-0.0009760859730558,0.04735979582243487,0.00681338525072176,0.02868307276271426,0.002182539031630925,0.010231625623714968,0.012953512650255837,-0.0009006667520974218,0.006960125506910579,-0.002286615613432083,-0.0032815901179683196,-0.013308186499261519,0.0009803343123633498,0.002655598899197206,-0.004323339232314644,0.0601609779474197,0.0054975399591947,0.0462560104450835,0.054114099043188,452565.0,345737.0,,0.4267904107495825,-0.0864334155661146,-0.4481441492367288,-0.3857887619528991,0.3901389307259593
2024-04-01,0.0452788343937653,0.02368752364543759,0.00681338525072176,-0.0027245107644683457,0.0029163425129356056,-0.0007951497263826808,0.012296928473152993,0.007538744708470549,0.005159757209101603,-0.0005204567471036619,-0.002621235473681194,-0.013192725159062866,-0.0007602338861022492,0.005122837622994475,0.004453839624861613,-0.0009760859730558,0.0601609779474197,0.0054975399591947,0.0462560104450835,619616.0,319189.0,,0.3565721910604124,-0.0312756945160101,-0.3699127483852187,,-0.2408006804682244
2024-04-02,0.1396551104750516,0.06625978466715016,0.00681338525072176,0.018880654992102737,-0.00019756232699228078,0.012812010052717818,-0.006749824905381325,0.006141806100321004,0.004383643580431727,0.001951084910034846,-0.0024341348959777075,0.01895391276820709,0.0031091138352479027,-0.0016714123572133602,0.004267107662929888,0.0452788343937653,-0.0009760859730558,0.0601609779474197,0.0054975399591947,596214.0,327871.0,0.6219215913574109,0.2721205300198958,0.3638007249744569,0.2284229734530356,0.336269119696525,0.01725326069513
2024-04-03,0.1326524121851742,0.11145953415221883,0.00681338525072176,0.057946858205181674,0.0012036241661423685,-0.0016309755343907938,0.013154484326958735,0.001907924027730888,0.0053915527650152725,0.004249346076905377,-0.0015128884829998755,0.017787514501715836,0.004822046596857925,-0.0030148813565234254,0.004341543608903234,0.1396551104750516,0.0452788343937653,-0.0009760859730558,0.0601609779474197,582389.0,336526.0,0.6531804447928253,0.3294027879579067,0.3337941529642261,0.5793823022145888,0.3833943422503448,0.1651434145517842
2024-04-04,0.0905778758096467,0.07649801794748276,0.00681338525072176,0.046951218765832956,0.0014344791535918304,0.010859658494618007,-0.007318644530340639,0.0004107416404526872,0.00657538344827822,-0.00039645810353146474,-0.00234308078679421,0.008758224260459106,0.000520168140724198,-0.0005613402021698044,0.004794282415640133,0.1326524121851742,0.1396551104750516,0.0452788343937653,-0.0009760859730558,577998.0,344561.0,0.1920167961480638,0.2826634356502217,0.1541605858340506,-0.0022802495482704,0.1611938703717487,0.0364218705410351
2024-04-05,0.1055189623926313,0.08874040293219534,0.00681338525072176,0.026861996392978045,0.002761619222428366,0.013199571014484943,0.010259546707797496,-0.0009431228514043035,0.005557169956388878,-0.001113659645410522,0.00136954863389244,0.018487656625591896,0.00023030175405823022,0.0007030363589677552,0.004553353511700484,0.0905778758096467,0.1326524121851742,0.1396551104750516,0.0452788343937653,582038.0,353457.0,0.2298813201725204,0.0757377329987246,0.3698540605134272,-0.0721307845441256,-0.0216646846050455,-0.1074706023755318
2024-04-08,0.0963286225606747,0.09135161661179939,0.00681338525072176,0.0332824249423078,0.003188277337259195,0.015003309030209376,0.01500327192427431,-0.0001713514005378503,0.009439866671842144,0.00869306300246122,-0.0004421195322418032,-0.0128633459789109,0.002918410494107163,0.005116466372902234,0.005369958497404724,0.1055189623926313,0.0905778758096467,0.1326524121851742,0.1396551104750516,559240.0,362963.0,0.6006801353715343,0.7601277086024104,-0.1538845423104837,0.3129182503244943,,-0.1691017504812242
2024-04-09,0.0843107306454262,0.09762777444587029,0.00681338525072176,0.02882645649304239,0.0027148282202356408,0.012565429969068466,0.01680143727760265,-0.003068703072159071,0.007089070069190973,0.0007564029933654802,-0.0030030407236444974,0.01898766890877498,0.002003895578042342,0.00013119727474408469,0.007009746206885136,0.0963286225606747,0.1055189623926313,0.0905778758096467,0.1326524121851742,555476.0,374735.0,-0.4880433549581967,0.3239091739436349,0.3289659954472338,0.2683610070594506,-0.1367877438329772,-0.7451349584038384
2024-04-10,0.1639241916542388,0.0863225556498139,0.00681338525072176,0.026045496800932745,0.00285283573320624,0.015133007018224584,0.01648230827611677,-0.0018799994250948313,0.00649701129729161,-9.024633735750953e-05,-0.003335690473525927,0.01601997602382267,-0.0007832710937776639,-0.0021971310364823715,0.004764873615735787,0.0843107306454262,0.0963286225606747,0.1055189623926313,0.0905778758096467,549106.0,389449.0,-0.157269702979996,0.3245204138531188,0.2004571558218394,-0.3662460489755789,0.3368663584141081,-0.1768840634557153
2024-04-11,0.0876396513837951,0.14132777439475508,0.00681338525072176,0.07092745323132735,0.003170172675599275,0.016036449509529215,0.017151192477948163,-0.0015388883111880798,0.0067282972680215904,0.0009004716394477255,-0.004180743690764512,0.01788691433266801,-0.0001936109806997376,0.0016646432824302258,0.005962037709714246,0.1639241916542388,0.0843107306454262,0.0963286225606747,0.1055189623926313,557234.0,407109.0,0.0083681718893253,0.4573451875191865,0.3148981001110494,-0.3855894280611348,-0.4354494598320788,-0.24758035773861
2024-04-12,0.0990540505501069,0.08209482706579718,0.00681338525072176,0.028299002601739606,0.007486507368764286,0.014346770775928191,0.017029026024651703,-0.002472435568937177,0.008941071812514585,0.0003985458081950351,-0.0024290982403306475,-0.002149708526694311,-0.0005859969881326514,0.0015234021837669959,0.004894354563609833,0.0876396513837951,0.1639241916542388,0.0843107306454262,0.0963286225606747,535181.0,426952.0,0.0675574021520573,0.1779006538651097,0.042841067655809,-0.352644569875584,-0.5301179151337457,-0.2106739407485845
2024-05-01,-0.0465962787426512,0.0692060534826631,0.00681338525072176,0.033161782944696926,0.002731287144506393,0.014340180321133187,0.01411078319398533,0.004307619031011769,0.010236063172744465,-0.0007085608593593882,-0.002357156259295537,-0.014855126605345043,-0.004212447590193717,-0.0028861490951541512,0.00852439283321108,0.0990540505501069,0.0876396513837951,0.1639241916542388,0.0843107306454262,598810.0,362212.0,-0.424874957177231,0.3057228583256704,-0.0123036100377212,-0.5321784389315602,0.2662951139833415,-0.6852483191951009
2024-05-02,-0.0608565987884883,-0.0058381801369133055,0.00681338525072176,-0.04105778591736817,0.0037663281412558453,0.011617672230167523,0.015992383436436376,0.0004138576720495319,0.008570455141559588,-0.0020431812479597775,-0.0021960644595174473,-0.014403827750190279,-0.004729992861485798,0.004664352187583185,0.006754238039834356,-0.0465962787426512,0.0990540505501069,0.0876396513837951,0.1639241916542388,569598.0,363036.0,-0.6241019211204863,0.1509605680646028,-0.2422349139040644,-0.7633566951503552,,-0.7985478896678763
2024-05-03,-0.0742026776841653,-0.021683293929358267,0.00681338525072176,-0.036138565886280186,-0.004697023257339853,0.015403199954815974,0.016039758536171546,-0.0010185658275177801,0.007421013263681567,-0.0009040353759758705,0.0023442907534339417,-0.019554160351228377,-0.0007110293060877023,0.000639460064566645,-0.00732102174831996,-0.0608565987884883,-0.0465962787426512,0.0990540505501069,0.0876396513837951,554277.0,364309.0,-0.3919389078200518,-0.1889336567927983,-0.3210455423721656,-0.3006628174226159,-0.2116477978241457,0.3149600420593517
2024-05-06,0.0044500644728433,-0.023643609759464237,0.00681338525072176,-0.03328488113455353,-0.0043329291922765585,-0.006503981671896173,0.016820596112240908,0.00012329257816689546,0.00842091852336934,0.0026487180652509886,-0.0015583082675669489,-0.017606658032942812,-0.0035059494233958865,0.005395634487635709,0.002926552945782045,-0.0742026776841653,-0.0608565987884883,-0.0465962787426512,0.0990540505501069,537744.0,365924.0,,0.1928008413840147,-0.2599996641022264,,0.7558626969419732,0.123922304021886
2024-05-07,0.0024078990685403,0.015784830092355297,0.00681338525072176,0.0036494163812024532,-0.007301966596904177,-0.010702830589124452,-0.007169965196825457,-0.0007735111995109554,0.005404467235486948,-0.0008075768160506685,0.002392124103440362,0.021996895562776928,-2.9461482343226318e-06,-0.0018768289429542055,0.004164167048331115,0.0044500644728433,-0.0742026776841653,-0.0608565987884883,-0.0465962787426512,515104.0,367309.0,0.1033151400431999,0.0457496475502959,0.5033920586623336,-0.0173198087764443,0.3019743003202573,-0.340269427643062
2024-05-08,-0.0782187469633646,-0.009124612247963102,0.00681338525072176,0.00480428477897297,0.00041461989858717854,-0.013942385567048448,-0.0066773112671404886,0.00036880265249774024,0.008040508537509001,-0.0006691010226066183,-0.0032747891367885962,-0.007877479211040454,-0.0031218586472736166,0.002006026695297819,0.003990684790348653,0.0024078990685403,0.0044500644728433,-0.0742026776841653,-0.0608565987884883,478184.0,367314.0,-0.0427426326177657,0.3108662565765364,0.0022519419429294,-0.576835621386046,-0.2831949131942214,-0.4516179934767812
2024-05-09,-0.0639571647721153,-0.048662015445316266,0.00681338525072176,-0.03177322652097108,0.0021561080745430947,0.0009728273083643458,-0.006706296763971882,-5.558827540702325e-05,0.00852678320796519,-0.0020508426427540806,0.00238681536535949,-0.017920674559246726,0.0009185062263076969,0.0005690284459013642,-0.01249884056212842,-0.0782187469633646,0.0024078990685403,0.0044500644728433,-0.0742026776841653,458488.0,368196.0,-0.1591187422704187,-0.037335266435871,-0.3370625163412376,-0.435280333566981,-0.8251830251808834,0.6393599837080183
2024-05-10,-0.0888215506571503,-0.036179487283798786,0.00681338525072176,-0.03551550221249082,-0.007674142826596045,-0.00022666799313975054,-0.005467865899146071,-0.0007016154992724242,0.005674013381029572,-0.00040697440077712166,0.003988084142673534,0.008886875226434072,-0.00020673547216284164,-0.004155667741351616,-0.007186673239721033,-0.0639571647721153,-0.0782187469633646,0.0024078990685403,0.0044500644728433,449626.0,371119.0,-0.0832333419259552,-0.0280264309259433,0.1165457058928827,0.0874981080613308,0.3867871283081224,0.3185245431026388
2024-06-03,-0.0570449708449318,-0.06510165047925522,0.00681338525072176,-0.02767415469169257,-0.006433611268763171,-0.015457896125750327,-0.003375527435328908,-0.0014773417486908125,-0.00275902445528939,-0.00019411928905804497,0.0014131713778390096,-0.019798848773033326,-0.0010998388351067187,0.0001115048110222469,0.004830650703875048,-0.0888215506571503,-0.0639571647721153,-0.0782187469633646,0.0024078990685403,543834.0,277309.0,0.3065752154047732,-0.2812815896127484,-0.3517215599961157,-0.0092694732304317,0.1041232767281426,-0.1094905892936992
2024-06-04,-0.1564699696183495,-0.04524280466192538,0.00681338525072176,-0.026704253901611755,-0.006353296856472554,-0.008099338016444834,-0.0048281996769907395,-0.0015268498926948992,-0.0034634219253377838,-0.0004630346400243304,-0.0038551726960785408,0.014862447028807915,-0.0010682745822759884,0.0008236007870304315,-0.011380395540554058,-0.0570449708449318,-0.0888215506571503,-0.0639571647721153,-0.0782187469633646,534063.0,285878.0,0.2272044558989348,0.3815776129696226,0.1727590166758482,-0.2800016825609119,0.0386991194880459,0.6875866546334773
2024-06-05,-0.1507744253539806,-0.13575761344049067,0.00681338525072176,-0.0948051151923969,-0.004106372648063921,-0.01502808181251625,-0.0051856756271014,0.005346982375790268,-0.0005307195237066143,-2.9570127249442872e-05,0.0006508200058360426,-0.020212723807508826,0.0022602568411810692,0.001506487096547651,-0.012437286272024143,-0.1564699696183495,-0.0570449708449318,-0.0888215506571503,-0.0639571647721153,519881.0,294787.0,-0.6187252859192837,-0.3267388714573285,-0.5290770438338651,-0.4092419694586857,-0.8212265774950703,0.3482367371571329
2024-06-06,-0.0424083154648178,-0.11895065228404808,0.00681338525072176,-0.08868767261267621,-0.007794460088612657,-0.010794989077452848,-0.006496456688630181,0.0034281373057493654,0.0012179792452269471,0.0010135705242817934,0.00037345725984285453,-0.013533013665392108,0.00013117792779366287,0.0017276974861927695,-0.006349465151093155,-0.1507744253539806,-0.1564699696183495,-0.0570449708449318,-0.0888215506571503,496966.0,304138.0,-0.597833711801293,-0.4347050980736009,-0.0471316597940583,-0.724419513497521,-0.3368707136661805,0.3024319617226822
2024-06-07,-0.0435011454176406,-0.0284422632030324,0.00681338525072176,-0.0243284365595818,-0.007187725030996531,-0.01890943084609811,-0.005373683748044734,0.0007984418351197079,0.0013247717743359367,-0.0007781957560152355,-0.0025222837274462197,0.017364702940342175,-0.0016943009791482075,0.000848882569441423,0.005201609074337428,-0.0424083154648178,-0.1507744253539806,-0.1564699696183495,-0.0570449708449318,462887.0,312164.0,-0.1501189639944732,0.6968863266918843,0.234623095997225,-0.1682011532247471,0.0895690610379452,-0.0972540839162311
2024-06-10,-0.0141104396874505,-0.06531894447495576,0.00681338525072176,-0.020811220683484736,-0.0035039807832961925,-0.02032166770865451,-0.022017692092874686,0.000567860748054755,0.004330132568755117,-0.0014414630047759034,0.0021743659494275766,-0.015491679888711656,-0.0023861794993669783,0.004611072300159578,0.002158122369090022,-0.0435011454176406,-0.0424083154648178,-0.1507744253539806,-0.1564699696183495,465552.0,321902.0,-0.2345573234709804,-0.1810393439079964,-0.0993662374465359,-0.4164262705292868,0.7300509295795343,0.18232394632208
2024-06-11,-0.0911734392566394,-0.03250255004106909,0.00681338525072176,-0.0029658889700859884,-0.0038427909262215435,-0.0056544946678817,-0.020329587927118906,-0.0003502625076033478,0.004063014139252294,0.002524875906614207,-0.001769609982448441,-0.005902175549994269,-0.0016150783579451983,0.001190281794864098,-0.00466421824322206,-0.0141104396874505,-0.0435011454176406,-0.0424083154648178,-0.1507744253539806,440361.0,331726.0,,0.2183628538758651,0.0258725282764393,-0.7069384226177944,0.0015564672474981,0.4045658469308691
2024-06-12,-0.0907875313143717,-0.05957611771898323,0.00681338525072176,-0.03838825742733078,-0.000925066289792739,-0.006754530061230328,-0.004837443712107907,-0.00024570380473593945,0.0063000103627255,0.0018491396323070972,-0.0013026550422399201,-0.01404716938109331,-0.0010525158144591793,-0.0007172145037491406,-0.006268096927998416,-0.0911734392566394,-0.0141104396874505,-0.0435011454176406,-0.0424083154648178,428798.0,341446.0,,0.2201091026051228,-0.0639891859035153,-0.3355148502008114,0.2380875907439423,0.3415052786949884
2024-07-01,0.0371720048758721,-0.048413307720225326,0.00681338525072176,-0.03647954404715142,-0.0072768622799922085,-0.0036179922395086586,-0.004513991831427429,0.007869444060437028,0.002455818492673537,0.004788544663007495,-0.0011787310051856559,-0.015834395210770225,0.0030376761960605285,0.0030106756574809113,-0.007487335426570906,-0.0907875313143717,-0.0911734392566394,-0.0141104396874505,-0.0435011454176406,622047.0,309540.0,,0.1950726627130161,-0.1832695422768502,,,0.4471330727792492
2024-07-02,0.0302536168531801,0.030218178856495227,0.00681338525072176,0.027851556300694982,-0.008439344440916161,-0.018337824631236666,-0.005720838446931676,0.005236747944399263,0.00422610861701994,-0.00014154129171061396,0.002740349818949349,0.015551394495769734,-0.0004792170527730838,-0.0032597187766851797,0.004177121069193579,0.0371720048758721,-0.0907875313143717,-0.0911734392566394,-0.0141104396874505,615293.0,321202.0,0.3255563116567231,-0.1502698123726066,0.1757133676495937,-0.1007762406025543,0.6472210757633395,0.162057365888676
2024-07-03,0.1084949549810749,0.022474093011226007,0.00681338525072176,0.025101224371951166,0.0034232066242479617,-0.015476030651219708,-0.011123217305610346,0.0021736697681585767,0.006539912098964293,-0.0008327464473559227,0.0025017012294668846,0.00932916688789225,0.002408971385963043,0.001860041919938126,-0.0102451921218921,0.0302536168531801,0.0371720048758721,-0.0907875313143717,-0.0911734392566394,597528.0,332451.0,0.2030244258215224,-0.2493298349740097,0.1095878789237219,0.2051211209838316,-0.3779607112667578,0.6095382068167671
2024-07-04,0.1203025056102884,0.048905990562597014,0.00681338525072176,0.04055389009252368,0.002064125512175449,0.010356701262121352,-0.013731955047870335,0.004343419367229985,0.00876083548257742,0.003991020730167819,-0.0012311776355964062,-0.011940222627133273,0.004934302260859276,0.0004334764729820006,-0.006441810558161767,0.1084949549810749,0.0302536168531801,0.0371720048758721,-0.0907875313143717,598138.0,344818.0,0.4359064112036686,0.4028732789953414,-0.0270112146612989,0.5248621285305695,-0.0281889843667714,0.4060150189456076
2024-07-05,0.0986552645539076,0.08503293777276162,0.00681338525072176,0.04420894761587547,0.004189787056969394,0.007411754018794132,0.01147401216008487,0.0030375078210121862,0.011382477971916742,0.0002890068310959685,0.0015355707444756914,-0.014836829640045278,-0.0005625323119252524,0.005940993799215902,0.0041488564545701006,0.1203025056102884,0.1084949549810749,0.0302536168531801,0.0371720048758721,578329.0,357003.0,0.1825491441356624,0.0701626387345716,-0.4520975351374057,-0.2395438558295353,,0.0288528321120646
2024-07-08,0.0256318290262802,0.0800551072306984,0.00681338525072176,0.038088574637008724,0.005014016765832069,0.016970552383152936,0.008558693220979465,-0.001224333151346161,0.011113540655725604,0.00919455122007138,-0.0007443314916056132,-0.01623702754155073,0.0012021364545971502,0.010314252734482452,-0.00900890390737058,0.0986552645539076,0.1203025056102884,0.1084949549810749,0.0302536168531801,549667.0,368230.0,0.6389909403589443,0.4020764315172516,-0.3996638412718026,0.0818213185933402,0.7117813084781762,0.4376413621554858
2024-07-09,0.0092560290590588,0.05080905087820626,0.00681338525072176,0.005627656969315888,0.003601536110156052,0.013316722118410698,0.017669873530774035,-0.0011421924108064672,0.008210632786864644,-0.0006214211455834511,0.0026067213087673648,-0.015877668470392514,-0.0027046329403453426,0.005478739013846462,0.00782969875647714,0.0256318290262802,0.0986552645539076,0.1203025056102884,0.1084949549810749,516657.0,379688.0,-0.0998396254353716,-0.008218375562799,-0.119924769744105,-0.5050638515190616,,-0.8363819566034695
2024-07-10,0.041395148868772,0.06286034903824811,0.00681338525072176,-0.0038343877380034924,0.0027187511712503964,0.01373868740315178,0.01699464260874636,-0.0006673977531304413,0.006673272357286024,0.000863025194469097,0.004277566868256592,0.0071545378761044606,-0.0001272068556166824,0.0011917680510389814,0.00706370460397322,0.0092560290590588,0.0256318290262802,0.0986552645539076,0.1203025056102884,487168.0,390713.0,-0.2977276892437658,-0.2878338017727908,0.1088696669950669,-0.2491689158034168,-0.7689629169989024,-0.5297637102270807
2024-07-11,0.0416029395033268,0.048227829481555705,0.00681338525072176,0.02497121374444932,0.0012854247109883668,0.0033429122260952484,0.016811956402703828,-0.0011690114182080452,0.007311997188470915,0.00023196891270804042,-0.0038496014133209363,-0.0011100184538120155,-0.0006352077535734241,0.0014286133039284046,-0.007205803219595797,0.041395148868772,0.0092560290590588,0.0256318290262802,0.0986552645539076,455007.0,401212.0,0.0357910703337992,0.4518693048833091,0.0576263079517559,0.0088201437023455,-0.3160301973867994,0.4239672393799259
2024-07-12,0.0289944548707685,0.026640914094972424,0.00681338525072176,0.0272670137080392,0.0019038305978461775,0.001647638960829166,0.004757047569166969,-0.0010766672483713787,0.009198623839185715,0.0001184629710564637,-0.0019803506070521057,-0.017466919048325726,-0.0009691753971055793,0.0017656585241342863,-0.005337635025152491,0.0416029395033268,0.041395148868772,0.0092560290590588,0.0256318290262802,423144.0,411873.0,0.0254535557080071,0.3683178364307828,-0.1799465823435486,0.0526823603644555,-0.1826356256776872,0.2983323414105365
2024-08-01,-0.0852912532200704,0.029761404653203614,0.00681338525072176,0.01739091167749111,0.003415656251815424,0.01122860411321426,-0.0024624029855912625,0.004263322455062983,-0.0019321328743548466,0.00031108737520779196,-0.003935284607229015,0.002085321323419431,-0.0016147461486686453,0.0007301434403245706,-0.006532460618209933,0.0289944548707685,0.0416029395033268,0.041395148868772,0.0092560290590588,588195.0,295651.0,0.2644766227816892,0.409845205194897,0.0781596206913978,-0.2202770907404222,-0.6157562345251354,0.390920285521787
2024-08-02,-0.1157992671500967,-0.023999069030091944,0.00681338525072176,-0.04069714467561317,0.0017335873289626548,0.011619077311671605,0.01086502894871996,0.0006224725504326894,0.0001681323590684383,-0.0005474202940322036,0.0013625918031779562,-0.018575098575373625,-0.001091173734500741,-2.7054129650426902e-05,0.003754546826323226,-0.0852912532200704,0.0289944548707685,0.0416029395033268,0.041395148868772,578769.0,306026.0,0.2752364831485622,0.0731080561555182,-0.2763038968859651,-0.1643127107059752,0.003814816606018,-0.033530378697009
2024-08-05,-0.1259337965063274,-0.05292311840452653,0.00681338525072176,-0.05373055908617685,-0.0085916215136253,0.006256135171226635,0.011692189454309877,0.00015210307227158442,0.003100014389923368,0.0010579902385383917,-0.0023933130438650993,-0.012121337547717676,-0.0004140420309269115,0.0005386701931130134,-0.0052827329523193675,-0.1157992671500967,-0.0852912532200704,0.0289944548707685,0.0416029395033268,549667.0,315573.0,,0.6326927002294821,-0.0310922819426687,-0.3560068055986046,-0.4570827642514475,0.2622846751336871
2024-08-06,-0.0433710441861512,-0.07967261966507795,0.00681338525072176,-0.060009902565556876,-0.007502528837971457,-0.01758146937468469,0.01057305206050911,-0.0008320919171911108,0.006699078992175153,-0.002688159088044418,-0.002346151684724219,-0.01665252037995676,-0.0015776267497776045,0.001056365754722629,0.004375948874700628,-0.1259337965063274,-0.1157992671500967,-0.0852912532200704,0.0289944548707685,546155.0,325349.0,0.0229039285513476,0.5931139965531943,-0.2456141404615083,-0.1676666371532278,-0.446571955922884,0.0727808139786179
2024-08-07,-0.016334646193024,-0.06320364711629771,0.00681338525072176,-0.023126401633274844,-0.00720764128030503,-0.01973885229349165,-0.0065326491535500795,0.000710860809388155,0.00468638211497421,-0.000415895165861743,0.0012100886834354224,-0.01771090143297584,-0.0023264316101607838,-0.0021594345191825663,0.0025938431139852242,-0.0433710441861512,-0.1259337965063274,-0.1157992671500967,-0.0852912532200704,503765.0,332599.0,0.2389876096068723,-0.505533237200258,-0.2079647924191752,-0.5519390208564219,0.191121467468855,0.154122310698516
2024-08-08,-0.0799649653116842,-0.060922966640573804,0.00681338525072176,-0.004414508344780065,-0.0037301690025883117,-0.01920473509111203,-0.01206454101944869,0.0012216140375812335,0.007908596757393074,-0.0019790345951347806,-0.0018857159627545539,-0.016977432611486997,-0.002440988407574667,-0.007546944349745587,-0.006622493301644182,-0.016334646193024,-0.0433710441861512,-0.1259337965063274,-0.1157992671500967,470049.0,339352.0,-0.0696249378258693,0.3081974586592669,-0.1989843335387681,-0.3257152812714793,0.6246727848228089,0.4519248772119649
2024-08-09,-0.0608756573392801,-0.04853203795832366,0.00681338525072176,-0.03113312595026048,-0.0008447021728096077,-0.00887514387442552,-0.015850825928375382,-0.00025775388689916386,0.008264425824906978,-0.0006362144423480839,-0.0025328886671044937,-0.01428903514671785,-0.00030308652859273213,0.0037137722884509785,0.007399155275129849,-0.0799649653116842,-0.016334646193024,-0.0433710441861512,-0.1259337965063274,459503.0,346549.0,-0.0086145427458376,0.4727806862020003,-0.1897942181692815,-0.1390631278292944,,-0.5400062537654657
2024-08-12,-0.0326330277146773,-0.053538023199877716,0.00681338525072176,-0.032800304606948855,-0.007293042433954898,-0.004342226045170002,-0.0045388675237588594,-0.0006959365657707195,0.006639526024656665,-0.0002707856628307064,-0.0025606995764993613,-0.013573020450198203,-0.001183965703826718,-0.0039954322669570564,0.00426334636065924,-0.0608756573392801,-0.0799649653116842,-0.016334646193024,-0.0433710441861512,430222.0,353561.0,0.1227201644197646,0.395429871081065,-0.0941326205908284,-0.2158489961421979,0.6436799799585075,-0.0196381609158067
2024-09-02,0.0092011275719201,-0.05147703991430755,0.00681338525072176,-0.018266834734820943,-0.004371383829676526,-0.01480784786716541,-0.0050311101304365445,0.0011901051374115118,-0.002612232574909848,-0.0009548181295184911,-0.004024401695339198,-0.013166550963149117,-0.00013165362633205775,0.0005439524427245278,0.0033423508061827603,-0.0326330277146773,-0.0608756573392801,-0.0799649653116842,-0.016334646193024,507377.0,274892.0,-0.3445624247470309,0.4857432993732308,-0.0574558313470934,-0.3883001878011934,-0.7810471874364308,0.0208139952445406
2024-09-03,-0.1691275528374856,-0.02647248439131459,0.00681338525072176,0.00836028348907616,-0.0021342295489648355,-0.011328868579264099,-0.0053999378035914595,0.0004972523773995858,-0.0033418234554543767,-0.0006698456884265278,-0.0022912094909588836,-0.0197656588569947,-0.0006470241916907591,-0.00016805439584314947,0.003603246502676744,0.0092011275719201,-0.0326330277146773,-0.0608756573392801,-0.0799649653116842,494426.0,280118.0,0.1846454404719922,0.7036249140566257,-0.5131329771081845,-0.3150220644518706,-0.5889209177430214,-0.0684832020499001
2024-09-04,-0.1844970886533259,-0.09942383510937064,0.00681338525072176,-0.0916024079506694,0.003402524374831947,-0.00847045980288153,-0.005823109240259723,0.002330966008948074,-0.0022176786542752614,-0.002198519767432091,-0.0004862243120165624,-0.01677817950686978,-0.0016632348777306219,0.0032912840995026984,0.013977819268759935,-0.1691275528374856,0.0092011275719201,-0.0326330277146773,-0.0608756573392801,476891.0,285628.0,0.0899200653564617,0.8204829186030493,-0.5289910352386922,-0.2574673621195742,-0.865412060168618,-0.7439832519711913
2024-09-05,-0.0484691147938667,-0.11314728656297957,0.00681338525072176,-0.10479532919208118,-0.0061569106173989495,-0.0006061093855906952,-0.007154338105204053,0.002920964621838967,-0.001695146031449821,0.00056695630716021,0.0007295559293092117,-0.01771757217511545,-0.0005797820521956592,-0.0007805253458331768,0.015307564232859224,-0.1844970886533259,-0.1691275528374856,0.0092011275719201,-0.0326330277146773,464656.0,291154.0,-0.4460296751560973,0.3487868623334172,-0.4935987757579973,-0.2843675968998752,-0.4957929310405781,-0.7655919800275008
2024-09-06,-0.0735046781502655,-0.03641537632338341,0.00681338525072176,-0.021348184926338103,-0.00045207129219484337,-0.013126899384849745,-0.0004042857776884209,0.0008131231549769046,-0.00018351593611345702,-0.001569561286965585,-0.0015702213638083924,-0.0192572396450893,0.002239332135132776,0.004472518851345245,0.007158243897487751,-0.0484691147938667,-0.1844970886533259,-0.1691275528374856,0.0092011275719201,450414.0,296420.0,-0.0121956722873852,0.5875374183091426,-0.2373743977664111,0.2168764327042526,-0.2796812911068634,0.179723388416904
2024-09-09,-0.1033261537595535,-0.06695562412253893,0.00681338525072176,-0.021554865552997404,-0.0038271499282221313,-0.01339533954499857,-0.01994906962362103,-8.366698592265986e-05,0.0012026579987892106,0.006208124722118879,0.0017244415438146625,-0.017723571467799404,0.004136458426179476,0.000336165184830005,-0.010843194145431686,-0.0735046781502655,-0.0484691147938667,-0.1844970886533259,-0.1691275528374856,437471.0,301707.0,,,-0.3351032012995337,,0.0323948035261835,0.6603268432405364
2024-09-10,-0.2067356468213166,-0.0843634988136239,0.00681338525072176,-0.039245001129992615,-0.007401639432721351,-0.011073281524268286,-0.021539527827474137,-0.0023885953046435763,0.001607287505234441,0.004411262215645435,0.001506865542493094,-0.017874694892281922,0.0015034735043133742,-0.0030124030082525066,0.002329370287602372,-0.1033261537595535,-0.0735046781502655,-0.0484691147938667,-0.1844970886533259,421830.0,309050.0,0.3971918506441053,-0.1328957944155441,-0.4116313805681378,0.1707282563438031,-0.6527355144296192,0.1823483067451329
2024-09-11,-0.1901743232662687,-0.1724066274956272,0.00681338525072176,-0.13526217197990117,-0.005316839144703779,-0.017496999839322687,-0.005530755499695291,-0.003696650491438374,0.0025046979302910393,1.0677035196538451e-05,0.0035075405728685924,-0.019165997796953674,0.005668340924596347,-0.0029187046138635982,-0.0015231498434229347,-0.2067356468213166,-0.1033261537595535,-0.0735046781502655,-0.0484691147938667,400565.0,316668.0,-0.2404837079084788,-0.0360339039177031,-0.5318273871416545,-0.5163211340040689,-0.3690494302659822,0.2302540981079911
2024-09-12,-0.1341217421633107,-0.12448034875038737,0.00681338525072176,-0.10067413504784721,-0.0027766638707607243,-0.01963696125938191,-0.006721040795539874,-0.005481170048335363,0.006559882480917448,-0.0006244566978195541,0.003940466856643969,-0.018055600963126053,-0.0032369065171870054,0.0020600288138911717,0.013352823047436024,-0.1901743232662687,-0.2067356468213166,-0.1033261537595535,-0.0735046781502655,374635.0,324921.0,-0.0845475547665737,-0.0061317577546687,-0.5303951532208169,-0.1419071415315654,-0.0429042129468874,-0.2616762059315153
2024-10-01,-0.0779071626121981,-0.053667811856809966,0.00681338525072176,-0.05305950888624853,0.003361244343377029,-0.012744396541304763,-0.008093541659995254,-0.001678393285226012,-0.0004073296354723273,-0.0029254012667620823,0.001400966365935962,-0.002634339693104796,0.0014533892988268249,0.00538284188812646,0.009463271964315682,-0.1341217421633107,-0.1901743232662687,-0.2067356468213166,-0.1033261537595535,522919.0,272962.0,0.1541974098455616,0.0790932843678322,0.0335098296916687,-0.2845695214424664,-0.3683066884721948,0.0246163476419861
2024-10-02,-0.0478231396283543,-0.08411511822889822,0.00681338525072176,-0.022277230258351977,-0.00813172334047308,-0.01797051171444053,-0.026468869877189116,0.0003984781686592963,-0.0017758187122398539,-0.0030279039344135376,0.002547944754153897,-0.018060531380968695,-0.0032944854013296373,0.00032878559514681405,0.00680336262182646,-0.0779071626121981,-0.1341217421633107,-0.1901743232662687,-0.2067356468213166,498984.0,279523.0,-0.0221703705691779,-0.0836760700182713,-0.317410234572937,-0.6853762259389937,0.045613263140694,-0.7319996708014601
2024-10-03,0.0511441307208304,-0.05325308890768094,0.00681338525072176,-0.021050334008556774,-0.00827383255707562,-0.01819295492309018,-0.021639583728934726,0.0011881215350316872,-0.0021201356759323335,0.0015568260877302507,0.0032565021849538453,0.00898736540395845,-0.0019878193513557223,0.0039484568854487295,-0.005739086010580413,-0.0478231396283543,-0.0779071626121981,-0.1341217421633107,-0.1901743232662687,499394.0,287840.0,0.4830461896156689,0.0049518101221032,0.1001789581823828,-0.0394797046087302,-0.36587814991835,0.2549331879929139
2024-10-04,0.0710082624219676,0.017877086400181128,0.00681338525072176,0.029850429012640598,-0.005395255562449485,-0.014913889488338935,-0.020703823323704823,-0.00018774483059165844,-0.001596289379933936,0.001567618012619098,-0.001650856389367413,0.020266863304832187,-0.0005061649234727033,0.0021557181034304656,0.002177096613795996,0.0511441307208304,-0.0478231396283543,-0.0779071626121981,-0.1341217421633107,501612.0,297619.0,0.5042876805462834,0.1469627330630405,0.399940680350215,-0.0327306732983719,-0.2634527726781042,0.1636394526744659
2024-10-07,0.0326539121284632,0.012750209706701598,0.00681338525072176,0.03323900358264598,0.002048932605864868,-0.00871424742631421,-0.006225113567932153,4.894864812489533e-05,0.00014813599369974464,-0.0006684750862700303,0.002493910686087288,-0.018827658991786993,-0.0017237212124290736,0.0018696755745210758,0.002247433649768492,0.0710082624219676,0.0511441307208304,-0.0478231396283543,-0.0779071626121981,490277.0,307130.0,0.1452752081968742,0.0668432876497479,-0.2644719451353949,,-0.1266722026906943,0.0886962337922362
2024-10-08,-0.0253307646248925,0.029269512474935477,0.00681338525072176,0.021067011758807007,0.0038150958000148683,0.01212012807579889,-0.006611221823325611,-0.0008204884280404622,0.003508693073671473,-0.0004538322854477248,0.0032457653707503573,-0.012618261910112014,0.0014246613018584731,0.0030848544964723916,-0.005306278206233909,0.0326539121284632,0.0710082624219676,0.0511441307208304,-0.0478231396283543,449823.0,315585.0,0.0175340384603569,-0.6459937482857995,-0.0151060289097726,,,0.4702996051081799
2024-10-09,0.0638945220552038,-0.0030927841293566035,0.00681338525072176,-0.02318869082418681,0.0026394910651348436,0.015197456581187773,0.012693867859991083,-0.0019379144634519257,0.005053950544723723,-0.0005491399804680944,-0.002019151647104265,-0.014370525516192762,3.7455470369767224e-05,0.0014801362521424653,-0.004943104722224138,-0.0253307646248925,0.0326539121284632,0.0710082624219676,0.0511441307208304,423738.0,323149.0,0.14410066282938,0.173594885654155,-0.1139369576387484,-0.4719341223514539,,0.2948615045810463
2024-10-10,0.1376420247423704,0.05327226104997703,0.00681338525072176,0.02690159837562096,-0.004284367052747995,0.007190307518934592,0.014373098274339548,-0.002333955649984051,0.004561811634300249,-6.43672439599217e-05,0.0025027046892876098,-0.011742670671116857,0.00018990276833890412,0.00254449014361782,0.006620323012624347,0.0638945220552038,-0.0253307646248925,0.0326539121284632,0.0710082624219676,414294.0,331666.0,-0.4174349719255859,-0.3915274418713527,-0.0233823486961183,-0.357520994355185,,-0.3644474157111598
2024-10-11,0.112782275911357,0.0844874383063898,0.00681338525072176,0.06340636666128326,0.0017945849678822768,-0.010271054315149101,0.011644201796818687,-0.0007327443309003889,0.00881721994064346,0.0066656371631526835,0.0004504039908680471,-0.015647939388704894,0.0016001513760728607,0.0022234648340311723,0.007723760359670032,0.1376420247423704,0.0638945220552038,-0.0253307646248925,0.0326539121284632,388317.0,339957.0,0.6488573703619024,-0.384193295793385,-0.175246653435147,-0.1408079465732754,-0.5459537199562953,-0.4182777533552875
2024-11-01,-0.0062730329803875,0.039675159420929376,0.00681338525072176,0.04318984287133409,0.0024378486574547875,0.0160534400314843,-0.007326613596749975,-0.0024459310721540845,-0.0014419139801392685,0.0019892446348065747,-0.0006716097938714521,-0.013631737631351273,0.002153335361795136,0.0012291332436529777,-0.008673264556054132,0.112782275911357,0.1376420247423704,0.0638945220552038,-0.0253307646248925,522631.0,290063.0,0.3663690891482179,0.3408409674094197,-0.0082179842247855,-0.4325633347701163,0.0912975711076142,0.6346753379936578
2024-11-04,-0.0387954352431325,0.017732312316284297,0.00681338525072176,-0.006361468546149115,0.0035860700061849608,0.016109447398306487,0.012685226538430482,-0.002204170518557421,-0.0009654261517222524,-0.0006223508154595349,0.0026241575481177636,-0.018094500268380522,-0.0009323200572547332,0.001314957511113232,0.0037793044209332096,-0.0062730329803875,0.112782275911357,0.1376420247423704,0.0638945220552038,514724.0,299053.0,-0.1137983149688958,-0.3061578238042877,-0.1335411343660074,-0.1994186366894769,-0.1047019836431617,-0.0806037037188781
2024-11-05,0.0383261048288119,-0.006754013682036742,0.00681338525072176,-0.03182910246896866,-0.0007729922253088903,0.01630057436363766,0.016323546895839938,-0.0013046445952999408,-0.0005031271433561309,0.003560093019377731,-0.004448304095131397,-0.012111666956193467,-7.01749536677431e-05,-0.005002535233266043,0.0062909344595784514,-0.0387954352431325,-0.0062730329803875,0.112782275911357,0.1376420247423704,501749.0,308371.0,0.4500956314067727,0.4416854808363877,-0.0064945868083476,-0.2290288485380263,0.6144035806027386,-0.4722420592000383
2024-11-06,0.0528962869830067,0.022096430474129423,0.00681338525072176,0.021409032919846215,-0.004608452584103154,-0.0015924910150905201,0.01765709428973831,-0.0017829277639278128,0.0019599846189839944,-6.871245698150589e-05,-0.002632638375756245,-0.015908623046790193,0.000546472867645032,-0.00551494412504005,0.005819249894883589,0.0383261048288119,-0.0387954352431325,-0.0062730329803875,0.112782275911357,492043.0,316674.0,0.2038085817708109,0.2551726486088561,-0.0444803668882929,-0.0079786897520468,0.5333857173444261,-0.6734264071052466
2024-11-07,-0.0677315536396729,0.03954521192425954,0.00681338525072176,0.02620427620617703,0.0027532146150422003,-0.008489704291043195,-0.006435655107061439,0.00015333522447739552,0.004114552549787371,-0.00015933448056712417,0.003088300048459467,0.004469399890946487,0.0005385405238579814,0.00334514042757512,0.003149761065886491,0.0528962869830067,0.0383261048288119,-0.0387954352431325,-0.0062730329803875,470783.0,323810.0,-0.5800816474780952,-0.3880097881162714,0.0753197036656615,-0.4347553617482339,-0.9103454901178486,0.1082873210609037
2024-11-08,-0.0438335645688265,-0.02571780426312166,0.00681338525072176,-0.03615016309324766,0.001357470186703663,0.011056959813756692,-0.006730238164109017,-0.0005564634120456719,0.005120347523127543,0.0015100820929660377,0.0016863402269047094,-0.015267212976700861,-0.0005705276770957077,0.003168456326352746,0.002843759639544068,-0.0677315536396729,0.0528962869830067,0.0383261048288119,-0.0387954352431325,459341.0,330181.0,,-0.1353082290140767,-0.4041851297275263,-0.8767174472558397,-0.8123536179542443,-0.0649436218114404
2024-11-11,-0.0956518373529027,-0.012407028822695898,0.00681338525072176,-0.030697836584835745,-0.007606280873254563,0.012598738183337082,0.011853805463422797,-0.0016465281269031895,0.0070913096069888555,-0.00026417730903437056,-0.002767271401167076,-0.014318862723940498,-0.0014630228457190755,0.0024494438641470724,0.0055502686735410525,-0.0438335645688265,-0.0677315536396729,0.0528962869830067,0.0383261048288119,430562.0,336172.0,0.0136948577825336,0.2549293630078932,-0.2898459570967182,,,-0.3954141521925233
2024-11-12,-0.0011121925239327,-0.05416944203684931,0.00681338525072176,-0.03562529363762288,-0.003078867611541873,-0.013160287620511682,0.015410007347376896,-0.00022686966253289943,0.009143243029964259,-0.0020758911871567,-0.002224964081958229,-0.019502758520093453,0.0026052701746517707,-0.0005218898371061542,-0.011724525681040071,-0.0956518373529027,-0.0438335645688265,-0.0677315536396729,0.0528962869830067,403191.0,342048.0,-0.0390599057197521,0.4534267761285382,-0.2899386981407795,0.3027392949139459,0.228657200217357,0.6439109342890496
2024-12-02,-0.0284106118674465,0.010361250159633646,0.00681338525072176,0.005696431040026985,-0.007883171462472274,-0.005940418510281369,-0.006386775293723462,-0.001240048663371683,-0.002382847247107973,0.003196896995888437,-0.0032676969612694053,0.018555280313462125,-0.0017112226685704706,0.0012648819867136765,0.0036465553796173034,-0.0011121925239327,-0.0956518373529027,-0.0438335645688265,-0.0677315536396729,518419.0,281116.0,,0.3270780260813392,0.2255151329293357,-0.6531358004095847,-0.0009824790501467,0.0924368337479329
2024-12-03,-0.052908397989885,-0.016174713855197705,0.00681338525072176,-0.01541062803368539,0.0014630512558421551,-0.017027969498849098,-0.0036726693762954795,0.0029337184394305537,-0.0014166096314659022,0.0018988672570246941,0.00013943623284979988,0.010158748824038,0.0006921927854771124,0.003162510138756826,-0.0059087474990427435,-0.0284106118674465,-0.0011121925239327,-0.0956518373529027,-0.0438335645688265,503390.0,287796.0,0.3983106861097301,0.1025072994851647,0.1273689346351183,,-0.4396560473308125,0.5764814059644049
2024-12-04,-0.0375917795314482,-0.02591942783058126,0.00681338525072176,-0.03214064784230203,-0.0031437966370762398,-0.0021845336976947637,-0.01259881470146943,0.0005527889930723461,-0.000977160836613176,-0.0005382150545555689,0.003019135814003279,0.01044479021647842,0.00038793860449578654,0.0008817537881549343,0.003563948272203455,-0.052908397989885,-0.0284106118674465,-0.0011121925239327,-0.0956518373529027,486687.0,294350.0,-0.0817124369466566,0.0145295078483603,0.1313313790766728,0.1352547353815562,0.0686597856972965,0.1545531880062024
2024-12-05,-0.0466145899088692,-0.0501317782134188,0.00681338525072176,-0.018155123634191504,-0.00453594506174077,-0.00519274923302046,-0.003597599926586875,0.001390130840807819,-0.0005899267486274809,-0.0012822115900703022,-0.0004361316270294107,-0.01842991367782178,-0.0013284116485584485,0.0016226870203945307,-0.006409968177695872,-0.0375917795314482,-0.052908397989885,-0.0284106118674465,-0.0011121925239327,471314.0,300724.0,-0.0326580440578237,0.1582171305671361,-0.3707161734595637,0.0682277583351691,0.0278661133853256,0.2859194312656447
2024-12-06,-0.0520522863702384,-0.04491443345133092,0.00681338525072176,-0.026228304261426763,-0.004010577261848038,-0.008846252013118552,-0.005572539211516078,0.0011001556650604243,0.0011250315728429793,-0.00029655009140841813,-0.0019185472469919868,-0.01468077789776135,-0.0004395897848493946,0.0012731289648898981,0.006767002864074635,-0.0466145899088692,-0.0375917795314482,-0.052908397989885,-0.0284106118674465,450695.0,306156.0,-0.27888514986408,0.2493181074903928,-0.1425877979931,-0.0283495992118512,-0.1736706306548405,-0.3269842322037112
2024-12-09,-0.059727270573755,-0.047150388783935855,0.00681338525072176,-0.02461104556021085,-0.004345958211744381,-0.005648732217199748,-0.004014986469393275,-0.0009240986960225777,0.0029336617101871115,0.0024035966420453913,-0.0007430364275019766,-0.015526033707951772,0.0038443780442037117,0.000999619973731614,-0.008331139114800849,-0.0520522863702384,-0.0466145899088692,-0.0375917795314482,-0.052908397989885,430327.0,311515.0,,0.1335679339263317,-0.1780619756753342,,-0.7750280292241288,0.5618087294943238
2024-12-10,-0.095196836102021,-0.03783407981142465,0.00681338525072176,-0.028879142084900986,-0.0060426549186439315,-0.007469060486007421,-0.0055431039972771235,-0.0020090022899651844,0.0027420216835029676,0.0030373098247166008,-0.0018053422365799893,0.005523089008005964,0.001090850798598035,0.0014534961194205109,-0.006745926483015886,-0.059727270573755,-0.0520522863702384,-0.0466145899088692,-0.0375917795314482,401786.0,315240.0,0.4835406349473656,0.2261346830809783,0.0940978154227825,0.1739389835360896,-0.2834378745843711,0.4611200906562026
2024-12-11,0.0232552619607213,-0.06249997319638999,0.00681338525072176,-0.03632117883325371,-0.005876311170708683,-0.01144723605157195,-0.00713855136726301,-0.0037917434544990215,0.004530094199757701,-0.0014230272900606633,-0.0002991345635609179,-0.015798021313071516,0.0044348891085181225,-0.0008402801363447983,0.004657142424946664,-0.095196836102021,-0.059727270573755,-0.0520522863702384,-0.0466145899088692,395228.0,320378.0,-0.2593608454733105,0.1286107692655405,-0.1394883157394254,0.3283204464507717,-0.8611448057455121,0.1104372585381604
2024-12-12,0.0209229931269092,0.02971830798583503,0.00681338525072176,0.016290492053529077,-0.008121927924802312,-0.011399133847088704,-0.007592284920179715,-0.0012731972750710837,0.003410441711153855,0.000512484749056614,0.0025321872595735484,0.020102290011426768,0.0032467610733131584,0.000298052901565052,0.00489875694263704,0.0232552619607213,-0.095196836102021,-0.059727270573755,-0.0520522863702384,392870.0,327534.0,-0.0781829173125392,-0.2122390836443979,0.2548690138951865,0.2642374310652719,-0.2832357444677802,-0.2715178850124564
2025-01-02,0.183982358314533,-0.020794440446224156,0.00681338525072176,0.006089041021769502,0.0021729842129411107,-0.01604778385008027,-0.005552305959832077,0.0058052127782730325,-0.0026254729309498235,0.003695345872679461,-0.0018074385087264364,-0.01583663270871037,-0.0006005073523735043,-0.007436015054167885,0.0045357467822313815,0.0209229931269092,0.0232552619607213,-0.095196836102021,-0.059727270573755,605850.0,290801.0,,0.1953858456467018,-0.1246464170056289,,0.6284834075566827,-0.4499154632614595
2025-01-03,0.2030552146721742,0.10247677054779497,0.00681338525072176,0.07184521279063409,0.0036003956548718635,0.0013851982780457711,-0.014896424318830637,0.00514302998715979,0.0011585693362542297,-0.0021220633960380756,-0.002197327896657916,0.0208993633124334,0.002004620863022967,0.0031897777317596476,0.00565303295441813,0.183982358314533,0.0209229931269092,0.0232552619607213,-0.095196836102021,586070.0,303523.0,,0.2071624258763526,0.4620197060065742,0.6140533350761009,,-0.1070832041143555
2025-01-06,0.1797037542518751,0.10039907370854748,0.00681338525072176,0.07128307505261336,0.006287184429799726,0.0026839960616312124,0.0029448693326299086,0.0011401782244649947,0.005018977067006365,-0.009086201997786886,-0.0023811709846408096,0.010827067201249287,-0.004490110976123861,0.004030825984433945,0.005326999062548496,0.2030552146721742,0.183982358314533,0.0209229931269092,0.0232552619607213,568001.0,315199.0,,0.4135391651501294,0.155732234389451,,,0.0043963026167067
2025-01-07,0.19530620750335,0.13291069710332268,0.00681338525072176,0.07536014187143693,0.012813567642719419,0.018178582263737728,0.0030154054069642575,-0.0031993618984597683,0.0024467599495371227,0.001198420011906932,-0.0026832362414026946,0.01660320261026405,0.001643765292969434,-0.004403329333864835,0.0051233942767924855,0.1797037542518751,0.2030552146721742,0.183982358314533,0.0209229931269092,546592.0,326057.0,0.2135792497824748,0.5528619475838222,0.28554280741534,-0.0377790975601024,0.40619741315415,0.102890794710237
2025-01-08,0.1797513332384097,0.15059501682694412,0.00681338525072176,0.07553384525967351,0.008796145742734044,0.01918172329358021,0.02363167114329642,-0.004348325152675804,0.004291635741030397,0.006480128660826256,-0.002959002265193903,0.01582402060034549,-0.010243256441869665,0.0012399590071476296,0.006353085987327994,0.19530620750335,0.1797037542518751,0.2030552146721742,0.183982358314533,503711.0,335850.0,0.415072930529243,0.9214123101500388,0.2486199212783172,,0.087228499554859,
2025-01-09,0.2077593767795882,0.14391084097192203,0.00681338525072176,0.06982441652660976,0.013066255325634296,0.01561684109570677,0.025384280605607098,-0.0022046314354737615,0.00433428957654568,0.0025807374389405073,-0.0030935754929428544,0.01672760328367079,0.004333647299874346,-0.001651505754517278,-0.007820902748454933,0.1797513332384097,0.19530620750335,0.1797037542518751,0.2030552146721742,491323.0,347516.0,0.2813361624528247,0.4878134088304033,0.2790316549367277,0.3588228233637032,,0.3562465078232609
2025-01-10,0.2528559511085255,0.13449586068008149,0.00681338525072176,0.07871953004083602,0.009873350449859758,0.02009226621918266,0.021727533877176654,-0.0031749314329893685,0.012612427420336844,0.0024604325662255203,0.002209445084584208,-0.022996959321494124,-0.004279766323504132,0.006186238052361653,0.0042529087967841,0.2077593767795882,0.1797513332384097,0.19530620750335,0.1797037542518751,477740.0,361524.0,-0.016601969339725,-0.0576843340983849,-0.1820931796273471,-0.4140919797364566,0.8443489179311193,-0.1198413487037856
2025-02-03,-0.0072145652996757,0.10612636168408494,0.00681338525072176,0.07538717173287468,0.005636753470818687,0.01263772443070653,0.01801573493336214,-0.003537598455366585,0.0001545678562688015,-0.013323440869252018,-0.002952862345200019,0.023894110703911106,-0.0091639662445073,0.0008858810275575372,-0.008321099807810406,0.2528559511085255,0.2077593767795882,0.1797513332384097,0.19530620750335,558825.0,269285.0,,0.4359826336068801,0.4663536395688001,,,0.4913489300104133
2025-02-04,0.1954785984560167,0.040731912842890856,0.00681338525072176,-0.008849829799227818,0.02075137343244137,0.016880812996921218,0.019072203907821935,-0.005337119035096913,-0.0048980267724252815,0.0022376900078883107,0.0018567861893463388,-0.017294044489358635,0.002802241549370614,0.0019372886323581386,0.004759150972129786,-0.0072145652996757,0.2528559511085255,0.2077593767795882,0.1797513332384097,539999.0,277553.0,0.1330232051964323,-0.0765467510367529,-0.0589420285851929,0.0024290773744909,-0.4480765715952811,0.0004018318715659
2025-02-05,0.1650213286059205,0.1193303744489808,0.00681338525072176,0.08601646462213092,-0.00012547446453166017,0.02386991762576786,0.022086512057553066,-0.0022125439367426374,-0.0010362695616315566,-0.0008301156394536573,-0.0013359397954296518,-0.01777425608052642,-0.00032736575950363667,0.0004903513595661649,0.0036957087710603716,0.1954785984560167,-0.0072145652996757,0.2528559511085255,0.2077593767795882,521099.0,284733.0,-0.0880516100157892,0.1629350157667165,-0.1102323316852251,-0.3590604092067463,-0.6158224031242139,-0.1843103190557485
2025-02-06,-0.0266965851266958,0.09748668524027876,0.00681338525072176,0.06952721654881172,0.010520286341113991,-0.006275963468717839,0.02394994749297394,-0.0016868580713707906,-0.0016602703480818278,0.003579749543672583,-0.0026314781833310496,-0.006020207989480997,-0.002252797576469134,0.001547728582901956,0.0020759471175344026,0.1650213286059205,0.1954785984560167,-0.0072145652996757,0.2528559511085255,499705.0,291892.0,0.1964715272146084,0.2569851800657943,0.0249234689569537,-0.4027876885127327,-0.5053391073050846,0.1402939165590017
2025-02-07,-0.0315100882796874,-0.022540166616353326,0.00681338525072176,-0.023221893905457397,0.00790318135889121,0.02016657249104067,-0.0073408660548019665,-0.0006980514146910032,-0.00041297937541498583,2.439047760643735e-05,-0.0031057591467132544,-0.01783845463765666,-0.0010984338369752495,0.0018918064627286679,-0.00562306428563151,-0.0266965851266958,0.1650213286059205,0.1954785984560167,-0.0072145652996757,487065.0,299475.0,-0.001382099700152,0.504574019252381,-0.1360602881328412,-0.2209282892929365,-0.0400653025021929,0.280275831966194
2025-02-10,-0.050000776303599,-0.007118334306478914,0.00681338525072176,-0.025924431238650403,-0.0023513257283768185,0.00879342730421288,0.02119046863606957,0.0006232526065115434,0.001468010193675514,6.991988621376503e-05,-0.0014982795363330675,0.005358873115458732,-0.0017757358984506085,-0.0014036346630447395,-0.018482264234487036,-0.0315100882796874,-0.0266965851266958,0.1650213286059205,0.1954785984560167,464531.0,306556.0,-0.0585519219201815,0.1116605997929318,0.0973648851179902,,,0.657023106281154
2025-02-11,0.2132896633267558,-0.0037995125700860514,0.00681338525072176,-0.03692487608358756,-0.003195673964141008,-0.005563170770778258,0.018152511440216096,-0.0006791551298557847,0.0037044526192140403,-0.0008153622857259047,0.0036142557885142958,0.02051561222770682,-0.001995246806348858,0.0006472443316288202,-0.008073489187650504,-0.050000776303599,-0.0315100882796874,-0.0266965851266958,0.1650213286059205,454933.0,316549.0,,-0.0619126912657064,0.3161310003070192,-0.1713343170346853,,0.3385846052976036
2025-02-12,0.2044317127036965,0.08723386571391131,0.00681338525072176,0.09211072056835422,-0.004223335081890543,-0.007823341293886408,-0.006298769971959384,-0.0011095862674838305,0.006122460587293027,0.0028121678713607535,0.001835187902036973,-0.008684370883773837,0.00043197723824374174,0.000986485095912861,0.004260884698981919,0.2132896633267558,-0.050000776303599,-0.0315100882796874,-0.0266965851266958,420015.0,326987.0,0.2165142564595418,-0.1479477456782987,-0.0020526262680147,-0.2255300785584696,0.1131943387416645,-0.2746197502742761
2025-03-03,-0.0588325213737981,0.04527282935498497,0.00681338525072176,0.07063599629669119,0.005706233827643018,-0.014636827046010813,-0.005268295240415845,0.0026125386755657424,0.0006349483681723941,-0.0065026141194492225,-0.0015859048853738536,-0.018692770047563725,-0.005086786677698025,0.006882896266176672,0.003760028686525692,0.2044317127036965,0.2132896633267558,-0.050000776303599,-0.0315100882796874,571568.0,291939.0,,0.1469817135249136,-0.4978403287647678,,,-0.0783257340003254
2025-03-04,-0.0701183640086862,-0.011819373005211608,0.00681338525072176,-0.04283139348679113,0.0069335057598259595,0.016187494962324966,-0.007543936471265241,0.00019260158751236903,-0.0009334196823427055,-0.003871109788514789,0.002429343467125821,0.009163383452424154,-0.002545419334589423,0.0001357700815709516,0.0040504211967857355,-0.0588325213737981,0.2044317127036965,0.2132896633267558,-0.050000776303599,556333.0,298699.0,-0.7151112096364135,-0.2866448077055397,0.1339219600630936,,-0.5556162851024876,-0.5579646286161398
2025-03-05,-0.073829640287566,-0.010349601217308256,0.00681338525072176,-0.03890788448079336,-0.005186911468631615,0.016960469619637937,0.026500849583355624,-0.000592499256365734,0.0019494752946997906,-0.00034277281149125145,0.0010847521495218739,-0.019072542499033823,0.0003093932969044757,-0.00041733598504453695,0.0005520200892106088,-0.0701183640086862,-0.0588325213737981,0.2044317127036965,0.2132896633267558,523304.0,305585.0,-0.235210459916265,0.0412854903439774,-0.3987680561553634,0.0703238897042928,-0.5801495857821848,0.176228140434249
2025-03-06,-0.0672253058477876,-0.01934104892255702,0.00681338525072176,-0.03514378745958629,-0.008464854746098142,-0.008879891968692103,0.021085251617571122,0.00016481297207318244,0.0036641505038932246,-0.0020900662424475215,-0.0019874295176998233,0.014199131405164572,-0.000560379767212645,-0.0010775814092858897,-0.007063789560958467,-0.073829640287566,-0.0701183640086862,-0.0588325213737981,0.2044317127036965,510875.0,314413.0,-0.5616770123347983,0.3508792306503203,0.1680858634207257,-0.6389185064846313,-0.5909550337625169,0.3532387111034962
2025-03-07,-0.0593195536170805,-0.058792796012286784,0.00681338525072176,-0.029069449530665547,-0.006298314453190513,-0.011488852871915055,-0.0038844195422412207,0.0006639895448507329,0.004185504189174634,-0.002947980603505747,-0.0025854781544164436,-0.017142153791569022,-0.002038950454174596,0.0018618321320423735,0.0031380922726018915,-0.0672253058477876,-0.073829640287566,-0.0701183640086862,-0.0588325213737981,490890.0,323281.0,-0.1626564146360035,0.3654880315578045,-0.2647163387362037,-0.6972601346010037,-0.2792747490961386,0.03144204814242
2025-03-10,-0.0908650850958041,-0.04342074674513577,0.00681338525072176,-0.024025517669408802,-0.006097566575359353,-0.01082078365735236,-0.0037850730138509433,0.0011229573707460356,0.006078738477622425,0.0035729916594273163,-0.0005430610974292604,-0.015385008533743869,0.0017595098474831867,0.002393561571418539,-0.004504880375410429,-0.0593195536170805,-0.0672253058477876,-0.073829640287566,-0.0701183640086862,476209.0,331575.0,,0.1492793071547969,-0.3625299691406298,,-0.0857258510610343,0.509052764482576
2025-03-11,-0.1016157323676019,-0.06905515790696029,0.00681338525072176,-0.0353840789195198,-0.004385611668208125,-0.0110123273502288,-0.004737822464711844,-0.0002876116463961527,0.00882087848580971,-0.0007685899856584195,-0.0013453081604487044,-0.017580665829276833,-0.0018663206296339737,0.0020183383243857055,-0.009339423313794774,-0.0908650850958041,-0.0593195536170805,-0.0672253058477876,-0.073829640287566,451671.0,339758.0,0.0222383473572477,0.6633094519611772,-0.3746369049743467,-0.2541684888555066,-0.8734655957022418,0.4031691251120512
2025-03-12,-0.0579098345299806,-0.06714537628141454,0.00681338525072176,-0.04057923700421894,-0.007469193800486184,-0.009103474201312427,-0.005615308699023642,0.0006390562684583426,0.007153956680788812,-0.000839794371277084,-0.002557697825193969,-0.018415254918524856,-0.0018600515723748798,0.0008498353192616742,0.0038384025917668737,-0.1016157323676019,-0.0908650850958041,-0.0593195536170805,-0.0672253058477876,435267.0,348137.0,-0.2869284130466901,0.465068841734686,-0.4535451606732608,-0.5342110814854184,0.1407311975578156,0.0818698724616769
2025-04-01,0.0146047220654956,-0.045175581716348265,0.00681338525072176,-0.023886475176333584,-0.007493547512755269,-0.013411099862357697,-0.0033997576000657725,0.008161048242627048,-0.0019088499553518896,0.005249417268471834,0.0008532178992644553,-0.01692750196001969,0.005402572692937871,0.005754460417880226,-0.01038245142136755,-0.0579098345299806,-0.1016157323676019,-0.0908650850958041,-0.0593195536170805,645556.0,288733.0,,0.1005137392021861,-0.4012571936463143,,-0.8322455603395934,0.5475266220051256
2025-04-02,-0.0129906386765359,-0.01960038586618013,0.00681338525072176,0.01081108497193473,-0.005548805888264365,-0.016132401027669687,-0.00971166383364312,0.0058334754760006845,-0.0006006737411859407,0.0033277228517537482,-0.0014426535891509658,-0.014215430596684578,-0.00044623566197141693,0.0012957382717111322,0.00041607165026788425,0.0146047220654956,-0.0579098345299806,-0.1016157323676019,-0.0908650850958041,641118.0,302456.0,0.3981209838268537,0.2165575169528264,-0.1033981772190477,-0.0291440998309434,-0.4355058339709086,0.1975716010695895
2025-04-03,-0.0208811198582541,-0.02863179180772404,0.00681338525072176,-0.009984449991898892,0.001624704829207371,-0.01047551822484686,-0.01100704672333545,0.005279905980202276,0.0025964425181713687,-0.0036572157589482715,0.0008023988296067161,-0.01374817397767851,0.0002985091775107223,0.0009691258397796506,0.001856140443784122,-0.0129906386765359,0.0146047220654956,-0.0579098345299806,-0.1016157323676019,596532.0,314557.0,-0.1726892185596887,0.0801461448306634,-0.0491815752393918,-0.3007799178889404,-0.4723404357668498,0.1714976548003697
2025-04-04,-0.0799723272674119,-0.02670420624101204,0.00681338525072176,-0.018597703036081034,-0.0012800905211505017,0.0014905640262576061,-0.005889924390892761,0.0012459714118767497,0.005353720197271419,-0.0013718361681844336,-0.0014397481589176718,-0.017824667893241167,-0.0008338323545251043,0.0019978084626097272,0.0036321469332433807,-0.0208811198582541,-0.0129906386765359,0.0146047220654956,-0.0579098345299806,541802.0,324611.0,-0.3092081550326357,0.1546734108798861,-0.4422377733333032,-0.3190046461370522,-0.7113212701809587,-0.1298812878427883
2025-04-07,-0.0914659580633996,-0.04758075504703808,0.00681338525072176,-0.030639907056070517,-0.003279054022522325,-0.005058113394140127,0.0016186570087513576,0.001008847874096156,0.006742736025833469,0.0007415613399171059,-0.002552195403928521,-0.014360331187242281,-0.0006245616387117451,0.0008271690215392054,-0.008818948865281622,-0.0799723272674119,-0.0208811198582541,-0.0129906386765359,0.0146047220654956,497797.0,332692.0,,0.4228518486321426,-0.0856831476100766,0.0852735479619521,-0.4560320575654509,0.5413435699254748
2025-04-08,-0.1925628963726096,-0.06633039865172395,0.00681338525072176,-0.037251259673538664,-0.0068449207326750265,-0.0037466452099186947,-0.005113388187914824,0.0015783958763745162,0.009433550367506795,-0.0011965647082631044,0.002188141847883351,-0.020183643043522118,-0.0026256738828450204,0.0012999265810658511,-0.0106817031365988,-0.0914659580633996,-0.0799723272674119,-0.0208811198582541,-0.0129906386765359,460036.0,339313.0,-0.379505824307347,-0.1063511573428051,-0.5619874319724093,-0.1348825803905503,0.013854652481905,0.5533463896016557
2025-04-09,-0.161021168217645,-0.1519554735221109,0.00681338525072176,-0.1271387322985898,-0.0076602771030772135,-0.01576106113543356,-0.003287089339922194,0.0007050165935947014,0.008854390016924079,-0.0012820609812693423,-0.0009387016130972803,-0.018670025756987653,-0.002609961659061503,-0.0007048774927103533,0.009724521996797686,-0.1925628963726096,-0.0914659580633996,-0.0799723272674119,-0.0208811198582541,436658.0,345763.0,-0.0272897884567442,0.1745827970057241,-0.1771363041887259,-0.2297678396878473,-0.547272212329602,0.0774880628876181
2025-04-10,-0.0897971137258402,-0.1549444958848012,0.00681338525072176,-0.09346451151031851,-0.01136809269606157,-0.015431165592079861,-0.003746367977322999,-0.003990670999194913,0.014643550771293336,0.0014200078888779275,0.002283116245726294,-0.01813273696580088,-0.0031078130830346274,-0.0041574474615026094,-0.026705749756104503,-0.161021168217645,-0.1925628963726096,-0.0914659580633996,-0.0799723272674119,415195.0,353818.0,-0.6093367123798151,0.398566452400921,-0.7130564380218227,-0.2248018397531106,,0.6189549780335547
2025-04-11,-0.0715015606766478,-0.06789976722411037,0.00681338525072176,-0.028447156796728417,-0.007489540072518082,-0.017908666576243484,-0.009939392891913604,-0.003255609824951825,0.008346548306336285,-0.0007621915324928091,-0.000925006877990244,-0.017497968271574797,-0.0012302565566255784,-6.466918616179384e-05,0.004460757806032255,-0.0897971137258402,-0.161021168217645,-0.1925628963726096,-0.0914659580633996,397929.0,363359.0,-0.0568850037860283,0.2495422417996647,-0.4096006789811739,-0.4676720118466966,0.0950796302045253,0.1184798539592049
2025-05-01,-0.1814359241125824,-0.06264580389595235,0.00681338525072176,-0.02551238013322784,-0.006884128865207306,-0.0177102677612757,-0.02014052072397378,0.0084378016242667,0.0007626730984838293,-0.0012272959748023627,0.0015569348161538338,-0.01900280318882124,-0.0010837701316687815,0.005623696502608494,0.005720871590790036,-0.0715015606766478,-0.0897971137258402,-0.161021168217645,-0.1925628963726096,587561.0,299585.0,-0.3390039113201057,-0.300912492609969,-0.465641531281225,-0.074018772088761,-0.78216992182179,-0.2073145743609409
2025-05-02,-0.2012045270509661,-0.18285762664285182,0.00681338525072176,-0.11268972689453984,-0.008563438783056189,-0.019256146922542655,-0.01675628955010875,0.0007874472354229276,0.0033923117909090946,-0.0025749675285683038,-0.003103909586858555,-0.019738447202456922,-0.004071154043164948,0.001704597170151587,-0.008801287578760876,-0.1814359241125824,-0.0715015606766478,-0.0897971137258402,-0.161021168217645,568693.0,309818.0,0.2114448515843904,0.308961666266829,-0.2231392613114313,0.0762047775628283,-0.4286394002269127,0.2569039666245616
2025-05-05,-0.1402743391402277,-0.12406972009609024,0.00681338525072176,-0.12493003210351276,-0.009413391119190019,-0.009515530114233638,-0.00621652751611149,0.012346855376883148,0.006236339783941921,0.011116749532114863,0.002466572023349838,-0.017040130914769427,0.013905713424285775,0.006148370470615246,-0.015988094190185393,-0.2012045270509661,-0.1814359241125824,-0.0715015606766478,-0.0897971137258402,570488.0,321322.0,-0.7625990949489992,-0.1399849498651562,-0.1111740877610025,,-0.8299390714967738,0.3371012353969248
2025-05-06,-0.1112002293592073,-0.07596365594561821,0.00681338525072176,-0.05891981809354903,-0.008067275435030646,-0.008523840165503477,-0.0038456236599205633,0.006551527017946025,0.007540383437138378,0.0035971069084451386,0.00036465451459657906,-0.017049904059358637,-0.003784107728180094,0.008354135827159846,-0.008994279760083395,-0.1402743391402277,-0.2012045270509661,-0.1814359241125824,-0.0715015606766478,572672.0,334706.0,-0.5473177544596116,0.4375266334040228,-0.3615205947343567,-0.1368929449489795,-0.7457184153260222,0.2699673404558248
2025-05-07,-0.0493198169476922,-0.07804145027975672,0.00681338525072176,-0.03984286880865937,-0.009831590974804115,-0.015882501911533887,-0.019980602909802202,4.783359621662696e-05,0.01051053632285642,-0.0012362890262403777,-0.0007304177748835213,-0.01572412753554545,-0.0017225843910863936,0.004546292355370656,0.0049914855276332265,-0.1112002293592073,-0.1402743391402277,-0.2012045270509661,-0.1814359241125824,547479.0,346766.0,-0.2879869326766787,0.2109772748120254,-0.2067220167062222,-0.1808252264881398,-0.4230181918131768,-0.0429713383051437
2025-05-08,0.0003183192769196,-0.0714523424139764,0.00681338525072176,-0.020450601201518422,-0.008599922909423007,-0.018627943705907382,-0.02231373280562636,0.0003094441454313908,0.010605716051870757,-0.00023451010020700288,-0.0009914113656586652,-0.011787623157893248,0.003800467690417162,0.0017003829958343473,-0.011675993302017813,-0.0493198169476922,-0.1112002293592073,-0.1402743391402277,-0.2012045270509661,524577.0,358092.0,0.1333348517178823,0.1818468455055186,-0.0449074583074832,0.2682539700281613,-0.0964121827959963,0.7117439843706267
2025-05-09,-0.0242689088407432,-0.029217471180364628,0.00681338525072176,0.017423351365024597,-0.0054063713026636095,-0.01687327182677094,-0.01854320890210087,0.0007789988146175782,0.009305398417247082,0.0005934623425199009,-0.0008629218293171098,-0.0184977095965761,0.0014481265790705477,0.0019191104916697207,-0.007315820983807193,0.0003183192769196,-0.0493198169476922,-0.1112002293592073,-0.1402743391402277,494806.0,368699.0,0.2062656560029441,0.2144931781174296,-0.5255615281527194,0.1108427388525308,-0.0975968298456022,0.5118527937240598
2025-05-12,-0.0882037077526289,-0.016094509025288504,0.00681338525072176,-0.01415697769960891,0.0016149994900916977,-0.006737010792368324,-0.011739911018607524,0.0009009161895682088,0.007075827983395632,0.0025351954979689444,0.0031487596079744704,-0.0054447997646035065,0.0024537034589033804,0.003251299324662588,-0.005809896553386947,-0.0242689088407432,0.0003183192769196,-0.0493198169476922,-0.1112002293592073,462177.0,378026.0,,-0.0775245916120173,0.0215687432528617,,,0.3958828977196195
2025-06-02,0.0530620017771639,-0.043477180770146125,0.00681338525072176,-0.033272711658512075,-0.0018156909705593623,-0.000669591915336833,-0.00606171583301877,0.0008873274926449252,-0.0011801661241119922,0.00025507305670127646,0.0013963155795441895,-0.016489595360528048,0.001321535702387238,0.0016457966155661375,0.0036928573943554644,-0.0882037077526289,-0.0242689088407432,0.0003183192769196,-0.0493198169476922,502805.0,293639.0,-0.522673159883334,0.057504611232162,-0.1961905758355067,,-0.5123085264240692,0.0542432948959733
2025-06-03,-0.0664603362264015,0.007465671444886876,0.00681338525072176,0.03190639776832818,-0.006444729254481436,-0.005619184081133279,-0.004121843750307548,-0.00026316696616896776,-0.0008144153542709461,-0.0009221326040218291,-0.002425636155321735,-0.017289023579359634,-0.0005127921894236313,0.002449130102207014,0.004709682258118939,0.0530620017771639,-0.0882037077526289,-0.0242689088407432,0.0003183192769196,481185.0,296567.0,-0.2152795564897744,0.4644656325787674,-0.1787053063112325,-0.0510187845658659,-0.1060347339927238,-0.2319860865853095
2025-06-04,-0.0110396705373307,-0.05977493022929309,0.00681338525072176,-0.02771263619783621,0.0016831335370878224,-0.014663997452804483,-0.004455836013467729,0.0018568055726440082,-0.0008128536121358509,0.00023751380261346542,-0.00047552607803798974,-0.01793284123986907,0.001012731108856479,0.002177915876444584,-0.00750272478350987,-0.0664603362264015,0.0530620017771639,-0.0882037077526289,-0.0242689088407432,469966.0,300347.0,0.2240128429665289,0.1150982414857215,-0.2996345758854488,-0.3872016928948228,-0.2313827958912901,0.5493010071936114
2025-06-05,0.0814338391172944,-0.021440596075569352,0.00681338525072176,-0.0037619991525998926,-0.008891424470616463,0.01166916266556109,-0.011148117058343916,-0.00020496372064450504,-7.517597342577764e-06,-0.0004845774077477342,-0.0032833726168547818,-0.01711032802392966,0.0011976654218437846,0.0005320982371077764,0.0032393923972758145,-0.0110396705373307,-0.0664603362264015,0.0530620017771639,-0.0882037077526289,449807.0,303252.0,0.166425681650244,0.382826102215799,-0.3093593102358833,0.1144131156013793,-0.4253963646983914,-0.0915486184437343
2025-06-06,0.06719990009677,0.016552042188099556,0.00681338525072176,0.042241666285921534,0.0008570177348804893,-0.01267473814677047,0.016462801321060958,-0.0010811984222845268,0.0013991756587291159,-0.0006456871025568001,-0.002688651721616631,-0.017504127970379348,-0.0009032429205936619,-0.002169201554018097,-0.013555156224994692,0.0814338391172944,-0.0110396705373307,-0.0664603362264015,0.0530620017771639,447750.0,306814.0,-0.231269451074689,0.5167690476701317,-0.4048449272089484,-0.2308034090980445,-0.6487755736950355,0.6947356998519266
2025-06-09,0.0478136125116375,0.018676467283092416,0.00681338525072176,0.028868623390739378,0.0029383443538468336,-0.005639477791465568,-0.006222704839163901,-0.0010984682846397508,0.001561689620332753,0.005416691785070961,-0.0017421045289517185,-0.01615118244137614,-0.0006496999583097094,0.0036017078818968676,0.0009796628443906198,0.06719990009677,0.0814338391172944,-0.0110396705373307,-0.0664603362264015,435599.0,311350.0,0.6636543612046074,0.3386675546482686,-0.2234001789375075,,,0.1836811617093786
2025-06-10,0.0543912855375481,0.04938148452314921,0.00681338525072176,0.023928890396201826,0.002805779496380238,0.014244660233314076,-0.008891022025796228,-0.0015867249580210178,0.0023862733678284486,0.0006260059915017954,0.002669019953614501,0.008406476720389532,0.003545514364939855,-0.0005735445695591559,-0.004993229698366433,0.0478136125116375,0.06719990009677,0.0814338391172944,-0.0110396705373307,444114.0,319030.0,-0.2199582404803728,-0.1181025245579219,0.1219210655222343,0.3234711476760124,0.1989186576083908,0.3622437473818672
2025-06-11,0.0745159891417106,0.06363660744996502,0.00681338525072176,0.027199291393911085,0.002367445162832106,0.014593722489692141,0.01622461506159149,-0.0013787862089857884,0.0034902226813937503,0.00033746325713203976,-0.002196748412023571,0.005765972155168578,0.00040283135479045464,-0.0012080685713941864,-0.008774738164864846,0.0543912855375481,0.0478136125116375,0.06719990009677,0.0814338391172944,451686.0,329713.0,0.1297071517182649,0.1751142587774897,0.0983047860361565,0.0276497490354245,0.2537049305960695,0.7461427352270298
2025-06-12,0.0655386366188643,0.07958258097498006,0.00681338525072176,0.028697493611385745,0.0017248653679023235,0.011067419069561938,0.011968181723406336,-0.0011949176006206836,0.004823593406121574,0.0016399152893707765,-0.0018969242754627174,0.016433419375790355,0.001781787451046794,0.0020919539001916726,-0.004367591594435769,0.0745159891417106,0.0543912855375481,0.0478136125116375,0.06719990009677,422545.0,340038.0,0.4174291115737357,0.2120006336253489,0.2701086791045651,0.2068082111085236,-0.2235668056905507,0.3818518579614411
2025-07-02,0.0670207388284991,0.058853083142944365,0.00681338525072176,0.02740494542098189,0.004957309269193617,0.010808335955809276,0.013057376592558793,-0.00017925767795115338,-0.0016994589747592066,-0.0005151892869731947,0.0037033219668106284,-0.015444620334104115,-0.0010942030487895054,0.0049865127315130466,0.00605462527793253,0.0655386366188643,0.0745159891417106,0.0543912855375481,0.0478136125116375,519478.0,282632.0,,,,,,
2025-07-03,0.0471708364536667,0.0431823780183405,0.00681338525072176,0.026037666465670434,0.0023100490766015586,0.014971909271017242,0.014108247210426793,-0.0031773507833262452,-0.001940143195660573,-0.000700908938756319,-0.002376000879794957,-0.014977661411023168,-0.0005822122085298092,0.0002936123373678836,0.0024017858236259197,0.0670207388284991,0.0655386366188643,0.0745159891417106,0.0543912855375481,523383.0,289355.0,-0.0771308419440255,0.3443442069298252,-0.0251515172756362,-0.2579604016004633,-0.0267009995857531,0.0542807390944662
2025-07-04,0.0516786656975725,0.046688278581070025,0.00681338525072176,0.02201931111729036,0.0029031001566259818,0.013883856557485677,0.015311829673872557,-0.00046332658146993786,0.00043326265753257696,0.0002809766124295252,-0.0032834241051882492,-0.016605522662520057,-0.002251001437385981,0.002873445082852011,0.004772386258823879,0.0471708364536667,0.0670207388284991,0.0655386366188643,0.0745159891417106,510544.0,298640.0,-0.5398156770409852,0.3807389987222761,-0.4484785425251571,-0.6219922776134207,-0.4828376310034587,-0.3256616590053933
2025-07-07,0.1296380248655309,0.04739657900286055,0.00681338525072176,0.022199127285963578,0.001731868747276225,0.013045777178829411,0.013242876556449273,-0.0006332229301437645,0.002396791863414152,-0.0009751253643974913,-0.002482524463963177,-0.01586895473040985,0.0011332931839680544,0.003126838995974429,0.003666447429177957,0.0516786656975725,0.0471708364536667,0.0670207388284991,0.0655386366188643,520754.0,311772.0,-0.6165182829134415,0.7212101173185717,-0.2483692911655372,0.2398324510778839,-0.7589673924055552,0.1208145775653008
2025-07-08,0.1100439931610495,0.07286807989300251,0.00681338525072176,0.04708961258980806,0.0020218782612413866,0.010131335225519225,0.013231513114534884,-0.00165259846206961,0.003633547332396212,-0.0013558999799257187,-0.0017731000541700943,-0.015798258970062564,0.0002455326757747848,0.0026145656814329297,0.007666567227801289,0.1296380248655309,0.0516786656975725,0.0471708364536667,0.0670207388284991,509566.0,324172.0,-0.3229190352642518,0.8309880002349184,-0.3907959574225571,-0.2462679414572568,-0.4193901481575907,
2025-07-09,0.0459163945685023,0.057468952523342616,0.00681338525072176,0.03851269126571941,0.0034016069635909867,0.010276303876262709,0.012778224397363359,-0.0026719817953941094,0.005975828159219308,-0.0009933815102296756,-0.002133412588840176,-0.01851467028119752,0.0008537134703133424,-0.0003918635538504387,0.003562508869663732,0.1100439931610495,0.1296380248655309,0.0516786656975725,0.0471708364536667,500929.0,337334.0,-0.050526087994179,0.5769691671661328,-0.2977426951581535,-0.1329513980995535,0.0995018291347384,-0.0501634369298471
2025-07-10,0.0261250191138193,0.04134556151533016,0.00681338525072176,0.017841800866892153,0.003775904481073881,0.015321323173587708,0.01259330632014852,-0.0011109228670308968,0.0075793423563184845,-0.0024158333125567856,-0.0034558766660624032,-0.01689732130189721,-0.0001591920051697504,0.001899575592308074,-0.00043993037300335764,0.0459163945685023,0.1100439931610495,0.1296380248655309,0.0516786656975725,487553.0,348703.0,-0.190278904914686,0.6113732637330488,-0.2329388449313802,-0.4631759073668918,-0.6993983460317448,0.2204283209752756
2025-07-11,0.0084208019182119,0.03571796601404198,0.00681338525072176,0.00846435663292789,0.0019336475794321515,0.0144850013784125,0.016958400316649653,-0.0012089874864952865,0.008042609483935053,-0.0009570563248444391,-0.0028198775949176674,-0.01865656468301317,-0.0023659933965451342,0.0017880931566626916,0.0032409517011159623,0.0261250191138193,0.0459163945685023,0.1100439931610495,0.1296380248655309,492299.0,361962.0,-0.1089320622029181,0.7735838748689697,-0.3694328179093201,-0.516069239116668,-0.275883908897274,0.0493273475654537
2025-08-01,0.1145408449664246,0.02001980317116282,0.00681338525072176,-0.0017824687054909137,0.0021530001175720623,0.01166303223568634,0.016086269583563233,0.0002838602158789669,0.0019274435091567639,-0.0006021861695633407,-0.003528839727035031,-0.017392628402402566,-0.00378168856165211,0.005448022459117199,0.0027326013656104476,0.0084208019182119,0.0261250191138193,0.0459163945685023,0.1100439931610495,557960.0,310813.0,-0.0217300529445784,0.279512223590859,-0.1404965125616763,-0.7455066964839672,,-0.0530064168579101
2025-08-04,0.0067124139379046,0.06618867345190696,0.00681338525072176,0.04027549694695995,0.0025170118308490744,0.0037822168758480097,0.01321258671371736,0.0005268830826957147,0.004365716213251162,0.0007086273336030364,0.0014967294675707055,-0.016235706909743037,-0.00124162398754882,0.00636954526739084,0.0035978053665912265,0.1145408449664246,0.0084208019182119,0.0261250191138193,0.0459163945685023,544754.0,315093.0,-0.4775308266346166,0.0502675581573941,-0.1551736213685313,,-0.9067927967662304,-0.0224112621312151
2025-08-05,0.0345951178574557,0.0361798782597685,0.00681338525072176,-0.0036106577532525725,0.003926894674946269,0.000959657536061441,0.004183361423130151,0.0005966646025443907,0.003945682181279259,0.0019067366300513828,-0.003123703817553477,0.015851208901575764,-0.0005822993694521757,0.0014786539236920327,0.003834294076024277,0.0067124139379046,0.1145408449664246,0.0084208019182119,0.0261250191138193,540527.0,320933.0,-0.4427989444765771,0.2333471551897095,0.1878352503659837,-0.2933212435764418,-0.7533586633492212,-0.1136248044685421
2025-08-06,0.0062987610768265,0.028912166549342193,0.00681338525072176,0.016667680138830753,0.0012978281707575789,0.014163649918471386,-0.0032277723123998845,-0.001028141968823403,0.004886088087127939,-0.0006569628662777755,-0.0021633499944193574,-0.01284763544251789,-0.00019750072917808277,0.0014991367054035312,0.0037057615916456696,0.0345951178574557,0.0067124139379046,0.1145408449664246,0.0084208019182119,531243.0,327298.0,-0.4302976804987881,0.2015279428940698,-0.0548288991001993,-0.1282598825845563,-0.6577593265169603,-0.1071040283550837
2025-08-07,-0.0463284080466461,0.032547223518480814,0.00681338525072176,0.00129032681288364,0.003378615451723615,-0.001122585599472839,0.01610885481993776,-0.0005289492619189684,0.005578097440911881,0.0011427715630312266,-0.0038754137472214417,0.009968977078013908,-0.0012497776882581478,2.6423611688716054e-06,-0.004959720963040487,0.0062987610768265,0.0345951178574557,0.0067124139379046,0.1145408449664246,502972.0,333992.0,-0.3972114508316184,0.2633551944329278,0.1425168691337789,-0.5200840494182601,-0.728253848781682,0.3163010592000752
2025-08-08,-0.0520813904259389,-0.0127936294730617,0.00681338525072176,-0.037639266518307235,0.000322419608216395,0.007994718258904937,-0.005693058964244854,-0.0012635653467272382,0.00422194606647176,-0.0002729549172661543,-0.004321001168715678,0.01520747905947432,-0.000313359065716674,0.002072727665027276,7.690059909973693e-05,-0.0463284080466461,0.0062987610768265,0.0345951178574557,0.0067124139379046,490110.0,342202.0,-0.1246786290406401,0.5093277059813414,0.2042039539618049,-0.4953291440168329,-0.1095333017994605,0.1980981038728431
2025-08-11,-0.0544699932949113,-0.009659908350883609,0.00681338525072176,-0.035555174363025244,-0.0042562915269692475,-0.0008990352675685985,0.00913927108934282,-0.00010621259609701568,0.00666288896656996,0.0006086588897963998,0.003002266245020802,-0.0011023825450222023,7.884290750744388e-05,0.0024797891123575604,0.003474085486481951,-0.0520813904259389,-0.0463284080466461,0.0062987610768265,0.0345951178574557,464530.0,350754.0,,-0.1000225366583626,0.0431489847496286,,,-0.2423691788020864
2025-08-12,-0.0478390595194628,-0.04666142441909141,0.00681338525072176,-0.03031484817973261,-0.0043796405406682165,-0.00616979006777041,-0.0031065544280301526,-0.0002666005098052018,0.006909339131933787,0.0032739430812189275,-0.0028357721711514336,-0.015184515966082654,-0.0010393544409697203,-0.006089526059216715,0.0057285104804612515,-0.0544699932949113,-0.0520813904259389,-0.0463284080466461,0.0062987610768265,457861.0,360763.0,,0.4175849746123891,-0.2701960509109983,,0.4379959981208361,-0.4955396527975426
2025-09-01,-0.0220586508994857,-0.02367055207845869,0.00681338525072176,-0.025234959458187583,-0.004244516048755286,-0.006522642058318837,-0.006199113958164055,0.0055838920454536894,0.00416435874286993,0.0020135416649935266,-0.0027094651545212923,0.01662495922270337,-0.00201109989161434,0.0035393952258282427,-0.015488287661467834,-0.0478390595194628,-0.0544699932949113,-0.0520813904259389,-0.0463284080466461,619212.0,317457.0,,0.5241010110508042,0.2281869896628549,-0.2469520005660429,,0.7141832121181757
2025-09-02,0.0004339963901749,-0.021907244448166007,0.00681338525072176,-0.012173347860154058,-0.003978492899718642,-0.007121787504157666,-0.004047229455670621,0.005789112643378225,0.006458738866547711,0.0018131979632212086,-0.002008014092737118,-0.010677499802127871,-0.0007423710162077262,0.0014936459496749808,-0.0035265824909362017,-0.0220586508994857,-0.0478390595194628,-0.0544699932949113,-0.0520813904259389,606990.0,327398.0,,0.2942781091682367,-0.004929800145727,-0.5773165434116213,-0.0565744827262203,0.3497668092365938
2025-09-03,-0.0175957618903792,0.017669699531739365,0.00681338525072176,0.003622933829960826,-0.0030717341629103393,-0.008054424319092136,-0.00692758572237178,0.0033346255595910973,0.005360588118253631,-0.0007035449666039481,-0.0020595278723162876,0.015638004734530878,0.0031882700853649794,-0.003177337091225947,0.003706046087836652,0.0004339963901749,-0.0220586508994857,-0.0478390595194628,-0.0544699932949113,582440.0,337316.0,0.1135213919133677,0.2079165963641978,0.2029675983098386,0.1707337509940814,0.6311301072069689,0.1569455078084662
2025-09-04,-0.0260788259944728,0.0025821443274498704,0.00681338525072176,-0.020316761628691456,0.0010224855001913574,-0.00698963159206756,-0.0075451896390644965,0.0003374949057172216,0.006020182408043396,-0.0010711294814005898,0.0036237357033822855,0.016536841808382833,-0.0011026061206476068,0.0010770884223991882,0.004176248790483536,-0.0175957618903792,0.0004339963901749,-0.0220586508994857,-0.0478390595194628,548898.0,345882.0,-0.2062709486530158,-0.1409717798514779,0.2077634825177424,-0.2556947134852451,-0.6028071964714699,-0.018803555612444
2025-09-05,-0.0321493813891731,-0.02375948101848564,0.00681338525072176,-0.020155073260676067,-0.0008145995572137995,-0.0007644092508826931,-0.007164944482148482,-0.00024682668471534493,0.008728319182440249,-0.0009355818559117296,0.0018243139532481518,-0.0161839613732758,-0.0004405608619781045,0.002350372701230345,0.003230085220675864,-0.0260788259944728,-0.0175957618903792,0.0004339963901749,-0.0220586508994857,523952.0,354143.0,-0.6055207632835073,-0.2138067813920628,-0.3193412335185632,-0.3943392688549643,-0.5987094665941967,0.0509375968770643
2025-09-08,-0.0085966896974838,-0.0359571102517427,0.00681338525072176,-0.023283470425368373,-0.0022212816585162774,-0.006894912896596594,-0.004232612313411784,-5.956428733248278e-05,0.007711938478971969,-0.0006481145669381518,-0.003602067046370711,-0.010865564239784346,0.0011346970103173443,0.0011904947075052031,-0.0010000382649403053,-0.0321493813891731,-0.0260788259944728,-0.0175957618903792,0.0004339963901749,503615.0,362126.0,-0.5368927490800646,0.4439839584652155,-0.003719853771123,,-0.6809056796159372,0.201390708893552
2025-09-09,-0.0556594080112624,-0.010262663416392499,0.00681338525072176,0.006390588658589389,-0.0034974838031733343,-0.0055451899345994185,-0.006317052486526952,0.00026909534120895054,0.007235943672383648,-0.00018626800187798666,0.0023689303098048363,-0.011703727247253399,-0.0013542084421710812,0.001554243309288843,-0.006290920042787754,-0.0085966896974838,-0.0321493813891731,-0.0260788259944728,-0.0175957618903792,476590.0,370119.0,-0.3037690940913281,,-0.0103713131695491,0.0108762149822924,-0.041310495067315,0.3244619899235064
2025-09-10,-0.0168960164243916,-0.043889655260616695,0.00681338525072176,-0.031072134006720608,-0.0003263622151636475,-0.004911380966608042,-0.004299225089850153,0.0004303933764600899,0.007785135183722363,0.0009978412534685894,0.0028909568134788204,-0.0164939843094388,-0.0009386563767851522,0.0010178526964762786,-0.005783476870378189,-0.0556594080112624,-0.0085966896974838,-0.0321493813891731,-0.0260788259944728,455292.0,379271.0,0.2881439671510286,-0.0806882027042583,-0.1769732655856041,-0.0346755249996079,0.0831152288155869,0.328088779772858
2025-09-11,-0.0039097794166123,-0.008800777687077982,0.00681338525072176,-0.014257686501337054,-0.005760079023099283,-0.00209729891870947,-0.007695535879973421,-0.0009932496967957453,0.005944614086753329,0.0018731302773522206,-0.001249151856120519,0.016707782410539846,-0.0011075888066929779,-0.0003971438923573355,-0.006581955137359317,-0.0168960164243916,-0.0556594080112624,-0.0085966896974838,-0.0321493813891731,429498.0,388733.0,0.4681085296630206,0.1294279169804952,0.2610755355146391,-0.1862819644890124,-0.7749065692543644,0.3068560897822594
2025-09-12,0.0130720815673521,0.009212038597805478,0.00681338525072176,0.001158295609544397,-0.000662498146221329,-0.010330312337047922,-0.007843151377217125,-0.0003427237596445992,0.0056966463243225355,-0.0007727439278816902,0.003489412527847887,0.004717192802096797,-0.0003171605488761024,0.0015539974527395714,0.006051698727421305,-0.0039097794166123,-0.0168960164243916,-0.0556594080112624,-0.0085966896974838,425968.0,399517.0,-0.2040073140818137,-0.4142483720738865,0.0813974963304676,-0.3100446462651308,-0.3463057905038144,-0.4408607123431915
2025-10-01,-0.0419537180723104,0.006086446829193229,0.00681338525072176,0.0025707204827760486,0.00042690165252851113,-0.00618990372074419,-0.006169276973167062,0.018961464619419846,0.0037970182403643518,-0.00040032751907822844,-0.001962419860352681,-0.014059530372749538,-0.0016090205191250505,0.000993593151408432,0.0029138423971910373,0.0130720815673521,-0.0039097794166123,-0.0168960164243916,-0.0556594080112624,671059.0,314187.0,-0.3772784191593344,0.723001712355766,-0.0580841721194177,-0.2955801482221098,-0.6041124631948471,0.1679762973260612
2025-10-02,-0.0755330764943122,-0.024353971143068087,0.00681338525072176,-0.02849198963290233,0.0026098285319244336,-0.001436916865427194,-0.006687015138212749,0.008764690480594478,0.005723730836746713,0.0004577137668044866,-0.0014533911454131414,-0.005773762577354606,-0.001847965654957346,0.002034373688765248,-0.005066652684357934,-0.0419537180723104,0.0130720815673521,-0.0039097794166123,-0.0168960164243916,629595.0,327527.0,-0.4327683742986278,0.2304417871408461,0.0192535405928439,-0.2276579459209806,-0.6869348880852347,0.2832988410133853
2025-10-03,-0.04647775110117,-0.04822112444263115,0.00681338525072176,-0.031580540506097605,-0.004122863501114052,0.0031361979966317054,-0.006363571281354277,0.0053550409846571416,0.009245044323676887,-0.0014812306390925027,-0.002565263493938915,-0.014376961232559018,0.00030881830216242256,0.0007402864953730886,-0.013329467141697759,-0.0755330764943122,-0.0419537180723104,0.0130720815673521,-0.0039097794166123,624501.0,340762.0,-0.2343517153551232,0.4173630099035696,-0.1575261439104344,-0.4237895811548395,-0.6100501373853024,0.6234125389876534
2025-10-06,-0.0214574566773171,-0.0384506541222959,0.00681338525072176,-0.030108431779468838,-0.0077130348469646405,-0.007732979218150432,-0.0009417633652179481,0.006383386587970227,0.009190009696122691,0.00044906322411662097,0.0015962959082841724,-0.014128769245078658,-0.0010495475681909251,-0.0004912948695093031,-0.0007169738969306957,-0.04647775110117,-0.0755330764943122,-0.0419537180723104,0.0130720815673521,600835.0,353633.0,-0.5033257494746763,0.0048829032467763,-0.095082118515224,0.067610973472136,-0.5315576399690188,0.2090437263750267
2025-10-07,-0.0148622693212407,-0.024565477516257938,0.00681338525072176,-0.017682467227094014,-0.004618959139257221,-0.013654021987327737,-0.006311408956894031,0.0008258959586492654,0.0076132176921262585,-0.0012300545321875923,-0.003716248835077242,0.003439818580779694,-0.00040579824887506657,7.662240621191512e-05,0.004284541521966075,-0.0214574566773171,-0.04647775110117,-0.0755330764943122,-0.0419537180723104,576876.0,364567.0,-0.092492956631303,0.4805758811040982,0.0755770724138573,-0.0847171125066701,0.1420178671246175,0.1200555953350451
2025-10-08,0.0034777384412842,-0.014866427585330433,0.00681338525072176,-0.009829444956847903,-0.00274783475134144,-0.0066438512425922415,-0.006776753462786446,-0.0008435487626243585,0.0067783351601892715,-0.0007934992651691011,0.0026605787650288946,0.0038976575285747535,-0.001714206647132978,0.0011505397597444192,-0.006817784961095036,-0.0148622693212407,-0.0214574566773171,-0.04647775110117,-0.0755330764943122,539713.0,375173.0,-0.2786674990690098,-0.2119281701560639,0.0766511720014314,-0.2087318663018521,-0.0810013306871633,0.4625092448941951
2025-10-09,-0.0177802723698947,-0.01934657529932604,0.00681338525072176,0.008268921073719862,-0.0004153894643647077,-0.005549940593470839,-0.005292835266596802,-0.00025435651407523834,0.007587705898989519,-0.0022848088860802406,-0.0026286403170144917,-0.018496312044440646,-0.0020292329946823818,0.0011462462485131437,-0.006211317690544949,0.0034777384412842,-0.0148622693212407,-0.0214574566773171,-0.04647775110117,513554.0,386502.0,-0.1925201489969466,0.4607145522742137,-0.2176412236105349,-0.1573123629894493,-0.011563315551374,0.4117286368497162
2025-10-10,-0.0731396366466636,-0.026737275683224232,0.00681338525072176,-0.016348749979845603,0.001134159230458963,-0.006708162964323664,-0.007250965194569231,6.8787601706260194e-06,0.007345385943953872,-0.00045035704253659634,0.0021660419033827723,-0.015500223803113531,0.00047266308120561505,-0.004715230992109498,0.006297900123380315,-0.0177802723698947,0.0034777384412842,-0.0148622693212407,-0.0214574566773171,503064.0,398236.0,-0.3395843143848056,-0.3097731673607019,-0.1275598791912361,-0.0603458443939399,0.6183372660011482,-0.533479400815879
2025-11-03,0.0055632966853291,-0.027856577550315325,0.00681338525072176,-0.03641303410329487,-0.0007319400275233242,0.00030069868262259984,-0.006167332494167839,0.01835502793674467,0.006312180072488296,-0.0015790953991662005,-0.0020398294585645517,-0.01732595137069231,-0.0032630558887940695,0.0032076501311249393,0.004674719118185544,-0.0731396366466636,-0.0177802723698947,0.0034777384412842,-0.0148622693212407,695470.0,330920.0,-0.0458969815944763,0.6694443911599698,-0.2518561190663315,-0.7338340161081023,-0.6870119832430859,0.0734662437400928
2025-11-04,-0.0388087962114021,0.0036979377234346686,0.00681338525072176,0.005056116446472565,-0.00682253570200856,-0.005533633908806109,-0.0033778507421638147,0.016467251872042527,0.009240589232375638,-0.0012004139772113763,-0.0023051911648729164,-0.01703952430898179,-0.0034994910300034064,0.0005958237643822993,0.00530341199148785,0.0055632966853291,-0.0731396366466636,-0.0177802723698947,0.0034777384412842,679052.0,345566.0,-0.2651653389949189,0.2491891459720619,-0.2023912847219545,-0.5972192155820906,-0.2754541284019377,-0.2972717607717646
2025-11-05,-0.0306953257023261,-0.013669326877294262,0.00681338525072176,-0.02122114227824459,0.0023452979387994367,-0.01363772836998342,-0.005676115454362017,0.015184357670118567,0.009436339987207642,2.282469702617746e-05,0.003078886584053384,-0.0031009305501917446,-0.0014702523723012328,0.0005859036069184514,-0.006030153587056738,-0.0388087962114021,0.0055632966853291,-0.0731396366466636,-0.0177802723698947,655240.0,359706.0,-0.3562359004562295,-0.067152094968958,0.0267384030017275,-0.601062359666345,-0.3029905709962108,0.400832246854661
2025-11-06,-0.0324436681902247,-0.03441826893399951,0.00681338525072176,-0.022850000119798094,-0.0035597971533734246,0.0010389282135822896,-0.007316916196407293,0.006488211723431947,0.007562215129990861,-8.566097957914878e-05,0.0023369923818463397,-0.018877948832432996,-0.0038373789335848963,-0.005753677093651968,0.0036233776752550755,-0.0306953257023261,-0.0388087962114021,0.0055632966853291,-0.0731396366466636,631470.0,372804.0,-0.4961871589107614,-0.3956478200785926,-0.2202762052065692,-0.6055381125476815,0.5850350752160467,-0.072711520310876
2025-11-07,-0.0282014351112085,-0.020657956113363456,0.00681338525072176,-0.02405208210391828,-0.002430677561183763,-0.008124784114891166,-0.0038925773365199104,0.00786752396123868,0.008760619968857334,-0.0002519201034454434,0.0020774190084344754,-0.014226652120394303,-0.0010620177893568982,0.0037248759119009314,0.0041389309151930636,-0.0324436681902247,-0.0306953257023261,-0.0388087962114021,0.0055632966853291,609000.0,386084.0,-0.3985649289409174,-0.1041272223781412,-0.0814963238434956,-0.28675372032943,-0.8360844063661234,-0.0639006176854877
2025-11-10,0.0209803420723604,-0.0006576764521430647,0.00681338525072176,-0.021152773433194192,-0.0023014412547196447,-0.006404053880746876,-0.0071615912391390524,0.0023260867064678796,0.006523340350279862,0.0018920103305301087,-0.002008311779250825,0.022026066975467228,0.003947034887879497,0.003100690195502937,-0.00825811956194173,-0.0282014351112085,-0.0324436681902247,-0.0306953257023261,-0.0388087962114021,574402.0,397954.0,,0.2767033423672322,0.3724429762563805,0.4068940066552429,,0.522662032211097
2025-11-11,-0.0183993634239891,0.024947325628951716,0.00681338525072176,0.006254135742587601,-0.0028043421252431223,-0.006981558692776967,-0.006957207801652882,0.0012321859449285516,0.006519124001741181,-0.0004904961549773867,0.0032719289379765613,0.02275463144291765,-0.001055215892279017,0.003891443599388437,-0.007500688624380656,0.0209803420723604,-0.0282014351112085,-0.0324436681902247,-0.0306953257023261,562375.0,411893.0,0.1376078727766929,-0.1616073450368685,0.4900294091429085,0.077607287908836,,0.4402818396056179
2025-11-12,-0.0660224299652467,-0.0026505622662093414,0.00681338525072176,-0.018514007514658325,0.0026544117338795606,-0.007142700660033981,-0.007012436405729336,-7.084836573238589e-05,0.006888458358047788,0.000625727630995088,-0.0023727108824748034,0.015819628609841173,-0.0009579391524049369,0.003994847126035326,-0.0033763779946962536,-0.0183993634239891,0.0209803420723604,-0.0282014351112085,-0.0324436681902247,536130.0,425803.0,-0.3032747231440582,0.1864520110776281,0.2107376256079041,-0.6103778695975015,,0.2870938256504233
2025-12-01,-0.033927935159622,-0.028043889136055895,0.00681338525072176,-0.03379993055675437,-0.0012275311947228722,0.004313210839560001,-0.005024729686553301,0.0054322504502560005,0.009978029781961755,0.0072983860675335105,-0.0010809485650305648,-0.016276992569046998,0.000865792991647975,0.0007342747975596335,-0.006069086743188431,-0.0660224299652467,-0.0183993634239891,0.0209803420723604,-0.0282014351112085,625670.0,346551.0,0.6187810195867578,0.8370505529399873,-0.457734880763798,,-0.126692113064485,0.4310953030429199
2025-12-02,-0.0262341214275796,-0.03571390692833256,0.00681338525072176,-0.019993507065813078,-0.007266015353792939,-0.004620512610808932,0.0055779588694697246,0.003333345066509048,0.01181729363927537,0.000231565115644633,-0.0018053697324919476,-0.01854707411660811,-0.0014962906388639979,0.0006649530421844904,-0.010423638393758613,-0.033927935159622,-0.0660224299652467,-0.0183993634239891,0.0209803420723604,614448.0,350022.0,0.1949136540654575,0.6620818418832864,-0.4891445776144749,0.0302435502473968,0.0901568924803241,0.5761081151103687
2025-12-03,-0.0348106643964936,-0.010931207901231957,0.00681338525072176,-0.018496616829187754,-0.003966161245782604,-0.0117680105087897,-0.006568810502259706,0.006610350488874536,0.007230418774787578,-0.0004990665737611141,-0.0033207455691071624,0.007562351456094811,-0.00018231552689860057,0.0007363047335294154,0.00491770815054655,-0.0262341214275796,-0.033927935159622,-0.0660224299652467,-0.0183993634239891,622875.0,355805.0,-0.0045977555075151,0.4093529326633259,0.1110830898014859,-0.0329185584295207,0.0272136786123192,-0.1593064554522403
2025-12-04,-0.0184813404312711,-0.025807620861032603,0.00681338525072176,-0.023870019704695232,-0.003388962645177973,-0.006102430836644346,-0.006323314447238265,0.006657855661389807,0.007765140802694004,-0.0014207338686395492,-0.001546595126417291,-0.010315476204523817,-0.0008231469324202086,0.0006835360402213573,0.006063141149697095,-0.0348106643964936,-0.0262341214275796,-0.033927935159622,-0.0660224299652467,616403.0,362278.0,-0.0821281768182792,0.1789238334421116,-0.0088310799678638,-0.2767440148036408,-0.0954978539712222,-0.2978118805144664
2025-12-05,0.0036143670996553,-0.017608546994176535,0.00681338525072176,-0.014327007273999763,-0.0033312912384516444,-0.006212146665833858,-0.004454820493203749,0.006397870362913423,0.00944013555443214,0.005922879071442463,-0.0024235032263632598,-0.012206583033961134,0.00041253439655566585,0.0014813448371577551,-0.005121344535586337,-0.0184813404312711,-0.0348106643964936,-0.0262341214275796,-0.033927935159622,604005.0,369427.0,0.6207468265681895,0.6586858803767907,-0.0786034855990554,,-0.3435267753522932,0.3092984330037347
2025-12-08,-0.0584289209253405,-0.009680627668303618,0.00681338525072176,0.004524369573711025,-0.000760283350544912,-0.007855294766885401,-0.0046688557339714335,-0.0006308721356706439,0.008157295863472797,0.0005689970444248982,-0.0004979501639634572,-0.017924461646032286,-0.0009543635330845149,7.955080733187324e-05,0.003467855122186673,0.0036143670996553,-0.0184813404312711,-0.0348106643964936,-0.0262341214275796,550592.0,375397.0,0.2721412033775349,0.1419662651327488,-0.2527958949312661,-0.28128236332084,0.1115555936433943,0.0472013666968856
2025-12-09,-0.0515999958161161,-0.021467861972430977,0.00681338525072176,-0.03865139253657747,0.0008452420950295202,-0.00640683109426921,-0.0070631398147871565,5.5102400161510836e-05,0.005579562292444739,-0.00036844817834925123,-0.004234954117650138,0.0142725341212979,0.0004488134103708381,0.0035913569697427396,0.0036509072294332034,-0.0584289209253405,0.0036143670996553,-0.0184813404312711,-0.0348106643964936,532904.0,382958.0,-0.2661302143746589,0.3872088482124478,0.1711523469330398,-0.3051184465835351,,0.0739295942101247
2025-12-10,-0.0293043856540835,-0.03593468435227385,0.00681338525072176,-0.033322053262851044,-0.004760440045903693,0.00024128553945320538,-0.007524116737860831,7.238707863033248e-05,0.007408560598204571,-0.0005577734019632303,0.001679595090908126,-0.015491576527845592,0.00018309011036859505,0.0031441437444711946,0.006178828211392755,-0.0515999958161161,-0.0584289209253405,0.0036143670996553,-0.0184813404312711,497706.0,392066.0,-0.5486951998814994,-0.1371679183584561,-0.2544362449997221,-0.3767871214640763,-0.8108779206809007,-0.3892026532654942
2025-12-11,-0.0613922583015087,-0.03730083999164689,0.00681338525072176,-0.01783885586425776,-0.0050773627932043635,-0.009973923095011331,-0.004271839035364573,0.00011641337267956447,0.008933513216895414,-0.0007695234204996146,-0.002927354505694809,-0.01779458761163052,-0.0006658806569224758,0.002230529641095368,0.003924645509546438,-0.0293043856540835,-0.0515999958161161,-0.0584289209253405,0.0036143670996553,461900.0,403358.0,0.1846799233277271,0.5753173743041067,-0.5488463311042211,-0.2921296582193274,,-0.2004974836277972
2025-12-12,-0.0256817796966641,-0.049468914544541165,0.00681338525072176,-0.02815050028780346,-0.0026724972103413375,-0.00942439209259869,-0.0040882967831888575,-0.0009539009751437557,0.008706937542555714,0.00363164280881497,-0.0016890988519648402,-0.01573118977088538,-0.0005667719603500047,0.0015432385084278356,-0.0068874707227852,-0.0613922583015087,-0.0293043856540835,-0.0515999958161161,-0.0584289209253405,440596.0,416615.0,0.4846494058939525,0.7160737987071863,-0.3482015448905817,-0.7383098861395071,-0.7155174348154347,0.4013484158867271
