Date,y_true,y_pred,base_value,shap_vol_lag1,shap_vol_lag2,shap_vol_lag3,shap_vol_lag4,shap_ret_lag1,shap_ret_lag2,shap_ret_lag3,shap_ret_lag4,shap_CO1 Comdty - Open Interest,shap_SMAVG (15),shap_raw_decay__z_OPEC producer policy,vol_lag1,vol_lag2,vol_lag3,vol_lag4,ret_lag1,ret_lag2,ret_lag3,ret_lag4,CO1 Comdty - Open Interest,SMAVG (15),raw_decay__z_OPEC producer policy
2024-01-02,0.0268755791411837,0.02180169495381644,0.020543303385939647,0.0021190391758284617,-0.0006426981537812795,-0.00038487826829991805,-0.000587341777887122,0.0006572178891979959,-5.777762023793533e-05,-0.00023473235339925753,6.79737994182081e-05,-0.000351931236838819,0.0005376976198216692,0.00013582249405478787,0.0305326928051577,0.0118126202097386,0.0172330128856717,0.0151477719464227,-0.1606055764471978,-0.1211240803230335,-0.0476341818327776,-0.0972112627673436,526073.0,271450.0,-0.09038421011000619
2024-01-03,0.0303750057111838,0.019145984908867788,0.020543303385939647,-0.00010521564248866838,0.0007819637974484087,-0.0007190053500426344,-0.00037353932862707335,-0.0005690151880180355,0.0002646462865564593,2.823731654405775e-05,-2.953467428752212e-05,-0.0005303621164228578,-0.00016037575560996713,1.4882177875972658e-05,0.0268755791411837,0.0305326928051577,0.0118126202097386,0.0172330128856717,0.0374565566600884,-0.1606055764471978,-0.1211240803230335,-0.0476341818327776,520589.0,281003.0,0.004471141074234316
2024-01-04,0.0224210902049511,0.02132626848339847,0.020543303385939647,0.0019485604393649901,0.0006075779317196205,0.0011067560790325622,-0.0009131743580172813,-0.0006632784924243884,-0.000318640451433692,-2.4618246545937803e-05,0.00010539533613786746,-0.0005887117862189372,-0.00031325503019076864,-0.00016364632396521464,0.0303750057111838,0.0268755791411837,0.0305326928051577,0.0118126202097386,0.0856066133335531,0.0374565566600884,-0.1606055764471978,-0.1211240803230335,499963.0,289829.0,0.12138749643119856
2024-01-05,0.0122474028643059,0.0194288609934588,0.020543303385939647,-0.0015848217574956774,0.0007106948373055673,0.0010800352530708503,0.0008410720448425363,-0.0005723631776992258,-0.0005566352759226271,-0.00032046221473991377,0.000241405392206695,-0.00041510214986473405,-0.0005029987830813727,-3.526656110294528e-05,0.0224210902049511,0.0303750057111838,0.0268755791411837,0.0305326928051577,0.052521824954983,0.0856066133335531,0.0374565566600884,-0.1606055764471978,494881.0,299638.0,0.0476100752441586
2024-01-08,0.0287464359063487,0.018824371187682234,0.020543303385939647,-0.0020268296842182927,2.480284626159277e-05,0.0014135039227247152,0.0005326731433460675,-0.0004771612634377341,-0.00040224737845734755,-7.417881436462842e-05,-0.00026466758516464564,-0.00022078681253955183,-0.0006071418783260183,0.00038310130591843116,0.0122474028643059,0.0224210902049511,0.0303750057111838,0.0268755791411837,0.0854428215840643,0.052521824954983,0.0856066133335531,0.0374565566600884,464344.0,309138.0,-0.35531585244489333
2024-01-09,0.0174562321228529,0.021893782114360147,0.020543303385939647,0.0021522090225064286,-0.0008585954690707219,0.00018921064303379558,0.0012148707143644058,-0.0003849203385554902,-0.0005613743603253426,-0.0004178223423098349,-0.00018941563826739997,0.000177834993425478,-0.0008968814868737955,0.000925362990492974,0.0287464359063487,0.0122474028643059,0.0224210902049511,0.0303750057111838,0.0064580125600111,0.0854428215840643,0.052521824954983,0.0856066133335531,444047.0,319277.0,-0.548695518673765
2024-01-10,0.018199043638031,0.017837646392882694,0.020543303385939647,-0.0012634003793301199,0.0007859545499501106,-0.0008336465481249354,-0.0003216247048202841,-0.000455339041922785,-5.171924286860613e-05,-0.00015434604912961306,-0.00022517564689763896,0.0004297503397022915,-0.0009104003463879725,0.00029429007677260087,0.0174562321228529,0.0287464359063487,0.0122474028643059,0.0224210902049511,0.0491317613652118,0.0064580125600111,0.0854428215840643,0.052521824954983,418606.0,329879.0,-0.27415819634721506
2024-01-11,0.0188172730060492,0.01794545322544021,0.020543303385939647,-0.0013034664393297203,-0.0004161318872613366,0.001304712715596131,-0.0005531056442769712,-0.0004558547465984051,-0.00027600483687091913,-0.00029278630880094,-0.0002564555180035891,0.00038482125004553385,-0.000919902923653402,0.00018632417865417723,0.018199043638031,0.0174562321228529,0.0287464359063487,0.0122474028643059,0.0625959646782332,0.0491317613652118,0.0064580125600111,0.0854428215840643,413438.0,342029.0,-0.14075751132775885
2024-01-12,0.0211169855960029,0.01746585147050265,0.020543303385939647,-0.001279117446495457,-0.0004705838583465995,-0.00028457029423750073,0.0008255400578061763,-0.0004655986946015192,-0.00044576241800427507,-0.0003599901661753803,-0.00011443031508742516,0.0004452619678937094,-0.0009901889444174786,6.198819622875116e-05,0.0188172730060492,0.018199043638031,0.0174562321228529,0.0287464359063487,0.0698144390655528,0.0625959646782332,0.0491317613652118,0.0064580125600111,400825.0,355724.0,-0.07222125049528663
2024-02-01,0.0223567207366301,0.017076414637294826,0.020543303385939647,-0.0008803647508367115,-0.00029713170037822353,-0.00017472281068448359,-0.0003545672633726517,-0.0005099028278270904,-0.00044285490792583105,-0.0004070875885137359,-0.00030034652979104177,-0.0004995200608974947,0.000602020701223582,-0.0002024110096411417,0.0211169855960029,0.0188172730060492,0.018199043638031,0.0174562321228529,0.0628624028723914,0.0698144390655528,0.0625959646782332,0.0491317613652118,590281.0,269978.0,0.12476066520632811
2024-02-08,0.0214228971673926,0.015132733188173392,0.020543303385939647,-0.0016557718100484852,-0.0006524614242020302,-0.0006119099871864547,-0.00030799046944019593,-0.0004255142961570965,-0.00048056189467823797,-0.00018939423501856294,-0.00013262307991090258,-0.0003818347967947317,-0.000765700338297487,0.00019319213396792507,0.0076786515564334,0.0111140144062705,0.0132559064659743,0.0199065318407285,0.1077339622705393,0.0863291264615968,-0.0098246404285182,0.0187970552051224,520213.0,323188.0,-0.1673871133348573
2024-02-09,0.0091006983254929,0.016241760725764658,0.020543303385939647,-0.0004713217082604877,-0.0006182393063499793,-0.0008336182966225714,-0.0004624558872677398,-0.0004413833020926084,-0.00039377115597244867,-9.300215129324387e-05,-0.0001173139641863189,-0.00011693089562986314,-0.0008835142332648449,0.00013000824076511412,0.0214228971673926,0.0076786515564334,0.0111140144062705,0.0132559064659743,0.0698857990353154,0.1077339622705393,0.0863291264615968,-0.0098246404285182,486916.0,335666.0,-0.08632190682088516
2024-02-12,0.0104665991111197,0.01522717183164972,0.020543303385939647,-0.0017384923246905948,-4.554188107570778e-05,-0.0010015448515584072,-0.00047495080459044134,-0.0005158898052445198,-0.00041972430821602,-5.8723519136492054e-05,-0.00017815894613908162,-0.00015986488819798043,-0.0009490555876176291,0.0002258153621769441,0.0091006983254929,0.0214228971673926,0.0076786515564334,0.0111140144062705,0.0575950872545503,0.0698857990353154,0.1077339622705393,0.0863291264615968,457637.0,347726.0,-0.16123723699397405
2024-03-01,0.0182911501447669,0.01577766949164975,0.020543303385939647,-0.0015843305904170457,-0.0007492674772961454,0.00015321055898171888,-0.0004930450428548884,-0.000450925183839985,-0.00041503947415225914,-0.0002886545820019841,-0.00016764170095542988,-0.0004477920038642934,-0.00015235709329260082,-0.0001697913045969861,0.0104665991111197,0.0091006983254929,0.0214228971673926,0.0076786515564334,0.0462993663444306,0.0575950872545503,0.0698857990353154,0.1077339622705393,593033.0,281457.0,0.11702255601498274
2024-03-04,0.0108835552025583,0.015502478679160816,0.020543303385939647,-0.0008151698511448324,-0.0006447514890054464,-0.0009139717537747135,-0.00028303007926839846,-0.0005047323019429618,-0.0002479637523793736,-0.00035546556603169917,-0.00020659646130118952,-0.00042088109594254065,-0.00033030514423803957,-0.0003179572117496378,0.0182911501447669,0.0104665991111197,0.0091006983254929,0.0214228971673926,0.0598020996180457,0.0462993663444306,0.0575950872545503,0.0698857990353154,564495.0,288581.0,0.43080038283724675
2024-03-05,0.0103459662850915,0.014921474200763406,0.020543303385939647,-0.001412667462513108,-0.0003139004389847827,-0.0008683052689504025,-0.00048621266044693854,-0.00046067296995069666,-0.0003871354600971884,-0.00034407815096679467,-0.00022732546965550292,-0.00035612313258386963,-0.00043959952522681787,-0.0003258086458001398,0.0108835552025583,0.0182911501447669,0.0104665991111197,0.0091006983254929,0.0649895084853557,0.0598020996180457,0.0462993663444306,0.0575950872545503,551331.0,296740.0,0.3174997622661495
2024-03-06,0.0159290187586606,0.014860669377305114,0.020543303385939647,-0.0015250111949116987,-0.0006713616089219799,-0.00018639132528853897,-0.000535372657404215,-0.00044952416180819946,-0.0003692367307116426,-0.0003805706634751163,-0.00026179407469037767,-0.0003775789487479566,-0.0006215912607662218,-0.0003042013819085867,0.0103459662850915,0.0108835552025583,0.0182911501447669,0.0104665991111197,0.0506263198617737,0.0649895084853557,0.0598020996180457,0.0462993663444306,541646.0,306169.0,0.2273949882522958
2024-03-07,0.0105898801651431,0.014834955878838641,0.020543303385939647,-0.001074756548654964,-0.000659577256782343,-0.0007554251335633288,-0.00032629329169075555,-0.0004813686856290577,-0.00034254889101411283,-0.0003541752056428669,-0.00020918820419866591,-0.00043238002100278854,-0.0007314037139241456,-0.00034123055499797866,0.0159290187586606,0.0103459662850915,0.0108835552025583,0.0182911501447669,0.054114099043188,0.0506263198617737,0.0649895084853557,0.0598020996180457,505293.0,314645.0,0.3306571107512032
2024-03-08,0.0154547382425353,0.014502033938684997,0.020543303385939647,-0.001483832739561197,-0.00042897742968340565,-0.0008964284604829942,-0.0004914849008558234,-0.00042981990782909083,-0.00039715538462191613,-0.0003279363061563984,-0.00019795273825129966,-0.000164636557588177,-0.000780107547632057,-0.00044293747459229327,0.0105898801651431,0.0159290187586606,0.0103459662850915,0.0108835552025583,0.0462560104450835,0.054114099043188,0.0506263198617737,0.0649895084853557,481810.0,324322.0,0.5772506135425116
2024-03-11,0.0122440572667198,0.015300603924611323,0.020543303385939647,-0.0010925878844768437,-0.0006832702790901075,-0.0005439559985483438,-0.0005519691066201886,-0.0002782413385387963,-0.0002810305781872119,-0.00033422645255006743,-0.00022411018724100655,-0.00012744800534579824,-0.000836219307705338,-0.0002896403230246245,0.0154547382425353,0.0105898801651431,0.0159290187586606,0.0103459662850915,0.0054975399591947,0.0462560104450835,0.054114099043188,0.0506263198617737,465992.0,334169.0,0.22907007039401586
2024-03-12,0.0096266880864888,0.01542996155491104,0.020543303385939647,-0.0014184843214626068,-0.00043899053838783794,-0.0009011564389803494,-0.00030755533032283814,-0.0004820122463397584,-6.192182659336163e-05,-0.0003497745315604171,-0.0002120179791138883,-0.00010899550911027199,-0.0008910445338009726,5.8611424643689256e-05,0.0122440572667198,0.0154547382425353,0.0105898801651431,0.0159290187586606,0.0601609779474197,0.0054975399591947,0.0462560104450835,0.054114099043188,452565.0,345737.0,-0.0705815755733868
2024-04-01,0.0108832741226215,0.014918703508986064,0.020543303385939647,-0.0015425785716004312,-0.0006382650257616135,-0.0005333115230926621,-0.000535807730566986,-0.0002008636341370259,-0.0004046308900173149,-0.00022840282754940238,-0.00021917417191237663,-0.0003508999736957636,-0.0007323468997246228,-0.0002383186288953847,0.0096266880864888,0.0122440572667198,0.0154547382425353,0.0105898801651431,-0.0009760859730558,0.0601609779474197,0.0054975399591947,0.0462560104450835,619616.0,319189.0,0.1938292474119667
2024-04-02,0.0115404709364853,0.014855142548491074,0.020543303385939647,-0.0015046703266324624,-0.0006506348115410398,-0.0007215089798221142,-0.0003312160581662247,-0.00046492490093205793,-1.8015216937762868e-05,-0.00034014980720845116,-0.00010053379514860094,-0.0003799350812419854,-0.000827122422480832,-0.000349449437337043,0.0108832741226215,0.0096266880864888,0.0122440572667198,0.0154547382425353,0.0452788343937653,-0.0009760859730558,0.0601609779474197,0.0054975399591947,596214.0,327871.0,0.26337965589154444
2024-04-03,0.008874456675817,0.01444478150564386,0.020543303385939647,-0.0014083572068291788,-0.0006368621614674311,-0.0009305489653542029,-0.00044043874358070756,-0.000448840243845132,-0.00027784869045699304,-0.00028199207721105635,-0.00021300877868893605,-0.00032518153702742325,-0.000804700525935352,-0.00033074294989937896,0.0115404709364853,0.0108832741226215,0.0096266880864888,0.0122440572667198,0.1396551104750516,0.0452788343937653,-0.0009760859730558,0.0601609779474197,582389.0,336526.0,0.32248978904114056
2024-04-04,0.0172153539087068,0.014361699884513576,0.020543303385939647,-0.0014997598550621923,-0.0006520874800188693,-0.0008015406043262928,-0.00047079178824122644,-0.00036850454740013625,-0.00039988873157724425,-0.0003684943310584661,-0.00011008529858976332,-0.0003772592906641553,-0.0008720897323148165,-0.000261101842172913,0.008874456675817,0.0115404709364853,0.0108832741226215,0.0096266880864888,0.1326524121851742,0.1396551104750516,0.0452788343937653,-0.0009760859730558,577998.0,344561.0,0.24421215716219571
2024-04-05,0.0088203252893755,0.015207615199195437,0.020543303385939647,-0.0009950311980999708,-0.0007024958008569966,-0.0008194167415146314,-0.0004558498575023939,-0.00045017917621884435,-0.0003973565827474137,0.0001752781262741351,-0.00023515255115530572,-0.0004301603116322179,-0.0009063033946279266,-0.00011902069866264827,0.0172153539087068,0.008874456675817,0.0115404709364853,0.0108832741226215,0.0905778758096467,0.1326524121851742,0.1396551104750516,0.0452788343937653,582038.0,353457.0,0.11459616912201366
2024-04-08,0.0154923199717508,0.014883862687042634,0.020543303385939647,-0.0016492485207658173,-0.00031760631840118065,-0.001094815800878208,-0.00042620880568746734,-0.0004349751411816959,-0.00038786242471402257,5.271360854515816e-05,-5.6027662542147214e-05,-0.00037321387847887586,-0.000988720837272075,1.652508247931439e-05,0.0088203252893755,0.0172153539087068,0.008874456675817,0.0115404709364853,0.1055189623926313,0.0905778758096467,0.1326524121851742,0.1396551104750516,559240.0,362963.0,0.048977652946658276
2024-04-09,0.0112656440104461,0.015498376781734323,0.020543303385939647,-0.0011909457641018576,-0.0007226322357858693,-0.00033043522178219316,-0.0005800527943546069,-0.00039268302744744477,-0.00034444763250850705,-0.0001343828474155466,-5.267260110650527e-05,-0.0003790239544932476,-0.0009796947752274794,6.204425001793194e-05,0.0154923199717508,0.0088203252893755,0.0172153539087068,0.008874456675817,0.0963286225606747,0.1055189623926313,0.0905778758096467,0.1326524121851742,555476.0,374735.0,-0.042026913414790895
2024-04-10,0.0125776577083159,0.014694617389927922,0.020543303385939647,-0.001475794371188921,-0.00041066594288939883,-0.0009080333506063381,-0.00031869016701995814,-0.0004446809399114416,-0.0004288426258577729,-0.00012665738421719494,-0.00019206264879881494,-0.0003449693053815047,-0.0010261862877072232,-0.00017210297243315867,0.0112656440104461,0.0154923199717508,0.0088203252893755,0.0172153539087068,0.0843107306454262,0.0963286225606747,0.1055189623926313,0.0905778758096467,549106.0,389449.0,0.14239799058307273
2024-04-11,0.0102594203732067,0.014879920143320785,0.020543303385939647,-0.0013748235127683654,-0.0006384368835637967,-0.0005577076453092782,-0.0005501305593600715,-0.000350536498846735,-0.0003826765633954161,-0.00018795801188542977,-0.0001355167261991116,-0.0003913343446991618,-0.0013116390013821438,0.00021737650479064836,0.0125776577083159,0.0112656440104461,0.0154923199717508,0.0088203252893755,0.1639241916542388,0.0843107306454262,0.0963286225606747,0.1055189623926313,557234.0,407109.0,-0.13904267871736392
2024-04-12,0.0143068164563057,0.01476981308759766,0.020543303385939647,-0.0016049008814076483,-0.0006497294408176728,-0.0007943751040490098,-0.00032365242423901166,-0.0004402148689065478,-0.0003537453856768221,-0.00014389396293844025,-0.00012899598637489156,-0.0004263230441778841,-0.0012802122342987802,0.00037255303454471764,0.0102594203732067,0.0125776577083159,0.0112656440104461,0.0154923199717508,0.0876396513837951,0.1639241916542388,0.0843107306454262,0.0963286225606747,535181.0,426952.0,-0.3298703806553927
2024-05-01,0.0184605991120153,0.014994405721711426,0.020543303385939647,-0.001363746155821026,-0.0006528044792709944,-0.0007326724869433617,-0.00043068739344406934,-0.00035498580939735506,-0.0003863145776564017,0.0003399404129820215,-0.00019332507057801535,-0.00043658735635312127,-0.0009786664712418103,-0.0003590482765040904,0.0143068164563057,0.0102594203732067,0.0125776577083159,0.0112656440104461,0.0990540505501069,0.0876396513837951,0.1639241916542388,0.0843107306454262,598810.0,362212.0,0.30401410432322556
2024-05-02,0.0099683472401499,0.01575769540697041,0.020543303385939647,-0.0008575909657441759,-0.00047294861586586514,-0.0008790784619061102,-0.00044168941122868304,-2.113123833035671e-05,-0.00041278438948154177,-0.0001289079912095996,2.6197485502481503e-05,-0.00046493849169833095,-0.0009587961532856198,-0.00017393974572143828,0.0184605991120153,0.0143068164563057,0.0102594203732067,0.0125776577083159,-0.0465962787426512,0.0990540505501069,0.0876396513837951,0.1639241916542388,569598.0,363036.0,0.15608604558690434
2024-05-03,0.0115682650670228,0.015845574857924278,0.020543303385939647,-0.0016294682488212939,-0.00032059326656230666,-0.0005634416067211201,-0.0005821836499039506,-5.6813534328507865e-05,6.170126184178503e-05,-0.00019375590951849976,-0.00018064595298948288,-0.0003399332877378314,-0.0009392298959090215,4.663556263485999e-05,0.0099683472401499,0.0184605991120153,0.0143068164563057,0.0102594203732067,-0.0608565987884883,-0.0465962787426512,0.0990540505501069,0.0876396513837951,554277.0,364309.0,-0.022978175542506286
2024-05-06,0.0076422985242773,0.015919318052628983,0.020543303385939647,-0.0014986150012588377,-0.0006417205629601904,-0.00016274345721584374,-0.00047308029244420765,5.0837318110453955e-05,3.833146685703747e-05,-0.00010357814168482566,-0.0001892292932975186,-0.0004014403442200827,-0.0008466007393453464,-0.0003961462858513037,0.0115682650670228,0.0099683472401499,0.0184605991120153,0.0143068164563057,-0.0742026776841653,-0.0608565987884883,-0.0465962787426512,0.0990540505501069,537744.0,365924.0,0.37010256985094603
2024-05-07,0.0106181726828956,0.015331686561026975,0.020543303385939647,-0.001646594647288822,-0.0006417246418776623,-0.0008484423840205191,-0.0003539643785624527,-0.0002839119164561594,5.102116996545674e-05,1.6494530341998783e-05,-4.404485390407584e-05,-0.0003366064979938094,-0.0007865542045942333,-0.0003372890005223947,0.0076422985242773,0.0115682650670228,0.0099683472401499,0.0184605991120153,0.0044500644728433,-0.0742026776841653,-0.0608565987884883,-0.0465962787426512,515104.0,367309.0,0.3371750669833352
2024-05-08,0.015311457505987,0.015500081671663703,0.020543303385939647,-0.0015959692566639282,-0.0007620838883693129,-0.0007496704569823996,-0.0005702603846475028,-0.00029963971870703517,-5.154580340274915e-05,-9.750628297229986e-05,3.7877961985155404e-05,-0.00014338356700923724,-0.0008153902568224342,4.349939315792668e-06,0.0106181726828956,0.0076422985242773,0.0115682650670228,0.0099683472401499,0.0024078990685403,0.0044500644728433,-0.0742026776841653,-0.0608565987884883,478184.0,367314.0,0.03513806516771385
2024-05-09,0.0062999011344849,0.016495551903877963,0.020543303385939647,-0.0012696240030411444,-0.000666932616042848,-0.0008915025427334724,-0.00048420755581955836,9.798705096353243e-05,-8.276960767800993e-05,-0.00022763532006161462,0.00012547426364311454,-0.00018745913082567802,-0.0008546761696032672,0.00039359414913725776,0.015311457505987,0.0106181726828956,0.0076422985242773,0.0115682650670228,-0.0782187469633646,0.0024078990685403,0.0044500644728433,-0.0742026776841653,458488.0,368196.0,-0.383991088499735
2024-05-10,0.0131444223705374,0.01597526409549587,0.020543303385939647,-0.0016623549050019143,-0.00043214532780859515,-0.0008424816483092657,-0.000599864422951793,-2.484797720779805e-05,0.00011713502683679003,-0.0001948014222210323,-6.847404590970908e-05,-2.0989749101070652e-05,-0.0008686926489970249,2.9477830227632847e-05,0.0062999011344849,0.015311457505987,0.0106181726828956,0.0076422985242773,-0.0639571647721153,-0.0782187469633646,0.0024078990685403,0.0044500644728433,449626.0,371119.0,-0.009148907287519738
2024-06-03,0.0267729054313329,0.01670277694974496,0.020543303385939647,-0.0015370279784854047,-0.0008135085640323894,-0.0006062361315778266,-0.0006166157805972629,0.00013589881832589166,2.867866711253869e-05,-0.00016068883327959493,-0.00013875411090890258,-0.0003535349422839785,0.0002324817329020119,-1.1219313369773893e-05,0.0131444223705374,0.0062999011344849,0.015311457505987,0.0106181726828956,-0.0888215506571503,-0.0639571647721153,-0.0782187469633646,0.0024078990685403,543834.0,277309.0,0.041558656686451895
2024-06-04,0.0113155929565201,0.018273384752886992,0.020543303385939647,0.00020032157501796347,-0.00048052540101128807,-0.0009095259537789715,-0.0003321035694209549,-0.0001249978696635833,7.565884507999746e-05,-7.242585303233598e-05,4.972059555219932e-05,-0.0004054370635671936,-0.0002773526503959555,6.748712167467767e-06,0.0267729054313329,0.0131444223705374,0.0062999011344849,0.015311457505987,-0.0570449708449318,-0.0888215506571503,-0.0639571647721153,-0.0782187469633646,534063.0,285878.0,0.0403553698158295
2024-06-05,0.0114073062833549,0.017953291011232612,0.020543303385939647,-0.0020686686427643704,0.0007312251177636936,-0.0006942461363849925,-0.0007534108903009575,0.00059343686847654,4.003383763841543e-05,-2.325271263220756e-06,4.8624057600988785e-05,-0.00046647919986763135,-0.0004308093038936956,0.00041260718828819255,0.0113155929565201,0.0267729054313329,0.0131444223705374,0.0062999011344849,-0.1564699696183495,-0.0570449708449318,-0.0888215506571503,-0.0639571647721153,519881.0,294787.0,-0.37938484214502965
2024-06-06,0.0128864472960173,0.018459790863675503,0.020543303385939647,-0.0020938420174368973,-0.0006767137959148436,0.0009945357435424984,-0.0005648270444171935,0.0005772436899975451,0.0002821083761729409,-0.0001280298770027924,0.00014968248187993778,-0.0004478072151644079,-0.000636666461867259,0.0004608035979463271,0.0114073062833549,0.0113155929565201,0.0267729054313329,0.0131444223705374,-0.1507744253539806,-0.1564699696183495,-0.0570449708449318,-0.0888215506571503,496966.0,304138.0,-0.3584470335349339
2024-06-07,0.0079725012579057,0.017944221006482873,0.020543303385939647,-0.0016254043211983856,-0.0007399638761207381,-0.0006544373551641567,0.0006513495934455975,-0.00013883070462870255,0.00035147942443300255,0.0001434186897483113,0.00010459691580735942,-0.0001532211352502993,-0.0007254933334624461,0.00018742372293368702,0.0128864472960173,0.0114073062833549,0.0113155929565201,0.0267729054313329,-0.0424083154648178,-0.1507744253539806,-0.1564699696183495,-0.0570449708449318,462887.0,312164.0,-0.14038845625544416
2024-06-10,0.0210483831253886,0.016457624940394794,0.020543303385939647,-0.0017408516768768032,-0.0006155308650994999,-0.0006944581005210884,-0.0005135767943371486,-8.988638373964675e-05,0.0001157866385249263,0.0001975625972477143,0.0003801441564338815,-0.00010005196178304463,-0.0007664552015266028,-0.00025836085386754537,0.0079725012579057,0.0128864472960173,0.0114073062833549,0.0113155929565201,-0.0435011454176406,-0.0424083154648178,-0.1507744253539806,-0.1564699696183495,465552.0,321902.0,0.2334780331077292
2024-06-11,0.0085927067687116,0.017039513571063414,0.020543303385939647,-0.0007490542078429201,-0.0008033788128260227,-0.0006389097852166296,-0.0005588919135026505,-0.00027198822223988716,0.00014143834188728364,-0.0001914272027874756,0.0003681731310413985,0.0001824802750489796,-0.0007948212155308346,-0.00018741020290747684,0.0210483831253886,0.0079725012579057,0.0128864472960173,0.0114073062833549,-0.0141104396874505,-0.0435011454176406,-0.0424083154648178,-0.1507744253539806,440361.0,331726.0,0.12058861377742201
2024-06-12,0.0100277521737525,0.016392354207420436,0.020543303385939647,-0.0019302351752346744,-0.0002061347697819615,-0.000904289498934151,-0.00048492940358229887,0.00018907348654973846,7.559892974209145e-05,-8.913697743832286e-05,-6.888466505140049e-07,0.00026031834997169767,-0.0008341793399475037,-0.00022634593321331725,0.0085927067687116,0.0210483831253886,0.0079725012579057,0.0128864472960173,-0.0911734392566394,-0.0141104396874505,-0.0435011454176406,-0.0424083154648178,428798.0,341446.0,0.17797688549693727
2024-07-01,0.0141989871826628,0.0165563830638029,0.020543303385939647,-0.0017325176459375476,-0.0007017700376791555,4.006018346958902e-05,-0.0006608343741582267,6.484267780243175e-05,3.110348762131619e-05,-0.00021240887884492544,-1.7214062873784692e-05,-0.0003862194239445937,-0.0006213818798487507,0.00020941963225689584,0.0100277521737525,0.0085927067687116,0.0210483831253886,0.0079725012579057,-0.0907875313143717,-0.0911734392566394,-0.0141104396874505,-0.0435011454176406,622047.0,309540.0,-0.15248205813741014
2024-07-02,0.0089937122057479,0.015679626209972302,0.020543303385939647,-0.001322349482777793,-0.0006429184683304322,-0.0007915532182357885,-0.000276432520039534,-0.0004378580032952176,7.600024215016265e-05,4.446266559455233e-05,-0.0001202032766868221,-0.00036344569822674975,-0.0007281031591817031,-0.00030127625693801975,0.0141989871826628,0.0100277521737525,0.0085927067687116,0.0210483831253886,0.0371720048758721,-0.0907875313143717,-0.0911734392566394,-0.0141104396874505,615293.0,321202.0,0.2374596592048281
2024-07-03,0.0103977875020381,0.01567859699512713,0.020543303385939647,-0.001495714360514216,-0.0004606648606945409,-0.0008507433386164222,-0.0005377708196853377,-0.0004261339642486562,-0.00019265055115914024,3.694817009483754e-05,9.028749340957178e-05,-0.0003159514209290448,-0.000779044238487245,6.67315000176725e-05,0.0089937122057479,0.0141989871826628,0.0100277521737525,0.0085927067687116,0.0302536168531801,0.0371720048758721,-0.0907875313143717,-0.0911734392566394,597528.0,332451.0,-0.06222770498287321
2024-07-04,0.0074510559526314,0.015165928589386564,0.020543303385939647,-0.0015200412551047244,-0.0006968958269267614,-0.0005656143066223247,-0.0005505051260586271,-0.0003727800995894711,-0.00021394610069679141,-0.00032126873796854097,8.869706031530635e-05,-0.00040956963931350056,-0.0008614711100993513,4.60203455117045e-05,0.0103977875020381,0.0089937122057479,0.0141989871826628,0.0100277521737525,0.1084949549810749,0.0302536168531801,0.0371720048758721,-0.0907875313143717,598138.0,344818.0,-0.0453161030532704
2024-07-05,0.0100531968959187,0.014345229633890781,0.020543303385939647,-0.0015911053422511877,-0.0006373980528059156,-0.0009423600147100216,-0.0004383102656658971,-0.0004675324655267147,-0.0004263318424447701,-0.0003251147523277339,-0.00023003007783588364,-0.0003544414657984239,-0.0008514893656944924,6.603989301216718e-05,0.0074510559526314,0.0103977875020381,0.0089937122057479,0.0141989871826628,0.1203025056102884,0.1084949549810749,0.0302536168531801,0.0371720048758721,578329.0,357003.0,-0.023264637010478754
2024-07-08,0.0094710130498796,0.014333520934388977,0.020543303385939647,-0.001491436011203654,-0.000685354677280995,-0.0009205968565361873,-0.0004484147885347833,-0.0004165690591727532,-0.00037058085937573785,-0.00010940863489690982,-0.00019739797539136502,-0.00035208520484486045,-0.0008897414654246503,-0.00032819691888877686,0.0100531968959187,0.0074510559526314,0.0103977875020381,0.0089937122057479,0.0986552645539076,0.1203025056102884,0.1084949549810749,0.0302536168531801,549667.0,368230.0,0.24837166274098707
2024-07-09,0.0093057477521514,0.014358498534784329,0.020543303385939647,-0.0016109159267855165,-0.0006408833404178745,-0.0010039143163104213,-0.00046100146892447987,-0.0003199804365184224,-0.00036974946049357545,-6.32253545090521e-05,-0.00012987008887592545,-0.0003769131367377293,-0.0010420020244838988,-0.00016634929709842747,0.0094710130498796,0.0100531968959187,0.0074510559526314,0.0103977875020381,0.0256318290262802,0.0986552645539076,0.1203025056102884,0.1084949549810749,516657.0,379688.0,0.12762718271880027
2024-07-10,0.0117524863123991,0.015322705504804952,0.020543303385939647,-0.0015326101120334507,-0.0006317019274709,-0.0009493468855208568,-0.0004824534807419691,-0.00028540700717412425,-0.00021331186301077346,-0.0001268518516528114,-7.874691080323792e-05,-0.00017651750796960556,-0.0010843541881675467,0.00034070385341057884,0.0093057477521514,0.0094710130498796,0.0100531968959187,0.0074510559526314,0.0092560290590588,0.0256318290262802,0.0986552645539076,0.1203025056102884,487168.0,390713.0,-0.30883332024629073
2024-07-11,0.0088044913040348,0.015072266679190793,0.020543303385939647,-0.001394850925317543,-0.0007258635159124581,-0.0009462376551541842,-0.00047355219299897604,-0.00041926042063289757,-8.592189785697076e-05,-0.00019827062013043708,-0.0001724337604784609,-0.00019545512954491291,-0.0011503436919119443,0.0002911531031899255,0.0117524863123991,0.0093057477521514,0.0094710130498796,0.0100531968959187,0.041395148868772,0.0092560290590588,0.0256318290262802,0.0986552645539076,455007.0,401212.0,-0.3125311459450243
2024-07-12,0.0098167473074329,0.015026761491865045,0.020543303385939647,-0.001603730698977784,-0.0006998581101518669,-0.0009625033985465849,-0.0004939125949630147,-0.00037648474545562085,-0.0002177759444043505,-0.00023594701749303363,-0.00016802983129379968,0.00027648748670891645,-0.0012692474527870197,0.00023446041328954904,0.0088044913040348,0.0117524863123991,0.0093057477521514,0.0094710130498796,0.0416029395033268,0.041395148868772,0.0092560290590588,0.0256318290262802,423144.0,411873.0,-0.2498407462608584
2024-08-01,0.0176571678119572,0.015435367687419642,0.020543303385939647,-0.0014963170921268494,-0.0006868115373115343,-0.0008082721207647657,-0.0005161248239341815,-0.0004631911656134988,-0.0002046506497420085,-0.00032374927067487733,-0.00011564762876367929,-0.000507093478374319,-0.00038753066840100574,0.00040145273718671055,0.0098167473074329,0.0088044913040348,0.0117524863123991,0.0093057477521514,0.0289944548707685,0.0416029395033268,0.041395148868772,0.0092560290590588,588195.0,295651.0,-0.35424233499413726
2024-08-02,0.030938345552644,0.01618112815638094,0.020543303385939647,-0.0009069008673532981,-0.0006263663729837598,-0.0008522868042486125,-0.0004976720603268947,0.00015079625510533039,-0.00023287501584787388,-0.00034103092701183923,-0.0002242715104973892,-0.00042095437546486246,-0.0006155379479101295,0.00020492439698062013,0.0176571678119572,0.0098167473074329,0.0088044913040348,0.0117524863123991,-0.0852912532200704,0.0289944548707685,0.0416029395033268,0.041395148868772,578769.0,306026.0,-0.18001548931340006
2024-08-05,0.0211489834256264,0.018875078243867773,0.020543303385939647,0.002040426621959951,-0.0003925671312895988,-0.0009787105136547054,-0.0008212317970644934,9.658167903591631e-05,1.9536264369207272e-05,-0.00029985212941941537,-0.0002835032608057349,-0.00043930575068087344,-0.0007442676288589755,0.00013466850433685028,0.030938345552644,0.0176571678119572,0.0098167473074329,0.0088044913040348,-0.1157992671500967,-0.0852912532200704,0.0289944548707685,0.0416029395033268,549667.0,315573.0,-0.24494084103038685
2024-08-06,0.017771927488045,0.017913993795088044,0.020543303385939647,-0.0011193287131251433,0.0007629644397130163,-0.00029961986219335224,-0.0006996067213157664,4.5259255685509374e-05,9.483658584613787e-06,-0.00016862075232582628,-0.00023077529965103154,-0.0004945856953239231,-0.0008599757330555033,0.00042549583215580267,0.0211489834256264,0.030938345552644,0.0176571678119572,0.0098167473074329,-0.1259337965063274,-0.1157992671500967,-0.0852912532200704,0.0289944548707685,546155.0,325349.0,-0.34301377297262914
2024-08-07,0.0226565908485322,0.017979790102215443,0.020543303385939647,-0.0013840547131090506,-0.00021875028063166773,0.0011182341289545808,-0.0004272245746850494,-0.0002450212898090427,-7.999799418406586e-06,-0.00012652953761639943,9.234821138047716e-05,-0.000523493708357869,-0.000947936691032817,0.00010691497060103872,0.017771927488045,0.0211489834256264,0.030938345552644,0.0176571678119572,-0.0433710441861512,-0.1259337965063274,-0.1157992671500967,-0.0852912532200704,503765.0,332599.0,-0.08345221853335215
2024-08-08,0.0133123475554185,0.018655470273948795,0.020543303385939647,-0.0009406922595923357,-0.0005102269463167624,2.1165217021634524e-05,0.000953176272261567,-0.0002939682817341826,8.299059289907446e-05,2.3896201358077777e-05,0.00023588090822344206,-0.00012145978046529901,-0.0009569824588407927,-0.00038161257680527887,0.0226565908485322,0.017771927488045,0.0211489834256264,0.030938345552644,-0.016334646193024,-0.0433710441861512,-0.1259337965063274,-0.1157992671500967,470049.0,339352.0,0.26149660210981646
2024-08-09,0.0080277976743694,0.017922094929695976,0.020543303385939647,-0.0017115800287513107,0.000335435905662116,-0.0002833964954098622,-0.00036081068007078065,8.624618317806006e-05,0.00016626433402770714,-0.00013105050846939578,0.00039289934737614065,-6.995841305553691e-05,-0.0008647318078974566,-0.00018052629283335495,0.0133123475554185,0.0226565908485322,0.017771927488045,0.0211489834256264,-0.0799649653116842,-0.016334646193024,-0.0433710441861512,-0.1259337965063274,459503.0,346549.0,0.13425683209203398
2024-08-12,0.0218194014194772,0.016855463158399437,0.020543303385939647,-0.0020563904527264873,-0.0006161129856851363,0.0004968400383497982,-0.00040325075782522246,-0.00011972085675457948,8.913543210212773e-05,-0.0001230220136293537,-5.1291934179118e-05,0.0003111956714981946,-0.0008124715528435457,-0.0004027508158468877,0.0080277976743694,0.0133123475554185,0.0226565908485322,0.017771927488045,-0.0608756573392801,-0.0799649653116842,-0.016334646193024,-0.0433710441861512,430222.0,353561.0,0.3664866623103893
2024-09-02,0.0110871181854916,0.017914795226906536,0.020543303385939647,-0.0007008292616021611,-0.0007082134771631714,-0.0006196292784771748,-0.00031658394003949996,-0.00029530987159976513,-3.660880152987894e-05,-0.0001509651106961676,-0.00012964010887102318,-0.0005169828743965856,0.0003013659462812051,0.0005448886190611097,0.0218194014194772,0.0080277976743694,0.0133123475554185,0.0226565908485322,-0.0326330277146773,-0.0608756573392801,-0.0799649653116842,-0.016334646193024,507377.0,274892.0,-0.6804264236225719
2024-09-03,0.0321308881841131,0.01703137019398179,0.020543303385939647,-0.0017566752828941411,-8.816319408776721e-05,-0.0009461413856259091,-0.000478943704306314,-0.0004074309249712926,6.664669517349524e-05,-5.672144042764561e-05,9.602860789311189e-05,-0.00040833552796886954,-0.00010497401820091253,0.0005727769834583873,0.0110871181854916,0.0218194014194772,0.0080277976743694,0.0133123475554185,0.0092011275719201,-0.0326330277146773,-0.0608756573392801,-0.0799649653116842,494426.0,280118.0,-0.6365538831520476
2024-09-04,0.0200001486128523,0.023062752817756355,0.020543303385939647,0.0029914838941110414,-0.0007288086210266352,0.00022497404405117925,-0.0011064189220269243,0.0009590880343506113,-6.887085251480889e-05,-0.00020963669658334284,4.161114934266105e-05,-0.00017569982494088077,-0.00014844513620577336,0.0007401723632595776,0.0321308881841131,0.0110871181854916,0.0218194014194772,0.0080277976743694,-0.1691275528374856,0.0092011275719201,-0.0326330277146773,-0.0608756573392801,476891.0,285628.0,-0.7484489364708442
2024-09-05,0.0149973953423749,0.020886037338524205,0.020543303385939647,-0.001803151053151542,0.0009118927006636539,-0.0007837425268785212,-0.000496132775985381,0.0014559644223422741,0.0005093908698238576,-5.5518600997744036e-05,-5.7142203346081966e-05,-0.00015558624791631422,-0.0003997025229513652,0.0012164618909817169,0.0200001486128523,0.0321308881841131,0.0110871181854916,0.0218194014194772,-0.1844970886533259,-0.1691275528374856,0.0092011275719201,-0.0326330277146773,464656.0,291154.0,-0.6253253616914489
2024-09-06,0.0243357661688573,0.01917469232461035,0.020543303385939647,-0.0019025315010278493,-0.00030365686759692043,0.0014820843263768728,-0.0006513251061642226,-0.00020813110689737338,0.000316780804781893,-0.00016961396086929889,-0.00011195560757282919,-8.134913449340161e-05,-0.0004133803676484183,0.0006744674597822493,0.0149973953423749,0.0200001486128523,0.0321308881841131,0.0110871181854916,-0.0484691147938667,-0.1844970886533259,-0.1691275528374856,0.0092011275719201,450414.0,296420.0,-0.4573789700009437
2024-09-09,0.0131165157455459,0.02011483705824035,0.020543303385939647,-0.0009140205618067525,-0.0005768904226406013,-0.0001971229139731421,0.0010767336620647028,-8.595463597997194e-05,0.00011181844637388124,9.245789682297206e-05,0.0003071158260744179,0.00020466763742180144,-0.0005946175000769726,0.0001473462380203638,0.0243357661688573,0.0149973953423749,0.0200001486128523,0.0321308881841131,-0.0735046781502655,-0.0484691147938667,-0.1844970886533259,-0.1691275528374856,437471.0,301707.0,-0.18645175351557555
2024-09-10,0.0306823294292438,0.018996178732821094,0.020543303385939647,-0.0018235739157849275,0.0004412876828579246,-0.0006780594252432578,-0.00035641954177238213,4.854447592011093e-05,7.662611978397069e-05,-0.00011051651505043502,0.0003064565765058398,0.0004577420288170229,-0.000563961449863018,0.0006547493107105967,0.0131165157455459,0.0243357661688573,0.0149973953423749,0.0200001486128523,-0.1033261537595535,-0.0735046781502655,-0.0484691147938667,-0.1844970886533259,421830.0,309050.0,-0.4135080328286195
2024-09-11,0.0179208516439771,0.0237882536743144,0.020543303385939647,0.001424469817446494,-0.000720336216321556,0.0008545396020754908,-0.0006782997355263471,0.0013747192879128398,0.000244815526347761,-0.0001012149791607859,4.088372771894581e-06,0.0005249850132478951,-0.0006412231374431964,0.0009584067370242654,0.0306823294292438,0.0131165157455459,0.0243357661688573,0.0149973953423749,-0.2067356468213166,-0.1033261537595535,-0.0735046781502655,-0.0484691147938667,400565.0,316668.0,-0.3915903179943252
2024-09-12,0.0190909640333424,0.020330842488184418,0.020543303385939647,-0.0023780354376000228,0.0008117924170879442,-0.0007764120980124497,-8.4932162016703e-06,0.0011546023824551698,0.0005158028539228935,0.0001276076959348316,0.00018918483863064668,0.0006612290541479054,-0.0009517906547005289,0.0004420512665800508,0.0179208516439771,0.0306823294292438,0.0131165157455459,0.0243357661688573,-0.1901743232662687,-0.2067356468213166,-0.1033261537595535,-0.0735046781502655,374635.0,324921.0,-0.22146795699885383
2024-10-01,0.0457996890942203,0.020220754712340583,0.020543303385939647,-0.0016095623975163193,-0.00034273565267661256,0.0012359857819301064,-0.0005937638525004807,0.00012212779602453186,0.0001896521563981302,0.0003338341343931972,0.00013934599904591983,-0.0004253388895058901,0.000429485758366815,0.0001984204924415401,0.0190909640333424,0.0179208516439771,0.0306823294292438,0.0131165157455459,-0.1341217421633107,-0.1901743232662687,-0.2067356468213166,-0.1033261537595535,522919.0,272962.0,-0.10296283927211868
2024-10-02,0.0204578796149333,0.028686944012862068,0.020543303385939647,0.007610014270418117,-0.0004777107080360727,-0.00043520761057146514,0.0015582165371110708,-0.0003232226091831924,3.3384744428299594e-05,0.00020713330686722534,0.0005209989376632854,-0.0008300729478997646,0.0002626851309578963,1.7421575167027092e-05,0.0457996890942203,0.0190909640333424,0.0179208516439771,0.0306823294292438,-0.0779071626121981,-0.1341217421633107,-0.1901743232662687,-0.2067356468213166,498984.0,279523.0,-0.03037019732622563
2024-10-03,0.0290281745637184,0.019877990536701383,0.020543303385939647,-0.0013869507022640987,0.0020832571316906734,-0.00022464947783569294,-0.00043436152535831,-0.00023858031043067713,-8.882824471182434e-05,4.0655618073742275e-05,0.00037816316831991046,-0.0005239317382580957,-0.00041253927159892577,0.00014245250313503423,0.0204578796149333,0.0457996890942203,0.0190909640333424,0.0179208516439771,-0.0478231396283543,-0.0779071626121981,-0.1341217421633107,-0.1901743232662687,499394.0,287840.0,-0.19423714125805863
2024-10-04,0.014642015689837,0.02123431527333008,0.020543303385939647,0.0015569063549269032,-0.0003618960133294062,0.001931678510594513,-0.0005004548714568393,-0.0009526603396346722,-7.723897968917811e-05,-0.00021014476193536482,0.00020889111405232477,-0.0005838279976781457,-0.00034175045802337345,2.1509329563669493e-05,0.0290281745637184,0.0204578796149333,0.0457996890942203,0.0190909640333424,0.0511441307208304,-0.0478231396283543,-0.0779071626121981,-0.1341217421633107,501612.0,297619.0,-0.22765721273777775
2024-10-07,0.0298085745434901,0.019468745422298213,0.020543303385939647,-0.0022173957660895577,0.0008078868059011251,-5.518235444678149e-05,0.0024110396696181285,-0.000646357955462833,-0.0004025704725457178,-0.00017097432495656896,9.650476115178472e-05,-0.00039205251608679016,-0.0006788766882947508,0.00017342087757052664,0.014642015689837,0.0290281745637184,0.0204578796149333,0.0457996890942203,0.0710082624219676,0.0511441307208304,-0.0478231396283543,-0.0779071626121981,490277.0,307130.0,-0.12614666104786687
2024-10-08,0.0364643100326626,0.02090257240738284,0.020543303385939647,0.0020403015830321265,-0.0005023178485769342,0.0013704733275101309,-0.0004604972430113892,-0.0004500081611344953,-0.0006401736842451114,-0.00035136358623453665,-3.30087061140967e-05,-2.7275922208317505e-05,-0.0007314241211989934,0.00014456338362480874,0.0298085745434901,0.014642015689837,0.0290281745637184,0.0204578796149333,0.0326539121284632,0.0710082624219676,0.0511441307208304,-0.0478231396283543,449823.0,315585.0,-0.06447923320362249
2024-10-09,0.0225084861564881,0.023457730856924694,0.020543303385939647,0.0037439269073627443,0.0007992712448691642,-0.0007824808077257419,0.0009991718726228393,-0.0003571708613701119,-0.00041048800633127245,-0.00033661926850828583,-0.00024598909321678233,0.0004411211183334624,-0.0009871373496074566,5.082171455648561e-05,0.0364643100326626,0.0298085745434901,0.014642015689837,0.0290281745637184,-0.0253307646248925,0.0326539121284632,0.0710082624219676,0.0511441307208304,423738.0,323149.0,-0.032738063180582734
2024-10-10,0.0230363655761108,0.019839953122631336,0.020543303385939647,-0.0011602689712054937,0.001145098447913932,0.0013178273915918038,-0.0005571456013919774,-0.000515291557518872,1.6311558182168862e-05,-0.00031230878093165524,-0.00024123847113729436,0.0004950704698787221,-0.0009293233673553251,3.7918618665680885e-05,0.0225084861564881,0.0364643100326626,0.0298085745434901,0.014642015689837,0.0638945220552038,-0.0253307646248925,0.0326539121284632,0.0710082624219676,414294.0,331666.0,-0.01734745532637138
2024-10-11,0.0111317057505701,0.020354680625563986,0.020543303385939647,-0.001127306426322251,-7.155195011315614e-05,0.0018275006741020746,0.0008940121012130433,-0.0004618555626030385,-0.0005144522586994737,-0.00031761690675350247,-0.00029069863805134954,0.0006261745024827655,-0.0010060147147645808,0.00025318641913380766,0.0230363655761108,0.0225084861564881,0.0364643100326626,0.0298085745434901,0.1376420247423704,0.0638945220552038,-0.0253307646248925,0.0326539121284632,388317.0,339957.0,-0.27466836111512216
2024-11-01,0.0166573685375732,0.017831842996917747,0.020543303385939647,-0.0022142031239069217,0.00030571510725229984,0.00030381544537955006,0.0012764723010865687,-0.0005114412053802532,-0.0004543321372600558,-0.00036391272542518036,-0.00013208247395526387,-0.00055610059926321,-0.0003666869302922401,1.2959527428043245e-06,0.0111317057505701,0.0230363655761108,0.0225084861564881,0.0364643100326626,0.112782275911357,0.1376420247423704,0.0638945220552038,-0.0253307646248925,522631.0,290063.0,-0.009220523439424045
2024-11-04,0.0122305008043573,0.01738442863203782,0.020543303385939647,-0.0013996995632895954,-0.0006666146530211741,0.0006143545398342821,-0.00030343741776896085,-0.0002470318889013015,-0.0004410476104764924,0.00025643017897187485,-0.00021340982539642188,-0.0004767509431120428,-0.00043675698396183655,0.00015508941321983806,0.0166573685375732,0.0111317057505701,0.0230363655761108,0.0225084861564881,-0.0062730329803875,0.112782275911357,0.1376420247423704,0.0638945220552038,514724.0,299053.0,-0.10045068886399755
2024-11-05,0.0106493727769492,0.015969361744181884,0.020543303385939647,-0.0014493868504707632,-0.0003304006520850736,-0.0008195055708372741,-0.00024113684161603896,-5.082994978231683e-05,1.139615050193144e-05,-0.00016092026194391203,-7.020612342173915e-05,-0.00042711924749479246,-0.0006572052202089953,-0.00037862707439879266,0.0122305008043573,0.0166573685375732,0.0111317057505701,0.0230363655761108,-0.0387954352431325,-0.0062730329803875,0.112782275911357,0.1376420247423704,501749.0,308371.0,0.2477661102461804
2024-11-06,0.0212382374935889,0.015248065593848349,0.020543303385939647,-0.001612882324700908,-0.0006671715945032295,-0.0005642910607670338,-0.0005176646051815331,-0.0003879890441421353,9.001930904442168e-05,-0.0002166602857885844,-0.0001552602924916115,-0.00022365832592026629,-0.0006872517940169077,-0.00035242777362351187,0.0106493727769492,0.0122305008043573,0.0166573685375732,0.0111317057505701,0.0383261048288119,-0.0387954352431325,-0.0062730329803875,0.112782275911357,492043.0,316674.0,0.3876088176336053
2024-11-07,0.0164854598792953,0.016599356527490734,0.020543303385939647,-0.000607165228854331,-0.0005819780091241649,-0.0007036760673417722,-0.00034541849443806927,-0.0005026246101212281,-0.0002749779066087244,-0.00015946573313058163,-0.00010937704603202125,-0.0001229926416634716,-0.0007328311158954902,0.0001965599947609385,0.0212382374935889,0.0106493727769492,0.0122305008043573,0.0166573685375732,0.0528962869830067,0.0383261048288119,-0.0387954352431325,-0.0062730329803875,470783.0,323810.0,-0.24451797112401
2024-11-08,0.0174882241162843,0.016410860828223343,0.020543303385939647,-0.001280787138800885,-0.000212022250764504,-0.000814271003322784,-0.0005121519663403922,-5.339814395645678e-05,-0.00045792706163766194,-0.00031833896584753264,-8.168043731540018e-05,-0.00016725410329059036,-0.0008286621662372598,0.0005940506797971629,0.0164854598792953,0.0212382374935889,0.0106493727769492,0.0122305008043573,-0.0677315536396729,0.0528962869830067,0.0383261048288119,-0.0387954352431325,459341.0,330181.0,-0.5212860774683827
2024-11-11,0.0211063132959247,0.017638314144134137,0.020543303385939647,-0.0011172130870902685,-0.0004075146730636429,0.00020129966295384118,-0.0005977910241783357,-0.00014726729657005755,0.00010352455922810555,-0.00032787634741998016,-0.0002640428933333908,0.00030238977983844823,-0.0008906380645219578,0.00024014014235172518,0.0174882241162843,0.0164854598792953,0.0212382374935889,0.0106493727769492,-0.0438335645688265,-0.0677315536396729,0.0528962869830067,0.0383261048288119,430562.0,336172.0,-0.21527355998429418
2024-11-12,0.0105663559537326,0.017545046220969245,0.020543303385939647,-0.0008809493049819951,-0.00043354305698968326,-0.0006098688659420096,-0.0003414511052831981,0.0001197208513861328,5.117343291451767e-05,-0.00013107236135704442,-0.00025309364841997843,0.00035050761266372516,-0.000869230479557619,-4.502394032514859e-07,0.0211063132959247,0.0174882241162843,0.0164854598792953,0.0212382374935889,-0.0956518373529027,-0.0438335645688265,-0.0677315536396729,0.0528962869830067,403191.0,342048.0,0.0011099899849771285
2024-12-02,0.0113952431916018,0.01675995846077181,0.020543303385939647,-0.0019182883033797282,-0.0001981957328699075,-0.00026522325659803793,-0.0004006532290950666,-0.00032157830454969296,8.10213725172992e-05,-0.0001983561158514696,-1.0332981851891603e-05,-0.000469105308546216,-0.00014963953323123805,6.700646828811121e-05,0.0105663559537326,0.0211063132959247,0.0174882241162843,0.0164854598792953,-0.0011121925239327,-0.0956518373529027,-0.0438335645688265,-0.0677315536396729,518419.0,281116.0,-0.05082319221952293
2024-12-03,0.0185615036468036,0.0169611465847477,0.020543303385939647,-0.0017122229566162472,-0.0006710090322005395,4.5464219356040904e-05,-0.0003381523269905466,-0.0003290973678183392,-4.812660506837562e-05,3.3133118643618966e-05,-5.24476012229605e-05,-0.00036212194101110115,-0.0003394474418726779,0.00019187113360917882,0.0113952431916018,0.0105663559537326,0.0211063132959247,0.0174882241162843,-0.0284106118674465,-0.0011121925239327,-0.0956518373529027,-0.0438335645688265,503390.0,287796.0,-0.24012764630889583
2024-12-04,0.0166411963375186,0.017108575914685974,0.020543303385939647,-0.0009599837339733042,-0.0006538259420150874,-0.0008985939492542012,-0.00029682043125252744,-7.33271608388521e-05,7.750085037913546e-05,-0.0002500023567344382,0.00012042737462364579,-0.00017747992506193975,-0.000455704971500817,0.00013308277437471482,0.0185615036468036,0.0113952431916018,0.0105663559537326,0.0211063132959247,-0.052908397989885,-0.0284106118674465,-0.0011121925239327,-0.0956518373529027,486687.0,294350.0,-0.08983439684850486
2024-12-05,0.0092957708412428,0.01674940105921659,0.020543303385939647,-0.001295202972985662,-0.0003637752498103775,-0.0007518570605726902,-0.0006221072524516489,-8.743779101095556e-05,8.610439015054371e-05,-0.0001487182925123088,-0.00010753511175147828,-0.000138372475205148,-0.00040697349597369623,4.1972985400362284e-05,0.0166411963375186,0.0185615036468036,0.0113952431916018,0.0105663559537326,-0.0375917795314482,-0.052908397989885,-0.0284106118674465,-0.0011121925239327,471314.0,300724.0,-0.032546065636406225
2024-12-06,0.0112524546517894,0.01683172708494636,0.020543303385939647,-0.0018529911350627132,-0.0003709889673628417,-0.0001660043979758788,-0.000546373772773552,-0.00012459479769232596,6.064523624240121e-05,-0.00011136440158025959,-9.905594888971082e-05,-6.641596630524519e-05,-0.000584207203958283,0.00014977505436511828,0.0092957708412428,0.0166411963375186,0.0185615036468036,0.0113952431916018,-0.0466145899088692,-0.0375917795314482,-0.052908397989885,-0.0284106118674465,450695.0,306156.0,-0.10107358210595875
2024-12-09,0.0144740708220758,0.017350292155613654,0.020543303385939647,-0.0017162277470431444,-0.0008350978511753363,-0.0006381480882965742,-0.00040839683200606067,-0.00012237481531743923,4.684850966824603e-05,-0.0001904913536245189,6.64245603249292e-06,0.00040463176882392284,-0.0005131063740178788,0.0007727090966302916,0.0112524546517894,0.0092957708412428,0.0166411963375186,0.0185615036468036,-0.0520522863702384,-0.0466145899088692,-0.0375917795314482,-0.052908397989885,430327.0,311515.0,-0.5152952922369127
2024-12-10,0.0099089642455932,0.017543281160600277,0.020543303385939647,-0.0014569454569695484,-0.0007078629760772395,-0.0009224881605103358,-0.00034117571170868665,-4.511338379876361e-05,8.868692617196686e-05,-8.862345444533429e-05,-9.575376113500122e-05,0.000488866990787517,-0.0005715999524590257,0.0006519867148050764,0.0144740708220758,0.0112524546517894,0.0092957708412428,0.0166411963375186,-0.059727270573755,-0.0520522863702384,-0.0466145899088692,-0.0375917795314482,401786.0,315240.0,-0.40261071648734686
2024-12-11,0.0131725352944413,0.01705188438989437,0.020543303385939647,-0.001889553714636981,-0.0005706460023062781,-0.0007991422278430042,-0.0007013168789199269,6.799345580547537e-05,8.327210485256094e-05,-8.591015228580061e-05,-3.7198490984325e-05,0.0005299908797016707,-0.0007333873647697039,0.000644479395341035,0.0099089642455932,0.0144740708220758,0.0112524546517894,0.0092957708412428,-0.095196836102021,-0.059727270573755,-0.0520522863702384,-0.0466145899088692,395228.0,320378.0,-0.6262594910439024
2024-12-12,0.0129616655636938,0.017206618246779083,0.020543303385939647,-0.0015759952387824545,-0.0007590090121517407,-0.0005846234922999734,-0.000618064963465899,-0.000421649698589958,0.00023346429978546022,-8.786046009613739e-05,2.8948526384209944e-05,0.000571933406412349,-0.0007566670659070401,0.0006328385595506143,0.0131725352944413,0.0099089642455932,0.0144740708220758,0.0112524546517894,0.0232552619607213,-0.095196836102021,-0.059727270573755,-0.0520522863702384,392870.0,327534.0,-0.45952501393907835
2025-01-02,0.0145313759955396,0.015991673071311698,0.020543303385939647,-0.0013875764890251218,-0.0005086569854004512,-0.0008387036975161566,-0.00039418266641101586,-0.000409776043227233,-0.0001996911146641917,0.00014448527509017674,8.908103102909938e-06,-0.0003770733533332929,-0.0003943244220924157,-0.00019503892115116004,0.0129616655636938,0.0131725352944413,0.0099089642455932,0.0144740708220758,0.0209229931269092,0.0232552619607213,-0.095196836102021,-0.059727270573755,605850.0,290801.0,0.1795143178937394
2025-01-03,0.0094665488923894,0.01602482278282649,0.020543303385939647,-0.0012948696172724891,-0.0005325478645492602,-0.0006910490807600983,-0.0005000773275875669,-0.0002495888518472087,-5.3519944465726635e-05,-0.00029352743523496506,0.00011226126244387993,-0.0004245380796662085,-0.0005397537838842233,-5.1269880289294644e-05,0.0145313759955396,0.0129616655636938,0.0131725352944413,0.0099089642455932,0.183982358314533,0.0209229931269092,0.0232552619607213,-0.095196836102021,586070.0,303523.0,0.09216572391810458
2025-01-06,0.0122120406776495,0.015194503468105913,0.020543303385939647,-0.0016039386130020296,-0.0004353093798452122,-0.0007202312320487299,-0.0004336578409985011,-5.733101908198202e-05,-0.00042252856506518136,-0.00037190814837643755,-0.000188738474790173,-0.00038802405547105814,-0.0007138406308103899,-1.3291958344043708e-05,0.0094665488923894,0.0145313759955396,0.0129616655636938,0.0131725352944413,0.2030552146721742,0.183982358314533,0.0209229931269092,0.0232552619607213,568001.0,315199.0,0.055218783510405905
2025-01-07,0.0108974998886063,0.016137229525108335,0.020543303385939647,-0.0014338707885211712,-0.0006430082984245371,-0.00055988296576113,-0.00035770375202121485,-0.00016751975434501395,-0.00020443999684160446,0.0007890862574623584,-0.00019585352255665253,-0.00046899695936879595,-0.0008905171199930229,-0.000273366960460531,0.0122120406776495,0.0094665488923894,0.0145313759955396,0.0129616655636938,0.1797037542518751,0.2030552146721742,0.183982358314533,0.0209229931269092,546592.0,326057.0,0.22625083122556697
2025-01-08,0.0144363246503451,0.015725131182126713,0.020543303385939647,-0.0016586788745420727,-0.0006560046539403128,-0.001157687610327187,-0.00028082469567875266,-1.534636787953663e-05,-0.0002377243216914331,0.0007314133959912094,2.0021658511497972e-05,-0.0004773308764200113,-0.0009346866412140894,-0.00015132321662225085,0.0108974998886063,0.0122120406776495,0.0094665488923894,0.0145313759955396,0.19530620750335,0.1797037542518751,0.2030552146721742,0.183982358314533,503711.0,335850.0,0.15865902892696646
2025-01-09,0.0124867828027267,0.016389148319168406,0.020543303385939647,-0.0014565305307691092,-0.0006709213735146692,-0.0008367904492038646,-0.0004246452583338745,-0.00012330034179715364,-0.00017756388122733554,0.0008179418627389436,1.6085788717411202e-05,-0.00026790734071855147,-0.0010098862811496363,-2.0637261513402112e-05,0.0144363246503451,0.0108974998886063,0.0122120406776495,0.0094665488923894,0.1797513332384097,0.19530620750335,0.1797037542518751,0.2030552146721742,491323.0,347516.0,0.0814582615401918
2025-01-10,0.0283242715287526,0.016372039437439406,0.020543303385939647,-0.00148309167213202,-0.0005256296671959699,-0.0009669995406361737,-0.0003496063031551546,0.000144836275352199,-0.00024490410058502577,0.0008117246993444226,5.099108319955521e-06,-0.00027237772084292325,-0.0009797772183764931,-0.00031053780859306,0.0124867828027267,0.0144363246503451,0.0108974998886063,0.0122120406776495,0.2077593767795882,0.1797513332384097,0.19530620750335,0.1797037542518751,477740.0,361524.0,0.4531913174042243
2025-02-03,0.0181309316389477,0.022143971720885145,0.020543303385939647,0.0017633251039115918,-0.0005949991222725658,-0.0007300587828588294,-0.00044853123300010945,4.369105665764268e-05,-0.0002026797723015139,0.0011064457564076715,0.0002319862599968419,-0.0006635756808841489,0.0009792776320519281,0.00011578711723698734,0.0283242715287526,0.0124867828027267,0.0144363246503451,0.0108974998886063,0.2528559511085255,0.2077593767795882,0.1797513332384097,0.19530620750335,558825.0,269285.0,-0.07566121726126118
2025-02-04,0.0199926773104871,0.0189736908751556,0.020543303385939647,-0.0013282449234406479,0.0007163954304917433,-0.0008760858464586832,-0.00040127846918534506,-0.0001939786047919123,-0.00034898594840397927,0.0008874257647727431,0.00014205845392521282,-0.000676150033563833,0.00026945628082477755,0.0002397753850458761,0.0181309316389477,0.0283242715287526,0.0124867828027267,0.0144363246503451,-0.0072145652996757,0.2528559511085255,0.2077593767795882,0.1797513332384097,539999.0,277553.0,-0.25670250628802294
2025-02-05,0.0141689665900362,0.020897852381700322,0.020543303385939647,-0.001052167102337715,-0.0003400879122959424,0.0013849941541533382,-0.0003347676792798931,-3.4245013206149554e-05,7.315860404803489e-05,0.0012147678302461729,0.0001461570521134089,-0.0006972457833412223,-0.00035274791552262564,0.00034673276118326956,0.0199926773104871,0.0181309316389477,0.0283242715287526,0.0124867828027267,0.1954785984560167,-0.0072145652996757,0.2528559511085255,0.2077593767795882,521099.0,284733.0,-0.4318259292182928
2025-02-06,0.0104448059495372,0.017534398982217494,0.020543303385939647,-0.0018072023931783008,-0.00034992574378043113,-0.0002476043663409019,0.0008838615635434392,-0.0005233746288529891,-0.00034630427529218095,-0.0003232480566791192,0.00026518666972566977,-0.000684804014286442,-0.00048432064883898167,0.0006088314902580846,0.0141689665900362,0.0199926773104871,0.0181309316389477,0.0283242715287526,0.1650213286059205,0.1954785984560167,-0.0072145652996757,0.2528559511085255,499705.0,291892.0,-0.46790950905918116
2025-02-07,0.0069150936147372,0.017233477607520045,0.020543303385939647,-0.0017784798886820643,-0.0005330327774465634,-8.07665572484578e-05,-0.0003142222802750178,-0.000212008524789672,-0.00038519386337189187,0.0007363057625777593,-0.0001397344287088627,-0.0003063038424052992,-0.0005004985342472088,0.00020410915617767288,0.0104448059495372,0.0141689665900362,0.0199926773104871,0.0181309316389477,-0.0266965851266958,0.1650213286059205,0.1954785984560167,-0.0072145652996757,487065.0,299475.0,-0.25945733783299646
2025-02-10,0.0137058525222818,0.01666125799604563,0.020543303385939647,-0.0017905993526994308,-0.0007001805752972724,-0.0005671143496038325,-0.00034919613495676833,-0.0002075718614538459,6.866341505611196e-05,0.0004918567243556107,9.365478130922297e-06,-0.00018428736138887086,-0.000716318221695217,6.333684965857174e-05,0.0069150936147372,0.0104448059495372,0.0141689665900362,0.0199926773104871,-0.0315100882796874,-0.0266965851266958,0.1650213286059205,0.1954785984560167,464531.0,306556.0,-0.03489924136438958
2025-02-11,0.0108989227096826,0.016123326259163708,0.020543303385939647,-0.0014187545482277758,-0.0007534563500046158,-0.0008726279789398954,-0.0004386091569650862,-1.6333497731431904e-05,7.821948625872837e-05,-0.00013040748243112958,-3.9902931101140564e-05,-0.0001700107107775246,-0.0007064094858436982,4.831552898762499e-05,0.0137058525222818,0.0069150936147372,0.0104448059495372,0.0141689665900362,-0.050000776303599,-0.0315100882796874,-0.0266965851266958,0.1650213286059205,454933.0,316549.0,-0.017894787767586014
2025-02-12,0.0157437296855648,0.015790112137799683,0.020543303385939647,-0.0017134378975735948,-0.000528220529229918,-0.0011420704537221885,-0.0005639223631435754,-0.00014522194233657578,9.696494870547902e-05,-0.00021650761077591425,-7.772578008850747e-05,0.00033964591297696087,-0.0007871187001190174,-1.5576832833114164e-05,0.0108989227096826,0.0137058525222818,0.0069150936147372,0.0104448059495372,0.2132896633267558,-0.050000776303599,-0.0315100882796874,-0.0266965851266958,420015.0,326987.0,0.04606758096704821
2025-03-03,0.0207339428073885,0.016102172647568053,0.020543303385939647,-0.0012416297920098147,-0.0006288660593398284,-0.0006324257209087465,-0.0005831580200673072,-5.3743232733507776e-05,-0.00035776316696555356,-0.0002505851799398235,-0.00010141300275417882,-0.000361398590447988,-0.00037931629672410014,0.0001491683235192498,0.0157437296855648,0.0108989227096826,0.0137058525222818,0.0069150936147372,0.2044317127036965,0.2132896633267558,-0.050000776303599,-0.0315100882796874,571568.0,291939.0,-0.1050408416818192
2025-03-04,0.0137048472643415,0.017514125118981348,0.020543303385939647,-0.0007766372782433262,-0.0004410953284867147,-0.0008793320622918018,-0.00038239104476059296,-0.00010968137221151998,-0.00035828625581737263,0.0007439066687638065,-2.862735826752307e-05,-0.0006066076994724152,-0.0005141166501334678,0.00032369011396262293,0.0207339428073885,0.0157437296855648,0.0108989227096826,0.0137058525222818,-0.0588325213737981,0.2044317127036965,0.2132896633267558,-0.050000776303599,556333.0,298699.0,-0.3245315616802157
2025-03-05,0.0245407152526237,0.0176187196545508,0.020543303385939647,-0.0015102134737809687,-0.00023647504954117462,-0.0005796233741490484,-0.0004647319642921401,-8.15205741130817e-05,3.6953038090198898e-06,0.000734940024440064,3.4230592009853413e-06,-0.0006047286507542931,-0.0006751810460018512,0.0004858320137936382,0.0137048472643415,0.0207339428073885,0.0157437296855648,0.0108989227096826,-0.0701183640086862,-0.0588325213737981,0.2044317127036965,0.2132896633267558,523304.0,305585.0,-0.44927062694112685
2025-03-06,0.0100500180971955,0.01823177614068064,0.020543303385939647,-0.0004659860548179538,-0.0005692512680329869,3.304242550254687e-05,-0.0003944912988492442,3.368891520679108e-05,-2.9099867308493204e-06,-0.00012293796721522956,-3.83067584689427e-05,-0.0006148062052306648,-0.000768595350495364,0.000599026303872889,0.0245407152526237,0.0137048472643415,0.0207339428073885,0.0157437296855648,-0.073829640287566,-0.0701183640086862,-0.0588325213737981,0.2044317127036965,510875.0,314413.0,-0.5185782441781844
2025-03-07,0.0179285315038791,0.017303847000852607,0.020543303385939647,-0.001949550124267454,0.0004397984694876711,-0.0005803713366992908,-0.00034151582422410983,-8.784632002338439e-05,3.516746960843567e-06,-6.0398479980394914e-05,1.6876682273617834e-05,-0.0003488340103680796,-0.0007501275074515114,0.00041899531920505195,0.0100500180971955,0.0245407152526237,0.0137048472643415,0.0207339428073885,-0.0672253058477876,-0.073829640287566,-0.0701183640086862,-0.0588325213737981,490890.0,323281.0,-0.4027029068901441
2025-03-10,0.0157091355275491,0.018253516121188595,0.020543303385939647,-0.0011874413558081054,-0.0006885868843735338,0.0007621360693954382,-0.0005143550673627721,-0.00014463099795150087,6.954880553999646e-05,-0.0001404953718832159,8.559586171323985e-05,-0.00018208320745359988,-0.0007766694838846046,0.0004271943673176037,0.0179285315038791,0.0100500180971955,0.0245407152526237,0.0137048472643415,-0.0593195536170805,-0.0672253058477876,-0.073829640287566,-0.0701183640086862,476209.0,331575.0,-0.35843740675291635
2025-03-11,0.0156335250316278,0.01824095169546963,0.020543303385939647,-0.0015621860626685987,-0.00038807906437927475,-0.0008872813612112626,0.00035828320622258885,0.00013359332920587108,5.168196604461223e-05,-2.1775509279493493e-05,0.00015775435003882837,-7.046814973415227e-05,-0.0008196034080665362,0.0007457290133574039,0.0157091355275491,0.0179285315038791,0.0100500180971955,0.0245407152526237,-0.0908650850958041,-0.0593195536170805,-0.0672253058477876,-0.073829640287566,451671.0,339758.0,-0.6091275602795017
2025-03-12,0.0138419721225501,0.01729581622387588,0.020543303385939647,-0.001491466250888364,-0.0004856956118349397,-0.0002808796796294504,-0.000700270619928864,1.6800108422982715e-05,8.770388085441608e-05,-0.00013279427902748104,0.00013074366288652953,0.00028052417716761954,-0.0008563162079166302,0.00018416365783041177,0.0156335250316278,0.0157091355275491,0.0179285315038791,0.0100500180971955,-0.1016157323676019,-0.0908650850958041,-0.0593195536170805,-0.0672253058477876,435267.0,348137.0,-0.24416392068518994
2025-04-01,0.0077068128341663,0.01707031891306249,0.020543303385939647,-0.0015734911781794443,-0.0004215801886214508,-0.0006262415828378024,-0.0003606365445000744,-0.00015178282335239518,0.00012625710259609225,-8.591993509953348e-05,-9.662780438895479e-06,-0.0005377232255741577,-0.00032972836346014083,0.0004975250465906433,0.0138419721225501,0.0156335250316278,0.0157091355275491,0.0179285315038791,-0.0579098345299806,-0.1016157323676019,-0.0908650850958041,-0.0593195536170805,645556.0,288733.0,-0.4237076361668122
2025-04-02,0.019162021994375,0.01665040175006671,0.020543303385939647,-0.0017707689993389643,-0.00048189504270982616,-0.000578187926463215,-0.00038466534439127474,-0.000442654679126972,2.6558428181238413e-05,8.899352589289331e-05,0.00010752897448882956,-0.0004894712396110102,-0.00039841045947833025,0.0004300711266836937,0.0077068128341663,0.0138419721225501,0.0156335250316278,0.0157091355275491,0.0146047220654956,-0.0579098345299806,-0.1016157323676019,-0.0908650850958041,641118.0,302456.0,-0.4297139469496963
2025-04-03,0.0329617982484332,0.01680094266290759,0.020543303385939647,-0.0008595419038254529,-0.0007414511541222994,-0.0005364353094601198,-0.000360780015836455,-0.00027725461568199573,-0.0001418224587205367,-0.00013258774690310532,9.059036639728178e-05,-0.0005863720867676327,-0.0006669235729530341,0.0004702177748412907,0.019162021994375,0.0077068128341663,0.0138419721225501,0.0156335250316278,-0.0129906386765359,0.0146047220654956,-0.0579098345299806,-0.1016157323676019,596532.0,314557.0,-0.4507481323464126
2025-04-04,0.0544791371475467,0.01997399811178807,0.020543303385939647,0.0028384337897653547,-0.00032850490185616275,-0.0010473930052712164,-0.0006035580055505659,-0.0003087151324044645,1.926193748155436e-05,-0.0002594729165140645,4.725694693839502e-05,-0.0005431526559261824,-0.0008665772953420186,0.00048311596452779406,0.0329617982484332,0.019162021994375,0.0077068128341663,0.0138419721225501,-0.0208811198582541,-0.0129906386765359,0.0146047220654956,-0.0579098345299806,541802.0,324611.0,-0.5784770781848241
2025-04-07,0.045500606078812,0.02920110908101225,0.020543303385939647,0.010237072836181185,0.00133663255648729,-0.00016372112071059324,-0.0013088637562533676,-0.00020847019780567152,0.000215339596935828,-2.0870575050216302e-05,-0.00022403010535880275,-0.0009804133982067712,-0.0011172853847651405,0.0008924152436188563,0.0544791371475467,0.0329617982484332,0.019162021994375,0.0077068128341663,-0.0799723272674119,-0.0208811198582541,-0.0129906386765359,0.0146047220654956,497797.0,332692.0,-0.5134961589752949
2025-04-08,0.0367427384937135,0.03053101369324291,0.020543303385939647,0.007158886290780403,0.0028275951173025882,0.0018435919275464432,-0.0008373428830476204,-0.00019230707955132304,-0.00010125448087859117,-1.9004750153910198e-05,5.146911334204137e-05,3.576403756486644e-05,-0.0009834590004556883,0.0002037720148540597,0.045500606078812,0.0544791371475467,0.0329617982484332,0.019162021994375,-0.0914659580633996,-0.0799723272674119,-0.0208811198582541,-0.0129906386765359,460036.0,339313.0,-0.2565916860721748
2025-04-09,0.0736539290920073,0.03188874113692835,0.020543303385939647,0.0026544358772182183,0.0025759882789675296,0.0021269825904335357,0.0017431601027791124,0.0019045611186392787,-0.00012107148702969364,0.00020308305493462115,-0.00010945634151784114,0.0006460752412381485,-0.0010252234479561024,0.0007469027632818989,0.0367427384937135,0.045500606078812,0.0544791371475467,0.0329617982484332,-0.1925628963726096,-0.0914659580633996,-0.0799723272674119,-0.0208811198582541,436658.0,345763.0,-0.39845019117826536
2025-04-10,0.0382748130353933,0.04531797162391826,0.020543303385939647,0.014034918853025848,0.002304289923223097,0.0024968667135355465,0.003832293128186385,0.0013405298049190488,4.1614974195602773e-05,0.000361748579775324,0.0004001468521477422,0.0010721262043432295,-0.0013960340985782614,0.00028616730320505,0.0736539290920073,0.0367427384937135,0.045500606078812,0.0544791371475467,-0.161021168217645,-0.1925628963726096,-0.0914659580633996,-0.0799723272674119,415195.0,353818.0,-0.20457114923273054
2025-04-11,0.0217042999564573,0.030554411532468146,0.020543303385939647,0.0029440645517618863,0.003884678159380811,0.0014265145612395726,0.0028643304410050545,-0.0006321420613725652,-0.00035868608255260634,0.0002491235349841627,0.00016504294447298166,0.0006437881550307113,-0.0012565726326629705,8.09665752414633e-05,0.0382748130353933,0.0736539290920073,0.0367427384937135,0.045500606078812,-0.0897971137258402,-0.161021168217645,-0.1925628963726096,-0.0914659580633996,397929.0,363359.0,-0.05819123942333528
2025-05-01,0.0306021783368937,0.021965025883795182,0.020543303385939647,-0.0025139023494056556,0.00106245577377686,0.0028568775365399985,0.0011433340618673795,-0.0006891046567315182,-0.00039088695409922726,0.00011044852260056488,0.0004649687386961412,-0.000830769100002573,-0.0005069924144482606,0.0007152933390618244,0.0217042999564573,0.0382748130353933,0.0736539290920073,0.0367427384937135,-0.0715015606766478,-0.0897971137258402,-0.161021168217645,-0.1925628963726096,587561.0,299585.0,-0.5409906374690012
2025-05-02,0.0197593261471688,0.02697263337297815,0.020543303385939647,0.0010630526676791545,-0.0003184581564922644,0.0016168414215134092,0.003896293553000341,0.0012543265787691826,-0.00025826700746805706,0.000105112378984179,0.00040075877370643955,-0.0010245595207190143,-0.0008208953033807285,0.0005151246014458565,0.0306021783368937,0.0217042999564573,0.0382748130353933,0.0736539290920073,-0.1814359241125824,-0.0715015606766478,-0.0897971137258402,-0.161021168217645,568693.0,309818.0,-0.48658821844191036
2025-05-05,0.0233569831277056,0.021086302049761592,0.020543303385939647,-0.003167429516605385,0.0008794800570010283,0.00014567153880359253,0.0015111645221710095,0.0013068691404856188,0.0002747120283878276,-1.3243529109552516e-05,0.00014082753652199645,-0.0009338475434936065,-0.0008705051734665022,0.0012692996031259188,0.0197593261471688,0.0306021783368937,0.0217042999564573,0.0382748130353933,-0.2012045270509661,-0.1814359241125824,-0.0715015606766478,-0.0897971137258402,570488.0,321322.0,-0.6698009262540662
2025-05-06,0.0255929170898447,0.019641606683255056,0.020543303385939647,-0.0011976704292997276,-0.00034691228445740967,0.0012141927626765031,-0.00044867555547423583,0.0001303926921164257,0.0005782558030911288,3.4423138338959746e-05,0.00010252955514380626,-0.0006431243211051988,-0.0010281937463580788,0.0007030856826432365,0.0233569831277056,0.0197593261471688,0.0306021783368937,0.0217042999564573,-0.1402743391402277,-0.2012045270509661,-0.1814359241125824,-0.0715015606766478,572672.0,334706.0,-0.7070787912384744
2025-05-07,0.0234291172928391,0.020660747825533243,0.020543303385939647,-0.0010004635811434542,0.0003673191432479836,-0.0002766209223350885,0.0010984988125132572,1.6256219050228065e-06,0.00010140634299654769,0.00043331254202433274,0.0003447823119775573,-0.0007830402921736518,-0.0010538226166301942,0.0008844470772112849,0.0255929170898447,0.0233569831277056,0.0197593261471688,0.0306021783368937,-0.1112002293592073,-0.1402743391402277,-0.2012045270509661,-0.1814359241125824,547479.0,346766.0,-0.5688045433603117
2025-05-08,0.0229861738656647,0.01942036905800966,0.020543303385939647,-0.0009225087428536815,0.00048216306940903,0.00035028320706780995,-0.00033846600445554774,-0.0001912573798822104,-1.0870062639644632e-05,-5.222947653002136e-05,0.000632542781439141,-0.000434136185147154,-0.0010195105491688813,0.0003810550148311726,0.0234291172928391,0.0255929170898447,0.0233569831277056,0.0197593261471688,-0.0493198169476922,-0.1112002293592073,-0.1402743391402277,-0.2012045270509661,524577.0,358092.0,-0.33900628614179956
2025-05-09,0.01351331533945,0.01904791497489464,0.020543303385939647,-0.0008329947309851851,0.00025631474895339946,0.0007512371114642042,-0.00021166845436510298,-0.0004259107294851515,-1.0821657159781065e-05,-7.760377765336465e-05,0.00021413543977571816,-0.00036994804194914743,-0.0009737636511447904,0.00018563533150419548,0.0229861738656647,0.0234291172928391,0.0255929170898447,0.0233569831277056,0.0003183192769196,-0.0493198169476922,-0.1112002293592073,-0.1402743391402277,494806.0,368699.0,-0.22196324701618608
2025-05-12,0.0232361532907586,0.018514698216763402,0.020543303385939647,-0.0019831812584552512,0.0003421035860171938,0.0005071184073817794,0.0002972766176394117,-0.00031119430377299866,4.58420587108043e-06,-5.620790656862117e-05,0.0002368680756254705,-6.851840492853518e-05,-0.000980606275971431,-1.684791201433964e-05,0.01351331533945,0.0229861738656647,0.0234291172928391,0.0255929170898447,-0.0242689088407432,0.0003183192769196,-0.0493198169476922,-0.1112002293592073,462177.0,378026.0,0.004715300656490639
2025-06-02,0.0257502773882723,0.019319929083443835,0.020543303385939647,-0.000589758601156558,-0.0005162112693902448,0.0005316821539868152,-0.00021834082512611514,0.00011582405090001888,3.3097862189184783e-06,-0.0002395165244465817,-6.4125279723609125e-06,-0.0005431406952370681,-0.0003702082143818286,0.0006093983641091934,0.0232361532907586,0.01351331533945,0.0229861738656647,0.0234291172928391,-0.0882037077526289,-0.0242689088407432,0.0003183192769196,-0.0493198169476922,502805.0,293639.0,-0.5780309021269667
2025-06-03,0.0132583666724725,0.018517091043923333,0.020543303385939647,-0.00043465958957351295,0.000341208085363454,-0.0005727637217715103,-0.0003272225587464975,-0.0005535473723755324,0.00015024259509956498,-0.0001911301887588533,-0.00010775507729020665,-0.0002741143790647643,-0.0004219723199030941,0.00036550218500463707,0.0257502773882723,0.0232361532907586,0.01351331533945,0.0229861738656647,0.0530620017771639,-0.0882037077526289,-0.0242689088407432,0.0003183192769196,481185.0,296567.0,-0.34795685048082914
2025-06-04,0.0154968331412203,0.018073865778435567,0.020543303385939647,-0.0019083420091845426,0.0005911419713766506,0.0004898339216659983,-0.0004904228701916403,-0.00013212515203214745,-0.00044678009851013644,-0.00010463542485660394,-0.00011386167048144542,-0.00021023927376465074,-0.0004297569946173395,0.0002857499930917779,0.0132583666724725,0.0257502773882723,0.0232361532907586,0.01351331533945,-0.0664603362264015,0.0530620017771639,-0.0882037077526289,-0.0242689088407432,469966.0,300347.0,-0.2913773756343332
2025-06-05,0.0115097659324018,0.018879983620854246,0.020543303385939647,-0.0015345543239791474,-0.0005940116073697231,0.0010446453871335046,-0.00019968287150479941,-0.00033094787169358645,9.237933989548138e-05,-0.0002886303183418824,0.00013497374289665195,-4.3017993513725064e-05,-0.0003984469435170225,0.00045397369490884703,0.0154968331412203,0.0132583666724725,0.0257502773882723,0.0232361532907586,-0.0110396705373307,-0.0664603362264015,0.0530620017771639,-0.0882037077526289,449807.0,303252.0,-0.35685248032566236
2025-06-06,0.0170856499324288,0.01775064800336509,0.020543303385939647,-0.0018249199559647977,-0.0004910536557173339,-0.0006355527374906583,0.00047612608418466965,-0.0004965619649252732,3.671046828355398e-05,-5.82418517618413e-05,-0.00023473179776975587,0.00011839780838792931,-0.000525895118401393,0.0008430673386003473,0.0115097659324018,0.0154968331412203,0.0132583666724725,0.0257502773882723,0.0814338391172944,-0.0110396705373307,-0.0664603362264015,0.0530620017771639,447750.0,306814.0,-0.49915677600917746
2025-06-09,0.0100952181784747,0.0160508146570576,0.020543303385939647,-0.001098067783241408,-0.0007058909319608768,-0.0006150883390355008,-0.0005159241742317337,-0.00045459677895157754,-0.0005253505465420038,-0.0003072856235972763,8.94696216451148e-05,0.0002827178904355634,-0.0006521840368164805,9.711973414124397e-06,0.0170856499324288,0.0115097659324018,0.0154968331412203,0.0132583666724725,0.06719990009677,0.0814338391172944,-0.0110396705373307,-0.0664603362264015,435599.0,311350.0,-0.03773236942500628
2025-06-10,0.0135766196751217,0.015497952510474278,0.020543303385939647,-0.0017238688983958633,-0.0003683989617857993,-0.0008061368378762285,-0.00036287843171057795,-0.00044290051192298917,-0.00043029412536562105,-0.0001380763596724028,-9.409707686461185e-05,0.0001761246594747434,-0.0008104096560688907,-4.4414675277132746e-05,0.0100952181784747,0.0170856499324288,0.0115097659324018,0.0154968331412203,0.0478136125116375,0.06719990009677,0.0814338391172944,-0.0110396705373307,444114.0,319030.0,0.07798777890641857
2025-06-11,0.0381548074207992,0.015233577134453112,0.020543303385939647,-0.0013306486456888147,-0.0006921807315376827,-0.00031434567987586914,-0.0005361822517900729,-0.00045593031702706417,-0.00029508867872620045,-0.00033395903951375294,-0.00021082521676766097,-6.017319410537867e-05,-0.0008879439261874488,-0.0001924485702665929,0.0135766196751217,0.0100952181784747,0.0170856499324288,0.0115097659324018,0.0543912855375481,0.0478136125116375,0.06719990009677,0.0814338391172944,451686.0,329713.0,0.16409080226532488
2025-06-12,0.0176597453923877,0.01958874271854067,0.020543303385939647,0.0038443713848853533,-0.000687901274700142,-0.0011864593683188825,-0.0004537461113117129,-0.0004879911361754794,-0.0005559363829693799,-0.00042357090267608645,-0.00023692733338527723,0.00022126772775576725,-0.0010474900618268402,5.98227913237012e-05,0.0381548074207992,0.0135766196751217,0.0100952181784747,0.0170856499324288,0.0745159891417106,0.0543912855375481,0.0478136125116375,0.06719990009677,422545.0,340038.0,-0.024357724655610986
2025-07-02,0.0200279144597005,0.016788953262639877,0.020543303385939647,-0.001225259461565893,0.0010819261466482938,-0.000699786385779404,-0.0005386696133405683,-0.0005142012722454976,-0.0005216872500722805,-0.00035337906407240295,-0.0002802938137061103,-0.0004358176846511374,-0.00026008217521665214,-7.099549298119257e-06,0.0176597453923877,0.0381548074207992,0.0135766196751217,0.0100952181784747,0.0655386366188643,0.0745159891417106,0.0543912855375481,0.0478136125116375,519478.0,282632.0,0.0
2025-07-03,0.0071652266729829,0.017892735756108755,0.020543303385939647,-0.0012568537015073844,-0.0003838599858140315,0.001743567108069392,-0.0005066296348778534,-0.0005201774997386825,-0.0004389129525145755,-0.0002600085255192591,-0.0002718407212046043,-0.0005412983334802626,-0.0002839397145981013,6.938633135446697e-05,0.0200279144597005,0.0176597453923877,0.0381548074207992,0.0135766196751217,0.0670207388284991,0.0655386366188643,0.0745159891417106,0.0543912855375481,523383.0,289355.0,-0.01300880474778237
2025-07-04,0.0100213064834816,0.017262939271581144,0.020543303385939647,-0.002130777596155261,-0.00031044744910722113,-0.00016503422460997335,0.0015089098429283665,-0.0005000061946260873,-0.00039572019317129673,-0.00036916040819077116,-0.00015830735424673974,-0.0004876761252953423,-0.00044735905124179904,0.0001752146393576219,0.0071652266729829,0.0200279144597005,0.0176597453923877,0.0381548074207992,0.0471708364536667,0.0670207388284991,0.0655386366188643,0.0745159891417106,510544.0,298640.0,-0.2419188428366903
2025-07-07,0.0238224068467483,0.015789603190472006,0.020543303385939647,-0.0016724866641583144,-0.000756343365438624,-3.5525981461683886e-05,-0.00035872155549062523,-0.0004909765234101354,-0.00030966304220839325,-0.00030460967505134827,-0.00019086019171095278,-0.0005171676506508774,-0.000644701196119644,0.0005273556502329551,0.0100213064834816,0.0071652266729829,0.0200279144597005,0.0176597453923877,0.0516786656975725,0.0471708364536667,0.0670207388284991,0.0655386366188643,520754.0,311772.0,-0.6461771019599941
2025-07-08,0.0141861293058391,0.01637835645732986,0.020543303385939647,-7.442320509347606e-05,-0.0005635807200770951,-0.001003122841940668,-0.00030638267834360075,-0.0005013587774668992,-0.0003816690213362164,-0.0003615807935463782,-0.00019940275126015969,-0.000435774780384933,-0.0008809686032118911,0.0005433172440515334,0.0238224068467483,0.0100213064834816,0.0071652266729829,0.0200279144597005,0.1296380248655309,0.0516786656975725,0.0471708364536667,0.0670207388284991,509566.0,324172.0,-0.5360864874613884
2025-07-09,0.0094160612561933,0.015337955158005696,0.020543303385939647,-0.001471007142516342,0.0004412565611267249,-0.0010073122243712128,-0.0006036077772747597,-0.00043728367273377977,-0.0004537406547645381,-0.0003652800959281786,-0.00023836852381251496,-0.0003907591155836209,-0.0008422785571627952,0.00016303297508706477,0.0141861293058391,0.0238224068467483,0.0100213064834816,0.0071652266729829,0.1100439931610495,0.1296380248655309,0.0516786656975725,0.0471708364536667,500929.0,337334.0,-0.22675839905477235
2025-07-10,0.0167625431457579,0.01695225917956677,0.020543303385939647,-0.0018163501407090965,-0.0005233598794511701,0.0007606506319142703,-0.0004136714213735215,-0.00046329477289847265,-0.0003766500182580759,0.0002309185244121346,-0.00024033519520501502,-0.00028962741957280487,-0.0009076130381075339,0.0004482885228764087,0.0094160612561933,0.0141861293058391,0.0238224068467483,0.0100213064834816,0.0459163945685023,0.1100439931610495,0.1296380248655309,0.0516786656975725,487553.0,348703.0,-0.4571705546966849
2025-07-11,0.0186315703450892,0.01628637101273058,0.020543303385939647,-0.0012222319594762045,-0.0006582330564298394,-0.0005711635896109902,-0.00010070996116325283,-0.00037725623847841293,-0.0002635350039414161,-0.00012906683936003685,-7.072855311972819e-05,-0.00032005722023281766,-0.000947276802409719,0.00040332685101335155,0.0167625431457579,0.0094160612561933,0.0141861293058391,0.0238224068467483,0.0261250191138193,0.0459163945685023,0.1100439931610495,0.1296380248655309,492299.0,361962.0,-0.36913063284929315
2025-08-01,0.022088191579501,0.01595358766701201,0.020543303385939647,-0.0008267333603802719,-0.00031448236115913113,-0.0008990497451396777,-0.00043149552828677945,-0.0003236993953643166,-0.00023464083455893806,-0.00037056519214866287,-0.00015942043169698755,-0.00043457633310777964,-0.0006452828153028332,5.023027821774079e-05,0.0186315703450892,0.0167625431457579,0.0094160612561933,0.0141861293058391,0.0084208019182119,0.0261250191138193,0.0459163945685023,0.1100439931610495,557960.0,310813.0,-0.061965456528097124
2025-08-04,0.0172371766240802,0.016909632556260937,0.020543303385939647,-0.0005148095605255143,-0.00040925537286778767,-0.0003589163640237534,-0.0006094971313500285,-0.0004275800998027816,-7.267963286453259e-05,-0.00028123545626727446,-0.00023582486963222377,-0.00057297692584226,-0.0007259387004397762,0.0005750432839372228,0.022088191579501,0.0186315703450892,0.0167625431457579,0.0094160612561933,0.1145408449664246,0.0084208019182119,0.0261250191138193,0.0459163945685023,544754.0,315093.0,-0.5787534547542268
2025-08-05,0.0118892016232887,0.016929922864227568,0.020543303385939647,-0.0011422370474043922,-6.684025737043986e-05,-0.00011828138557758927,-0.0003886778420636239,-0.0003561699314471903,-0.0004462191002772143,-0.00023342513711146728,-0.00019063016415887834,-0.0005241144239695403,-0.0007487522008446281,0.0006019669685128819,0.0172371766240802,0.022088191579501,0.0186315703450892,0.0167625431457579,0.0067124139379046,0.1145408449664246,0.0084208019182119,0.0261250191138193,540527.0,320933.0,-0.6643293876542103
2025-08-06,0.02626210389317,0.01696038800216373,0.020543303385939647,-0.0015156826556505805,-0.0003555212231806058,0.00023580377814421815,-0.00035710236295445646,-0.000471677024495784,-4.1345330893523646e-05,-0.00017542060069583115,-0.0001249037848305214,-0.0005186230613012234,-0.0008579253201397559,0.0005994822022221451,0.0118892016232887,0.0172371766240802,0.022088191579501,0.0186315703450892,0.0345951178574557,0.0067124139379046,0.1145408449664246,0.0084208019182119,531243.0,327298.0,-0.6612368163981672
2025-08-07,0.0126438607844336,0.017657129534685703,0.020543303385939647,8.105528771200718e-05,-0.0005896609795376188,-0.0002983208325135041,-0.0003039779963709316,-0.00035656564648602583,-0.0002904074380454246,-0.00024227438669979158,-0.00012067736781329921,-0.0004540220532507341,-0.000857592866236473,0.0005462704279878534,0.02626210389317,0.0118892016232887,0.0172371766240802,0.022088191579501,0.0062987610768265,0.0345951178574557,0.0067124139379046,0.1145408449664246,502972.0,333992.0,-0.6942976969739578
2025-08-08,0.0152919513652967,0.017322447139449672,0.020543303385939647,-0.0015964177741388866,0.0007276291099306958,-0.0008205911809462348,-0.0003592786537002997,-7.718564400531678e-05,-8.655763693087448e-05,-0.00022613019876598095,-0.0001243556031791467,-0.00030765884549959274,-0.000828173228058343,0.00047786340880400375,0.0126438607844336,0.02626210389317,0.0118892016232887,0.0172371766240802,-0.0463284080466461,0.0062987610768265,0.0345951178574557,0.0067124139379046,490110.0,342202.0,-0.4097191127344995
2025-08-11,0.0119266863797783,0.017367107672848933,0.020543303385939647,-0.0014753499783158584,-0.0006359239665617934,0.000982852843807231,-0.0006181609657444957,-0.00011237663683326964,5.0992392895825414e-05,-0.0002513137290154833,-0.000280458568973225,-0.0001554467884979466,-0.0008590762622270907,0.00017806594637539096,0.0152919513652967,0.0126438607844336,0.02626210389317,0.0118892016232887,-0.0520813904259389,-0.0463284080466461,0.0062987610768265,0.0345951178574557,464530.0,350754.0,-0.1483064884904794
2025-08-12,0.0097507568993403,0.01684628210006119,0.020543303385939647,-0.0016752574783409774,-0.0004530487392777502,-0.0006613107583361745,0.0004194059965960354,-9.242563889561358e-05,6.356761394201516e-05,-3.45025278713484e-05,-0.00011285208717886906,-0.00013934142636447413,-0.0008067570297596759,-0.0002044992103916283,0.0119266863797783,0.0152919513652967,0.0126438607844336,0.02626210389317,-0.0544699932949113,-0.0520813904259389,-0.0463284080466461,0.0062987610768265,457861.0,360763.0,0.13765365903038468
2025-09-01,0.0109937509462499,0.015923556464833587,0.020543303385939647,-0.0016793037645387913,-0.0006423056691112905,-0.0005690123479817102,-0.0004824552191740582,-9.176795258552914e-05,2.9772002566769722e-05,-7.333166739100617e-05,-4.974647862498847e-05,-0.00037955084059873123,-0.000708378029916042,2.6333046249316206e-05,0.0097507568993403,0.0119266863797783,0.0152919513652967,0.0126438607844336,-0.0478390595194628,-0.0544699932949113,-0.0520813904259389,-0.0463284080466461,619212.0,317457.0,-0.0069058444712991425
2025-09-02,0.0129214256489032,0.016014807536335263,0.020543303385939647,-0.0014701802634962383,-0.0006499829301745414,-0.000731535115459657,-0.000380997720323015,-0.000248952151727661,7.474768351767346e-05,-3.4724587205698814e-05,3.5849839089785925e-06,-0.00038152308173307114,-0.0007604829044341881,5.15502375230356e-05,0.0109937509462499,0.0097507568993403,0.0119266863797783,0.0152919513652967,-0.0220586508994857,-0.0478390595194628,-0.0544699932949113,-0.0520813904259389,606990.0,327398.0,-0.030770403797031335
2025-09-03,0.016531864699938,0.015488364274264912,0.020543303385939647,-0.0013214754493531997,-0.0006342927035661865,-0.0008516013234771836,-0.0005086546381929404,-0.0002856783955616019,8.169681804891256e-05,-3.7605366488752753e-05,1.1836133160291023e-05,-0.0003878003475875804,-0.0007690500935785268,-0.0003523137450779667,0.0129214256489032,0.0109937509462499,0.0097507568993403,0.0119266863797783,0.0004339963901749,-0.0220586508994857,-0.0478390595194628,-0.0544699932949113,582440.0,337316.0,0.29169037392553604
2025-09-04,0.0095186633253351,0.01613530790439834,0.020543303385939647,-0.0011543977178085018,-0.0005315336889863241,-0.0007570145065460104,-0.0005626519737344832,-0.0002531874347409706,-6.873231254949277e-06,-0.0001393566231804202,-2.8768180124201748e-05,-0.00035498416259676654,-0.0008081731310397521,0.00018894516847106779,0.016531864699938,0.0129214256489032,0.0109937509462499,0.0097507568993403,-0.0175957618903792,0.0004339963901749,-0.0220586508994857,-0.0478390595194628,548898.0,345882.0,-0.14393058998137048
2025-09-05,0.0180018198320429,0.01615253872624492,0.020543303385939647,-0.001651347907108258,-0.00031911927885317187,-0.0006616499397758384,-0.0004941656339753859,-0.00024876589599825673,7.191275431851696e-05,-0.0001880023138395023,-6.974438026394017e-05,-0.0004110763493090044,-0.0008383868904745725,0.0004195811755846848,0.0095186633253351,0.016531864699938,0.0129214256489032,0.0109937509462499,-0.0260788259944728,-0.0175957618903792,0.0004339963901749,-0.0220586508994857,523952.0,354143.0,-0.3657600260221841
2025-09-08,0.0138649483893553,0.016787121259255612,0.020543303385939647,-0.0009179737978430687,-0.0006797304231100195,-0.0005740311881859004,-0.0004935273607246282,-0.00024606038038515256,5.655680162206692e-05,-0.00016985430624570487,-9.859913407707242e-05,-0.0004395870428690603,-0.0007911898951459497,0.000597814600280451,0.0180018198320429,0.0095186633253351,0.016531864699938,0.0129214256489032,-0.0321493813891731,-0.0260788259944728,-0.0175957618903792,0.0004339963901749,503615.0,362126.0,-0.6837495769283066
2025-09-09,0.011336772851053,0.01669685483877041,0.020543303385939647,-0.0014484390917487836,-0.00034098425058053154,-0.0008641352065895635,-0.00032411748267360216,-0.00018924946303387682,0.00011644598618246433,-9.095045460743311e-05,-9.209496132480409e-05,-0.00019810616371676,-0.0008056808404649298,0.0003908633813885813,0.0138649483893553,0.0180018198320429,0.0095186633253351,0.016531864699938,-0.0085966896974838,-0.0321493813891731,-0.0260788259944728,-0.0175957618903792,476590.0,370119.0,-0.3711753314135065
2025-09-10,0.0100066068195469,0.016514343134521586,0.020543303385939647,-0.0015708533543904064,-0.0005173023000876544,-0.00014503571264222034,-0.0006079830426461948,-0.00012126784896198432,6.216372419594713e-05,-0.00014677489276692697,-0.00010029606189014363,-0.00013547896106334443,-0.0009413054714741229,0.00019517367030898265,0.011336772851053,0.0138649483893553,0.0180018198320429,0.0095186633253351,-0.0556594080112624,-0.0085966896974838,-0.0321493813891731,-0.0260788259944728,455292.0,379271.0,-0.15007378781133007
2025-09-11,0.0131996786902739,0.01639156333838667,0.020543303385939647,-0.0018739510867331762,-0.0007551104321923367,-0.0006059679442587101,-0.0004169146811307215,-0.0002730117165617567,8.703693149676312e-05,-0.00020954279232676605,-7.349294074447773e-05,0.0003708240374280728,-0.0009683456574852041,0.0005667362349553346,0.0100066068195469,0.011336772851053,0.0138649483893553,0.0180018198320429,-0.0168960164243916,-0.0556594080112624,-0.0085966896974838,-0.0321493813891731,429498.0,388733.0,-0.4545871887414647
2025-09-12,0.0220727048846744,0.016748514202114782,0.020543303385939647,-0.0014881058990972099,-0.000722024981196414,-0.0007920111640867489,-0.0004768000332075995,-0.0002211643023589513,9.497742993738959e-05,-5.6889285937212943e-05,-0.00010517086234745509,0.000359433085530365,-0.000992869305094742,0.0006058361340337079,0.0131996786902739,0.0100066068195469,0.011336772851053,0.0138649483893553,-0.0039097794166123,-0.0168960164243916,-0.0556594080112624,-0.0085966896974838,425968.0,399517.0,-0.40207895639351704
2025-10-01,0.0138716549908837,0.017003228560632126,0.020543303385939647,-0.00046144405617401095,-0.0004869426299738323,-0.0008579274272088442,-0.0005092680774711427,-0.0004008781559886395,-4.2143302353801826e-05,-0.00015985554452939174,-4.632006111335915e-06,-0.000523099624877851,-0.0006566521075679351,0.0005627681069492634,0.0220727048846744,0.0131996786902739,0.0100066068195469,0.011336772851053,0.0130720815673521,-0.0039097794166123,-0.0168960164243916,-0.0556594080112624,671059.0,314187.0,-0.49950032534670347
2025-10-02,0.0198436275281372,0.01664720689663733,0.020543303385939647,-0.0014192906814748864,-9.988124111662049e-05,-0.0006511763220915753,-0.000579309094459295,-8.918765174012043e-05,-0.00010362184850568697,-0.00015821559034399403,-8.884374389223541e-05,-0.0004816901376151747,-0.0007910672205305105,0.0005661870424677824,0.0138716549908837,0.0220727048846744,0.0131996786902739,0.0100066068195469,-0.0419537180723104,0.0130720815673521,-0.0039097794166123,-0.0168960164243916,629595.0,327527.0,-0.5908197547928522
2025-10-03,0.0076221451480494,0.01767554032898891,0.020543303385939647,-0.00094880834411265,-0.0005655452019757103,0.00023647772991632166,-0.00051960179389997,2.4379896903564383e-05,6.191829274397109e-05,-0.00022830542228104576,-9.737485919717999e-05,-0.0005615043820154307,-0.0008408451694698485,0.000571446196437239,0.0198436275281372,0.0138716549908837,0.0220727048846744,0.0131996786902739,-0.0755330764943122,-0.0419537180723104,0.0130720815673521,-0.0039097794166123,624501.0,340762.0,-0.6001677489596688
2025-10-06,0.0092940921210595,0.016577337865432556,0.020543303385939647,-0.0017531886320191858,-0.00024366636907624057,-0.0005214682971581571,-0.00029918087528166477,-8.999019963817798e-05,4.000537136725349e-05,-0.00010901969727110607,-0.00013416542206798492,-0.0004442991911012651,-0.0008104494906791842,0.00039945728241862015,0.0076221451480494,0.0198436275281372,0.0138716549908837,0.0220727048846744,-0.04647775110117,-0.0755330764943122,-0.0419537180723104,0.0130720815673521,600835.0,353633.0,-0.39765533840520506
2025-10-07,0.0120696733593968,0.01621046160223279,0.020543303385939647,-0.001695910301367903,-0.0007341985921880142,-6.310041661988291e-05,-0.0004961154932069439,-0.0002920397457491834,7.40493807389685e-05,-0.00010462770935177579,-3.652623852107495e-05,-0.0003594563138549771,-0.0008234169894830394,0.0001985006358969667,0.0092940921210595,0.0076221451480494,0.0198436275281372,0.0138716549908837,-0.0214574566773171,-0.04647775110117,-0.0755330764943122,-0.0419537180723104,576876.0,364567.0,-0.13535273629461209
2025-10-08,0.0070815293581821,0.01614491210082153,0.020543303385939647,-0.0013648084461006854,-0.0007160132139752889,-0.0008592827277888361,-0.0002903436642729512,-0.00024483445148605447,8.116669713275634e-05,-8.011483160992113e-05,0.00011012901035992612,-0.0003925944267457795,-0.0008233359236785698,0.00018164069304728308,0.0120696733593968,0.0092940921210595,0.0076221451480494,0.0198436275281372,-0.0148622693212407,-0.0214574566773171,-0.04647775110117,-0.0755330764943122,539713.0,375173.0,-0.10895649609697206
2025-10-09,0.014793345663658,0.015463736373787791,0.020543303385939647,-0.0015455815672684643,-0.0006360635193041274,-0.0008556589099823385,-0.0005629376671466147,-0.00027038114892822325,0.00011180064004493553,-0.00012123769058674865,-2.6318827010195393e-05,-0.00032707839257660286,-0.0009318780557822532,8.576812638877439e-05,0.0070815293581821,0.0120696733593968,0.0092940921210595,0.0076221451480494,0.0034777384412842,-0.0148622693212407,-0.0214574566773171,-0.04647775110117,513554.0,386502.0,-0.0612657903399334
2025-10-10,0.0316952574638129,0.015018707641039963,0.020543303385939647,-0.0012550796116313503,-0.0007058702647886141,-0.0007121743905769623,-0.0006248037153710525,-0.0001859441593087744,-5.2102689343842476e-05,-0.0001593650697913486,-9.558394433854471e-05,-0.0003737509412824134,-0.00101792554945736,-0.00034199540900942165,0.014793345663658,0.0070815293581821,0.0120696733593968,0.0092940921210595,-0.0177802723698947,0.0034777384412842,-0.0148622693212407,-0.0214574566773171,503064.0,398236.0,0.2701977001526266
2025-11-03,0.0091718804236269,0.019784058845227773,0.020543303385939647,0.002661234857084834,-0.000516277901428266,-0.0010835158227923045,-0.0006023317167770299,1.581933669305551e-05,-1.94320659333353e-05,-0.00020089828640076855,-0.00011917582346053308,-0.0005572669350296079,-0.0008357682582527579,0.0004983680755848364,0.0316952574638129,0.014793345663658,0.0070815293581821,0.0120696733593968,-0.0731396366466636,-0.0177802723698947,0.0034777384412842,-0.0148622693212407,695470.0,330920.0,-0.6153222110059988
2025-11-04,0.0091519416888107,0.016937079586997347,0.020543303385939647,-0.001868871038141456,0.0008640668471903315,-0.0005855992158631799,-0.0006277746766492773,-0.0003310653513004639,5.846200080910522e-05,-0.00012404767500302896,-0.00010118464455562033,-0.0004905679181577445,-0.0008211095354083644,0.0004214674081373978,0.0091718804236269,0.0316952574638129,0.014793345663658,0.0070815293581821,0.0055632966853291,-0.0731396366466636,-0.0177802723698947,0.0034777384412842,679052.0,345566.0,-0.4496221019512282
2025-11-05,0.0141271007779935,0.017528163299880207,0.020543303385939647,-0.001825292724977868,-0.000733517622618816,0.001533104005528794,-0.00046300425017902966,-0.00019200245285299757,-8.19300693527084e-05,-0.0001934529790133335,-9.833687372178504e-05,-0.0005161474161412268,-0.0008378169819504687,0.00039325727922000426,0.0091519416888107,0.0091718804236269,0.0316952574638129,0.014793345663658,-0.0388087962114021,0.0055632966853291,-0.0731396366466636,-0.0177802723698947,655240.0,359706.0,-0.3784615726930055
2025-11-06,0.0141670637020781,0.016579959406228188,0.020543303385939647,-0.001606538988601621,-0.0006992217579210637,-0.0009653971316335845,0.0009677809759423477,-0.00023525203344102925,4.832627963835526e-05,-0.0001549456405461771,0.00011342154502682029,-0.0004453638070378361,-0.0008972586472613937,-8.889477387627612e-05,0.0141271007779935,0.0091519416888107,0.0091718804236269,0.0316952574638129,-0.0306953257023261,-0.0388087962114021,0.0055632966853291,-0.0731396366466636,631470.0,372804.0,0.0908097348643572
2025-11-07,0.0109178840858806,0.015956616883221243,0.020543303385939647,-0.001364256697401848,-0.00046639976208646505,-0.0008478985644768798,-0.0006027302320603009,-0.00020793287481081952,0.00010443516171139402,-0.00010838342414012747,-8.999926158914472e-05,-0.00045853023768861707,-0.0009212965909127582,0.0003763059807371618,0.0141670637020781,0.0141271007779935,0.0091519416888107,0.0091718804236269,-0.0324436681902247,-0.0306953257023261,-0.0388087962114021,0.0055632966853291,609000.0,386084.0,-0.3605515832116618
2025-11-10,0.0095971402859973,0.01602132414182426,0.020543303385939647,-0.0014164904788958196,-0.00048131154328490665,-0.0005244617973552218,-0.0005804824344030729,-0.00021915923485928116,8.706590828598354e-05,-0.00013121025753679995,-9.414277120228166e-05,-0.0003642478506887957,-0.001000714057395,0.00020317527321980485,0.0109178840858806,0.0141670637020781,0.0141271007779935,0.0091519416888107,-0.0282014351112085,-0.0324436681902247,-0.0306953257023261,-0.0388087962114021,574402.0,397954.0,-0.1443662906795916
2025-11-11,0.0159339058440839,0.015361697431681096,0.020543303385939647,-0.0016354175827139861,-0.0006418621774031582,-0.0005323220399686837,-0.0004795122275448992,-0.00036008829135841157,9.79748547042434e-05,-0.00010775016357397533,-8.18810615822204e-05,-0.00036011726462652357,-0.0011880474141785717,0.00010741741398763385,0.0095971402859973,0.0109178840858806,0.0141670637020781,0.0141271007779935,0.0209803420723604,-0.0282014351112085,-0.0324436681902247,-0.0306953257023261,562375.0,411893.0,-0.07367590459298724
2025-11-12,0.0243624903340512,0.015626592502591245,0.020543303385939647,-0.0011527703998155062,-0.0006427217882034092,-0.0007643468331884169,-0.00043492730494160494,-0.00018067152902162697,-7.430852486515367e-05,-0.00011401439018129387,-8.78052978501279e-05,-0.0003533753967140929,-0.0011582935437058192,4.652412513864565e-05,0.0159339058440839,0.0095971402859973,0.0109178840858806,0.0141670637020781,-0.0183993634239891,0.0209803420723604,-0.0282014351112085,-0.0324436681902247,536130.0,425803.0,-0.037553068658930135
2025-12-01,0.0107288310729424,0.0169894214741876,0.020543303385939647,-0.000314747547689978,-0.00043421466516228537,-0.0009178419199101542,-0.0004776830762864224,-2.3205531239390374e-05,4.1886405528907145e-05,-0.0002120116355795232,-6.981886289258424e-05,-0.00046286101615971307,-0.0008869210364289635,0.00020353697406806054,0.0243624903340512,0.0159339058440839,0.0095971402859973,0.0109178840858806,-0.0660224299652467,-0.0183993634239891,0.0209803420723604,-0.0282014351112085,625670.0,346551.0,-0.22373636601517305
2025-12-02,0.0112919550465022,0.016376962401455503,0.020543303385939647,-0.0016594782029603068,0.00046082926892034335,-0.0005973257443902572,-0.000615692964343526,-0.00022405701057872122,5.7921987844006664e-05,-0.00016471452466803197,-0.00019682913955024948,-0.00044490207917331624,-0.0008338140011318942,5.172142554780553e-05,0.0107288310729424,0.0243624903340512,0.0159339058440839,0.0095971402859973,-0.033927935159622,-0.0660224299652467,-0.0183993634239891,0.0209803420723604,614448.0,350022.0,-0.07094537992156481
2025-12-03,0.0113849340636388,0.016944124953999523,0.020543303385939647,-0.0016451847361037026,-0.0006492320903964511,0.0007291927572039576,-0.00041244021401598243,-0.00032200870424688556,5.9731748609329306e-05,-8.713212532644417e-05,-9.908770248301828e-05,-0.00040052882031904716,-0.000822095361729839,4.960681686795954e-05,0.0112919550465022,0.0107288310729424,0.0243624903340512,0.0159339058440839,-0.0262341214275796,-0.033927935159622,-0.0660224299652467,-0.0183993634239891,622875.0,355805.0,-0.02316598910562701
2025-12-04,0.0103785652677851,0.016414414309854516,0.020543303385939647,-0.0015733219128942712,-0.0006489743677483654,-0.0007640811692535924,8.317450345379051e-05,-9.267396405703167e-05,6.684453465999393e-05,-8.243699011441222e-05,5.358776801965359e-05,-0.0004204309919160697,-0.0008227907725619738,7.221428632714312e-05,0.0113849340636388,0.0112919550465022,0.0107288310729424,0.0243624903340512,-0.0348106643964936,-0.0262341214275796,-0.033927935159622,-0.0660224299652467,616403.0,362278.0,-0.058420647917422124
2025-12-05,0.0097301072999234,0.015723379944611978,0.020543303385939647,-0.001554928636100866,-0.0006492860043284749,-0.0007169132067508379,-0.0005689249014920461,-0.00022843258478722985,7.581448299340047e-05,-0.00013405287488217475,-7.94489298428999e-05,-0.0003688870047575953,-0.0007995823341954384,0.00020471855281648836,0.0103785652677851,0.0113849340636388,0.0112919550465022,0.0107288310729424,-0.0184813404312711,-0.0348106643964936,-0.0262341214275796,-0.033927935159622,604005.0,369427.0,-0.19736140599968993
2025-12-08,0.0154071656578111,0.015517162866582834,0.020543303385939647,-0.001569442466940904,-0.0006430829013947726,-0.0007316566569075229,-0.0005440351470444489,-0.0002996017320198333,8.378124788017945e-05,-0.0001229853043494814,-7.394051494475304e-05,-0.00033080752599881375,-0.00079828930846926,3.919790832792673e-06,0.0097301072999234,0.0103785652677851,0.0113849340636388,0.0112919550465022,0.0036143670996553,-0.0184813404312711,-0.0348106643964936,-0.0262341214275796,550592.0,375397.0,0.020832946856429523
2025-12-09,0.009157277876419,0.01586313092172656,0.020543303385939647,-0.0011654087930374893,-0.0006338791057649437,-0.0008211981034753995,-0.00046803386991407683,-5.709209893680439e-05,-6.061842737458816e-05,-0.00010027380497337736,-8.604277502859154e-05,-0.000364706285366897,-0.0009259391473547928,3.0199470138702377e-06,0.0154071656578111,0.0097301072999234,0.0103785652677851,0.0113849340636388,-0.0584289209253405,0.0036143670996553,-0.0184813404312711,-0.0348106643964936,532904.0,382958.0,0.010785036500362439
2025-12-10,0.0133592623556545,0.01585656758493855,0.020543303385939647,-0.0016250185677262347,-0.00040768714182616496,-0.0008974065720397892,-0.0005180374256386932,-4.893587816996658e-05,4.470239726804242e-05,-0.0001797527177673261,-8.165016916190202e-05,-0.00036779606170308675,-0.0010150556997940334,0.00040990203555805885,0.009157277876419,0.0154071656578111,0.0097301072999234,0.0103785652677851,-0.0515999958161161,-0.0584289209253405,0.0036143670996553,-0.0184813404312711,497706.0,392066.0,-0.3891550499589055
2025-12-11,0.018105809508481,0.015733579864852236,0.020543303385939647,-0.0014203800925671264,-0.0007718301289398808,-0.0005709520643496432,-0.0006542971987270531,-0.00021267974249134154,9.60587074470406e-05,-0.0001362587992479842,-0.00011627042929845147,-0.0001362052781580126,-0.0010790223052249699,0.00019211381047001014,0.0133592623556545,0.009157277876419,0.0154071656578111,0.0097301072999234,-0.0293043856540835,-0.0515999958161161,-0.0584289209253405,0.0036143670996553,461900.0,403358.0,-0.19972031158279174
2025-12-12,0.0102813184237246,0.0175453506617303,0.020543303385939647,-0.0010346045615274512,-0.0005982865929562553,-0.0008871111168550156,-0.00033679611030986345,2.0458579005691177e-05,7.725185032543106e-05,-7.938985976002311e-05,6.131206676606232e-05,0.0002815627914062923,-0.0011510346636301252,0.0006486848933259039,0.018105809508481,0.0133592623556545,0.009157277876419,0.0154071656578111,-0.0613922583015087,-0.0293043856540835,-0.0515999958161161,-0.0584289209253405,440596.0,416615.0,-0.4511979047732535
