Date,Open,High,Low,Close,CO1 Comdty - Open Interest,SMAVG (15),target_return,parkinson_var,target_vol_parkinson,sigmahat_pre_m,target_jump_flag,split,Global_Sentiment,raw__z_Supply Shock and availability risk,raw_decay__z_Supply Shock and availability risk,imputed_locf5__z_Supply Shock and availability risk,imputed_locf5_decay__z_Supply Shock and availability risk,raw__z_Transport logistics and chokepoints,raw_decay__z_Transport logistics and chokepoints,imputed_locf5__z_Transport logistics and chokepoints,imputed_locf5_decay__z_Transport logistics and chokepoints,raw__z_Demand and macro economy,raw_decay__z_Demand and macro economy,imputed_locf5__z_Demand and macro economy,imputed_locf5_decay__z_Demand and macro economy,raw__z_Inventory SPR and refinery,raw_decay__z_Inventory SPR and refinery,imputed_locf5__z_Inventory SPR and refinery,imputed_locf5_decay__z_Inventory SPR and refinery,raw__z_OPEC producer policy,raw_decay__z_OPEC producer policy,imputed_locf5__z_OPEC producer policy,imputed_locf5_decay__z_OPEC producer policy,raw__z_Geopolitical Normalisation and Peace,raw_decay__z_Geopolitical Normalisation and Peace,imputed_locf5__z_Geopolitical Normalisation and Peace,imputed_locf5_decay__z_Geopolitical Normalisation and Peace,ret_lag1,ret_lag2,ret_lag3,ret_lag4,vol_lag1,vol_lag2,vol_lag3,vol_lag4,jump_lag1,jump_lag2,jump_lag3,jump_lag4
2017-01-02,,,,,615838.0,272541.0,,,,,,train,0.339192,0.3707517486693298,0.3707517486693298,0.3707517486693298,0.3707517486693298,0.1841947168131438,0.1841947168131438,0.1841947168131438,0.1841947168131438,0.4611206591327452,0.4611206591327452,0.4611206591327452,0.4611206591327452,0.0269132628158171,0.0269132628158171,0.0269132628158171,0.0269132628158171,0.6007247114262217,0.6007247114262217,0.6007247114262217,0.6007247114262217,0.4012793947719334,0.4012793947719334,0.4012793947719334,0.4012793947719334,,,,,,,,,,,,
2017-01-03,57.05,58.37,55.3,55.47,608912.0,285310.0,-0.0887825375625137,0.0010528604912035,0.0324478118091742,,,train,0.195802,0.1399590912243335,0.2182540303981609,0.1399590912243335,0.2182540303981609,-0.1684049586180089,-0.048787764352750375,-0.1684049586180089,-0.048787764352750375,0.2357129281443407,0.3121810653131049,0.2357129281443407,0.3121810653131049,-0.3752798933922739,-0.23883842662270421,-0.3752798933922739,-0.23883842662270421,0.6051950327846761,0.6036785047342503,0.6051950327846761,0.6036785047342503,0.2471176985954044,0.29941607220355093,0.2471176985954044,0.29941607220355093,,,,,,,,,,,,
2017-01-04,55.73,56.55,55.33,56.46,603835.0,300505.0,-0.094730357600218,0.0001715630326028,0.0130982072285825,,,train,0.499688,0.3577258554330041,0.2967406404373297,0.3577258554330041,0.2967406404373297,,-0.02133285556037916,0.0,-0.02133285556037916,,0.13650376612582626,0.0,0.13650376612582626,0.4833646421707559,0.1675753463047132,0.4833646421707559,0.1675753463047132,0.6422660531199408,0.6253933267906666,0.6422660531199408,0.6253933267906666,,0.13092216676688784,0.0,0.13092216676688784,-0.0887825375625137,,,,0.0324478118091742,,,,,,,
2017-01-05,56.35,57.35,56.01,56.89,598922.0,317576.0,-0.09324665780903,0.0002016066808404,0.0141988267416854,,,train,0.38249,0.4087159619000631,0.35529443465645255,0.4087159619000631,0.35529443465645255,,-0.010177543673157367,0.0,-0.010177543673157367,0.4378345845214791,0.294074760356828,0.4378345845214791,0.294074760356828,0.5179836557426614,0.3508097927477079,0.5179836557426614,0.3508097927477079,0.5885416971386441,0.6061229847983735,0.5885416971386441,0.6061229847983735,0.2452970848761369,0.19073075075944965,0.2452970848761369,0.19073075075944965,-0.094730357600218,-0.0887825375625137,,,0.0130982072285825,0.0324478118091742,,,,,,
2017-01-06,56.88,57.47,56.28,57.1,592737.0,335867.0,-0.096105914707457,0.0001579055300476,0.0125660467151616,,,train,0.240586,0.3699080286770704,0.3626682113987414,0.3699080286770704,0.3626682113987414,-0.6183628753654724,-0.3170577572268401,-0.6183628753654724,-0.3170577572268401,,0.14568952224538442,0.0,0.14568952224538442,0.2916578902602305,0.32096272554378,0.2916578902602305,0.32096272554378,0.3566011878017978,0.48021843176428813,0.3566011878017978,0.48021843176428813,-0.1311000844528893,0.02834025843483737,-0.1311000844528893,0.02834025843483737,-0.09324665780903,-0.094730357600218,-0.0887825375625137,,0.0141988267416854,0.0130982072285825,0.0324478118091742,,,,,
2017-01-09,56.81,57.0,54.74,54.94,568790.0,354315.0,-0.1432221807760516,0.0005903268579005,0.0242966429347864,,,train,0.343688,0.2277549751466921,0.3044505612216389,0.2277549751466921,0.3044505612216389,0.3830964295781179,-0.025523511440838247,0.3830964295781179,-0.025523511440838247,0.4909848157228667,0.38569959885275823,0.4909848157228667,0.38569959885275823,-0.3289087560114925,-0.20181273509236808,-0.3289087560114925,-0.20181273509236808,0.3789130398903985,0.37424546610606374,0.3789130398903985,0.37424546610606374,0.130585477568736,0.188262991938168,0.130585477568736,0.188262991938168,-0.096105914707457,-0.09324665780903,-0.094730357600218,-0.0887825375625137,0.0125660467151616,0.0141988267416854,0.0130982072285825,0.0324478118091742,,,,
2017-01-10,54.95,55.36,53.58,53.64,525652.0,371013.0,-0.1754936763651575,0.0003852273444158,0.0196272092875125,0.017204805441219,1.0,train,-0.307671,-0.5354773868642585,-0.10525956944122337,-0.5354773868642585,-0.10525956944122337,,-0.013073346838943777,0.0,-0.013073346838943777,,0.19755842150213115,0.0,0.19755842150213115,-0.733744096187784,-0.4612845956903311,-0.733744096187784,-0.4612845956903311,-0.158819936467784,0.11422042915129038,-0.158819936467784,0.11422042915129038,-0.0544917934142871,0.06984915054564653,-0.0544917934142871,0.06984915054564653,-0.1432221807760516,-0.096105914707457,-0.09324665780903,-0.094730357600218,0.0242966429347864,0.0125660467151616,0.0141988267416854,0.0130982072285825,,,,
2017-01-11,53.8,55.67,53.7,55.1,491937.0,388372.0,-0.1422051007800115,0.0004681710075459,0.0216372597051012,0.0174545405422417,1.0,train,-0.116888,-0.2464276340600179,-0.17403706158530358,-0.2464276340600179,-0.17403706158530358,,-0.0067039741912395725,0.0,-0.0067039741912395725,0.2695916863489993,0.23265323788639103,0.2695916863489993,0.23265323788639103,-0.2076511564600309,-0.33771364555196987,-0.2076511564600309,-0.33771364555196987,-0.124261180961858,-0.0019685057211718585,-0.124261180961858,-0.0019685057211718585,0.3666584391181486,0.214455500205607,0.3666584391181486,0.214455500205607,-0.1754936763651575,-0.1432221807760516,-0.096105914707457,-0.09324665780903,0.0196272092875125,0.0242966429347864,0.0125660467151616,0.0141988267416854,1.0,,,
2017-01-12,55.19,56.43,55.01,56.01,447638.0,406536.0,-0.144076383834153,0.0002342696528006,0.0153058698805613,0.0174213090730461,1.0,train,0.170584,0.3733851426425913,0.09233084443905315,0.3733851426425913,0.09233084443905315,0.2533630102886288,0.11988305484030344,0.2533630102886288,0.11988305484030344,,0.1191622460748285,0.0,0.1191622460748285,-0.2615786772933778,-0.3008465472698063,-0.2615786772933778,-0.3008465472698063,0.3663043589458383,0.17708141788996173,0.3663043589458383,0.17708141788996173,0.5753626426653699,0.3901746743371707,0.5753626426653699,0.3901746743371707,-0.1422051007800115,-0.1754936763651575,-0.1432221807760516,-0.096105914707457,0.0216372597051012,0.0196272092875125,0.0242966429347864,0.0125660467151616,1.0,1.0,,
2017-02-01,55.55,56.83,55.36,56.8,542793.0,263373.0,,0.0002477140405602,0.0157389339079956,,,train,-0.251364,-0.3099390990241206,-0.2991968571632544,-0.3099390990241206,-0.2991968571632544,0.5877425559068296,0.2872566707254087,0.5877425559068296,0.2872566707254087,-0.1450882645468694,-0.10758561274652556,-0.1450882645468694,-0.10758561274652556,-0.5810179849484022,-0.42130209229740945,-0.5810179849484022,-0.42130209229740945,0.2009525759054901,0.16422985137724788,0.2009525759054901,0.16422985137724788,,0.17434372742983822,0.0,0.17434372742983822,-0.144076383834153,-0.1422051007800115,-0.1754936763651575,-0.1432221807760516,0.0153058698805613,0.0216372597051012,0.0196272092875125,0.0242966429347864,1.0,1.0,1.0,
2017-02-02,56.53,57.45,56.33,56.56,527015.0,268664.0,,0.0001397998742518,0.0118236996854571,,,train,0.007126,-0.0315524095033726,-0.1692286989154671,-0.0315524095033726,-0.1692286989154671,0.1355219710275522,0.21341216673060118,0.1355219710275522,0.21341216673060118,0.0591458498777356,-0.02642026506074181,0.0591458498777356,-0.02642026506074181,-0.2710460939822401,-0.3484081316577862,-0.2710460939822401,-0.3484081316577862,0.084712142478219,0.1253124006986492,0.084712142478219,0.1253124006986492,-0.3378349261738351,-0.07536603075881551,-0.3378349261738351,-0.07536603075881551,,-0.144076383834153,-0.1422051007800115,-0.1754936763651575,0.0157389339079956,0.0153058698805613,0.0216372597051012,0.0196272092875125,,1.0,1.0,1.0
2017-02-03,56.92,57.3,56.39,56.81,519066.0,275829.0,0.0238700325018923,9.24339134714264e-05,0.00961425574194,,,train,0.032385,0.123210183137114,-0.026587063526169977,0.123210183137114,-0.026587063526169977,-0.0310940686894164,0.09442033900223405,-0.0310940686894164,0.09442033900223405,0.2201543178112182,0.09369520832486786,0.2201543178112182,0.09369520832486786,-0.3284410366115887,-0.33878166436309304,-0.3284410366115887,-0.33878166436309304,0.5721131822911467,0.3430564377327528,0.5721131822911467,0.3430564377327528,-0.0710401725311146,-0.07336084081249626,-0.0710401725311146,-0.07336084081249626,,,-0.144076383834153,-0.1422051007800115,0.0118236996854571,0.0157389339079956,0.0153058698805613,0.0216372597051012,,,1.0,1.0
2017-02-06,56.85,57.13,55.65,55.72,497960.0,282384.0,-0.0244649677503598,0.0002484755456403,0.015763107106163,,,train,0.107098,0.0344417955272124,0.2004335504695283,0.0344417955272124,0.2004335504695283,0.3114221148226289,0.18006277262492792,0.3114221148226289,0.18006277262492792,-0.0619195740455354,0.05408080611215937,-0.0619195740455354,0.05408080611215937,-0.1113455791481162,-0.14789272806992454,-0.1113455791481162,-0.14789272806992454,0.2787141177078176,0.3603742567599253,0.2787141177078176,0.3603742567599253,-0.448671618104029,-0.20551165598790444,-0.448671618104029,-0.20551165598790444,0.0238700325018923,,,-0.144076383834153,0.00961425574194,0.0118236996854571,0.0157389339079956,0.0153058698805613,,,,1.0
2017-02-07,55.91,55.98,54.58,55.05,477283.0,289923.0,-0.106232070348577,0.0002313561127228,0.0152103948904306,,,train,0.09593,0.1581740057574103,0.18017719142437463,0.1581740057574103,0.18017719142437463,0.2754504983252255,0.2269066688127108,0.2754504983252255,0.2269066688127108,0.0577130376549279,0.05571291474525532,0.0577130376549279,0.05571291474525532,-0.547285969379051,-0.342556818276903,-0.547285969379051,-0.342556818276903,-0.0739728926246068,0.14894841193506275,-0.0739728926246068,0.14894841193506275,,-0.10557217828705877,0.0,-0.10557217828705877,-0.0244649677503598,0.0238700325018923,,,0.015763107106163,0.00961425574194,0.0118236996854571,0.0157389339079956,,,,
2017-02-08,54.5,55.68,54.44,55.12,465454.0,299118.0,-0.1208423730397303,0.0001829457047742,0.0135257423003047,,,train,-0.081919,-0.2438750231581768,-0.026106953822918492,-0.2438750231581768,-0.026106953822918492,0.2154657234343162,0.22130729178487482,0.2154657234343162,0.22130729178487482,-0.0086404606483286,0.024336831541098877,-0.0086404606483286,0.024336831541098877,-0.5370901273376868,-0.4374778285896095,-0.5370901273376868,-0.4374778285896095,-0.0366560200577537,0.05865048427095551,-0.0366560200577537,0.05865048427095551,0.2508108001037836,0.06814764372368005,0.2508108001037836,0.06814764372368005,-0.106232070348577,-0.0244649677503598,0.0238700325018923,,0.0152103948904306,0.015763107106163,0.00961425574194,0.0118236996854571,,,,
2017-02-09,55.3,55.92,55.23,55.63,443668.0,309428.0,0.0124809434200736,5.55987393137197e-05,0.0074564562168445,0.0172869757932102,0.0,train,-0.386187,-0.3615575020589042,-0.1895060977115718,-0.3615575020589042,-0.1895060977115718,,0.11328960349241249,0.0,0.11328960349241249,-0.6172909812918296,-0.28835902134002145,-0.6172909812918296,-0.28835902134002145,-0.6303702962279403,-0.5315062159615431,-0.6303702962279403,-0.5315062159615431,0.1702498303601837,0.11293890521966524,0.1702498303601837,0.11293890521966524,-0.00162757738926,0.033901832500962736,-0.00162757738926,0.033901832500962736,-0.1208423730397303,-0.106232070348577,-0.0244649677503598,0.0238700325018923,0.0135257423003047,0.0152103948904306,0.015763107106163,0.00961425574194,,,,
2017-02-10,55.66,56.88,55.59,56.7,427392.0,321364.0,0.0554791523202289,0.0001898098126005,0.0137771482027513,0.0168783325941003,1.0,train,-0.055774,-0.1485028291170483,-0.1693924767562722,-0.1485028291170483,-0.1693924767562722,-0.0541613455429541,0.031957642547715555,-0.0541613455429541,0.031957642547715555,0.0607537531896598,-0.11823865962334126,0.0607537531896598,-0.11823865962334126,-0.3942304149030232,-0.46475143531439006,-0.3942304149030232,-0.46475143531439006,-0.1918870345839921,-0.03559294509675683,-0.1918870345839921,-0.03559294509675683,-0.4483252178659176,-0.20132172899137518,-0.4483252178659176,-0.20132172899137518,0.0124809434200736,-0.1208423730397303,-0.106232070348577,-0.0244649677503598,0.0074564562168445,0.0135257423003047,0.0152103948904306,0.015763107106163,0.0,,,
2017-03-01,56.45,57.05,56.24,56.36,562464.0,273301.0,-0.007776638696626,7.375241132280985e-05,0.0085879224101531,,,train,-0.058995,-0.0694264094347792,-0.07669878407119822,-0.0694264094347792,-0.07669878407119822,,-0.04532711576691553,0.0,-0.04532711576691553,,0.01511891718737893,0.0,0.01511891718737893,-0.6886359393045226,-0.47051668197055185,-0.6886359393045226,-0.47051668197055185,0.0470051961611584,0.06040367012897869,0.0470051961611584,0.06040367012897869,-0.3447568575502595,-0.07852695130595003,-0.3447568575502595,-0.07852695130595003,0.0554791523202289,0.0124809434200736,-0.1208423730397303,-0.106232070348577,0.0137771482027513,0.0074564562168445,0.0135257423003047,0.0152103948904306,1.0,0.0,,
2017-03-02,56.31,56.44,55.03,55.08,541374.0,279815.0,-0.0265153477278632,0.0002308570226061,0.0151939798145887,,,train,-0.10388,0.0217849855768511,-0.02874041755503494,0.0217849855768511,-0.02874041755503494,-0.67704233492864,-0.35285105127182387,-0.67704233492864,-0.35285105127182387,,0.00776231090523643,0.0,0.00776231090523643,-0.3584296861464521,-0.4161136740455529,-0.3584296861464521,-0.4161136740455529,0.5528929320621179,0.30049374671914253,0.5528929320621179,0.30049374671914253,,-0.04062330541851845,0.0,-0.04062330541851845,-0.007776638696626,0.0554791523202289,0.0124809434200736,-0.1208423730397303,0.0085879224101531,0.0137771482027513,0.0074564562168445,0.0135257423003047,,1.0,0.0,
2017-03-03,55.18,55.95,55.09,55.9,521037.0,286058.0,-0.016147986407982,8.654259289604508e-05,0.0093028271453384,,,train,-0.141558,-0.3907729689741365,-0.2051990321591999,-0.3907729689741365,-0.2051990321591999,-0.405790615771058,-0.37887834734634557,-0.405790615771058,-0.37887834734634557,,0.0037420015607904098,0.0,0.0037420015607904098,-0.6593428573582549,-0.5347059684932551,-0.6593428573582549,-0.5347059684932551,0.385986636881675,0.34241138357043494,0.385986636881675,0.34241138357043494,-0.0965489505014166,-0.06789563025498538,-0.0965489505014166,-0.06789563025498538,-0.0265153477278632,-0.007776638696626,0.0554791523202289,0.0124809434200736,0.0151939798145887,0.0085879224101531,0.0137771482027513,0.0074564562168445,,,1.0,0.0
2017-03-06,55.8,56.25,55.32,56.01,521062.0,294395.0,0.0051910973101358,0.0001002456849389,0.0100122767110673,,,train,0.22574,0.3552974312903906,0.10670718468999049,0.3552974312903906,0.10670718468999049,0.1773390239434525,0.22015513373901816,0.1773390239434525,0.22015513373901816,0.2469375531667042,0.20494736512328565,0.2469375531667042,0.20494736512328565,0.3185180823701804,-0.0799455589809255,0.3185180823701804,-0.0799455589809255,0.2254070682824824,0.027491303051496552,0.2254070682824824,0.027491303051496552,0.4788267410322731,0.4261371049815602,0.4788267410322731,0.4261371049815602,-0.016147986407982,-0.0265153477278632,-0.007776638696626,0.0554791523202289,0.0093028271453384,0.0151939798145887,0.0085879224101531,0.0137771482027513,,,,1.0
2017-03-07,55.95,56.65,55.56,55.92,507579.0,303851.0,0.0156802347568651,0.000136141876182,0.0116679850952096,,,train,-0.276174,-0.4864061929348894,-0.182050014911954,-0.4864061929348894,-0.182050014911954,-0.3541611157759264,-0.0592692503327053,-0.3541611157759264,-0.0592692503327053,-0.6545142650139886,-0.21365777001456004,-0.6545142650139886,-0.21365777001456004,-0.6445024094897143,-0.35486634823160695,-0.6445024094897143,-0.35486634823160695,0.0919867866261872,0.0585900060505903,0.0919867866261872,0.0585900060505903,0.6454980548615941,0.5332746166818012,0.6454980548615941,0.5332746166818012,0.0051910973101358,-0.016147986407982,-0.0265153477278632,-0.007776638696626,0.0100122767110673,0.0093028271453384,0.0151939798145887,0.0085879224101531,,,,
2017-03-08,55.63,55.77,52.93,53.11,509918.0,314720.0,-0.0371473922710952,0.000985257676849,0.0313888145180583,,,train,-0.132247,-0.1634429169235099,-0.1729225328674786,-0.1634429169235099,-0.1729225328674786,0.2381118918660191,0.0856522896167579,0.2381118918660191,0.0856522896167579,-0.1967832916606374,-0.20567857396520942,-0.1967832916606374,-0.20567857396520942,-0.4645131291742216,-0.4079731695357006,-0.4645131291742216,-0.4079731695357006,-0.0415068111517113,0.009898817387126268,-0.0415068111517113,0.009898817387126268,-0.1174231563646596,0.2165834136491905,-0.1174231563646596,0.2165834136491905,0.0156802347568651,0.0051910973101358,-0.016147986407982,-0.0265153477278632,0.0116679850952096,0.0100122767110673,0.0093028271453384,0.0151939798145887,,,,
2017-03-09,53.49,53.86,51.5,52.19,477775.0,325653.0,-0.0638317184318801,0.0007240896154861,0.0269089133092769,0.0172463381570137,1.0,train,-0.492167,-0.5033314308832759,-0.33393206179435464,-0.5033314308832759,-0.33393206179435464,0.0391348488894482,0.06291289218530555,0.0391348488894482,0.06291289218530555,-0.3329844429550569,-0.26782989110411765,-0.3329844429550569,-0.26782989110411765,-0.7592527975358396,-0.5791178040374158,-0.7592527975358396,-0.5791178040374158,-0.1005344642508364,-0.04399202030170513,-0.1005344642508364,-0.04399202030170513,-0.5962686261360383,-0.17972124994599073,-0.5962686261360383,-0.17972124994599073,-0.0371473922710952,0.0156802347568651,0.0051910973101358,-0.016147986407982,0.0313888145180583,0.0116679850952096,0.0100122767110673,0.0093028271453384,,,,
2017-03-10,52.33,53.02,51.14,51.37,477077.0,338164.0,-0.0987198662545303,0.0004700917494782,0.0216815993293446,0.0169263416841685,1.0,train,-0.327696,-0.2769071592923307,-0.30634697317942833,-0.2769071592923307,-0.30634697317942833,,0.032392219648459175,0.0,0.032392219648459175,-0.3317139826218155,-0.2991204693198976,-0.3317139826218155,-0.2991204693198976,-0.6135787183510896,-0.5962250845034474,-0.6135787183510896,-0.5962250845034474,0.0884531367374072,0.02051006283173621,0.0884531367374072,0.02051006283173621,,-0.09227196637620694,0.0,-0.09227196637620694,-0.0638317184318801,-0.0371473922710952,0.0156802347568651,0.0051910973101358,0.0269089133092769,0.0313888145180583,0.0116679850952096,0.0100122767110673,1.0,,,
2017-04-03,53.62,53.74,53.03,53.12,570208.0,294060.0,-0.0510108749928748,6.379777816862451e-05,0.0079873511359288,,,train,0.02232,-0.0286480889496501,-0.01598212192144628,-0.0286480889496501,-0.01598212192144628,,0.10426207727252429,0.0,0.10426207727252429,0.1086985329557409,0.12140237342137539,0.1086985329557409,0.12140237342137539,0.4520361853744498,0.19964931319461587,0.4520361853744498,0.19964931319461587,0.5960455879101434,0.5366260374005589,0.5960455879101434,0.5366260374005589,0.4156054918034372,0.17061706115982916,0.4156054918034372,0.17061706115982916,-0.0987198662545303,-0.0638317184318801,-0.0371473922710952,0.0156802347568651,0.0216815993293446,0.0269089133092769,0.0313888145180583,0.0116679850952096,1.0,1.0,,
2017-04-04,53.18,54.38,52.73,54.17,577763.0,303650.0,-0.0414051731555353,0.0003424136765866,0.0185044231627648,,,train,-0.148952,-0.3551542808398636,-0.18125652328509753,-0.3551542808398636,-0.18125652328509753,,0.053529935337612904,0.0,0.053529935337612904,0.4790127742553207,0.2957064752416032,0.4790127742553207,0.2957064752416032,-0.4798816412824165,-0.13120445241689205,-0.4798816412824165,-0.13120445241689205,0.3941679451059705,0.4675276474121271,0.3941679451059705,0.4675276474121271,-0.2432698220176899,-0.03072223853619875,-0.2432698220176899,-0.03072223853619875,-0.0510108749928748,-0.0987198662545303,-0.0638317184318801,-0.0371473922710952,0.0079873511359288,0.0216815993293446,0.0269089133092769,0.0313888145180583,,1.0,1.0,
2017-04-05,54.22,55.09,53.97,54.36,570776.0,313838.0,-0.0454909894796133,0.0001521633755619,0.0123354519804487,,,train,0.127983,-0.164787143551394,-0.17329935065538726,-0.164787143551394,-0.17329935065538726,-0.2907067950639767,-0.11383583615457009,-0.2907067950639767,-0.11383583615457009,0.5636857226850355,0.4263190513711031,0.5636857226850355,0.4263190513711031,0.0646868624272345,-0.03572604813395377,0.0646868624272345,-0.03572604813395377,0.4495750915961964,0.45876416310681134,0.4495750915961964,0.45876416310681134,-0.3157735292153745,-0.16964116802321844,-0.3157735292153745,-0.16964116802321844,-0.0414051731555353,-0.0510108749928748,-0.0987198662545303,-0.0638317184318801,0.0185044231627648,0.0079873511359288,0.0216815993293446,0.0269089133092769,,,1.0,1.0
2017-04-06,54.13,55.0,54.02,54.89,561359.0,324822.0,-0.0201990636599429,0.0001165836723396,0.0107973919230362,,,train,0.087005,-0.0483182183128925,-0.11264565864411044,-0.0483182183128925,-0.11264565864411044,-0.3795608400901331,-0.24310136504486687,-0.3795608400901331,-0.24310136504486687,0.0537498034328766,0.24506655988812145,0.0537498034328766,0.24506655988812145,0.1192470555621302,0.04018155890947067,0.1192470555621302,0.04018155890947067,0.2251890668559603,0.34503201160865177,0.2251890668559603,0.34503201160865177,0.029001618232128,-0.07297945528328155,0.029001618232128,-0.07297945528328155,-0.0454909894796133,-0.0414051731555353,-0.0510108749928748,-0.0987198662545303,0.0123354519804487,0.0185044231627648,0.0079873511359288,0.0216815993293446,,,,1.0
2017-04-07,54.88,56.08,54.57,55.24,551460.0,336787.0,-0.0122347693844631,0.0002687073343585,0.0163922949692389,,,train,0.020387,-0.1505167553971379,-0.13091410949562143,-0.1505167553971379,-0.13091410949562143,-0.3266170353105717,-0.2838176707669426,-0.3266170353105717,-0.2838176707669426,-0.0289382122784627,0.1117225858628643,-0.0289382122784627,0.1117225858628643,0.0986037589068104,0.06907964290226896,0.0986037589068104,0.06907964290226896,0.2102453554038499,0.27965649468127374,0.2102453554038499,0.27965649468127374,-0.0122007014050435,-0.04345648616424688,-0.0122007014050435,-0.04345648616424688,-0.0201990636599429,-0.0454909894796133,-0.0414051731555353,-0.0510108749928748,0.0107973919230362,0.0123354519804487,0.0185044231627648,0.0079873511359288,,,,
2017-04-10,55.19,56.05,55.19,55.98,531779.0,348884.0,0.0859401396081311,8.623166790412015e-05,0.0092861007911889,0.0171141324276826,1.0,train,0.294014,0.009057596019689,0.14973233510488648,0.009057596019689,0.14973233510488648,0.2825069339198397,0.15416013351917074,0.2825069339198397,0.15416013351917074,0.1351376423351347,0.19685894945886037,0.1351376423351347,0.19685894945886037,-0.2793059107037149,-0.13437780173562894,-0.2793059107037149,-0.13437780173562894,0.0059774581726069,0.11244710770571738,0.0059774581726069,0.11244710770571738,0.3850745276162338,0.44782031936694594,0.3850745276162338,0.44782031936694594,-0.0122347693844631,-0.0201990636599429,-0.0454909894796133,-0.0414051731555353,0.0163922949692389,0.0107973919230362,0.0123354519804487,0.0185044231627648,,,,
2017-04-11,56.08,56.3,55.45,56.23,506916.0,360302.0,0.0203007061452415,8.347070430907895e-05,0.0091362303117357,0.0175955804618606,0.0,train,0.490656,0.5236911121077439,0.3320761838074012,0.5236911121077439,0.3320761838074012,0.3260032580977514,0.23797747572733444,0.3260032580977514,0.23797747572733444,0.7042108739957971,0.44409241103272806,0.7042108739957971,0.44409241103272806,0.1881161771965715,0.02268986529545815,0.1881161771965715,0.02268986529545815,0.1559092534108433,0.13338030409233695,0.1559092534108433,0.13338030409233695,0.7834963676076335,0.6117424599981403,0.7834963676076335,0.6117424599981403,0.0859401396081311,-0.0122347693844631,-0.0201990636599429,-0.0454909894796133,0.0092861007911889,0.0163922949692389,0.0107973919230362,0.0123354519804487,1.0,,,
2017-04-12,56.28,56.65,55.5,55.86,472571.0,371116.0,-0.0026816857047098,0.0001517057732417,0.0123168897552005,0.0174369261248823,0.0,train,0.272706,0.4895140276533706,0.4090598769078239,0.4895140276533706,0.4090598769078239,,0.1219737586333971,0.0,0.1219737586333971,,0.22794742617354471,0.0,0.22794742617354471,-0.2259253404474145,-0.0983959303421912,-0.2259253404474145,-0.0983959303421912,0.7683744403950908,0.4425214537918327,0.7683744403950908,0.4425214537918327,0.2117114815345065,0.41723693901046366,0.2117114815345065,0.41723693901046366,0.0203007061452415,0.0859401396081311,-0.0122347693844631,-0.0201990636599429,0.0091362303117357,0.0092861007911889,0.0163922949692389,0.0107973919230362,0.0,1.0,,
2017-05-01,51.88,51.97,51.22,51.52,569644.0,307590.0,-0.0897896052343814,7.621441770273351e-05,0.0087300869241224,,,train,0.017058,-0.0716595136702235,0.004739831486576123,-0.0716595136702235,0.004739831486576123,-0.1489578090050546,-0.07737686375699442,-0.1489578090050546,-0.07737686375699442,-0.0552266434413653,0.006110725784453001,-0.0552266434413653,0.006110725784453001,-0.2243134509820057,-0.19192425368117258,-0.2243134509820057,-0.19192425368117258,0.4681033139143163,0.4178016505898882,0.4681033139143163,0.4178016505898882,0.2341194846150551,0.2569968748616643,0.2341194846150551,0.2569968748616643,-0.0026816857047098,0.0203007061452415,0.0859401396081311,-0.0122347693844631,0.0123168897552005,0.0091362303117357,0.0092861007911889,0.0163922949692389,0.0,0.0,1.0,
2017-05-02,51.39,52.16,50.14,50.46,582193.0,310951.0,-0.0876057306475424,0.0005626507688427,0.0237202607245957,,,train,-0.441168,-0.6721139386520023,-0.3249176294569121,-0.6721139386520023,-0.3249176294569121,-0.6696487709272334,-0.3659814375898843,-0.6696487709272334,-0.3659814375898843,-0.6788763821098537,-0.3273004809887754,-0.6788763821098537,-0.3273004809887754,-0.4923680315821627,-0.3381714785965072,-0.4923680315821627,-0.3381714785965072,0.0428885876824728,0.23529704798953946,0.0428885876824728,0.23529704798953946,-0.3816757533528409,-0.05400694332844833,-0.3816757533528409,-0.05400694332844833,-0.0897896052343814,-0.0026816857047098,0.0203007061452415,0.0859401396081311,0.0087300869241224,0.0123168897552005,0.0091362303117357,0.0092861007911889,,0.0,0.0,1.0
2017-05-03,50.99,51.14,50.2,50.79,565150.0,314834.0,-0.0448540203550247,0.0001241347454275,0.0111415773312214,,,train,-0.304922,-0.4782106488523467,-0.39969199775186587,-0.4782106488523467,-0.39969199775186587,0.2134030639630553,-0.08406199281913457,0.2134030639630553,-0.08406199281913457,-0.4317623338843149,-0.378206983046328,-0.4317623338843149,-0.378206983046328,-0.383289030842171,-0.3602817952374234,-0.383289030842171,-0.3602817952374234,0.1361498293935559,0.1872091507888714,0.1361498293935559,0.1872091507888714,-0.1057044718162787,-0.07936125322473794,-0.1057044718162787,-0.07936125322473794,-0.0876057306475424,-0.0897896052343814,-0.0026816857047098,0.0203007061452415,0.0237202607245957,0.0087300869241224,0.0123168897552005,0.0091362303117357,,,0.0,0.0
2017-05-04,50.59,50.73,48.16,48.38,564595.0,320969.0,-0.1130407444879262,0.0009748361764745,0.031222366605922,,,train,-0.057022,-0.1234858311393374,-0.265145491087434,-0.1234858311393374,-0.265145491087434,0.618936277807279,0.2585283246292533,0.618936277807279,0.2585283246292533,-0.2618861211980551,-0.3217781564729278,-0.2618861211980551,-0.3217781564729278,0.0717598744530068,-0.14987446212369504,0.0717598744530068,-0.14987446212369504,-0.2779179796991491,-0.039094455783978986,-0.2779179796991491,-0.039094455783978986,0.0867597230446913,0.0017303967945938884,0.0867597230446913,0.0017303967945938884,-0.0448540203550247,-0.0876057306475424,-0.0897896052343814,-0.0026816857047098,0.0111415773312214,0.0237202607245957,0.0087300869241224,0.0123168897552005,,,,0.0
2017-05-05,48.45,49.63,46.64,49.1,566370.0,330299.0,-0.1017695544824679,0.0013925614790051,0.0373170400622182,,,train,-0.448089,-0.701313908304235,-0.477798461018727,-0.701313908304235,-0.477798461018727,0.1112333106766344,0.18675646929834766,0.1112333106766344,0.18675646929834766,-0.3787627584823674,-0.35000690683866237,-0.3787627584823674,-0.35000690683866237,-0.6506345372141953,-0.3937002311239598,-0.6506345372141953,-0.3937002311239598,-0.4300350746034374,-0.2296941894913663,-0.4300350746034374,-0.2296941894913663,,0.0007046076985333489,0.0,0.0007046076985333489,-0.1130407444879262,-0.0448540203550247,-0.0876057306475424,-0.0897896052343814,0.031222366605922,0.0111415773312214,0.0237202607245957,0.0087300869241224,,,,
2017-05-08,49.27,49.92,48.48,49.34,539551.0,339367.0,-0.0736301233330971,0.0003090091484259,0.0175786560472061,,,train,0.166403,-0.0391834723345843,-0.1250441026315579,-0.0391834723345843,-0.1250441026315579,0.0855702728210465,0.13104420334718264,0.0855702728210465,0.13104420334718264,0.3308962420807582,0.015256781128320764,0.3308962420807582,0.015256781128320764,-0.0827477688737472,-0.2711312471419505,-0.0827477688737472,-0.2711312471419505,0.0797232689281053,0.0029705724442553715,0.0797232689281053,0.0029705724442553715,-0.3468238040204663,-0.10835807037547525,-0.3468238040204663,-0.10835807037547525,-0.1017695544824679,-0.1130407444879262,-0.0448540203550247,-0.0876057306475424,0.0373170400622182,0.031222366605922,0.0111415773312214,0.0237202607245957,,,,
2017-05-09,49.44,49.72,48.39,48.73,505820.0,349753.0,-0.0685960487999071,0.0002651578450473,0.01628366804646,0.017483041012385,1.0,train,0.107562,0.1824960619211544,0.024582188123458557,0.1824960619211544,0.024582188123458557,,0.06724589228141459,0.0,0.06724589228141459,,0.007743642215917037,0.0,0.007743642215917037,-0.3103579672239604,-0.290354800867947,-0.3103579672239604,-0.290354800867947,0.4321320862442144,0.21167808456273324,0.4321320862442144,0.21167808456273324,0.1424043955511648,0.013643307480995594,0.1424043955511648,0.013643307480995594,-0.0736301233330971,-0.1017695544824679,-0.1130407444879262,-0.0448540203550247,0.0175786560472061,0.0373170400622182,0.031222366605922,0.0111415773312214,,,,
2017-05-10,48.95,50.63,48.81,50.22,494318.0,361258.0,-0.1085811303578685,0.0004833837925124,0.0219859908239865,0.017125052610562,1.0,train,-0.087751,-0.1571524297174402,-0.06405437830306175,-0.1571524297174402,-0.06405437830306175,,0.03446959956417025,0.0,0.03446959956417025,-0.1014921779840782,-0.04551190209990187,-0.1014921779840782,-0.04551190209990187,-0.0609048499042476,-0.17869999464857642,-0.0609048499042476,-0.17869999464857642,-0.0011446948677095,0.10786053444048874,-0.0011446948677095,0.10786053444048874,0.0580123746465247,0.034982439724121385,0.0580123746465247,0.034982439724121385,-0.0685960487999071,-0.0736301233330971,-0.1017695544824679,-0.1130407444879262,0.01628366804646,0.0175786560472061,0.0373170400622182,0.031222366605922,1.0,,,
2017-05-11,50.28,51.16,50.25,50.77,476452.0,374411.0,-0.1021447933448076,0.0001161767098082,0.0107785300393088,0.0174725137168407,1.0,train,-0.178025,-0.1089188458178243,-0.08590776209647545,-0.1089188458178243,-0.08590776209647545,,0.01778964094589118,0.0,0.01778964094589118,-0.1404859861364283,-0.091777528954087,-0.1404859861364283,-0.091777528954087,-0.1932378242272012,-0.18575458579932638,-0.1932378242272012,-0.18575458579932638,-0.1703736720014486,-0.027919342769923087,-0.1703736720014486,-0.027919342769923087,-0.4299587153948007,-0.19166171601382742,-0.4299587153948007,-0.19166171601382742,-0.1085811303578685,-0.0685960487999071,-0.0736301233330971,-0.1017695544824679,0.0219859908239865,0.01628366804646,0.0175786560472061,0.0373170400622182,1.0,1.0,,
2017-05-12,50.76,51.09,50.33,50.84,452016.0,388883.0,-0.0941651141957775,8.101599491439263e-05,0.0090008885624916,0.0174367074294222,1.0,train,0.252569,0.156096516199861,0.032360892911925634,0.156096516199861,0.032360892911925634,,0.009548709128997397,0.0,0.009548709128997397,,-0.04669923017759523,0.0,-0.04669923017759523,0.109761400859554,-0.041588226788774836,0.109761400859554,-0.041588226788774836,0.2129455878327324,0.0893868496805227,0.2129455878327324,0.0893868496805227,0.7417623150215232,0.26322300448116687,0.7417623150215232,0.26322300448116687,-0.1021447933448076,-0.1085811303578685,-0.0685960487999071,-0.0736301233330971,0.0107785300393088,0.0219859908239865,0.01628366804646,0.0175786560472061,1.0,1.0,1.0,
2017-06-01,51.17,51.45,50.23,50.63,550042.0,258682.0,-0.0174257958142804,0.0002077135408621,0.0144122704964273,,,train,-0.554653,-0.6688686365236105,-0.5050720484962757,-0.6688686365236105,-0.5050720484962757,,0.07568817929918646,0.0,0.07568817929918646,,-0.03612116157669947,0.0,-0.03612116157669947,-0.5418148932657779,-0.3809830542321218,-0.5418148932657779,-0.3809830542321218,-0.5767839242265282,-0.38260690729841174,-0.5767839242265282,-0.38260690729841174,0.0976815108365249,0.16156050444742323,0.0976815108365249,0.16156050444742323,-0.0941651141957775,-0.1021447933448076,-0.1085811303578685,-0.0685960487999071,0.0090008885624916,0.0107785300393088,0.0219859908239865,0.01628366804646,1.0,1.0,1.0,1.0
2017-06-02,50.23,50.52,48.95,49.95,536090.0,264287.0,-0.0101584381183492,0.0003594692490324,0.0189596742860338,,,train,0.088505,0.0412299902798853,-0.239465141449879,0.0412299902798853,-0.239465141449879,0.5643273305498352,0.3138015256473221,0.5643273305498352,0.3138015256473221,0.1320164053227813,0.045345380829471975,0.1320164053227813,0.045345380829471975,0.0382806680659425,-0.17709831594061237,0.0382806680659425,-0.17709831594061237,0.1986979485741096,-0.09984636460772825,0.1986979485741096,-0.09984636460772825,0.154379106539791,0.15789102007967046,0.154379106539791,0.15789102007967046,-0.0174257958142804,-0.0941651141957775,-0.1021447933448076,-0.1085811303578685,0.0144122704964273,0.0090008885624916,0.0107785300393088,0.0219859908239865,,1.0,1.0,1.0
2017-06-05,49.87,50.74,49.04,49.47,537060.0,271206.0,0.0075073904391422,0.0004188605286628,0.0204660823965605,,,train,0.230099,0.1643771265089106,-0.08759894899664966,0.1643771265089106,-0.08759894899664966,0.3567876945170599,0.3603486367381914,0.3567876945170599,0.3603486367381914,0.3075512568717917,0.04680374676413726,0.3075512568717917,0.04680374676413726,-0.1630579102101528,-0.24497989780227683,-0.1630579102101528,-0.24497989780227683,0.4266014996546518,0.19956109264045904,0.4266014996546518,0.19956109264045904,0.5395814801245117,0.3219738532751269,0.5395814801245117,0.3219738532751269,-0.0101584381183492,-0.0174257958142804,-0.0941651141957775,-0.1021447933448076,0.0189596742860338,0.0144122704964273,0.0090008885624916,0.0107785300393088,,,1.0,1.0
2017-06-06,49.57,50.3,49.0,50.12,547092.0,281581.0,-0.0909110525339302,0.0002472933131123,0.0157255624100477,,,train,0.06432,0.0846954672841071,-0.003436956933247807,0.0846954672841071,-0.003436956933247807,0.5282664438457269,0.4423821086016191,0.5282664438457269,0.4423821086016191,,0.024029844823574353,0.0,0.024029844823574353,-0.5820322646513866,-0.4091486189462475,-0.5820322646513866,-0.4091486189462475,-0.2366210428370089,-0.012642676989858792,-0.2366210428370089,-0.012642676989858792,-0.036384130995776,0.14714299104142656,-0.036384130995776,0.14714299104142656,0.0075073904391422,-0.0101584381183492,-0.0174257958142804,-0.0941651141957775,0.0204660823965605,0.0189596742860338,0.0144122704964273,0.0090008885624916,,,,1.0
2017-06-07,49.97,50.14,47.96,48.06,529176.0,292444.0,-0.1392370982327686,0.0007126766331421,0.0266960040669416,,,train,-0.314962,-0.6536206031348412,-0.32045939854729066,-0.6536206031348412,-0.32045939854729066,0.1817858715210627,0.3155504165137265,0.1817858715210627,0.3155504165137265,,0.012139090349444763,0.0,0.012139090349444763,0.0688475124440714,-0.1764345781811735,0.0688475124440714,-0.1764345781811735,-0.6438421383139258,-0.32032840994416467,-0.6438421383139258,-0.32032840994416467,0.7621366033785738,0.44673752527362576,0.7621366033785738,0.44673752527362576,-0.0909110525339302,0.0075073904391422,-0.0101584381183492,-0.0174257958142804,0.0157255624100477,0.0204660823965605,0.0189596742860338,0.0144122704964273,,,,
2017-06-08,48.26,48.6,47.56,47.86,505498.0,304374.0,-0.0304550286209837,0.000168766473853,0.0129910151201899,,,train,-0.4008,-0.7208103832317297,-0.5156844448914601,-0.7208103832317297,-0.5156844448914601,0.2184916564004644,0.26836484774213015,0.2184916564004644,0.26836484774213015,,0.006447270042084447,0.0,0.006447270042084447,-0.8419681372967184,-0.5005173755295944,-0.8419681372967184,-0.5005173755295944,-0.0739932898956718,-0.20050111181546545,-0.0739932898956718,-0.20050111181546545,0.3571412907373515,0.4033743897744611,0.3571412907373515,0.4033743897744611,-0.1392370982327686,-0.0909110525339302,0.0075073904391422,-0.0101584381183492,0.0266960040669416,0.0157255624100477,0.0204660823965605,0.0189596742860338,,,,
2017-06-09,47.79,48.56,47.4,48.15,489117.0,318271.0,-0.01197371861128,0.0002108396808202,0.014520319583956,0.0173406605307913,0.0,train,-0.353867,-0.4914230238533014,-0.5039253251489175,-0.4914230238533014,-0.5039253251489175,-0.1963895777728706,0.04181193421289872,-0.1963895777728706,0.04181193421289872,-0.2892840462838794,-0.13762989089385066,-0.2892840462838794,-0.13762989089385066,-0.6217019747404045,-0.5600136419044213,-0.6217019747404045,-0.5600136419044213,-0.1381979216571375,-0.17011724860835656,-0.1381979216571375,-0.17011724860835656,0.4871670935328035,0.44450168699136,0.4871670935328035,0.44450168699136,-0.0304550286209837,-0.1392370982327686,-0.0909110525339302,0.0075073904391422,0.0129910151201899,0.0266960040669416,0.0157255624100477,0.0204660823965605,,,,
2017-06-12,48.06,49.15,48.01,48.29,452299.0,331823.0,-0.0514589464358028,0.0001986319430051,0.0140936845077911,0.0167982045045819,1.0,train,0.017687,-0.2265569318047816,-0.32266829525635343,-0.2265569318047816,-0.32266829525635343,0.011571411740384,0.11679784702466761,0.011571411740384,0.11679784702466761,-0.1681841293564274,-0.09872754915331702,-0.1681841293564274,-0.09872754915331702,-0.2360447081950697,-0.33132119341397315,-0.2360447081950697,-0.33132119341397315,0.2232761335176498,0.03126612683889067,0.2232761335176498,0.03126612683889067,0.1916596778378292,0.21260485472963678,0.1916596778378292,0.21260485472963678,-0.01197371861128,-0.0304550286209837,-0.1392370982327686,-0.0909110525339302,0.014520319583956,0.0129910151201899,0.0266960040669416,0.0157255624100477,0.0,,,
2017-07-03,48.95,49.71,48.54,49.68,584159.0,260669.0,-0.0220970471879304,0.0002046078090976,0.0143041186061093,,,train,0.058292,-0.4025560941923909,-0.18386922683728657,-0.4025560941923909,-0.18386922683728657,0.1297108080817339,0.16517075466908,0.1297108080817339,0.16517075466908,-0.0484490537185452,0.07640921913634337,-0.0484490537185452,0.07640921913634337,-0.2316886435174868,-0.06295673698993245,-0.2316886435174868,-0.06295673698993245,-0.4033680116056095,-0.331684147528121,-0.4033680116056095,-0.331684147528121,-0.448853338735958,-0.12326577109074943,-0.448853338735958,-0.12326577109074943,-0.0514589464358028,-0.01197371861128,-0.0304550286209837,-0.1392370982327686,0.0140936845077911,0.014520319583956,0.0129910151201899,0.0266960040669416,1.0,0.0,,
2017-07-04,49.63,49.9,49.29,49.61,589693.0,271284.0,0.0251059211310762,5.456439933647379e-05,0.0073867719158285,,,train,0.251244,0.382964421526565,0.09217595060902901,0.382964421526565,0.09217595060902901,0.4905537015978792,0.32380068485339236,0.4905537015978792,0.32380068485339236,0.2844976645604775,0.17776831189525805,0.2844976645604775,0.17776831189525805,0.1380848288642256,0.03487243292447947,0.1380848288642256,0.03487243292447947,-0.1052885788952113,-0.22163809320582062,-0.1052885788952113,-0.22163809320582062,0.3885416149908721,0.12646446414861873,0.3885416149908721,0.12646446414861873,-0.0220970471879304,-0.0514589464358028,-0.01197371861128,-0.0304550286209837,0.0143041186061093,0.0140936845077911,0.014520319583956,0.0129910151201899,,1.0,0.0,
2017-07-05,49.67,49.84,47.0,47.79,576509.0,283860.0,-0.0345500126495501,0.0012415115444978,0.0352350896763132,,,train,-0.218072,0.0181149223732752,0.05634176920676819,0.0181149223732752,0.05634176920676819,-0.3584803944887261,-0.008667772082835559,-0.3584803944887261,-0.008667772082835559,-0.2842559871384638,-0.04712593073840813,-0.2842559871384638,-0.04712593073840813,-0.1812171027846183,-0.07021098059249889,-0.1812171027846183,-0.07021098059249889,-0.515793877601937,-0.3650966284507422,-0.515793877601937,-0.3650966284507422,,0.06488934859206566,0.0,0.06488934859206566,0.0251059211310762,-0.0220970471879304,-0.0514589464358028,-0.01197371861128,0.0073867719158285,0.0143041186061093,0.0140936845077911,0.014520319583956,,,1.0,0.0
2017-07-06,48.28,49.18,47.77,48.11,566537.0,298037.0,-0.0409300743165048,0.0003051956808181,0.0174698506238084,,,train,-0.326105,-0.4256848184831557,-0.17822683431821806,-0.4256848184831557,-0.17822683431821806,0.2138185982030142,0.09988433795598754,0.2138185982030142,0.09988433795598754,-0.1058031246292602,-0.0753201270378481,-0.1058031246292602,-0.0753201270378481,0.2758796197094372,0.09859998637341745,0.2758796197094372,0.09859998637341745,-0.60243229963979,-0.4809367447462324,-0.60243229963979,-0.4809367447462324,-0.300459886513599,-0.11314142788624831,-0.300459886513599,-0.11314142788624831,-0.0345500126495501,0.0251059211310762,-0.0220970471879304,-0.0514589464358028,0.0352350896763132,0.0073867719158285,0.0143041186061093,0.0140936845077911,,,,1.0
2017-07-07,47.76,47.76,46.28,46.71,556435.0,312250.0,-0.0284919557943061,0.0003573916885848,0.0189048059652799,,,train,0.203255,0.4433656704262986,0.12431381147454947,0.4433656704262986,0.12431381147454947,-0.2267525736658881,-0.05922091745700115,-0.2267525736658881,-0.05922091745700115,0.0741716333319004,-0.0027170838347478805,0.0741716333319004,-0.0027170838347478805,0.5651898311821654,0.32587297741878524,0.5651898311821654,0.32587297741878524,0.1297621259641951,-0.18370067230547404,0.1297621259641951,-0.18370067230547404,,-0.05808874594859137,0.0,-0.05808874594859137,-0.0409300743165048,-0.0345500126495501,0.0251059211310762,-0.0220970471879304,0.0174698506238084,0.0352350896763132,0.0073867719158285,0.0143041186061093,,,,
2017-07-10,46.84,47.38,46.11,46.88,543954.0,327442.0,-0.0688222084606815,0.0002662594887248,0.0163174596284104,0.017298985838268,1.0,train,0.069983,-0.012003217265178,-0.2038896387947612,-0.012003217265178,-0.2038896387947612,0.3805802925260076,0.2395830706035358,0.3805802925260076,0.2395830706035358,0.1637974248672498,0.0163463224553575,0.1637974248672498,0.0163463224553575,0.023292638515274,-0.1870099389746613,0.023292638515274,-0.1870099389746613,-0.2910707693998055,-0.32591995897785964,-0.2910707693998055,-0.32591995897785964,0.2115550398425058,0.21476460580699214,0.2115550398425058,0.21476460580699214,-0.0284919557943061,-0.0409300743165048,-0.0345500126495501,0.0251059211310762,0.0189048059652799,0.0174698506238084,0.0352350896763132,0.0073867719158285,,,,
2017-07-11,46.99,48.21,46.29,47.52,522905.0,343193.0,-0.0661549539049133,0.0005957072948044,0.0244071156592596,0.0170580697757419,1.0,train,0.057008,-0.212524523416945,-0.20825161799762176,-0.212524523416945,-0.20825161799762176,0.4621929426659129,0.34812971264303555,0.4621929426659129,0.34812971264303555,0.2011027559129957,0.10605121631327083,0.2011027559129957,0.10605121631327083,-0.2127136872665321,-0.199948641774723,-0.2127136872665321,-0.199948641774723,-0.0102895483029072,-0.1721189953467041,-0.0102895483029072,-0.1721189953467041,-0.0429888949212494,0.08931951040027032,-0.0429888949212494,0.08931951040027032,-0.0688222084606815,-0.0284919557943061,-0.0409300743165048,-0.0345500126495501,0.0163174596284104,0.0189048059652799,0.0174698506238084,0.0352350896763132,1.0,,,
2017-07-12,48.21,48.79,47.35,47.74,515738.0,359858.0,-0.0114548789747663,0.0003237100989032,0.0179919453896243,0.0166885948524772,0.0,train,0.094463,0.1054479163974395,-0.05555549789348381,0.1054479163974395,-0.05555549789348381,,0.17858264754198097,0.0,0.17858264754198097,0.3827053550094437,0.24082924162407254,0.3827053550094437,0.24082924162407254,0.1682190976467087,-0.02067121477751104,0.1682190976467087,-0.02067121477751104,-0.124888638841126,-0.1490645519814143,-0.124888638841126,-0.1490645519814143,0.4956374590814794,0.2872083816842765,0.4956374590814794,0.2872083816842765,-0.0661549539049133,-0.0688222084606815,-0.0284919557943061,-0.0409300743165048,0.0244071156592596,0.0163174596284104,0.0189048059652799,0.0174698506238084,1.0,1.0,,
2017-08-01,52.7,52.93,50.88,51.78,537117.0,304652.0,0.0224596883415739,0.0005627516868345,0.0237223878822211,,,train,0.418238,0.1448259614346157,0.057486781117097215,0.1448259614346157,0.057486781117097215,-0.6681180665278268,-0.20825402965318685,-0.6681180665278268,-0.20825402965318685,0.4452103147865814,0.2233773604898626,0.4452103147865814,0.2233773604898626,-0.2283586114182357,-0.09889146985599852,-0.2283586114182357,-0.09889146985599852,0.0480287668316197,0.09063943877738025,0.0480287668316197,0.09063943877738025,,0.18348701109901286,0.0,0.18348701109901286,-0.0114548789747663,-0.0661549539049133,-0.0688222084606815,-0.0284919557943061,0.0179919453896243,0.0244071156592596,0.0163174596284104,0.0189048059652799,0.0,1.0,1.0,
2017-08-02,51.38,52.43,51.18,52.36,499097.0,303542.0,0.0471204359471366,0.0002100068020903,0.0144916114387047,,,train,0.15669,-0.2122492098310679,-0.07385831287939379,-0.2122492098310679,-0.07385831287939379,0.2721787572589457,0.02541802436501154,0.2721787572589457,0.02541802436501154,0.6491616226635507,0.4311656398128719,0.6491616226635507,0.4311656398128719,-0.1095764485336331,-0.10385548626822333,-0.1095764485336331,-0.10385548626822333,-0.0798103489852694,0.007528897214857329,-0.0798103489852694,0.007528897214857329,-0.0234698455806842,0.08251362636553601,-0.0234698455806842,0.08251362636553601,0.0224596883415739,-0.0114548789747663,-0.0661549539049133,-0.0688222084606815,0.0237223878822211,0.0179919453896243,0.0244071156592596,0.0163174596284104,,0.0,1.0,1.0
2017-08-03,52.24,52.89,51.77,52.01,479629.0,302278.0,0.045833570159758,0.0001652274809023,0.0128540842109541,,,train,-0.154267,-0.5584994440514313,-0.31013000965073007,-0.5584994440514313,-0.31013000965073007,0.766357273173627,0.38646720082995967,0.766357273173627,0.38646720082995967,0.3175282383097934,0.37629429303189565,0.3175282383097934,0.37629429303189565,-0.671153750344505,-0.38039495225507697,-0.671153750344505,-0.38039495225507697,-0.3394935521539057,-0.16172878703629565,-0.3394935521539057,-0.16172878703629565,0.4092821337334818,0.24140897664120425,0.4092821337334818,0.24140897664120425,0.0471204359471366,0.0224596883415739,-0.0114548789747663,-0.0661549539049133,0.0144916114387047,0.0237223878822211,0.0179919453896243,0.0244071156592596,,,0.0,1.0
2017-08-04,51.97,52.52,51.43,52.42,465687.0,302077.0,0.0550957715823026,0.0001586391533694,0.0125952035858691,,,train,-0.144946,-0.228420255384535,-0.27053319577209567,-0.228420255384535,-0.27053319577209567,-0.0636839526205303,0.16772687583542312,-0.0636839526205303,0.16772687583542312,0.2905991481949728,0.33477668302180347,0.2905991481949728,0.33477668302180347,-0.2936593778784953,-0.33837298447907976,-0.2936593778784953,-0.33837298447907976,-0.3432748743553382,-0.2502950114976911,-0.3432748743553382,-0.2502950114976911,0.4717122092712809,0.3540301285927225,0.4717122092712809,0.3540301285927225,0.045833570159758,0.0471204359471366,0.0224596883415739,-0.0114548789747663,0.0128540842109541,0.0144916114387047,0.0237223878822211,0.0179919453896243,,,,0.0
2017-08-07,52.39,52.53,51.37,52.37,448347.0,303107.0,0.1143756337773798,0.000179843817853,0.0134105860368984,,,train,0.184163,0.0497734405000879,0.004574505258474414,0.0497734405000879,0.004574505258474414,0.1026613116343375,0.11386546670871338,0.1026613116343375,0.11386546670871338,0.4460438878131215,0.4245548941176153,0.4460438878131215,0.4245548941176153,0.0782673487361335,0.02001189030878523,0.0782673487361335,0.02001189030878523,-0.1283911082632718,-0.016339024024269524,-0.1283911082632718,-0.016339024024269524,0.5552551253778386,0.4644429116866352,0.5552551253778386,0.4644429116866352,0.0550957715823026,0.045833570159758,0.0471204359471366,0.0224596883415739,0.0125952035858691,0.0128540842109541,0.0144916114387047,0.0237223878822211,,,,
2017-08-08,52.24,52.73,51.82,52.14,443688.0,306321.0,0.0856523260251287,0.0001093027741113,0.0104547967034904,,,train,-0.154571,-0.6639325274584889,-0.3212135034875851,-0.6639325274584889,-0.3212135034875851,0.1632646288128086,0.13806834099740722,0.1632646288128086,0.13806834099740722,0.1197221425173796,0.2760567133625101,0.1197221425173796,0.2760567133625101,-0.2366149233300239,-0.105178297883416,-0.2366149233300239,-0.105178297883416,-0.4688166607946216,-0.2370624585754693,-0.4688166607946216,-0.2370624585754693,-0.3663128801842024,0.05977573480734165,-0.3663128801842024,0.05977573480734165,0.1143756337773798,0.0550957715823026,0.045833570159758,0.0471204359471366,0.0134105860368984,0.0125952035858691,0.0128540842109541,0.0144916114387047,,,,
2017-08-09,51.99,52.85,51.81,52.7,429322.0,311104.0,0.090294317303182,0.0001424650539622,0.011935872568115,0.0172690864892715,1.0,train,-0.171375,-0.2572674277969461,-0.29028112600381417,-0.2572674277969461,-0.29028112600381417,0.1404713855131523,0.1394630096883554,0.1404713855131523,0.1394630096883554,0.1302782568204864,0.20523060056959583,0.1302782568204864,0.20523060056959583,-0.3852120708604442,-0.24169088289976862,-0.3852120708604442,-0.24169088289976862,-0.0286992784303078,-0.1360410354277318,-0.0286992784303078,-0.1360410354277318,-0.2088514529976601,-0.07137229273987591,-0.2088514529976601,-0.07137229273987591,0.0856523260251287,0.1143756337773798,0.0550957715823026,0.045833570159758,0.0104547967034904,0.0134105860368984,0.0125952035858691,0.0128540842109541,,,,
2017-08-10,52.72,53.64,51.67,51.9,423798.0,318510.0,0.1017276449030855,0.0005049740944216,0.0224716286552985,0.0173286594699758,1.0,train,-0.104029,-0.5557102047728637,-0.41968127929432764,-0.5557102047728637,-0.41968127929432764,0.173621919297826,0.15583415061631334,0.173621919297826,0.15583415061631334,,0.10540756025385797,0.0,0.10540756025385797,-0.1351671441187523,-0.1899078222296461,-0.1351671441187523,-0.1899078222296461,-0.5302808534389586,-0.32808933945278235,-0.5302808534389586,-0.32808933945278235,0.0689130760983502,-0.0032734923726751184,0.0689130760983502,-0.0032734923726751184,0.090294317303182,0.0856523260251287,0.1143756337773798,0.0550957715823026,0.011935872568115,0.0104547967034904,0.0134105860368984,0.0125952035858691,1.0,,,
2017-08-11,51.94,52.28,51.3,52.1,422130.0,329202.0,0.0920142737049318,0.0001291518987747,0.0113645016949603,0.0173204154895857,1.0,train,0.083743,-0.1632530668750582,-0.2950987194493042,-0.1632530668750582,-0.2950987194493042,0.1727478868700806,0.16458544799919994,0.1727478868700806,0.16458544799919994,0.7221952667224241,0.40569763863991576,0.7221952667224241,0.40569763863991576,-0.0057205231473082,-0.10014739311170405,-0.0057205231473082,-0.10014739311170405,0.3310640481638157,-0.007181094488425518,0.3310640481638157,-0.007181094488425518,-0.026628669085401,-0.014654232140548475,-0.026628669085401,-0.014654232140548475,0.1017276449030855,0.090294317303182,0.0856523260251287,0.1143756337773798,0.0224716286552985,0.011935872568115,0.0104547967034904,0.0134105860368984,1.0,1.0,,
2017-09-01,52.84,52.95,52.24,52.75,537015.0,248901.0,0.018559798032784,6.57287717605518e-05,0.0081073282751194,,,train,-0.106312,-0.253502297501186,-0.04457787121322985,-0.253502297501186,-0.04457787121322985,0.3738451946387464,0.3534784821990256,0.3738451946387464,0.3534784821990256,0.1137757570499967,0.06339586805433592,0.1137757570499967,0.06339586805433592,-0.2801197693415478,-0.10157676276786518,-0.2801197693415478,-0.10157676276786518,-0.5631197724506004,-0.045323641915344534,-0.5631197724506004,-0.045323641915344534,,0.03779872048049364,0.0,0.03779872048049364,0.0920142737049318,0.1017276449030855,0.090294317303182,0.0856523260251287,0.0113645016949603,0.0224716286552985,0.011935872568115,0.0104547967034904,1.0,1.0,1.0,
2017-09-04,52.85,52.85,51.99,52.34,523173.0,256672.0,-0.0015273007932603,9.708159424393887e-05,0.0098529992511894,,,train,0.0,,-0.08542006311220461,-0.1274974853395269,-0.14753720922459687,,-0.011534730116281866,-0.1470553807349134,-0.08318053981518228,,0.05678076119809915,0.205432818983338,0.15686822879862672,,-0.12923164848333404,-0.2262975268828129,-0.2394844625276182,,0.002540168038977695,-0.1059180443238529,-0.04906341157424218,,-0.004442693955152368,0.0980713448530372,0.04333795082738673,0.018559798032784,0.0920142737049318,0.1017276449030855,0.090294317303182,0.0081073282751194,0.0113645016949603,0.0224716286552985,0.011935872568115,,1.0,1.0,1.0
2017-09-05,52.3,53.66,52.09,53.38,511097.0,264626.0,0.1106197313863113,0.0003180364624203,0.0178335768263213,,,train,0.0,,-0.04411595520896914,-0.1274974853395269,-0.13812510752091242,,-0.006164571569781783,-0.1470553807349134,-0.11459456647504898,,0.02915221483080565,0.205432818983338,0.18062630169806398,,-0.06638392731393587,-0.2262975268828129,-0.23324242351007252,,0.0011256400080421997,-0.1059180443238529,-0.07697210078196604,,-0.0027281964285640276,0.0980713448530372,0.06958384934374594,-0.0015273007932603,0.018559798032784,0.0920142737049318,0.1017276449030855,0.0098529992511894,0.0081073282751194,0.0113645016949603,0.0224716286552985,,,1.0,1.0
2017-09-06,53.16,54.31,53.09,54.2,508905.0,274147.0,0.119190852734238,0.0001861757017212,0.0136446217141125,,,train,0.0,,-0.02264988662675981,-0.1274974853395269,-0.13303294088184614,,-0.0034121276419239372,-0.1470553807349134,-0.13072775294180528,,0.014967246151851441,0.205432818983338,0.19282410303985936,,-0.034082644711589956,-0.2262975268828129,-0.2300034671590053,,0.0005779228499968495,-0.1059180443238529,-0.0911223738425832,,-0.0015136395794271415,0.0980713448530372,0.08339324741488427,0.1106197313863113,-0.0015273007932603,0.018559798032784,0.0920142737049318,0.0178335768263213,0.0098529992511894,0.0081073282751194,0.0113645016949603,,,,1.0
2017-09-07,54.13,54.67,53.89,54.49,495289.0,284236.0,0.0396832903036106,7.447988921325304e-05,0.0086301731855886,,,train,0.0,,-0.011854607545779687,-0.1274974853395269,-0.13064430336383667,,-0.0020649945677736264,-0.1470553807349134,-0.13907682581597208,,0.007684440399135217,0.205432818983338,0.19908666306329584,,-0.017589369970226056,-0.2262975268828129,-0.2284312882339582,,0.0005427807974691695,-0.1059180443238529,-0.09814130095808908,,-0.0006382806748857189,0.0980713448530372,0.0907350134142986,0.119190852734238,0.1106197313863113,-0.0015273007932603,0.018559798032784,0.0136446217141125,0.0178335768263213,0.0098529992511894,0.0081073282751194,,,,
2017-09-08,54.54,54.87,53.57,53.78,479765.0,294692.0,0.0309692423353626,0.0002073594530381,0.0143999810082568,,,train,0.0,,-0.006234917740860213,-0.1274974853395269,-0.12934072725091725,,-0.001298431731627308,-0.1470553807349134,-0.14328846110335744,,0.0039453232511016635,0.205432818983338,0.20230196858829727,,-0.009232585697553978,-0.2262975268828129,-0.22773524998810873,,0.00021596163601472583,-0.1059180443238529,-0.10205371492652066,,-0.0008653390635399657,0.0980713448530372,0.09382791912678591,0.0396832903036106,0.119190852734238,0.1106197313863113,-0.0015273007932603,0.0086301731855886,0.0136446217141125,0.0178335768263213,0.0098529992511894,,,,
2017-09-11,53.82,54.14,53.04,53.84,460626.0,306839.0,0.0328517365771507,0.0001519717630469,0.012327682793087,0.0173062225366668,0.0,train,0.036657,0.0128969862934312,-0.07067930879157577,0.0128969862934312,-0.08733986838969182,0.10841353567937,0.07679670379692391,0.10841353567937,0.057580442955125856,-0.1568699093045768,-0.1412651655098592,-0.1568699093045768,-0.11442051273128552,-0.2738932807503307,-0.1134147878762706,-0.2738932807503307,-0.14298590783598733,0.5089510386872049,0.3031909769921028,0.5089510386872049,0.2893502813479953,0.1490305960760774,0.17071560311535566,0.1490305960760774,0.1835309420331411,0.0309692423353626,0.0396832903036106,0.119190852734238,0.1106197313863113,0.0143999810082568,0.0086301731855886,0.0136446217141125,0.0178335768263213,,,,
2017-09-12,53.77,54.44,53.42,54.27,451154.0,320905.0,0.1282019671646295,0.0001290268052124,0.0113589966639845,0.0162238253007796,1.0,train,0.207364,0.2114658969387433,0.06696897312433948,0.2114658969387433,0.05841515661400395,0.0108009682342745,0.04480028032118684,0.0108009682342745,0.03493432304121207,0.2224230983077159,0.03585328987517415,0.2224230983077159,0.04963579416617973,-0.03132941654126,-0.07320821362498149,-0.03132941654126,-0.08839053284126643,0.3913804266340184,0.3461750032727041,0.3913804266340184,0.33906895318969954,0.1911520198637824,0.18094058178922406,0.1911520198637824,0.18752019617581972,0.0328517365771507,0.0309692423353626,0.0396832903036106,0.119190852734238,0.012327682793087,0.0143999810082568,0.0086301731855886,0.0136446217141125,0.0,,,
2017-10-02,56.73,56.76,55.5,56.12,660801.0,269105.0,0.0693493141925607,0.0001817615549844,0.0134818973065545,,,train,0.185022,0.0134880260362767,-0.23086602445551804,0.0134880260362767,-0.23086602445551804,0.1513196061066095,-0.02335554368210276,0.1513196061066095,-0.02335554368210276,0.042081614020597,0.04979580071373589,0.042081614020597,0.04979580071373589,-0.1356001468168746,-0.18117714038848667,-0.1356001468168746,-0.18117714038848667,-0.0134258411948029,-0.041630007296441895,-0.0134258411948029,-0.041630007296441895,-0.1959363304651738,-0.04793684442556386,-0.1959363304651738,-0.04793684442556386,0.1282019671646295,0.0328517365771507,0.0309692423353626,0.0396832903036106,0.0113589966639845,0.012327682793087,0.0143999810082568,0.0086301731855886,1.0,0.0,,
2017-10-03,56.1,56.4,55.7,56.0,645339.0,282051.0,0.0739156829501683,5.6256237632296346e-05,0.0075004158306254,,,train,-0.338025,-0.5795363388862497,-0.4008168906360673,-0.5795363388862497,-0.4008168906360673,0.2221690546729109,0.09653972508704624,0.2221690546729109,0.09653972508704624,-0.2789308891302327,-0.11032992484990262,-0.2789308891302327,-0.11032992484990262,-0.3200729722637964,-0.24881093285952066,-0.3200729722637964,-0.24881093285952066,-0.4052911847209751,-0.2188630777491045,-0.4052911847209751,-0.2188630777491045,0.0478198260545506,-0.0011835189290600023,0.0478198260545506,-0.0011835189290600023,0.0693493141925607,0.1282019671646295,0.0328517365771507,0.0309692423353626,0.0134818973065545,0.0113589966639845,0.012327682793087,0.0143999810082568,,1.0,0.0,
2017-10-04,55.67,56.2,55.38,55.8,616188.0,295897.0,0.0640129722852651,7.791932232085197e-05,0.0088271922104852,,,train,-0.165408,-0.7077912728205656,-0.5506504311635371,-0.7077912728205656,-0.5506504311635371,-0.4403670409400425,-0.16498295710727887,-0.4403670409400425,-0.16498295710727887,-0.2528506657933421,-0.17983485280006706,-0.2528506657933421,-0.17983485280006706,-0.4167091063598032,-0.33046336825739625,-0.4167091063598032,-0.33046336825739625,-0.2909160224498564,-0.25427285787392007,-0.2909160224498564,-0.25427285787392007,0.1490588359600829,0.07165854298376534,0.1490588359600829,0.07165854298376534,0.0739156829501683,0.0693493141925607,0.1282019671646295,0.0328517365771507,0.0075004158306254,0.0134818973065545,0.0113589966639845,0.012327682793087,,,1.0,0.0
2017-10-05,55.77,57.24,55.7,57.0,630303.0,313713.0,0.0656151238581719,0.0002682713223477,0.0163789902725347,,,train,-0.205271,-0.2340412219779335,-0.3968140964810572,-0.2340412219779335,-0.3968140964810572,0.4204643710553319,0.11979784964014824,0.4204643710553319,0.11979784964014824,-0.1794198432878161,-0.1797441621217566,-0.1794198432878161,-0.1797441621217566,-0.2530208458169187,-0.29286296510227233,-0.2530208458169187,-0.29286296510227233,0.2084517474822495,-0.029114159772777794,0.2084517474822495,-0.029114159772777794,0.3929262331018234,0.22802958409045648,0.3929262331018234,0.22802958409045648,0.0640129722852651,0.0739156829501683,0.0693493141925607,0.1282019671646295,0.0088271922104852,0.0075004158306254,0.0134818973065545,0.0113589966639845,,,,1.0
2017-10-06,56.99,57.28,55.13,55.62,612045.0,332109.0,0.025861940360218,0.0005278949356053,0.022975964301969,,,train,0.111962,-0.0708028069786402,-0.23838102641129302,-0.0708028069786402,-0.23838102641129302,-0.0843561043594931,0.02057261600603623,-0.0843561043594931,0.02057261600603623,0.128330396738113,-0.02981693319864647,0.128330396738113,-0.02981693319864647,-0.268804756234554,-0.2811676814248654,-0.268804756234554,-0.2811676814248654,0.305002880724021,0.13342488085315599,0.305002880724021,0.13342488085315599,0.5356503139700027,0.3780243962719129,0.5356503139700027,0.3780243962719129,0.0656151238581719,0.0640129722852651,0.0739156829501683,0.0693493141925607,0.0163789902725347,0.0088271922104852,0.0075004158306254,0.0134818973065545,,,,
2017-10-09,55.5,55.98,55.06,55.79,589444.0,351674.0,0.0569791863101203,9.904012119882137e-05,0.0099518903329378,0.0172364628729854,1.0,train,0.267752,0.0375909108623414,-0.19007363941918956,0.0375909108623414,-0.19007363941918956,0.3132296217101312,0.1914129148769076,0.3132296217101312,0.1914129148769076,0.2138143501879674,0.09192595246106286,0.2138143501879674,0.09192595246106286,-0.0854678146109385,-0.28754089825889695,-0.0854678146109385,-0.28754089825889695,0.3943596154362595,0.3749170734856798,0.3943596154362595,0.3749170734856798,0.6482462743900061,0.5444601024349223,0.6482462743900061,0.5444601024349223,0.025861940360218,0.0656151238581719,0.0640129722852651,0.0739156829501683,0.022975964301969,0.0163789902725347,0.0088271922104852,0.0075004158306254,,,,
2017-10-10,55.78,56.91,55.73,56.61,575608.0,370983.0,0.0868668578767253,0.0001583379600774,0.0125832412389455,0.01749128018714,1.0,train,0.187635,-0.2049240660428889,-0.1970943192213534,-0.2049240660428889,-0.1970943192213534,-0.1641017221666623,0.018241062964964923,-0.1641017221666623,0.018241062964964923,0.3831841690799585,0.23374901837214795,0.3831841690799585,0.23374901837214795,-0.0584300130794479,-0.17587658283329458,-0.0584300130794479,-0.17587658283329458,0.0128245976296049,0.19859433302920848,0.0128245976296049,0.19859433302920848,0.5488368813580364,0.546960722547277,0.5488368813580364,0.546960722547277,0.0569791863101203,0.025861940360218,0.0656151238581719,0.0640129722852651,0.0099518903329378,0.022975964301969,0.0163789902725347,0.0088271922104852,1.0,,,
2017-10-11,56.56,57.09,56.14,56.94,555120.0,390030.0,0.0559813965134194,0.0001015591637391,0.0100776566591214,0.0173326332285476,1.0,train,0.141603,0.0595641402479267,-0.07176666972721253,0.0595641402479267,-0.07176666972721253,0.0824356514474265,0.049789906041825774,0.0824356514474265,0.049789906041825774,0.3261982203732686,0.27897200726613675,0.3261982203732686,0.27897200726613675,0.2320635225751155,0.02290321450102923,0.2320635225751155,0.02290321450102923,0.1771707452789231,0.18849867669665782,0.1771707452789231,0.18849867669665782,0.3719782303911392,0.46204787538972997,0.3719782303911392,0.46204787538972997,0.0868668578767253,0.0569791863101203,0.025861940360218,0.0656151238581719,0.0125832412389455,0.0099518903329378,0.022975964301969,0.0163789902725347,1.0,1.0,,
2017-10-12,56.74,56.83,55.88,56.25,545548.0,410641.0,0.0358344530092158,0.0001024984787322,0.0101241532353221,0.0161264486616475,0.0,train,0.469916,0.3117582446193521,0.11503492476852306,0.3117582446193521,0.11503492476852306,0.5354901840964389,0.2863615442511324,0.5354901840964389,0.2863615442511324,0.6784985768388995,0.4737693946901284,0.6784985768388995,0.4737693946901284,0.2224952848169669,0.12024332932412984,0.2224952848169669,0.12024332932412984,0.3350013172462888,0.2600003892070834,0.3350013172462888,0.2600003892070834,0.5194630902202144,0.49042870577550246,0.5194630902202144,0.49042870577550246,0.0559813965134194,0.0868668578767253,0.0569791863101203,0.025861940360218,0.0100776566591214,0.0125832412389455,0.0099518903329378,0.022975964301969,1.0,1.0,1.0,
2017-11-01,61.07,61.7,60.0,60.49,661419.0,332788.0,0.1369142897626467,0.0002815449390282,0.0167793009099971,,,train,0.264833,0.2238605984446004,0.21713768154686122,0.2238605984446004,0.2166728782502714,0.4089640524169305,0.33937872927115315,0.4089640524169305,0.3369657896407925,0.1700100305554578,0.29756349483301925,0.1700100305554578,0.29756349483301925,0.0196137898766525,0.01689167074758584,0.0196137898766525,0.016392472988031277,0.4356027567115088,0.4553928200544012,0.4356027567115088,0.4554861760932335,0.4006537140414536,0.3464962956818644,0.4006537140414536,0.3401608232693059,0.0358344530092158,0.0559813965134194,0.0868668578767253,0.0569791863101203,0.0101241532353221,0.0100776566591214,0.0125832412389455,0.0099518903329378,0.0,1.0,1.0,1.0
2017-11-02,60.5,60.86,60.02,60.62,638854.0,339008.0,0.0771326163953967,6.966877749268757e-05,0.0083467824634818,,,train,0.238492,0.229209121272911,0.2233186497087574,0.229209121272911,0.2230800117393054,,0.17425109598777697,0.0,0.17301225147435764,,0.15269610814001053,0.0,0.15269610814001053,-0.0305829782690807,-0.006286317361081213,-0.0305829782690807,-0.0065426140366192445,0.4491595337473174,0.45271671120074464,0.4491595337473174,0.45276464178924625,,0.1778975267489108,0.0,0.17464478675514455,0.1369142897626467,0.0358344530092158,0.0559813965134194,0.0868668578767253,0.0167793009099971,0.0101241532353221,0.0100776566591214,0.0125832412389455,,0.0,1.0,1.0
2017-11-03,60.88,62.23,60.6,62.07,635198.0,345286.0,0.1029110896904113,0.0002540924933854,0.0159402789619707,,,train,0.255708,0.1223630516893267,0.17417865094049112,0.1223630516893267,0.1740561301217233,-0.0788357855150756,0.05099764120035551,-0.0788357855150756,0.05036159721934643,0.5362678851241123,0.33935972786445523,0.5362678851241123,0.33935972786445523,-0.0625595661072764,-0.03374565866111076,-0.0625595661072764,-0.033877245761883126,0.3039464505488465,0.3803821835220368,0.3039464505488465,0.38040679190669885,0.224404877001008,0.20024167457510655,0.224404877001008,0.198571662178545,0.0771326163953967,0.1369142897626467,0.0358344530092158,0.0559813965134194,0.0083467824634818,0.0167793009099971,0.0101241532353221,0.0100776566591214,,,0.0,1.0
2017-11-06,62.27,64.44,62.08,64.27,611022.0,352182.0,0.1445501105773763,0.000502089261386,0.0224073483791823,,,train,0.2661,-0.1002436467328551,0.09507102860077184,-0.1002436467328551,0.09507102860077184,0.2577494701102374,0.21963643965628632,0.2577494701102374,0.21963643965628632,0.3363291745399637,0.28997434921758247,0.3363291745399637,0.28997434921758247,0.0143048233803496,0.07312468703239866,0.0143048233803496,0.07312468703239866,0.0280704121685704,0.23388861744159473,0.0280704121685704,0.23388861744159473,-0.0192354729730277,0.13330590960060934,-0.0192354729730277,0.13330590960060934,0.1029110896904113,0.0771326163953967,0.1369142897626467,0.0358344530092158,0.0159402789619707,0.0083467824634818,0.0167793009099971,0.0101241532353221,,,,0.0
2017-11-07,64.12,64.65,63.5,63.69,578023.0,359223.0,0.1560103657882674,0.0001161866728442,0.0107789921998408,,,train,0.500779,0.5604379675387529,0.321742496748005,0.5604379675387529,0.321742496748005,-0.26976732471335,-0.018833968132164352,-0.26976732471335,-0.018833968132164352,0.6405169483439745,0.46068583378157507,0.6405169483439745,0.46068583378157507,0.1750133805697251,0.12288272476439606,0.1750133805697251,0.12288272476439606,0.0961948866935114,0.1666059998104063,0.0961948866935114,0.1666059998104063,0.3023935660993146,0.21580904122083347,0.3023935660993146,0.21580904122083347,0.1445501105773763,0.1029110896904113,0.0771326163953967,0.1369142897626467,0.0224073483791823,0.0159402789619707,0.0083467824634818,0.0167793009099971,,,,
2017-11-08,63.69,64.64,62.95,63.49,544098.0,366554.0,0.1659807623416402,0.0002531427382754,0.0159104600271474,,,train,0.322666,0.2656748870382721,0.2943836907506299,0.2656748870382721,0.2943836907506299,0.0863023730163152,0.032229736255917324,0.0863023730163152,0.032229736255917324,0.5052088796746759,0.482196127112644,0.5052088796746759,0.482196127112644,0.0773756772368223,0.10103397871862288,0.0773756772368223,0.10103397871862288,0.3362308598894428,0.24888711505784378,0.3362308598894428,0.24888711505784378,-0.5177913964711789,-0.14143018727898848,-0.5177913964711789,-0.14143018727898848,0.1560103657882674,0.1445501105773763,0.1029110896904113,0.0771326163953967,0.0107789921998408,0.0224073483791823,0.0159402789619707,0.0083467824634818,,,,
2017-11-09,63.52,64.25,63.26,63.93,520907.0,377391.0,0.1361940929211984,8.697088518200127e-05,0.0093258182044258,0.0171964229364339,1.0,train,-0.065925,-0.6574197321267994,-0.16907421030955005,-0.6574197321267994,-0.16907421030955005,-0.18750942698254,-0.07519038470199382,-0.18750942698254,-0.07519038470199382,0.4240933607586251,0.4540573515970209,0.4240933607586251,0.4540573515970209,-0.4162157080961867,-0.15077583312856627,-0.4162157080961867,-0.15077583312856627,0.6289385616864954,0.43391406400737614,0.6289385616864954,0.43391406400737614,-0.461526147548324,-0.29752673121787576,-0.461526147548324,-0.29752673121787576,0.1659807623416402,0.1560103657882674,0.1445501105773763,0.1029110896904113,0.0159104600271474,0.0107789921998408,0.0224073483791823,0.0159402789619707,,,,
2017-11-10,63.8,64.27,63.35,63.52,515186.0,390711.0,0.1151691688903122,7.497694828360983e-05,0.0086589230440979,0.0175398473375851,1.0,train,0.141311,0.0997758315752483,-0.03842203559311875,0.0997758315752483,-0.03842203559311875,0.1663041178348612,0.04233162781672563,0.1663041178348612,0.04233162781672563,0.3665131740906591,0.4113842785367868,0.3665131740906591,0.4113842785367868,-0.2992125428454073,-0.22334502528379724,-0.2992125428454073,-0.22334502528379724,0.4844633999656214,0.45852793624013266,0.4844633999656214,0.45852793624013266,0.1380732154354534,-0.08584894929159986,0.1380732154354534,-0.08584894929159986,0.1361940929211984,0.1659807623416402,0.1560103657882674,0.1445501105773763,0.0093258182044258,0.0159104600271474,0.0107789921998408,0.0224073483791823,1.0,,,
2017-12-01,62.74,64.32,62.59,63.73,629824.0,298935.0,0.0521773472073805,0.0002681197851576,0.01637436365657,,,train,0.246958,0.2454966877479082,-0.051053054870419674,0.2454966877479082,-0.051053054870419674,0.0653983296497769,0.07380317816927165,0.0653983296497769,0.07380317816927165,,0.03361110911984397,0.0,0.03361110911984397,0.3403006199479295,0.0534791560703649,0.3403006199479295,0.0534791560703649,0.2938919608441281,0.046360158774591084,0.2938919608441281,0.046360158774591084,0.137203082007304,0.06944172932335667,0.137203082007304,0.06944172932335667,0.1151691688903122,0.1361940929211984,0.1659807623416402,0.1560103657882674,0.0086589230440979,0.0093258182044258,0.0159104600271474,0.0107789921998408,1.0,1.0,,
2017-12-04,63.5,63.68,62.31,62.45,589810.0,305899.0,0.1125923671843214,0.0001705995013808,0.0130613744062715,,,train,0.362948,0.4627314056559274,0.21861767237785665,0.4627314056559274,0.2501456564933555,0.3117593194932198,0.16165605596032473,0.3117593194932198,0.17005485562354297,0.2451108017267477,0.12383967328918162,0.2451108017267477,0.12383967328918162,0.6691487128726764,0.33315174732724673,0.6691487128726764,0.3768549542366204,0.5450390295309911,0.27170449284940623,0.5450390295309911,0.30944765410411623,0.3942622485986775,0.2015001954705144,0.3942622485986775,0.21912054151186594,0.0521773472073805,0.1151691688903122,0.1361940929211984,0.1659807623416402,0.01637436365657,0.0086589230440979,0.0093258182044258,0.0159104600271474,,1.0,1.0,
2017-12-05,62.45,63.15,62.12,62.86,577330.0,314424.0,0.0978587635348713,9.75381261291338e-05,0.0098761392319637,,,train,-0.101665,-0.2165145860585293,0.0064750714227392306,-0.2165145860585293,0.022662078196223984,0.4942450758977456,0.3235665851576552,0.4942450758977456,0.3278786726840766,0.0424071031501738,0.08390504273553621,0.0424071031501738,0.08390504273553621,-0.0601163572109784,0.14152936332148883,-0.0601163572109784,0.16396733790538476,0.177842886712636,0.2259285301559892,0.177842886712636,0.24530651527056496,0.3039888862817467,0.2514608425821203,0.3039888862817467,0.2605074298830284,0.1125923671843214,0.0521773472073805,0.1151691688903122,0.1361940929211984,0.0130613744062715,0.01637436365657,0.0086589230440979,0.0093258182044258,,,1.0,1.0
2017-12-06,62.64,62.93,61.13,61.22,540993.0,321770.0,-0.0486190258659284,0.0003037504648074,0.0174284383926805,,,train,0.015745,0.0354589586025052,0.020600120398097676,0.0354589586025052,0.02891080678150128,0.1670186313589779,0.24764736509798543,0.1670186313589779,0.24986126465281708,-0.112871586899627,-0.01215493026427385,-0.112871586899627,-0.01215493026427385,-0.0624392477314052,0.04234390779278782,-0.0624392477314052,0.05386394806057819,0.1920215265186627,0.20936695125986488,0.1920215265186627,0.2193159405500468,0.5609111616964869,0.4024255628901179,0.5609111616964869,0.4070702356792269,0.0978587635348713,0.1125923671843214,0.0521773472073805,0.1151691688903122,0.0098761392319637,0.0130613744062715,0.01637436365657,0.0086589230440979,,,,1.0
2017-12-07,61.3,62.26,61.15,62.2,515543.0,329971.0,-0.023672564638141,0.0001167194454491,0.0108036774039758,,,train,-0.224425,-0.3588249598976553,-0.16448054741137158,-0.3588249598976553,-0.16021369875122113,0.2885121655683024,0.2674652093344658,0.2885121655683024,0.26860186326573504,-0.2422781594279089,-0.12441266525974638,-0.2422781594279089,-0.12441266525974638,-0.5199265383228505,-0.23174703065764013,-0.5199265383228505,-0.22583244477221173,-0.0138865980131105,0.10055550665115688,-0.0138865980131105,0.10566348806980821,-0.2532373899372127,0.08297015278112539,-0.2532373899372127,0.08535480730335883,-0.0486190258659284,0.0978587635348713,0.1125923671843214,0.0521773472073805,0.0174284383926805,0.0098761392319637,0.0130613744062715,0.01637436365657,,,,
2017-12-08,62.08,63.64,62.01,63.4,508521.0,338895.0,-0.0014185517391789,0.0002428138692401,0.0155824859775384,,,train,0.177501,0.2453609404378677,0.03543186155548502,0.2453609404378677,0.03762253470192755,0.1592483153440932,0.21451061191008416,0.1592483153440932,0.21509418949681347,0.2691456738319666,0.06725296383694121,0.2691456738319666,0.06725296383694121,0.0656354543763389,-0.08700510833112114,0.0656354543763389,-0.08396845868555367,0.2780751451493809,0.18724608873919596,0.2780751451493809,0.18986861384323192,0.1080887719892428,0.09525946125923479,0.1080887719892428,0.09648378371392792,-0.023672564638141,-0.0486190258659284,0.0978587635348713,0.1125923671843214,0.0108036774039758,0.0174284383926805,0.0098761392319637,0.0130613744062715,,,,
2017-12-11,63.29,64.93,62.99,64.69,455375.0,346836.0,0.1276085482060018,0.0003318697709574,0.0182172931841536,0.0173439952719183,1.0,train,0.197734,-0.0895620200969025,0.12274267528211798,-0.0895620200969025,0.12303915065287062,0.0070938542111245,0.09023929269694683,0.0070938542111245,0.09031827133493739,0.2100469180307856,0.3608093010265043,0.2100469180307856,0.3608093010265043,,0.019992750771011248,0.0,0.02040371661088448,-0.1132403856186515,-0.010921454034233653,-0.1132403856186515,-0.010566533856483823,0.0468726163744355,0.23105892570850034,0.0468726163744355,0.2312246197346792,-0.0014185517391789,-0.023672564638141,-0.0486190258659284,0.0978587635348713,0.0155824859775384,0.0108036774039758,0.0174284383926805,0.0098761392319637,,,,
2017-12-12,64.66,65.83,63.07,63.34,385663.0,352866.0,0.1187110000259643,0.0006616367746033,0.0257223011140783,0.0160405569014865,1.0,train,0.0,,0.06301819072569798,-0.0895620200969025,0.019383313742319906,,0.04633039768000527,0.0070938542111245,0.04978654410798363,,0.1852456718531911,0.2100469180307856,0.2875811419452509,,0.010264620502389233,0.0,0.010264620502389233,,-0.005607261465903119,-0.1132403856186515,-0.060778307079590047,,0.11862960796402396,0.0468726163744355,0.14146608314819972,0.1276085482060018,-0.0014185517391789,-0.023672564638141,-0.0486190258659284,0.0182172931841536,0.0155824859775384,0.0108036774039758,0.0174284383926805,1.0,,,
2018-01-02,66.55,67.29,66.24,66.57,631709.0,285590.0,-0.0906974297815095,8.920995947433309e-05,0.0094451024067679,0.016641677429819,1.0,train,0.314383,0.3274095019284649,0.3412062591802087,0.3274095019284649,0.3412062591802087,0.3622372545315065,0.2980102090995259,0.3622372545315065,0.2980102090995259,0.2756351279280639,0.23632490982108023,0.2756351279280639,0.23632490982108023,-0.3234905056320779,-0.08569067688314151,-0.3234905056320779,-0.08569067688314151,0.598090815653505,0.45178663472503605,0.598090815653505,0.45178663472503605,0.6393535282762766,0.4356370574764448,0.6393535282762766,0.4356370574764448,0.1187110000259643,0.1276085482060018,-0.0014185517391789,-0.023672564638141,0.0257223011140783,0.0182172931841536,0.0155824859775384,0.0108036774039758,1.0,1.0,,
2018-01-03,66.54,68.03,66.4,67.84,619637.0,296541.0,-0.0709759667461762,0.00021212893935,0.0145646469009751,0.0159217306365746,1.0,train,0.431354,0.4068444484779032,0.37332047711837846,0.4068444484779032,0.37332047711837846,-0.3169183306186711,-0.0013110618792125442,-0.3169183306186711,-0.0013110618792125442,0.5353713882048579,0.382167753616531,0.5353713882048579,0.382167753616531,0.0562771566727326,-0.016580560291776326,0.0562771566727326,-0.016580560291776326,0.492946084066913,0.4721559823286595,0.492946084066913,0.4721559823286595,0.5029995646656945,0.4686654010717379,0.5029995646656945,0.4686654010717379,-0.0906974297815095,0.1187110000259643,0.1276085482060018,-0.0014185517391789,0.0094451024067679,0.0257223011140783,0.0182172931841536,0.0155824859775384,1.0,1.0,1.0,
2018-01-04,67.89,68.27,67.62,68.07,600783.0,310883.0,0.0984147442383127,3.300903889365898e-05,0.0057453493273828,0.0158545319098878,1.0,train,0.365225,0.284056470435521,0.33006226336717814,0.284056470435521,0.33006226336717814,0.6348220599204417,0.30849545582200544,0.6348220599204417,0.30849545582200544,0.5287759146046574,0.45383263236639065,0.5287759146046574,0.45383263236639065,0.5805802389532084,0.2743476394900976,0.5805802389532084,0.2743476394900976,-0.0331881777936083,0.22631756449258125,-0.0331881777936083,0.22631756449258125,0.23600288267615,0.35578932200527585,0.23600288267615,0.35578932200527585,-0.0709759667461762,-0.0906974297815095,0.1187110000259643,0.1276085482060018,0.0145646469009751,0.0094451024067679,0.0257223011140783,0.0182172931841536,1.0,1.0,1.0,1.0
2018-01-05,67.97,68.11,67.26,67.62,599424.0,326758.0,0.0854799214047767,5.6882535694739193e-05,0.0075420511596474,0.0154252862914714,1.0,train,0.523688,0.6059596564426151,0.4646849254485796,0.6059596564426151,0.4646849254485796,,0.15852913017042275,0.0,0.15852913017042275,0.696401652715017,0.5721632073917382,0.696401652715017,0.5721632073917382,-0.0771708160199293,0.10325692840478713,-0.0771708160199293,0.10325692840478713,0.3512039094825777,0.28721596933476173,0.3512039094825777,0.28721596933476173,,0.18247286807014906,0.0,0.18247286807014906,0.0984147442383127,-0.0709759667461762,-0.0906974297815095,0.1187110000259643,0.0057453493273828,0.0145646469009751,0.0094451024067679,0.0257223011140783,1.0,1.0,1.0,1.0
2018-01-08,67.8,67.99,67.44,67.78,570832.0,342383.0,0.0944695771755039,2.3794409758943643e-05,0.0048779513895634,0.0166466948391844,1.0,train,0.459771,0.7464134929403701,0.3842836015716701,0.7464134929403701,0.3842836015716701,0.8605006036230408,0.46551417803129963,0.8605006036230408,0.46551417803129963,0.4992843079615131,0.4272917591454911,0.4992843079615131,0.4272917591454911,-0.0892114596929935,-0.08173993520801498,-0.0892114596929935,-0.08173993520801498,0.3012435959520277,0.16313161564821468,0.3012435959520277,0.16313161564821468,0.5961947599452453,0.4683027102773716,0.5961947599452453,0.4683027102773716,0.0854799214047767,0.0984147442383127,-0.0709759667461762,-0.0906974297815095,0.0075420511596474,0.0057453493273828,0.0145646469009751,0.0094451024067679,1.0,1.0,1.0,1.0
2018-01-09,68.0,69.29,67.7,68.82,537151.0,357719.0,-0.0262437087612017,0.0001943703705304,0.0139416774647252,0.0165074221691895,0.0,train,0.120004,0.0275622498101383,0.2105560728483599,0.0275622498101383,0.2105560728483599,0.5230869032498358,0.4939228340765802,0.5230869032498358,0.4939228340765802,0.5023628091273048,0.4639324108547579,0.5023628091273048,0.4639324108547579,-0.1435214821853598,-0.11189598891386238,-0.1435214821853598,-0.11189598891386238,0.1305294941467179,0.147295180015993,0.1305294941467179,0.147295180015993,0.65171303912284,0.5579751278388734,0.65171303912284,0.5579751278388734,0.0944695771755039,0.0854799214047767,0.0984147442383127,-0.0709759667461762,0.0048779513895634,0.0075420511596474,0.0057453493273828,0.0145646469009751,1.0,1.0,1.0,1.0
2018-01-10,69.12,69.37,68.75,69.2,503711.0,373935.0,-0.0140625075314453,2.9070373561998905e-05,0.0053916948691481,0.0167020041970624,0.0,train,0.473593,0.0738583207104038,0.1437667842582376,0.0738583207104038,0.1437667842582376,0.6210140592180895,0.5559980816990701,0.6210140592180895,0.5559980816990701,0.5522828326562166,0.5069792581110795,0.5522828326562166,0.5069792581110795,-0.0689557835137029,-0.09129570108938782,-0.0689557835137029,-0.09129570108938782,0.4139223866054223,0.2768612330215721,0.4139223866054223,0.2768612330215721,0.2531016676507879,0.4096840058028422,0.2531016676507879,0.4096840058028422,-0.0262437087612017,0.0944695771755039,0.0854799214047767,0.0984147442383127,0.0139416774647252,0.0048779513895634,0.0075420511596474,0.0057453493273828,0.0,1.0,1.0,1.0
2018-01-11,69.15,70.05,69.0,69.26,465090.0,390548.0,0.1440231017938575,8.226737887343142e-05,0.0090701366513096,0.0168876629209318,1.0,train,0.457974,-0.1326973860739209,0.008930933513982687,-0.1326973860739209,0.008930933513982687,0.4365366467257452,0.4978826940068268,0.4365366467257452,0.4978826940068268,0.652584188184734,0.5782327468268208,0.652584188184734,0.5782327468268208,-0.024771233020536,-0.05903075659033269,-0.024771233020536,-0.05903075659033269,0.7761026413761858,0.5201367399237425,0.7761026413761858,0.5201367399237425,0.2004571778173662,0.30773439212432757,0.2004571778173662,0.30773439212432757,-0.0140625075314453,-0.0262437087612017,0.0944695771755039,0.0854799214047767,0.0053916948691481,0.0139416774647252,0.0048779513895634,0.0075420511596474,0.0,0.0,1.0,1.0
2018-01-12,69.15,69.93,68.59,69.87,442782.0,407361.0,0.1489640202495836,0.0001350163195689,0.0116196522998301,0.0178290061536756,1.0,train,0.229642,-0.313697685016343,-0.14845213543514624,-0.313697685016343,-0.14845213543514624,0.7401570418595702,0.6160035661130159,0.7401570418595702,0.6160035661130159,0.3297768892012915,0.45737194939479386,0.3297768892012915,0.45737194939479386,-0.5713899414266981,-0.30848967014685885,-0.5713899414266981,-0.30848967014685885,-0.2138602884904049,0.16248291644769014,-0.2138602884904049,0.16248291644769014,0.116368675260874,0.21429484352868447,0.116368675260874,0.21429484352868447,0.1440231017938575,-0.0140625075314453,-0.0262437087612017,0.0944695771755039,0.0090701366513096,0.0053916948691481,0.0139416774647252,0.0048779513895634,1.0,0.0,0.0,1.0
2018-02-01,69.0,69.97,68.81,69.65,619898.0,310424.0,0.0949656591153207,0.000100799175515,0.0100398792579927,0.0163309861873392,1.0,train,-0.272972,-0.4601274816966173,-0.40807448911286265,-0.4601274816966173,-0.40807448911286265,-0.2422974087540407,0.09990471724325617,-0.2422974087540407,0.09990471724325617,0.1752407270292485,0.30027432196461584,0.1752407270292485,0.30027432196461584,-0.6783025410300828,-0.37023507767555996,-0.6783025410300828,-0.37023507767555996,-0.0685574340305327,-0.005377282487181995,-0.0685574340305327,-0.005377282487181995,-0.2004820860339207,0.03964610415382056,-0.2004820860339207,0.03964610415382056,0.1489640202495836,0.1440231017938575,-0.0140625075314453,-0.0262437087612017,0.0116196522998301,0.0090701366513096,0.0053916948691481,0.0139416774647252,1.0,1.0,0.0,0.0
2018-02-02,70.0,70.02,67.96,68.58,598047.0,320775.0,0.0297469214221619,0.0003216186611423,0.017933729705289,0.0164205362704541,0.0,train,0.358893,0.189935770880204,-0.11713551046559094,0.189935770880204,-0.11713551046559094,,0.05098161658606012,0.0,0.05098161658606012,0.526775375065029,0.41057577483573243,0.526775375065029,0.41057577483573243,-0.3558339654591195,-0.36330729695498315,-0.3558339654591195,-0.36330729695498315,0.5788641444298506,0.2790536899644898,0.5788641444298506,0.2790536899644898,0.7253379169891585,0.37353339761655463,0.7253379169891585,0.37353339761655463,0.0949656591153207,0.1489640202495836,0.1440231017938575,-0.0140625075314453,0.0100398792579927,0.0116196522998301,0.0090701366513096,0.0053916948691481,1.0,1.0,1.0,0.0
2018-02-05,68.15,68.46,66.9,67.62,560630.0,328791.0,0.0,0.0001916379437381,0.0138433357157216,0.0153789818216095,0.0,train,0.056254,-0.366654620731741,-0.18719079310995293,-0.366654620731741,-0.18719079310995293,-0.2300622570434312,-0.17994365082908728,-0.2300622570434312,-0.17994365082908728,0.1926276681584743,0.19156165641075118,0.1926276681584743,0.19156165641075118,-0.1227470187767765,-0.14551107081287043,-0.1227470187767765,-0.14551107081287043,-0.053897427096608,0.05425051959932789,-0.053897427096608,0.05425051959932789,-0.1520232643149803,-0.19515527374973604,-0.1520232643149803,-0.19515527374973604,0.0297469214221619,0.0949656591153207,0.1489640202495836,0.1440231017938575,0.017933729705289,0.0100398792579927,0.0116196522998301,0.0090701366513096,0.0,1.0,1.0,1.0
2018-02-06,67.02,67.6,66.53,66.86,544513.0,337115.0,0.0825885720212742,9.181394974505753e-05,0.0095819595983837,0.0149949898591323,1.0,train,-0.419531,-0.430413275609582,-0.30576903048252346,-0.430413275609582,-0.30576903048252346,,-0.09256554962856896,0.0,-0.09256554962856896,0.04362314534681,0.119657026216511,0.04362314534681,0.119657026216511,-0.4657957315737289,-0.30152422995172456,-0.4657957315737289,-0.30152422995172456,-0.4060698645229383,-0.16996141949106852,-0.4060698645229383,-0.16996141949106852,0.0281502929094493,-0.08673509965143844,0.0281502929094493,-0.08673509965143844,0.0,0.0297469214221619,0.0949656591153207,0.1489640202495836,0.0138433357157216,0.017933729705289,0.0100398792579927,0.0116196522998301,0.0,0.0,1.0,1.0
2018-02-07,67.2,67.72,65.16,65.51,488637.0,342881.0,0.0868587401886014,0.0005356026408561,0.0231430905640561,0.0154533610077086,1.0,train,-0.536483,-0.6571803173677769,-0.4772310032998394,-0.6571803173677769,-0.4772310032998394,0.3854659395729746,0.13995002873543153,0.3854659395729746,0.13995002873543153,-0.2416584583259192,-0.056472466878448854,-0.2416584583259192,-0.056472466878448854,-0.484986712280005,-0.39131334520850536,-0.484986712280005,-0.39131334520850536,-0.0061714513891942,-0.09023955473211438,-0.0061714513891942,-0.09023955473211438,,-0.04491449337188177,0.0,-0.04491449337188177,0.0825885720212742,0.0,0.0297469214221619,0.0949656591153207,0.0095819595983837,0.0138433357157216,0.017933729705289,0.0100398792579927,1.0,0.0,0.0,1.0
2018-02-08,65.28,65.6,64.1,64.81,457424.0,348044.0,-0.0448072537392807,0.000192981568772,0.013891780619204,0.0163242685284269,0.0,train,-0.061331,-0.1797722931813536,-0.33237752122895864,-0.1797722931813536,-0.33237752122895864,0.8478121216806441,0.48437888983467847,0.8478121216806441,0.48437888983467847,0.1491289408582374,0.04347088365121221,0.1491289408582374,0.04347088365121221,-0.4177221753237358,-0.40414332622016774,-0.4177221753237358,-0.40414332622016774,-0.0063525179011952,-0.049629439137462206,-0.0063525179011952,-0.049629439137462206,0.4263996785125917,0.18442595829743502,0.4263996785125917,0.18442595829743502,0.0868587401886014,0.0825885720212742,0.0,0.0297469214221619,0.0231430905640561,0.0095819595983837,0.0138433357157216,0.017933729705289,1.0,1.0,0.0,0.0
2018-02-09,64.44,64.64,61.77,62.79,415345.0,352130.0,-0.091698575243317,0.0007439174501479,0.0272748501397884,0.016560424517187,1.0,train,-0.379732,-0.7590249650404832,-0.5402624098462968,-0.7590249650404832,-0.5402624098462968,-0.2790192628825585,0.1123463936445148,-0.2790192628825585,0.1123463936445148,-0.2199547427478937,-0.08515690084181954,-0.2199547427478937,-0.08515690084181954,-0.5387279081542843,-0.47002179639221153,-0.5387279081542843,-0.47002179639221153,0.0810164877525758,0.01376109674296906,0.0810164877525758,0.01376109674296906,,0.09446356352776694,0.0,0.09446356352776694,-0.0448072537392807,0.0868587401886014,0.0825885720212742,0.0,0.013891780619204,0.0231430905640561,0.0095819595983837,0.0138433357157216,0.0,1.0,1.0,0.0
2018-02-12,62.5,64.4,62.5,62.59,383168.0,355794.0,-0.1100308516277497,0.0003234621044925,0.0179850522515931,0.01786548880269,1.0,train,0.015294,-0.3832880350523705,-0.4058691180177183,-0.3832880350523705,-0.4058691180177183,0.073132618316618,0.2240386121960782,0.073132618316618,0.2240386121960782,-0.1671860355426276,-0.17590238491810495,-0.1671860355426276,-0.17590238491810495,-0.4654505176831186,-0.5388938841719625,-0.4654505176831186,-0.5388938841719625,-0.1962965322422212,-0.11164897321027942,-0.1962965322422212,-0.11164897321027942,-0.1356774055255483,-0.13281464657022227,-0.1356774055255483,-0.13281464657022227,-0.091698575243317,-0.0448072537392807,0.0868587401886014,0.0825885720212742,0.0272748501397884,0.013891780619204,0.0231430905640561,0.0095819595983837,1.0,0.0,1.0,1.0
2018-03-01,64.57,65.04,63.19,63.83,529687.0,250781.0,-0.0872594009578486,0.0003003301828881,0.0173300370134671,0.0163018200602117,1.0,train,-0.400469,-0.5136057207260959,-0.1879889042201662,-0.5136057207260959,-0.1879889042201662,-0.2878996854014218,-0.08087425120122799,-0.2878996854014218,-0.08087425120122799,-0.6337743026761503,-0.13704434299531926,-0.6337743026761503,-0.13704434299531926,-0.7818786045190934,-0.5148498468516625,-0.7818786045190934,-0.5148498468516625,0.1773764811666426,0.13351302270665702,0.1773764811666426,0.13351302270665702,,0.016534822691927516,0.0,0.016534822691927516,-0.1100308516277497,-0.091698575243317,-0.0448072537392807,0.0868587401886014,0.0179850522515931,0.0272748501397884,0.013891780619204,0.0231430905640561,1.0,1.0,0.0,1.0
2018-03-02,64.07,64.64,63.2,64.37,508221.0,256973.0,-0.0633532609702491,0.0001830639110662,0.0135301112732416,0.016328691560315,1.0,train,-0.215242,-0.4223650644743706,-0.3021547982665846,-0.4223650644743706,-0.3021547982665846,0.4125580269119723,0.15950510988009736,0.4125580269119723,0.15950510988009736,,-0.07064983434553881,0.0,-0.07064983434553881,-0.6965466729725611,-0.6037096131383316,-0.6965466729725611,-0.6037096131383316,0.8877722696505312,0.5010486229796883,0.8877722696505312,0.5010486229796883,,0.008035314664596676,0.0,0.008035314664596676,-0.0872594009578486,-0.1100308516277497,-0.091698575243317,-0.0448072537392807,0.0173300370134671,0.0179850522515931,0.0272748501397884,0.013891780619204,1.0,1.0,1.0,0.0
2018-03-05,64.65,65.88,64.1,65.54,509505.0,265395.0,-0.0312431540090711,0.0002705925156608,0.016449696521846,0.015429075763367,0.0,train,0.211654,0.4207046360952056,0.15192876288817053,0.4207046360952056,0.15192876288817053,0.2849969367953743,0.16995856084482786,0.2849969367953743,0.16995856084482786,0.2273984243960355,0.1784364636001091,0.2273984243960355,0.1784364636001091,-0.0804750993389637,-0.27295685649239676,-0.0804750993389637,-0.27295685649239676,0.1582671919776064,0.24222039985979044,0.1582671919776064,0.24222039985979044,0.3952007246980449,0.27433216531769866,0.3952007246980449,0.27433216531769866,-0.0633532609702491,-0.0872594009578486,-0.1100308516277497,-0.091698575243317,0.0135301112732416,0.0173300370134671,0.0179850522515931,0.0272748501397884,1.0,1.0,1.0,1.0
2018-03-06,65.74,66.16,65.3,65.79,498677.0,275047.0,-0.0161330298940463,6.174425810474256e-05,0.007857751466211,0.0149579740396198,0.0,train,0.11523,0.2838341114377115,0.21626738712016086,0.2838341114377115,0.21626738712016086,0.4668226531992636,0.31452116738796776,0.4668226531992636,0.31452116738796776,0.4752850806748033,0.3231865158888325,0.4752850806748033,0.3231865158888325,0.1222176611209196,-0.08050144209818183,0.1222176611209196,-0.08050144209818183,0.6666309384192637,0.4494533493368808,0.6666309384192637,0.4494533493368808,0.5535241464368834,0.41052540590489484,0.5535241464368834,0.41052540590489484,-0.0312431540090711,-0.0633532609702491,-0.0872594009578486,-0.1100308516277497,0.016449696521846,0.0135301112732416,0.0173300370134671,0.0179850522515931,0.0,1.0,1.0,1.0
2018-03-07,65.23,65.8,63.83,64.34,480678.0,286580.0,-0.0180212809329054,0.0003332443718088,0.0182549821092444,0.0155628376032848,0.0,train,0.254375,0.1488090864929046,0.183356297715538,0.1488090864929046,0.183356297715538,0.658319985182302,0.482030839503204,0.658319985182302,0.482030839503204,0.4323058702890647,0.3764811701165764,0.4323058702890647,0.3764811701165764,0.0281078121664474,-0.02761328901547997,0.0281078121664474,-0.02761328901547997,0.1097427386805996,0.2840589188357933,0.1097427386805996,0.2840589188357933,0.7686351856023874,0.5852699057341265,0.7686351856023874,0.5852699057341265,-0.0161330298940463,-0.0312431540090711,-0.0633532609702491,-0.0872594009578486,0.007857751466211,0.016449696521846,0.0135301112732416,0.0173300370134671,0.0,0.0,1.0,1.0
2018-03-08,64.51,64.56,63.43,63.61,433554.0,296606.0,-0.0186892217489118,0.000112460993753,0.0106047627862713,0.0163712588461956,0.0,train,-0.105478,-0.1130784436470081,0.038937439574172825,-0.1130784436470081,0.038937439574172825,0.0812521620742981,0.2868669424784866,0.0812521620742981,0.2868669424784866,-0.1963333287252893,0.09743261862292649,-0.1963333287252893,0.09743261862292649,-0.5381163628809758,-0.2761799586408085,-0.5381163628809758,-0.2761799586408085,-0.0907158452416255,0.10150384342789226,-0.0907158452416255,0.10150384342789226,0.479397195528588,0.5342353252716452,0.479397195528588,0.5342353252716452,-0.0180212809329054,-0.0161330298940463,-0.0312431540090711,-0.0633532609702491,0.0182549821092444,0.007857751466211,0.016449696521846,0.0135301112732416,0.0,0.0,0.0,1.0
2018-03-09,63.93,65.63,63.69,65.49,402202.0,305789.0,0.0421016341039441,0.0003247220431501,0.0180200455923446,0.0167715823147234,0.0,train,-0.091039,-0.5186954606585238,-0.23281650017887937,-0.5186954606585238,-0.23281650017887937,0.2186356091476369,0.253727892950755,0.2186356091476369,0.253727892950755,-0.2492882793313198,-0.07170499902968895,-0.2492882793313198,-0.07170499902968895,-0.4622289339507328,-0.3669940683350646,-0.4622289339507328,-0.3669940683350646,-0.5038697014072016,-0.19339609337329472,-0.5038697014072016,-0.19339609337329472,-0.0452991396913605,0.25200263317768506,-0.0452991396913605,0.25200263317768506,-0.0186892217489118,-0.0180212809329054,-0.0161330298940463,-0.0312431540090711,0.0106047627862713,0.0182549821092444,0.007857751466211,0.016449696521846,0.0,0.0,0.0,0.0
2018-03-12,65.5,65.86,64.18,64.95,380827.0,314071.0,0.0370122221799986,0.0002408172028639,0.0155182860801024,0.0179268725522593,0.0,train,0.048739,0.1981418003271043,0.18977032540077107,0.1981418003271043,0.18977032540077107,-0.0205734338199875,0.14352647866862467,-0.0205734338199875,0.14352647866862467,0.1827635808775806,0.17720780170768416,0.1827635808775806,0.17720780170768416,-0.3649282488934702,-0.3547932113710902,-0.3649282488934702,-0.3547932113710902,0.4193690479889491,0.24081452553909502,0.4193690479889491,0.24081452553909502,0.0308488778989408,0.16339588914662018,0.0308488778989408,0.16339588914662018,0.0421016341039441,-0.0186892217489118,-0.0180212809329054,-0.0161330298940463,0.0180200455923446,0.0106047627862713,0.0182549821092444,0.007857751466211,0.0,0.0,0.0,0.0
2018-04-02,69.32,70.04,67.49,67.64,614545.0,281609.0,0.049551837965855,0.000496088962251,0.0222730546232667,0.0162669826799425,1.0,train,0.093297,-0.3083180255943284,-0.12888696285662715,-0.3083180255943284,-0.12888696285662715,0.194724371682696,0.35800727102360785,0.194724371682696,0.35800727102360785,0.1003425575995373,0.12122241208187291,0.1003425575995373,0.12122241208187291,-0.3272765369847814,-0.24542223206939645,-0.3272765369847814,-0.24542223206939645,0.4340302035513688,0.4088454436859606,0.4340302035513688,0.4088454436859606,-0.1394476530347233,-0.030109388685750204,-0.1394476530347233,-0.030109388685750204,0.0370122221799986,0.0421016341039441,-0.0186892217489118,-0.0180212809329054,0.0155182860801024,0.0180200455923446,0.0106047627862713,0.0182549821092444,0.0,0.0,0.0,0.0
2018-04-03,67.63,68.46,67.62,68.12,611532.0,295564.0,0.0041188643108398,5.497377267986415e-05,0.0074144300306809,0.0159936130158026,0.0,train,-0.126935,-0.3806264353222135,-0.2518606139068028,-0.3806264353222135,-0.2518606139068028,0.1518115607328307,0.25806108079690676,0.1518115607328307,0.25806108079690676,0.1526907796412474,0.136651126029718,0.1526907796412474,0.136651126029718,-0.297078095038824,-0.2707203105925503,-0.297078095038824,-0.2707203105925503,0.1292956930454033,0.2725155311643724,0.1292956930454033,0.2725155311643724,-0.2169257170303768,-0.12114551658963864,-0.2169257170303768,-0.12114551658963864,0.049551837965855,0.0370122221799986,0.0421016341039441,-0.0186892217489118,0.0222730546232667,0.0155182860801024,0.0180200455923446,0.0106047627862713,1.0,0.0,0.0,0.0
2018-04-04,68.15,68.28,66.69,68.02,615391.0,311202.0,-0.0007348078808107,0.000200232456078,0.0141503518005031,0.0157626248399786,0.0,train,-0.012523,-0.1904583967988051,-0.22251994280079598,-0.1904583967988051,-0.22251994280079598,0.1048020266596516,0.18348409937939128,0.1048020266596516,0.18348409937939128,-0.1942247965078448,-0.024694191905127526,-0.1942247965078448,-0.024694191905127526,-0.0614433315365086,-0.16905289125031794,-0.0614433315365086,-0.16905289125031794,-0.010196577795122,0.13456248706856822,-0.010196577795122,0.13456248706856822,0.7277491009194602,0.29256030625045837,0.7277491009194602,0.29256030625045837,0.0041188643108398,0.049551837965855,0.0370122221799986,0.0421016341039441,0.0074144300306809,0.0222730546232667,0.0155182860801024,0.0180200455923446,0.0,1.0,0.0,0.0
2018-04-05,68.36,68.93,67.73,68.33,606587.0,328548.0,0.0416882655220183,0.0001112439812143,0.0105472262332,0.0155279341645854,0.0,train,-0.004591,-0.0148277478782819,-0.12168727833060178,-0.0148277478782819,-0.12168727833060178,0.4705404786031363,0.3232361411260825,0.4705404786031363,0.3232361411260825,-0.5475120177690259,-0.2794684483207862,-0.5475120177690259,-0.2794684483207862,-0.2550566431593874,-0.21096425964039953,-0.2550566431593874,-0.21096425964039953,0.2098379167515639,0.17110926726989198,0.2098379167515639,0.17110926726989198,-0.4891043870682288,-0.08795430522295813,-0.4891043870682288,-0.08795430522295813,-0.0007348078808107,0.0041188643108398,0.049551837965855,0.0370122221799986,0.0141503518005031,0.0074144300306809,0.0222730546232667,0.0155182860801024,0.0,0.0,1.0,0.0
2018-04-06,68.09,68.62,66.86,67.11,593835.0,345012.0,0.0198652130722418,0.0002434996626381,0.0156044757245538,0.0149506000726935,0.0,train,0.011741,-0.1333138625251891,-0.12760906313402384,-0.1333138625251891,-0.12760906313402384,-0.247339310123424,0.04559806094272393,-0.247339310123424,0.04559806094272393,-0.2128316686080744,-0.24708505400391012,-0.2128316686080744,-0.24708505400391012,-0.2701397778515202,-0.23983353281196412,-0.2701397778515202,-0.23983353281196412,0.028679263271457,0.10133005596920205,0.028679263271457,0.10133005596920205,0.0019423926834939,-0.04411675046035906,0.0019423926834939,-0.04411675046035906,0.0416882655220183,-0.0007348078808107,0.0041188643108398,0.049551837965855,0.0105472262332,0.0141503518005031,0.0074144300306809,0.0222730546232667,0.0,0.0,0.0,1.0
2018-04-09,67.1,68.8,67.0,68.65,565866.0,360843.0,0.0471236729840187,0.0002534958655071,0.0159215534891261,0.0168418212259722,0.0,train,0.223904,-0.6254273217083257,-0.559252019471335,-0.6254273217083257,-0.559252019471335,-0.0799133588561985,0.0373115202825965,-0.0799133588561985,0.0373115202825965,0.3678301007745819,-0.007789991791740785,0.3678301007745819,-0.007789991791740785,,-0.028413070759484092,0.0,-0.028413070759484092,0.041775528162679,0.02998849222678633,0.041775528162679,0.02998849222678633,0.028860430537398,-0.009949110943895242,0.028860430537398,-0.009949110943895242,0.0198652130722418,0.0416882655220183,-0.0007348078808107,0.0041188643108398,0.0156044757245538,0.0105472262332,0.0141503518005031,0.0074144300306809,0.0,0.0,0.0,0.0
2018-04-10,68.46,71.34,68.46,71.04,538820.0,376101.0,0.0262422360602903,0.000612446376204,0.024747653953538,0.016610417457193,0.0,train,0.13422,-0.0012568814877117,-0.2878916403841198,-0.0012568814877117,-0.2878916403841198,0.0901353037861362,0.06274772831494567,0.0901353037861362,0.06274772831494567,0.0370188614429731,0.014028254009473096,0.0370188614429731,0.014028254009473096,0.0388677255198615,0.004582286624229784,0.0388677255198615,0.004582286624229784,0.3290939100393628,0.1756226151137229,0.3290939100393628,0.1756226151137229,0.6159728729388388,0.29496558655175387,0.6159728729388388,0.29496558655175387,0.0471236729840187,0.0198652130722418,0.0416882655220183,-0.0007348078808107,0.0159215534891261,0.0156044757245538,0.0105472262332,0.0141503518005031,0.0,0.0,0.0,0.0
2018-04-11,71.03,73.09,70.57,72.06,485704.0,389217.0,0.0396315663456707,0.0004440102509402,0.0210715507483483,0.0169119523197061,0.0,train,0.556566,0.5413995284101675,0.1159629301221072,0.5413995284101675,0.1159629301221072,-0.0529947462655813,0.005835441400365647,-0.0529947462655813,0.005835441400365647,0.7346462322432485,0.36502475649895577,0.7346462322432485,0.36502475649895577,0.2213533571933662,0.1102387487281829,0.2213533571933662,0.1102387487281829,0.4698681884607643,0.3187122043713926,0.4698681884607643,0.3187122043713926,0.7269876725482489,0.5055338050489477,0.7269876725482489,0.5055338050489477,0.0262422360602903,0.0471236729840187,0.0198652130722418,0.0416882655220183,0.024747653953538,0.0159215534891261,0.0156044757245538,0.0105472262332,0.0,0.0,0.0,0.0
2018-04-12,72.09,72.49,71.1,72.02,472984.0,401956.0,0.1033261151041209,0.000135201926857,0.0116276363400766,0.0179130261064864,1.0,train,0.451564,0.0141911994789436,0.06664251390778103,0.0141911994789436,0.06664251390778103,,0.0028752803858507515,0.0,0.0028752803858507515,0.7117198198207343,0.5340997120175556,0.7117198198207343,0.5340997120175556,-0.2670409686714819,-0.07330175518145897,-0.2670409686714819,-0.07330175518145897,0.1667524734368744,0.24460548025236137,0.1667524734368744,0.24460548025236137,0.5860689816457972,0.5451706860240901,0.5860689816457972,0.5451706860240901,0.0396315663456707,0.0262422360602903,0.0471236729840187,0.0198652130722418,0.0210715507483483,0.024747653953538,0.0159215534891261,0.0156044757245538,0.0,0.0,0.0,0.0
2018-05-01,74.65,74.98,72.74,73.13,616068.0,327790.0,0.1360153800148937,0.0003317863839348,0.0182150043627457,0.0163283061347358,1.0,train,0.030571,-0.4064355440962024,-0.14564203652446092,-0.4064355440962024,-0.14564203652446092,-0.3643404213003912,-0.034328854685377615,-0.3643404213003912,-0.034328854685377615,0.4398242099214293,0.3381968505369611,0.4398242099214293,0.3381968505369611,-0.2517697254641518,-0.03257515594430587,-0.2517697254641518,-0.03257515594430587,-0.021425306789165,-0.08590761315439295,-0.021425306789165,-0.08590761315439295,0.1131516449837843,-0.11455465431187306,0.1131516449837843,-0.11455465431187306,0.1033261151041209,0.0396315663456707,0.0262422360602903,0.0471236729840187,0.0116276363400766,0.0210715507483483,0.024747653953538,0.0159215534891261,1.0,0.0,0.0,0.0
2018-05-02,73.28,73.63,72.38,73.36,601840.0,335532.0,0.0811793039178292,0.0001057427458949,0.0102831291878977,0.0164020407165801,1.0,train,0.115097,0.0401401952790422,-0.05529799463764655,0.0401401952790422,-0.05529799463764655,-0.6789139929395752,-0.3486746757747347,-0.6789139929395752,-0.3486746757747347,0.4302164425715758,0.3830932783677672,0.4302164425715758,0.3830932783677672,-0.4771445677087677,-0.24883358415424456,-0.4771445677087677,-0.24883358415424456,0.435961044006537,0.16814479523167072,0.435961044006537,0.16814479523167072,-0.38557360051187,-0.24651594427834203,-0.38557360051187,-0.24651594427834203,0.1360153800148937,0.1033261151041209,0.0396315663456707,0.0262422360602903,0.0182150043627457,0.0116276363400766,0.0210715507483483,0.024747653953538,1.0,1.0,0.0,0.0
2018-05-03,73.07,74.09,72.47,73.62,590654.0,343377.0,0.0776458721563875,0.000176282431388,0.013277139427907,0.0159616866996102,1.0,train,-0.002598,-0.0349051518149861,-0.04567389422244161,-0.0349051518149861,-0.04567389422244161,0.2237732333569883,-0.07020936999725531,0.2237732333569883,-0.07020936999725531,0.4419960953698092,0.4117511248178157,0.4419960953698092,0.4117511248178157,-0.3962964199849658,-0.3208401683745178,-0.3962964199849658,-0.3208401683745178,-0.1579509160685036,0.009048866156918493,-0.1579509160685036,0.009048866156918493,-0.6000443026694792,-0.41878744714723015,-0.6000443026694792,-0.41878744714723015,0.0811793039178292,0.1360153800148937,0.1033261151041209,0.0396315663456707,0.0102831291878977,0.0182150043627457,0.0116276363400766,0.0210715507483483,1.0,1.0,1.0,0.0
2018-05-04,73.74,75.08,73.24,74.87,577053.0,351492.0,0.0959514966635444,0.0002220523188111,0.0149014200266667,0.0157346275395792,1.0,train,-0.03819,0.0080430596939144,-0.019603916874778856,0.0080430596939144,-0.019603916874778856,0.2095609420583473,0.06576876049689176,0.2095609420583473,0.06576876049689176,0.2845259450463953,0.349725525840315,0.2845259450463953,0.349725525840315,-0.6144099531693412,-0.4637964401309897,-0.6144099531693412,-0.4637964401309897,0.1926400164184352,0.09838506978495368,0.1926400164184352,0.09838506978495368,-0.0130292717495859,-0.22131355727863958,-0.0130292717495859,-0.22131355727863958,0.0776458721563875,0.0811793039178292,0.1360153800148937,0.1033261151041209,0.013277139427907,0.0102831291878977,0.0182150043627457,0.0116276363400766,1.0,1.0,1.0,1.0
2018-05-07,75.0,76.34,74.83,76.17,558160.0,359741.0,0.1687861625738165,0.0001439547821136,0.0119981157734722,0.0156157450323816,1.0,train,0.273994,-0.1241805171239667,0.11058086448706181,-0.1241805171239667,0.11058086448706181,0.4610343554708014,0.266822028269756,0.4610343554708014,0.266822028269756,0.3008421003200201,0.3591799230659149,0.3008421003200201,0.3591799230659149,0.0713729752137869,-0.06495910561238676,0.0713729752137869,-0.06495910561238676,-0.0527743531977927,0.13922795484912265,-0.0527743531977927,0.13922795484912265,-0.1700192134322938,-0.07354140241057945,-0.1700192134322938,-0.07354140241057945,0.0959514966635444,0.0776458721563875,0.0811793039178292,0.1360153800148937,0.0149014200266667,0.013277139427907,0.0102831291878977,0.0182150043627457,1.0,1.0,1.0,1.0
2018-05-08,75.6,76.18,73.1,74.85,513197.0,366891.0,0.1627154201749245,0.0006143218933906,0.0247855178156643,0.0162753483236731,1.0,train,0.769571,0.6946207992371467,0.3952346830845639,0.6946207992371467,0.3952346830845639,,0.13683594068590443,0.0,0.13683594068590443,0.8109512011534574,0.579255408167509,0.8109512011534574,0.579255408167509,0.334564884341111,0.12953883701998758,0.334564884341111,0.12953883701998758,0.6946296938274004,0.4099301647027601,0.6946296938274004,0.4099301647027601,0.8880484931594357,0.3951682045126275,0.8880484931594357,0.3951682045126275,0.1687861625738165,0.0959514966635444,0.0776458721563875,0.0811793039178292,0.0119981157734722,0.0149014200266667,0.013277139427907,0.0102831291878977,1.0,1.0,1.0,1.0
2018-05-09,76.19,77.43,76.08,77.21,494274.0,373887.0,0.1175078501067439,0.0001115812249992,0.0105632014559618,0.0167213553257068,1.0,train,0.771559,0.1666412830771097,0.28413522803832697,0.1666412830771097,0.28413522803832697,,0.0700640642389872,0.0,0.0700640642389872,0.9311037989580156,0.7510328114068603,0.9311037989580156,0.7510328114068603,,0.06655611812444721,0.0,0.06655611812444721,-0.0679806782065388,0.17717563279669463,-0.0679806782065388,0.17717563279669463,0.4151672126724912,0.4054389713960511,0.4151672126724912,0.4054389713960511,0.1627154201749245,0.1687861625738165,0.0959514966635444,0.0776458721563875,0.0247855178156643,0.0119981157734722,0.0149014200266667,0.013277139427907,1.0,1.0,1.0,1.0
2018-05-10,77.44,78.0,76.51,77.47,465255.0,381275.0,0.0866476659598962,0.0001341716672958,0.0115832494273326,0.0168877819195108,1.0,train,0.418851,0.2395979371707106,0.2625152416992707,0.2395979371707106,0.2625152416992707,,0.03582329005140783,0.0,0.03582329005140783,0.7414671431048577,0.7466988433393901,0.7414671431048577,0.7466988433393901,0.5490419218171175,0.3014840712734887,0.5490419218171175,0.3014840712734887,-0.3774836476882513,-0.09260538626486192,-0.3774836476882513,-0.09260538626486192,0.3989141866455876,0.40272913243725156,0.3989141866455876,0.40272913243725156,0.1175078501067439,0.1627154201749245,0.1687861625738165,0.0959514966635444,0.0105632014559618,0.0247855178156643,0.0119981157734722,0.0149014200266667,1.0,1.0,1.0,1.0
2018-05-11,77.55,77.6,76.95,77.12,452840.0,391318.0,0.0678635449823428,2.551927634189518e-05,0.0050516607508714,0.0170316497883122,1.0,train,0.371672,0.082449390600766,0.17520140487091096,0.082449390600766,0.17520140487091096,0.7093236286511241,0.3642027300202566,0.7093236286511241,0.3642027300202566,0.4692256396243556,0.6117033622792083,0.4692256396243556,0.6117033622792083,0.0271145466614971,0.16815347440262535,0.0271145466614971,0.16815347440262535,-0.4493737301227157,-0.26646809610058386,-0.4493737301227157,-0.26646809610058386,0.4547662731025247,0.42826132588265553,0.4547662731025247,0.42826132588265553,0.0866476659598962,0.1175078501067439,0.1627154201749245,0.1687861625738165,0.0115832494273326,0.0105632014559618,0.0247855178156643,0.0119981157734722,1.0,1.0,1.0,1.0
2018-06-01,77.71,77.95,76.35,76.79,540818.0,291053.0,0.048835744059593,0.0001551364271187,0.0124553774378266,0.0164460509813019,0.0,train,-0.077224,0.0397915016559244,-0.17958729882922353,0.0397915016559244,-0.17958729882922353,0.4922497965055811,0.2945486056943896,0.4922497965055811,0.2945486056943896,0.0058702564329211,0.04740847758407746,0.0058702564329211,0.04740847758407746,-0.2828226633988775,-0.23660782492458807,-0.2828226633988775,-0.23660782492458807,-0.3573461635116152,-0.3502111384346347,-0.3573461635116152,-0.3502111384346347,0.2538282986343296,0.11817832954325273,0.2538282986343296,0.11817832954325273,0.0678635449823428,0.0866476659598962,0.1175078501067439,0.1627154201749245,0.0050516607508714,0.0115832494273326,0.0105632014559618,0.0247855178156643,1.0,1.0,1.0,1.0
2018-06-04,76.66,76.95,75.2,75.29,531339.0,296611.0,0.0055940476194367,0.0001908732320535,0.0138156878965003,0.0157236280154677,0.0,train,0.081718,-0.0525202653187497,-0.14771617604262063,-0.0525202653187497,-0.14771617604262063,0.4885071041523708,0.4401835715008321,0.4885071041523708,0.4401835715008321,-0.0872216203678054,-0.05092838550567987,-0.0872216203678054,-0.05092838550567987,0.0056948644022361,-0.10481815294165767,0.0056948644022361,-0.10481815294165767,-0.2671477684963771,-0.25891440798705223,-0.2671477684963771,-0.25891440798705223,0.0335565977488767,-0.05865920883741226,0.0335565977488767,-0.05865920883741226,0.048835744059593,0.0678635449823428,0.0866476659598962,0.1175078501067439,0.0124553774378266,0.0050516607508714,0.0115832494273326,0.0105632014559618,0.0,1.0,1.0,1.0
2018-06-05,75.4,75.74,73.81,75.38,522606.0,302301.0,0.0981930790463021,0.0002403059624223,0.0155018051343171,0.0153801934328866,1.0,train,-0.244232,-0.5603943504181265,-0.34837066610960676,-0.5603943504181265,-0.34837066610960676,0.5571486730737335,0.4974422369865351,0.5571486730737335,0.4974422369865351,-0.133489963885724,-0.09164070035916645,-0.133489963885724,-0.09164070035916645,-0.416246076179179,-0.2562622562439563,-0.416246076179179,-0.2562622562439563,-0.3332766200785718,-0.294854571526271,-0.3332766200785718,-0.294854571526271,0.2670427247582296,0.10036541313361022,0.2670427247582296,0.10036541313361022,0.0055940476194367,0.048835744059593,0.0678635449823428,0.0866476659598962,0.0138156878965003,0.0124553774378266,0.0050516607508714,0.0115832494273326,0.0,0.0,1.0,1.0
2018-06-06,75.19,76.25,74.46,75.36,499722.0,306983.0,0.1159435660979593,0.0002035341587464,0.0142665398308932,0.0148248413184929,1.0,train,-0.327547,-0.4259377229276053,-0.3860306061195441,-0.4259377229276053,-0.3860306061195441,0.4982498436615032,0.49795780935267236,0.4982498436615032,0.49795780935267236,,-0.04728394785354269,0.0,-0.04728394785354269,0.0547311501129004,-0.10483530372455757,0.0547311501129004,-0.10483530372455757,-0.5417536814344039,-0.41499278437602904,-0.5417536814344039,-0.41499278437602904,-0.1460672983497254,-0.01981790406683053,-0.1460672983497254,-0.01981790406683053,0.0981930790463021,0.0055940476194367,0.048835744059593,0.0678635449823428,0.0155018051343171,0.0138156878965003,0.0124553774378266,0.0050516607508714,1.0,0.0,0.0,1.0
2018-06-07,75.88,77.45,75.44,77.32,480755.0,312485.0,0.0149849699554334,0.0002493782295424,0.0157917139520202,0.0156116081724748,0.0,train,-0.040471,-0.1285787680871338,-0.26056727831233073,-0.1285787680871338,-0.26056727831233073,0.0469002450934508,0.2783894024232249,0.0469002450934508,0.2783894024232249,0.110721560629898,0.029538438804413893,0.110721560629898,0.029538438804413893,-0.3257423913997741,-0.21253498110884206,-0.3257423913997741,-0.21253498110884206,-0.133560080568572,-0.2779747388430557,-0.133560080568572,-0.2779747388430557,-0.0978539916366881,-0.05756377937095659,-0.0978539916366881,-0.05756377937095659,0.1159435660979593,0.0981930790463021,0.0055940476194367,0.048835744059593,0.0142665398308932,0.0155018051343171,0.0138156878965003,0.0124553774378266,1.0,1.0,0.0,0.0
2018-06-08,77.39,77.61,76.12,76.46,466566.0,318966.0,0.0212816174026295,0.0001355367355315,0.0116420245460791,0.01641937539051,0.0,train,0.19778,0.2226832296823856,-0.024775588790295566,0.2226832296823856,-0.024775588790295566,0.4571785947181486,0.3656686275486093,0.4571785947181486,0.3656686275486093,0.0306014905812606,0.0301236529562561,0.0306014905812606,0.0301236529562561,-0.0397629538151716,-0.12828511104837598,-0.0397629538151716,-0.12828511104837598,0.1543561892014668,-0.06709587660704851,0.1543561892014668,-0.06709587660704851,0.0021229324421354,-0.028082238808355982,0.0021229324421354,-0.028082238808355982,0.0149849699554334,0.1159435660979593,0.0981930790463021,0.0055940476194367,0.0157917139520202,0.0142665398308932,0.0155018051343171,0.0138156878965003,0.0,1.0,1.0,0.0
2018-06-11,76.3,76.84,75.52,76.46,460407.0,326296.0,-0.0085949220340229,0.0001082934540952,0.0104064140843661,0.0169352160837674,0.0,train,0.112406,0.0987735052515378,-0.0873250139297504,0.0987735052515378,-0.0873250139297504,0.2760968915488687,0.25954897245697495,0.2760968915488687,0.25954897245697495,0.3021041326792544,0.0662755468163758,0.3021041326792544,0.0662755468163758,0.2915039923097081,0.21423441648588445,0.2915039923097081,0.21423441648588445,-0.200867725820332,-0.26944345630288813,-0.200867725820332,-0.26944345630288813,0.2992093495293495,0.14607687577817888,0.2992093495293495,0.14607687577817888,0.0212816174026295,0.0149849699554334,0.1159435660979593,0.0981930790463021,0.0116420245460791,0.0157917139520202,0.0142665398308932,0.0155018051343171,0.0,0.0,1.0,1.0
2018-06-12,76.5,77.07,75.43,75.88,448589.0,336483.0,0.0522092868460841,0.0001668614578512,0.01291748651446,0.0179241681365052,0.0,train,-0.470625,-0.5981748830316638,-0.3360742030539208,-0.5981748830316638,-0.3360742030539208,0.1687711113573547,0.215147419641216,0.1687711113573547,0.215147419641216,-0.067699250833854,0.001282159222719678,-0.067699250833854,0.001282159222719678,-0.4105858564512929,-0.08997450178743599,-0.4105858564512929,-0.08997450178743599,-0.0893058408067729,-0.18153930249098071,-0.0893058408067729,-0.18153930249098071,0.0085499496713214,0.07929849439286166,0.0085499496713214,0.07929849439286166,-0.0085949220340229,0.0212816174026295,0.0149849699554334,0.1159435660979593,0.0104064140843661,0.0116420245460791,0.0157917139520202,0.0142665398308932,0.0,0.0,0.0,1.0
2018-07-02,78.55,78.95,77.16,77.3,522300.0,279655.0,0.0523151276451674,0.0001896955843393,0.013773002008981,0.016386588647333,1.0,train,-0.500718,-0.7232174850389282,-0.3651888220785408,-0.7232174850389282,-0.36633744576219207,-0.4877322247732806,-0.2644273588275399,-0.4877322247732806,-0.295749562078195,0.2288729128832657,0.06538438576515869,0.2288729128832657,-0.04222285177346438,-0.4232075754178302,-0.2093917885600504,-0.4232075754178302,-0.2012586559549384,-0.3791368609224693,-0.27098583320493247,-0.3791368609224693,-0.39142705719467474,0.0578058054253504,-0.03622792651628736,0.0578058054253504,-0.17893608312214832,0.0522092868460841,-0.0085949220340229,0.0212816174026295,0.0149849699554334,0.01291748651446,0.0104064140843661,0.0116420245460791,0.0157917139520202,0.0,0.0,0.0,0.0
2018-07-03,77.4,78.55,76.67,77.76,504212.0,283364.0,0.0547104322013085,0.0002116592997724,0.0145485153803553,0.0159927533192014,1.0,train,-0.291926,-0.5199846378009905,-0.44062505921230066,-0.5199846378009905,-0.4412147822748135,-0.1839065385695942,-0.2253613338640449,-0.1839065385695942,-0.2414426892187495,0.0612872432380642,0.06342878633479107,0.0612872432380642,0.008181388450655427,-0.4035221228210945,-0.30410248207041407,-0.4035221228210945,-0.29992679255958743,-0.3988293791690494,-0.33336256618297105,-0.3988293791690494,-0.39519915241654363,-0.0464022177143101,-0.040692590353488454,-0.0464022177143101,-0.11396140098052153,0.0523151276451674,0.0522092868460841,-0.0085949220340229,0.0212816174026295,0.013773002008981,0.01291748651446,0.0104064140843661,0.0116420245460791,1.0,0.0,0.0,0.0
2018-07-04,77.89,78.28,77.61,78.24,501424.0,287919.0,0.0384337018645313,2.664974013265019e-05,0.0051623386301801,0.0155104776695632,0.0,train,0.091631,0.010713626680826,-0.22060291970909554,0.010713626680826,-0.22090569362487794,0.0577000595331573,-0.08759272975470386,0.0577000595331573,-0.09584917289105567,0.4984603694055637,0.27541676816551924,0.4984603694055637,0.247051808309799,0.1797127120719903,-0.06857486361531366,0.1797127120719903,-0.06643099313669044,-0.252357074605922,-0.2938205376302582,-0.252357074605922,-0.32556849958510947,-0.4632451591642366,-0.2461465963890854,-0.4632451591642366,-0.2837640580561613,0.0547104322013085,0.0523151276451674,0.0522092868460841,-0.0085949220340229,0.0145485153803553,0.013773002008981,0.01291748651446,0.0104064140843661,1.0,1.0,0.0,0.0
2018-07-05,78.14,78.5,77.3,77.39,495848.0,294488.0,0.0263155854433785,8.558926576577265e-05,0.0092514466850202,0.0154075290858086,0.0,train,0.018699,-0.1642786135401656,-0.19283466196698018,-0.1642786135401656,-0.1929901112785394,0.1148753172964955,0.01101182555752414,0.1148753172964955,0.006772826309001973,0.4942615113169012,0.38221828696644755,0.4942615113169012,0.3676552309958485,0.0877771174558134,0.007506507954967657,0.0877771174558134,0.008607207759681422,-0.3521270151072573,-0.3220872348633079,-0.3521270151072573,-0.33838718202532403,0.0086042043561275,-0.12205130881598161,0.0086042043561275,-0.1413647576104107,0.0384337018645313,0.0547104322013085,0.0523151276451674,0.0522092868460841,0.0051623386301801,0.0145485153803553,0.013773002008981,0.01291748651446,0.0,1.0,1.0,0.0
2018-07-06,77.57,77.68,76.36,77.11,474306.0,301329.0,0.0229563435767614,0.0001059440674799,0.0102929134592688,0.0148921784065479,0.0,train,-0.23602,-0.4009118613165404,-0.29406706410378486,-0.4009118613165404,-0.29414687444148124,0.1011324810908141,0.054866526213631805,0.1011324810908141,0.052690151431874235,-0.1873200476549041,0.10504933174513983,-0.1873200476549041,0.09757240950440449,-0.311156129261337,-0.14769206201452864,-0.311156129261337,-0.14712694389187275,-0.6166528894189213,-0.46545361924498385,-0.6166528894189213,-0.47382229115728963,-0.148181520343652,-0.13464989622271914,-0.148181520343652,-0.1445657514613384,0.0263155854433785,0.0384337018645313,0.0547104322013085,0.0523151276451674,0.0092514466850202,0.0051623386301801,0.0145485153803553,0.013773002008981,0.0,0.0,1.0,1.0
2018-07-09,77.21,78.31,77.04,78.07,458063.0,308737.0,0.0110768778114751,9.642259516345718e-05,0.0098195007593796,0.0167242647645154,0.0,train,0.183284,-0.0699983383167879,-0.2573033065983251,-0.0699983383167879,-0.25741520822622993,0.1307630557222156,0.05588859746710696,0.1307630557222156,0.05556889347324616,0.2950972166913208,0.15855135828644143,0.2950972166913208,0.15751372223228902,-0.0087181078414283,-0.20769284089950887,-0.0087181078414283,-0.20768682475572597,0.2673801508613126,-0.09928059046659649,0.2673801508613126,-0.1003506107156473,-0.1502070674374701,-0.16274517076689562,-0.1502070674374701,-0.164137996499684,0.0229563435767614,0.0263155854433785,0.0384337018645313,0.0547104322013085,0.0102929134592688,0.0092514466850202,0.0051623386301801,0.0145485153803553,0.0,0.0,0.0,1.0
2018-07-10,78.25,79.51,78.15,78.86,448633.0,316876.0,0.0177833638056705,0.0001073571208814,0.0103613281427364,0.0168669894199514,0.0,train,0.362048,0.2565123987580626,-0.007100837838988151,0.2565123987580626,-0.007158290050402079,0.1111138770085192,0.08291344018289282,0.1111138770085192,0.08274929867942159,0.686985103404896,0.41637764226851043,0.686985103404896,0.41584490215498315,-0.0358040091253443,-0.12407846335877508,-0.0358040091253443,-0.12407537456756638,0.6285812189727237,0.2555562997669055,0.6285812189727237,0.25500693305333133,-0.03161341082637,-0.0985911576430202,-0.03161341082637,-0.09930625821806285,0.0110768778114751,0.0229563435767614,0.0263155854433785,0.0384337018645313,0.0098195007593796,0.0102929134592688,0.0092514466850202,0.0051623386301801,0.0,0.0,0.0,0.0
2018-07-11,78.78,78.83,73.04,73.4,421191.0,324690.0,-0.0408437926477969,0.0020989822951088,0.0458146515332038,0.0168945320790858,0.0,train,0.375674,0.4679065670694122,0.22431975024916292,0.4679065670694122,0.22431975024916292,0.2118880714360666,0.14580166498007777,0.2118880714360666,0.14580166498007777,0.1905534056507275,0.3066135836211759,0.1905534056507275,0.3066135836211759,0.1821782492664978,0.025053766328751486,0.1821782492664978,0.025053766328751486,0.6331368519892476,0.43967309707271984,0.6331368519892476,0.43967309707271984,0.171235584313737,0.03280808717273122,0.171235584313737,0.03280808717273122,0.0177833638056705,0.0110768778114751,0.0229563435767614,0.0263155854433785,0.0103613281427364,0.0098195007593796,0.0102929134592688,0.0092514466850202,0.0,0.0,0.0,0.0
2018-07-12,74.17,75.1,72.67,74.45,387288.0,332517.0,-0.0190253859367954,0.0003902050120945,0.0197536075716445,0.017889989611778,0.0,train,-0.341543,-0.5447326432592469,-0.14977731288307117,-0.5447326432592469,-0.14977731288307117,-0.3626257691287651,-0.10151285080396337,-0.3626257691287651,-0.10151285080396337,-0.6660374948293628,-0.16721665240726,-0.6660374948293628,-0.16721665240726,-0.1771174822917806,-0.07316671881342222,-0.1771174822917806,-0.07316671881342222,-0.7204251578155394,-0.1250224632838193,-0.7204251578155394,-0.1250224632838193,-0.6929435786724093,-0.32079573707269404,-0.6929435786724093,-0.32079573707269404,-0.0408437926477969,0.0177833638056705,0.0110768778114751,0.0229563435767614,0.0458146515332038,0.0103613281427364,0.0098195007593796,0.0102929134592688,0.0,0.0,0.0,0.0
2018-08-01,74.07,74.12,72.13,72.39,452386.0,242255.0,-0.0590062550374028,0.0002671422329888,0.0163444863176807,0.0164655743535586,1.0,train,-0.140898,-0.190592251722096,0.02739390010897063,-0.190592251722096,0.02739390010897063,0.0961897567522523,0.19936559384324423,0.0961897567522523,0.19936559384324423,0.036349069392652,0.12589598281059963,0.036349069392652,0.12589598281059963,-0.1787119454981794,-0.027290758143823663,-0.1787119454981794,-0.027290758143823663,-0.5219899299248273,-0.329202235881502,-0.5219899299248273,-0.329202235881502,0.3041460857299292,0.06290227181223663,0.3041460857299292,0.06290227181223663,-0.0190253859367954,-0.0408437926477969,0.0177833638056705,0.0110768778114751,0.0197536075716445,0.0458146515332038,0.0103613281427364,0.0098195007593796,0.0,0.0,0.0,0.0
2018-08-02,72.42,73.75,71.84,73.45,435142.0,245445.0,-0.0510890529734897,0.00024832932941,0.0157584684982393,0.0163463581569897,1.0,train,-0.52364,-0.7517618243868084,-0.3521912317614503,-0.7517618243868084,-0.3521912317614503,0.247690835334239,0.22310078391969176,0.247690835334239,0.22310078391969176,-0.71704986286035,-0.28483188949409605,-0.71704986286035,-0.28483188949409605,-0.8374138671783998,-0.4220203134413761,-0.8374138671783998,-0.4220203134413761,-0.8998255151492891,-0.6073255391683224,-0.8998255151492891,-0.6073255391683224,-0.602435559654035,-0.2613003527259501,-0.602435559654035,-0.2613003527259501,-0.0590062550374028,-0.0190253859367954,-0.0408437926477969,0.0177833638056705,0.0163444863176807,0.0197536075716445,0.0458146515332038,0.0103613281427364,1.0,0.0,0.0,0.0
2018-08-03,73.37,73.73,72.48,73.21,419656.0,249421.0,-0.0602951364936323,0.0001054536396156,0.0102690622559032,0.0160077081009576,1.0,train,-0.124619,-0.3862353437868964,-0.3691667118027576,-0.3862353437868964,-0.3691667118027576,0.0953528299892978,0.16107025540071476,0.0953528299892978,0.16107025540071476,-0.0866572252642893,-0.18836604180677863,-0.0866572252642893,-0.18836604180677863,-0.4112944469685082,-0.4168037460923089,-0.4112944469685082,-0.4168037460923089,-0.8639698902883741,-0.732538306928285,-0.8639698902883741,-0.732538306928285,0.1301886154198122,-0.07055618293101776,0.1301886154198122,-0.07055618293101776,-0.0510890529734897,-0.0590062550374028,-0.0190253859367954,-0.0408437926477969,0.0157584684982393,0.0163444863176807,0.0197536075716445,0.0458146515332038,1.0,1.0,0.0,0.0
2018-08-06,73.21,74.47,73.08,73.75,418054.0,254479.0,-0.0445519786249395,0.0001280416928987,0.0113155509321774,0.0148864513452215,0.0,train,0.060098,-0.4640316338925656,-0.5327698189016836,-0.4640316338925656,-0.5327698189016836,-0.2006708471467969,-0.3468552215252049,-0.2006708471467969,-0.3468552215252049,0.083989027635444,-0.1176266663928857,0.083989027635444,-0.1176266663928857,-0.3361377552114003,-0.4465018841718218,-0.3361377552114003,-0.4465018841718218,-0.4430192737606589,-0.31604692967797143,-0.4430192737606589,-0.31604692967797143,-0.4720078899149771,-0.476626694425484,-0.4720078899149771,-0.476626694425484,-0.0602951364936323,-0.0510890529734897,-0.0590062550374028,-0.0190253859367954,0.0102690622559032,0.0157584684982393,0.0163444863176807,0.0197536075716445,1.0,1.0,1.0,0.0
2018-08-07,73.61,74.9,73.57,74.65,406210.0,260112.0,-0.0351421303549308,0.0001157773589258,0.010759988797664,0.0157012211937378,0.0,train,0.140439,0.0892388813992078,-0.23018261692831993,0.0892388813992078,-0.23018261692831993,-0.2117714281439061,-0.2815186527532204,-0.2117714281439061,-0.2815186527532204,0.4228689146432963,0.14574266204130357,0.4228689146432963,0.14574266204130357,-0.2217962331528365,-0.33704801468276074,-0.2217962331528365,-0.33704801468276074,0.5621390527298271,0.11151451548467518,0.5621390527298271,0.11151451548467518,-0.3901151727269157,-0.43457427900642226,-0.3901151727269157,-0.43457427900642226,-0.0445519786249395,-0.0602951364936323,-0.0510890529734897,-0.0590062550374028,0.0113155509321774,0.0102690622559032,0.0157584684982393,0.0163444863176807,0.0,1.0,1.0,1.0
2018-08-08,74.64,74.87,71.65,72.28,399036.0,266358.0,-0.0562202625442394,0.0006969992729093,0.0264007437946231,0.0164094249347145,1.0,train,0.522162,0.634193042241659,0.1905474386273867,0.634193042241659,0.1905474386273867,-0.4075481034738811,-0.343374878090003,-0.4075481034738811,-0.343374878090003,,0.07473867578699642,0.0,0.07473867578699642,-0.0554368044655947,-0.20000826613722916,-0.0554368044655947,-0.20000826613722916,0.4594394909137385,0.2812844475115035,0.4594394909137385,0.2812844475115035,0.0948063970837926,-0.17706349730527318,0.0948063970837926,-0.17706349730527318,-0.0351421303549308,-0.0445519786249395,-0.0602951364936323,-0.0510890529734897,0.010759988797664,0.0113155509321774,0.0102690622559032,0.0157584684982393,0.0,0.0,1.0,1.0
2018-08-09,72.16,72.89,71.86,72.07,380452.0,272042.0,-0.0799679911958497,7.305105691574744e-05,0.0085469911030576,0.0166777241281301,1.0,train,0.159156,0.0595465548279945,0.1265932396699596,0.0595465548279945,0.1265932396699596,0.416995587071037,0.02649758616071766,0.416995587071037,0.02649758616071766,-0.5184254513125552,-0.21442247654524405,-0.5184254513125552,-0.21442247654524405,-0.0199965540225081,-0.11234502586559668,-0.0199965540225081,-0.11234502586559668,0.1756175148863042,0.22997761529645738,0.1756175148863042,0.22997761529645738,-0.2980212235245513,-0.23622480508762106,-0.2980212235245513,-0.23622480508762106,-0.0562202625442394,-0.0351421303549308,-0.0445519786249395,-0.0602951364936323,0.0264007437946231,0.010759988797664,0.0113155509321774,0.0102690622559032,1.0,0.0,0.0,1.0
2018-08-10,71.97,73.14,71.4,72.81,360464.0,278165.0,-0.0798208200428618,0.0002090927119332,0.0144600384485383,0.0168153787481748,1.0,train,-0.00224,-0.0068016000060928,0.06162689131127732,-0.0068016000060928,0.06162689131127732,0.1455517473638954,0.08447482587632209,0.1455517473638954,0.08447482587632209,-0.1844648533691823,-0.200104541379968,-0.1844648533691823,-0.200104541379968,-0.2562404009539234,-0.18277584758990284,-0.2562404009539234,-0.18277584758990284,-0.1494473145368971,0.04543357804368558,-0.1494473145368971,0.04543357804368558,0.2692737326694248,0.010196984520956466,0.2692737326694248,0.010196984520956466,-0.0799679911958497,-0.0562202625442394,-0.0351421303549308,-0.0445519786249395,0.0085469911030576,0.0264007437946231,0.010759988797664,0.0113155509321774,1.0,1.0,0.0,0.0
2018-09-03,77.69,78.44,77.3,78.15,492697.0,217112.0,0.0652980332089345,7.73035457429809e-05,0.0087922434988449,0.0155429507502567,1.0,train,0.079495,-0.0543173892940109,-0.15275695815727489,-0.0543173892940109,-0.15275695815727489,0.1665192873998013,0.1857335237019598,0.1665192873998013,0.1857335237019598,0.0208779417503695,0.0195142919986119,0.0208779417503695,0.0195142919986119,-0.3452268922296863,-0.1956288445350119,-0.3452268922296863,-0.1956288445350119,0.0136082463664646,-0.2108802419262916,0.0136082463664646,-0.2108802419262916,-0.1634005695168982,-0.12515324154289317,-0.1634005695168982,-0.12515324154289317,-0.0798208200428618,-0.0799679911958497,-0.0562202625442394,-0.0351421303549308,0.0144600384485383,0.0085469911030576,0.0264007437946231,0.010759988797664,1.0,1.0,1.0,0.0
2018-09-04,78.19,79.72,77.44,78.17,460796.0,225922.0,-0.0008950834943233,0.0003036834572158,0.0174265159230355,0.0154949163992044,0.0,train,0.046736,-0.2689608124433438,-0.20993106159318406,-0.2689608124433438,-0.20993106159318406,-0.2393068007356338,-0.02123852950494431,-0.2393068007356338,-0.02123852950494431,0.1397555492700974,0.07804771205675995,0.1397555492700974,0.07804771205675995,-0.2616142436660388,-0.22810096509106775,-0.2616142436660388,-0.22810096509106775,-0.2464634438005636,-0.22847050440131694,-0.2464634438005636,-0.22847050440131694,-0.497843836048716,-0.3065671652561978,-0.497843836048716,-0.3065671652561978,0.0652980332089345,-0.0798208200428618,-0.0799679911958497,-0.0562202625442394,0.0087922434988449,0.0144600384485383,0.0085469911030576,0.0264007437946231,1.0,1.0,1.0,1.0
2018-09-05,77.82,78.09,76.91,77.27,437953.0,233676.0,-0.0015517913368752,8.361649089635542e-05,0.0091442053179243,0.0151981438933015,0.0,train,0.243107,0.5913682928433776,0.17999882436983106,0.5913682928433776,0.17999882436983106,0.1873029607699415,0.08031935130303593,0.1873029607699415,0.08031935130303593,0.0150361065564611,0.04720084104089399,0.0150361065564611,0.04720084104089399,0.320884776036846,0.03910246016841293,0.320884776036846,0.03910246016841293,-0.6349248601279947,-0.4267172761601536,-0.6349248601279947,-0.4267172761601536,,-0.157485697747476,0.0,-0.157485697747476,-0.0008950834943233,0.0652980332089345,-0.0798208200428618,-0.0799679911958497,0.0174265159230355,0.0087922434988449,0.0144600384485383,0.0085469911030576,0.0,1.0,1.0,1.0
2018-09-06,77.02,77.77,75.64,76.5,428388.0,242367.0,0.0366097456125604,0.0002781520242438,0.0166778902815632,0.0146223119565688,0.0,train,-0.295834,-0.4413923781798725,-0.12272301619872229,-0.4413923781798725,-0.12272301619872229,-0.2546911439038812,-0.08288243156843557,-0.2546911439038812,-0.08288243156843557,-0.3023994417328824,-0.12301545318606688,-0.3023994417328824,-0.12301545318606688,-0.3794695357926585,-0.16483836408450447,-0.3794695357926585,-0.16483836408450447,-0.1290981860169442,-0.2818402165533663,-0.1290981860169442,-0.2818402165533663,-0.7648557107513221,-0.45320607204419483,-0.7648557107513221,-0.45320607204419483,-0.0015517913368752,-0.0008950834943233,0.0652980332089345,-0.0798208200428618,0.0091442053179243,0.0174265159230355,0.0087922434988449,0.0144600384485383,0.0,0.0,1.0,1.0
2018-09-07,76.69,77.1,75.88,76.83,421386.0,251496.0,0.0287846648943448,9.175786531427897e-05,0.0095790325875987,0.015657184844027,0.0,train,-0.169937,-0.2887963614276436,-0.20362557761701505,-0.2887963614276436,-0.20362557761701505,-0.1600465180009593,-0.12069812607204075,-0.1600465180009593,-0.12069812607204075,-0.1777847906528311,-0.14966576242815546,-0.1777847906528311,-0.14966576242815546,-0.287169629543661,-0.22464148003970333,-0.287169629543661,-0.22464148003970333,0.2678064588809805,-0.014246487212116826,0.2678064588809805,-0.014246487212116826,-0.1223928199775012,-0.2922920562860935,-0.1223928199775012,-0.2922920562860935,0.0366097456125604,-0.0015517913368752,-0.0008950834943233,0.0652980332089345,0.0166778902815632,0.0091442053179243,0.0174265159230355,0.0087922434988449,0.0,0.0,0.0,1.0
2018-09-10,77.08,77.92,76.9,77.37,411119.0,261402.0,0.060745800154744,6.262292137430629e-05,0.0079134645620174,0.0168666618012139,1.0,train,0.114017,-0.2869449955764289,-0.2873301803888145,-0.2869449955764289,-0.2873301803888145,0.3583986542195526,0.11895307750363082,0.3583986542195526,0.11895307750363082,-0.166517172884235,-0.08225524065830518,-0.166517172884235,-0.08225524065830518,-0.548612644884406,-0.4369864985854349,-0.548612644884406,-0.4369864985854349,-0.598879402110174,-0.5576972570332902,-0.598879402110174,-0.5576972570332902,0.1047067363376176,-0.0632198846047982,0.1047067363376176,-0.0632198846047982,0.0287846648943448,0.0366097456125604,-0.0015517913368752,-0.0008950834943233,0.0095790325875987,0.0166778902815632,0.0091442053179243,0.0174265159230355,0.0,0.0,0.0,0.0
2018-09-11,77.38,79.54,77.36,79.06,399601.0,271766.0,0.0742831222480697,0.0002785463917336,0.0166897091566537,0.0178875400792711,1.0,train,0.258567,0.5453188407364241,0.11824650012468593,0.5453188407364241,0.11824650012468593,0.2569090523483011,0.18618723831202505,0.2569090523483011,0.18618723831202505,0.1701938910256311,0.04074641439404662,0.1701938910256311,0.04074641439404662,-0.052624263194577,-0.2501076522937329,-0.052624263194577,-0.2501076522937329,0.2732585415922606,-0.15286288936398687,0.2732585415922606,-0.15286288936398687,0.7219945448594364,0.3194208832713165,0.7219945448594364,0.3194208832713165,0.060745800154744,0.0287846648943448,0.0366097456125604,-0.0015517913368752,0.0079134645620174,0.0095790325875987,0.0166778902815632,0.0091442053179243,1.0,0.0,0.0,0.0
2018-09-12,79.42,80.13,78.75,79.74,383157.0,282071.0,0.0686435828231912,0.0001088469071447,0.0104329721146341,0.018031324338911,1.0,train,0.32619,0.4385818714207048,0.2746869991312968,0.4385818714207048,0.2746869991312968,0.0710221655643631,0.1300133227108748,0.0710221655643631,0.1300133227108748,0.4899363512650714,0.2596088893079817,0.4899363512650714,0.2596088893079817,-0.0790643528593916,-0.1667496202364333,-0.0790643528593916,-0.1667496202364333,0.0468610226086649,-0.05540761382392956,0.0468610226086649,-0.05540761382392956,0.488136102460449,0.40175250706788274,0.488136102460449,0.40175250706788274,0.0742831222480697,0.060745800154744,0.0287846648943448,0.0366097456125604,0.0166897091566537,0.0079134645620174,0.0095790325875987,0.0166778902815632,1.0,1.0,0.0,0.0
2018-10-01,82.79,85.45,82.55,84.98,585925.0,253584.0,0.1603477663816157,0.0004299700986656,0.0207357203556001,0.0164756169573052,1.0,train,0.27651,0.0605056411771335,0.013554943360438623,0.0605056411771335,0.013554943360438623,0.4588252305685647,0.20317701582488634,0.4588252305685647,0.20317701582488634,0.6168534261954739,0.46361733899778756,0.6168534261954739,0.46361733899778756,0.0354424996331957,-0.09818518570371283,0.0354424996331957,-0.09818518570371283,0.0975444499869415,-0.09664338741779731,0.0975444499869415,-0.09664338741779731,0.4288646517300564,0.27221217829813354,0.4288646517300564,0.27221217829813354,0.0686435828231912,0.0742831222480697,0.060745800154744,0.0287846648943448,0.0104329721146341,0.0166897091566537,0.0079134645620174,0.0095790325875987,1.0,1.0,1.0,0.0
2018-10-02,84.95,85.38,84.31,84.8,564273.0,264562.0,0.1436906401779705,5.7364221902180856e-05,0.0075739172098842,0.0161078956809297,1.0,train,0.330077,0.1742866275058597,0.0919069113642579,0.1742866275058597,0.0919069113642579,-0.3375208490044749,-0.05972976370053967,-0.3375208490044749,-0.05972976370053967,0.3942146724256891,0.4299908942895187,0.3942146724256891,0.4299908942895187,0.16730120313199,0.030899658323421036,0.16730120313199,0.030899658323421036,0.0179290823162738,-0.04081484980735435,0.0179290823162738,-0.04081484980735435,0.5899839310450413,0.426936872934873,0.5899839310450413,0.426936872934873,0.1603477663816157,0.0686435828231912,0.0742831222480697,0.060745800154744,0.0207357203556001,0.0104329721146341,0.0166897091566537,0.0079134645620174,1.0,1.0,1.0,1.0
2018-10-03,84.79,86.74,84.01,86.29,554769.0,276003.0,0.0990836596527309,0.0003688522420496,0.0192055263413866,0.0154182216218405,1.0,train,0.354322,0.2810999235255771,0.18429834546046472,0.2810999235255771,0.18429834546046472,0.1429229118165287,0.03856718904191561,0.1429229118165287,0.03856718904191561,0.4852149810754322,0.4571366133120164,0.4852149810754322,0.4571366133120164,-0.1877377389706467,-0.07571661735703983,-0.1877377389706467,-0.07571661735703983,0.5044812019527597,0.225038353397373,0.5044812019527597,0.225038353397373,,0.21922251261127837,0.0,0.21922251261127837,0.1436906401779705,0.1603477663816157,0.0686435828231912,0.0742831222480697,0.0075739172098842,0.0207357203556001,0.0104329721146341,0.0166897091566537,1.0,1.0,1.0,1.0
2018-10-04,85.99,86.43,84.14,84.58,541125.0,288595.0,0.0788118898121039,0.0002600712801246,0.0161267256479621,0.0152671433121533,1.0,train,0.190705,0.1264470434683576,0.15666978372272808,0.1264470434683576,0.15666978372272808,0.5582109925899806,0.2920030424609572,0.5582109925899806,0.2920030424609572,0.3940118534162565,0.42683124474196127,0.3940118534162565,0.42683124474196127,-0.3462813225527105,-0.20724061175299718,-0.3462813225527105,-0.20724061175299718,-0.2602168772735246,-0.010825393141927707,-0.2602168772735246,-0.010825393141927707,0.072512296246487,0.14800881332150928,0.072512296246487,0.14800881332150928,0.0990836596527309,0.1436906401779705,0.1603477663816157,0.0686435828231912,0.0192055263413866,0.0075739172098842,0.0207357203556001,0.0104329721146341,1.0,1.0,1.0,1.0
2018-10-05,84.89,85.12,83.92,84.16,514507.0,301207.0,0.0854139670439071,7.270640210395894e-05,0.0085268049176675,0.0151967098912243,1.0,train,0.035887,-0.3099439283225792,-0.0706700877373699,-0.3099439283225792,-0.0706700877373699,0.1848915449002215,0.23999905986295145,0.1848915449002215,0.23999905986295145,0.1502979436728121,0.29208537730082035,0.1502979436728121,0.29208537730082035,-0.3459350641702435,-0.2747958180752157,-0.3459350641702435,-0.2747958180752157,-0.3622626423189972,-0.18223207226202823,-0.3622626423189972,-0.18223207226202823,-0.5149403401976281,-0.1748901746520955,-0.5149403401976281,-0.1748901746520955,0.0788118898121039,0.0990836596527309,0.1436906401779705,0.1603477663816157,0.0161267256479621,0.0192055263413866,0.0075739172098842,0.0207357203556001,1.0,1.0,1.0,1.0
2018-10-08,84.17,84.31,82.66,83.91,508873.0,314618.0,0.1491973301579507,0.0001408944246845,0.0118698957318334,0.0166262897450606,1.0,train,0.178148,-0.0542556693941597,0.05633899762553342,-0.0542556693941597,0.05633899762553342,0.0156519315581532,-0.046508157245004685,0.0156519315581532,-0.046508157245004685,0.2041397760291758,0.16499875975491313,0.2041397760291758,0.16499875975491313,-0.3408401472467451,-0.17737861244310452,-0.3408401472467451,-0.17737861244310452,-0.080999239717293,-0.06916273290774985,-0.080999239717293,-0.06916273290774985,0.330006239962062,0.23513897505273765,0.330006239962062,0.23513897505273765,0.0854139670439071,0.0788118898121039,0.0990836596527309,0.1436906401779705,0.0085268049176675,0.0161267256479621,0.0192055263413866,0.0075739172098842,1.0,1.0,1.0,1.0
2018-10-09,83.91,85.45,83.73,85.0,510411.0,329104.0,0.1650133875539667,0.0001491294166688,0.0122118555784491,0.016589911921178,1.0,train,-0.209108,-0.4518307142086724,-0.1912750251413984,-0.4518307142086724,-0.1912750251413984,-0.0181700416884699,-0.03259040726754118,-0.0181700416884699,-0.03259040726754118,0.0419665093779823,0.10504982678035389,0.0419665093779823,0.10504982678035389,-0.1826437508955854,-0.17996487966972277,-0.1826437508955854,-0.17996487966972277,-0.8598172346920196,-0.4542156160289499,-0.8598172346920196,-0.4542156160289499,-0.7532827152301345,-0.24660949577376906,-0.7532827152301345,-0.24660949577376906,0.1491973301579507,0.0854139670439071,0.0788118898121039,0.0990836596527309,0.0118698957318334,0.0085268049176675,0.0161267256479621,0.0192055263413866,1.0,1.0,1.0,1.0
2018-10-10,84.98,85.17,82.26,83.09,484386.0,344468.0,0.0713252491155262,0.0004358945454354,0.0208780876862663,0.0168594069659558,1.0,train,0.036451,0.0738823449625826,-0.06212102384620136,0.0738823449625826,-0.06212102384620136,-0.1877015861402528,-0.10821005054217869,-0.1877015861402528,-0.10821005054217869,0.2545132920212596,0.17772773040450987,0.2545132920212596,0.17772773040450987,0.0811438999752356,-0.05267800412164234,0.0811438999752356,-0.05267800412164234,-0.1534937417881592,-0.3078003461772975,-0.1534937417881592,-0.3078003461772975,-0.2973795053900967,-0.2714500284345633,-0.2973795053900967,-0.2714500284345633,0.1650133875539667,0.1491973301579507,0.0854139670439071,0.0788118898121039,0.0122118555784491,0.0118698957318334,0.0085268049176675,0.0161267256479621,1.0,1.0,1.0,1.0
2018-10-11,82.47,82.63,79.8,80.26,456089.0,360498.0,0.0150643069702312,0.0004380289571531,0.0209291413381703,0.0178758255472624,0.0,train,-0.22314,-0.4353904733372714,-0.24405501886777198,-0.4353904733372714,-0.24405501886777198,-0.1338192756213205,-0.12103851896337671,-0.1338192756213205,-0.12103851896337671,-0.262921216409942,-0.037229991089669685,-0.262921216409942,-0.037229991089669685,-0.3615338555264477,-0.20320811170611974,-0.3615338555264477,-0.20320811170611974,-0.7073436330787786,-0.5027103252665163,-0.7073436330787786,-0.5027103252665163,-0.1910853543197009,-0.2327303419320753,-0.1910853543197009,-0.2327303419320753,0.0713252491155262,0.1650133875539667,0.1491973301579507,0.0854139670439071,0.0208780876862663,0.0122118555784491,0.0118698957318334,0.0085268049176675,1.0,1.0,1.0,1.0
2018-10-12,80.28,81.48,79.23,80.43,432933.0,377334.0,0.008615898962768,0.0002828202674667,0.0168172609977595,0.0180429810273269,0.0,train,-0.307334,-0.2873199945156712,-0.2653932257299225,-0.2873199945156712,-0.2653932257299225,0.8453588123323457,0.3499273005913228,0.8453588123323457,0.3499273005913228,-0.3643308497829316,-0.1968619909376319,-0.3643308497829316,-0.1968619909376319,-0.4700612144875856,-0.3334494476420538,-0.4700612144875856,-0.3334494476420538,-0.46870062801286,-0.48646351425022155,-0.46870062801286,-0.48646351425022155,0.3185593843111297,0.0353495097067811,0.3185593843111297,0.0353495097067811,0.0150643069702312,0.0713252491155262,0.1650133875539667,0.1491973301579507,0.0209291413381703,0.0208780876862663,0.0122118555784491,0.0118698957318334,0.0,1.0,1.0,1.0
2018-11-01,74.69,74.99,72.56,72.89,494632.0,280751.0,-0.1534644792925439,0.0003913696971321,0.0197830659184093,0.0165386071890783,1.0,train,-0.089152,-0.2018244851660852,-0.34790891442414823,-0.2018244851660852,-0.34790891442414823,0.3758465498766066,0.1243351414093603,0.3758465498766066,0.1243351414093603,0.039960767323913,-0.21276445596915605,0.039960767323913,-0.21276445596915605,-0.327372444225757,-0.4447822603267702,-0.327372444225757,-0.4447822603267702,0.5014047098366241,0.10289224006789234,0.5014047098366241,0.10289224006789234,0.1756936475182345,0.005702135757761191,0.1756936475182345,0.005702135757761191,0.008615898962768,0.0150643069702312,0.0713252491155262,0.1650133875539667,0.0168172609977595,0.0209291413381703,0.0208780876862663,0.0122118555784491,0.0,0.0,1.0,1.0
2018-11-02,72.75,73.5,72.16,72.83,477269.0,283707.0,-0.1521675845680334,0.0001221034762911,0.0110500441759835,0.0159519229401871,1.0,train,-0.092599,-0.5243920693577357,-0.43419825573098864,-0.5243920693577357,-0.43419825573098864,0.3902863067524574,0.2538821388485539,0.3902863067524574,0.2538821388485539,0.0497945765414955,-0.08508127648552694,0.0497945765414955,-0.08508127648552694,-0.6176730846181305,-0.529107342355435,-0.6176730846181305,-0.529107342355435,0.3507114725546988,0.22379957756544866,0.3507114725546988,0.22379957756544866,0.3595669769065417,0.17794891510539138,0.3595669769065417,0.17794891510539138,-0.1534644792925439,0.008615898962768,0.0150643069702312,0.0713252491155262,0.0197830659184093,0.0168172609977595,0.0209291413381703,0.0208780876862663,1.0,0.0,0.0,1.0
2018-11-05,72.85,74.13,72.26,73.17,466233.0,287235.0,-0.1399342480934615,0.0002354410459937,0.0153440883076766,0.0149698152408291,1.0,train,0.062373,-0.1132612972535997,-0.2442600919879458,-0.1132612972535997,-0.2442600919879458,0.2422835275102809,0.16067472205505456,0.2422835275102809,0.16067472205505456,0.1821669369560261,-0.01319692630249114,0.1821669369560261,-0.01319692630249114,0.5974474737815914,-0.030224978422593876,0.5974474737815914,-0.030224978422593876,-0.6701459888332618,-0.3115918656205628,-0.6701459888332618,-0.3115918656205628,-0.0336686162623717,-0.01929567122459935,-0.0336686162623717,-0.01929567122459935,-0.1521675845680334,-0.1534644792925439,0.008615898962768,0.0150643069702312,0.0110500441759835,0.0197830659184093,0.0168172609977595,0.0209291413381703,1.0,1.0,0.0,0.0
2018-11-06,72.85,73.28,71.18,72.13,440090.0,290056.0,-0.0588206943169087,0.0003049152156717,0.0174618216596008,0.0147069827762088,1.0,train,-0.278627,-0.3672345112957728,-0.30408944533907617,-0.3672345112957728,-0.30408944533907617,0.2585242679132669,0.20848410099321274,0.2585242679132669,0.20848410099321274,-0.4603996493149753,-0.23089553505733623,-0.4603996493149753,-0.23089553505733623,-0.6165707776328024,-0.31545748009991204,-0.6165707776328024,-0.31545748009991204,-0.3196621058904595,-0.3156085432820982,-0.3196621058904595,-0.3156085432820982,-0.7695229268883118,-0.3846115875769728,-0.7695229268883118,-0.3846115875769728,-0.1399342480934615,-0.1521675845680334,-0.1534644792925439,0.008615898962768,0.0153440883076766,0.0110500441759835,0.0197830659184093,0.0168172609977595,1.0,1.0,1.0,0.0
2018-11-07,71.66,73.55,71.36,72.07,410028.0,291743.0,-0.0639573199431939,0.0003295582516136,0.0181537393286786,0.0155332407011612,1.0,train,-0.374118,-0.4154690223568029,-0.3584345272554368,-0.4154690223568029,-0.3584345272554368,-0.2943709010678443,-0.03635913506763535,-0.2943709010678443,-0.03635913506763535,-0.664959033751171,-0.4425944696766285,-0.664959033751171,-0.4425944696766285,-0.5124714935748923,-0.41124720431870493,-0.5124714935748923,-0.41124720431870493,0.2985833520074217,-0.016362077126574195,0.2985833520074217,-0.016362077126574195,-0.6880774994990428,-0.5327481313137045,-0.6880774994990428,-0.5327481313137045,-0.0588206943169087,-0.1399342480934615,-0.1521675845680334,-0.1534644792925439,0.0174618216596008,0.0153440883076766,0.0110500441759835,0.0197830659184093,1.0,1.0,1.0,1.0
2018-11-08,72.1,73.08,70.56,70.65,384383.0,292364.0,-0.172006686751442,0.0004441339302217,0.0210744852896041,0.0164807640231581,1.0,train,-0.199808,-0.1205905845081317,-0.2426700935500463,-0.1205905845081317,-0.2426700935500463,-0.0738905816145345,-0.054582114545531586,-0.0738905816145345,-0.054582114545531586,,-0.22708248217325439,0.0,-0.22708248217325439,-0.6855487092956793,-0.5448747335868296,-0.6855487092956793,-0.5448747335868296,0.4391854564331022,0.2058801948710383,0.4391854564331022,0.2058801948710383,-0.6103835043194578,-0.5707392600926108,-0.6103835043194578,-0.5707392600926108,-0.0639573199431939,-0.0588206943169087,-0.1399342480934615,-0.1521675845680334,0.0181537393286786,0.0174618216596008,0.0153440883076766,0.0110500441759835,1.0,1.0,1.0,1.0
2018-11-09,70.87,70.99,69.13,70.18,367649.0,294037.0,-0.1915878863352471,0.0002542442802992,0.0159450393633649,0.0166359429388665,1.0,train,-0.068627,0.0228473521806275,-0.11311353589639465,0.0228473521806275,-0.11311353589639465,0.7350815129063809,0.3304846879451525,0.7350815129063809,0.3304846879451525,0.4123700306169339,0.08468201298869431,0.4123700306169339,0.08468201298869431,-0.5986591597997495,-0.5710116879767865,-0.5986591597997495,-0.5710116879767865,0.3953643958948376,0.29835074764818476,0.3953643958948376,0.29835074764818476,,-0.2928437319213495,0.0,-0.2928437319213495,-0.172006686751442,-0.0639573199431939,-0.0588206943169087,-0.1399342480934615,0.0210744852896041,0.0181537393286786,0.0174618216596008,0.0153440883076766,1.0,1.0,1.0,1.0
2018-11-12,70.69,71.88,68.87,70.12,355596.0,297224.0,-0.1371791808629439,0.0006599988243248,0.0256904422757732,0.0181397646651913,1.0,train,0.040058,0.1721833165754317,-0.04489159715354216,0.1721833165754317,-0.04489159715354216,-0.0354025101209506,0.25901750114867333,-0.0354025101209506,0.25901750114867333,0.0587211371152983,-0.16961290952612956,0.0587211371152983,-0.16961290952612956,-0.207781015545506,-0.3356529863959963,-0.207781015545506,-0.3356529863959963,0.2870219474326633,0.11851536023523554,0.2870219474326633,0.11851536023523554,-0.1714468331933893,-0.1050014518834093,-0.1714468331933893,-0.1050014518834093,-0.1915878863352471,-0.172006686751442,-0.0639573199431939,-0.0588206943169087,0.0159450393633649,0.0210744852896041,0.0181537393286786,0.0174618216596008,1.0,1.0,1.0,1.0
2018-12-03,59.98,62.6,59.85,61.69,401319.0,221721.0,-0.3355918732986689,0.0007278944520023,0.0269795191210354,0.0155259885605867,1.0,train,0.083094,0.5546600921245597,0.26128824159613834,0.5546600921245597,0.2590052252304861,0.4489739793784694,0.18896215116791365,0.4489739793784694,0.19274121334796113,-0.1417492525848712,-0.26404928294339586,-0.1417492525848712,-0.2651088555490301,0.0710539432584205,-0.29297442891084596,0.0710539432584205,-0.297155005249169,0.3242797898354679,0.21999427123003407,0.3242797898354679,0.21817256141508337,0.7042602358881949,0.563429380219733,0.7042602358881949,0.5666964783894013,-0.1371791808629439,-0.1915878863352471,-0.172006686751442,-0.0639573199431939,0.0256904422757732,0.0159450393633649,0.0210744852896041,0.0181537393286786,1.0,1.0,1.0,1.0
2018-12-04,61.9,63.58,61.24,62.08,387209.0,225358.0,-0.3092739561693793,0.0005071537813445,0.0225200750741328,0.0152643666370991,1.0,train,0.260442,0.5824661856841362,0.41845098016229587,0.5824661856841362,0.4172788404771385,-0.6097681303370222,-0.20006440540149734,-0.6097681303370222,-0.19812417018437234,0.7355432230257216,0.22305826299170015,0.7355432230257216,0.22251426027710955,-0.4234778854093296,-0.35619269587847646,-0.4234778854093296,-0.3583390753379941,0.0711515492087424,0.1480865660761139,0.0711515492087424,0.1471512690712085,0.7856577219442286,0.672049019028163,0.7856577219442286,0.6737264031580308,-0.3355918732986689,-0.1371791808629439,-0.1915878863352471,-0.172006686751442,0.0269795191210354,0.0256904422757732,0.0159450393633649,0.0210744852896041,1.0,1.0,1.0,1.0
2018-12-05,61.35,63.29,60.8,61.56,374850.0,230216.0,-0.1727731919252599,0.0005810536890078,0.0241050552583451,0.0149526495188102,1.0,train,0.10727,0.3331883618243642,0.37747920943684754,0.3331883618243642,0.3768774128565902,,-0.1032279310927108,0.0,-0.10223178111728891,0.3356728600606963,0.278206123174639,0.3356728600606963,0.277926822868168,-0.4689964079638732,-0.410806063867961,-0.4689964079638732,-0.41190805182641727,0.0905534060435977,0.12039460283939545,0.0905534060435977,0.11991440534569711,0.8190284393633452,0.7436323580968833,0.8190284393633452,0.7444935558243511,-0.3092739561693793,-0.3355918732986689,-0.1371791808629439,-0.1915878863352471,0.0225200750741328,0.0269795191210354,0.0256904422757732,0.0159450393633649,1.0,1.0,1.0,1.0
2018-12-06,61.36,61.97,58.36,60.06,358339.0,235260.0,-0.1831259839603971,0.0012992771544064,0.0360454872960055,0.0147933904134058,1.0,train,-0.123732,0.0218843942508827,0.20446642880711421,0.0218843942508827,0.20446642880711421,-0.3680842461827403,-0.23233070353576335,-0.3680842461827403,-0.23233070353576335,-0.4220042902588548,-0.06276593277446398,-0.4220042902588548,-0.06276593277446398,-0.3217046989644043,-0.3676503318870812,-0.3217046989644043,-0.3676503318870812,0.1508195328944125,0.13529236572857237,0.1508195328944125,0.13529236572857237,0.8159208336324492,0.7793125889074238,0.8159208336324492,0.7793125889074238,-0.1727731919252599,-0.3092739561693793,-0.3355918732986689,-0.1371791808629439,0.0241050552583451,0.0225200750741328,0.0269795191210354,0.0256904422757732,1.0,1.0,1.0,1.0
2018-12-07,60.25,63.73,59.1,61.67,354032.0,240911.0,-0.1558402799329483,0.0020518199756541,0.0452970195007806,0.0156404525974655,1.0,train,-0.347385,-0.2215914456417915,-0.002923468674986299,-0.2215914456417915,-0.002923468674986299,,-0.11947401674778828,0.0,-0.11947401674778828,-0.3577913130669448,-0.20673873832094197,-0.3577913130669448,-0.20673873832094197,-0.1880547548423368,-0.28024702955376507,-0.1880547548423368,-0.28024702955376507,-0.2831590431429003,-0.06861743487199189,-0.2831590431429003,-0.06861743487199189,0.4358078019389323,0.61221198940167,0.4358078019389323,0.61221198940167,-0.1831259839603971,-0.1727731919252599,-0.3092739561693793,-0.3355918732986689,0.0360454872960055,0.0241050552583451,0.0225200750741328,0.0269795191210354,1.0,1.0,1.0,1.0
2018-12-10,61.34,62.33,59.61,59.97,355816.0,247410.0,-0.326079920496471,0.0007180654898544,0.0267967440159144,0.016892512393567,1.0,train,0.124874,0.399482637491314,0.4054269525705138,0.399482637491314,0.4054269525705138,0.1317239093063221,0.03153049286832648,0.1317239093063221,0.03153049286832648,0.0579635634815012,0.000435533909036996,0.0579635634815012,0.000435533909036996,-0.2143568722709444,-0.10101962099042108,-0.2143568722709444,-0.10101962099042108,0.3929725566370142,0.3750099679739715,0.3929725566370142,0.3750099679739715,0.5889150881534693,0.5160900732795248,0.5889150881534693,0.5160900732795248,-0.1558402799329483,-0.1831259839603971,-0.1727731919252599,-0.3092739561693793,0.0452970195007806,0.0360454872960055,0.0241050552583451,0.0225200750741328,1.0,1.0,1.0,1.0
2018-12-11,59.91,61.1,59.58,60.2,356064.0,253615.0,-0.2875990125239953,0.0002288953902146,0.0151292891510042,0.0179585940507593,1.0,train,-0.083573,0.1939053180284685,0.30268932472839427,0.1939053180284685,0.30268932472839427,,0.016595281356274215,0.0,0.016595281356274215,-0.1563176976628679,-0.0756002454722633,-0.1563176976628679,-0.0756002454722633,-0.1893326956609941,-0.1436183934698193,-0.1893326956609941,-0.1436183934698193,0.157410029420545,0.26922303617402465,0.157410029420545,0.26922303617402465,0.488582595780788,0.5026649859191092,0.488582595780788,0.5026649859191092,-0.326079920496471,-0.1558402799329483,-0.1831259839603971,-0.1727731919252599,0.0267967440159144,0.0452970195007806,0.0360454872960055,0.0241050552583451,1.0,1.0,1.0,1.0
2018-12-12,60.67,61.43,59.98,60.15,342783.0,260318.0,-0.1533666176323453,0.0002057988411417,0.0143456906819344,0.0183337673455487,1.0,train,0.040785,0.3987525252728524,0.34967499699395993,0.3987525252728524,0.34967499699395993,-0.0640806794157531,-0.022739210273956784,-0.0640806794157531,-0.022739210273956784,-0.1532176629073708,-0.11319263846423157,-0.1532176629073708,-0.11319263846423157,-0.0017153688820075,-0.07415647629436843,-0.0017153688820075,-0.07415647629436843,0.0931325107090114,0.18354534042522178,0.0931325107090114,0.18354534042522178,-0.0333532448026476,0.24154705340782945,-0.0333532448026476,0.24154705340782945,-0.2875990125239953,-0.326079920496471,-0.1558402799329483,-0.1831259839603971,0.0151292891510042,0.0267967440159144,0.0452970195007806,0.0360454872960055,1.0,1.0,1.0,1.0
2019-01-02,54.12,56.56,52.51,54.91,499715.0,239409.0,-0.1164263619307668,0.0019910098088361,0.0446207329482175,0.0196242218502672,1.0,train,-0.201767,-0.5606727056194059,-0.3369771411887716,-0.5606727056194059,-0.3369771411887716,0.4750930568854349,0.17249284401961834,0.4750930568854349,0.17249284401961834,-0.4064293078658402,-0.2214784975757434,-0.4064293078658402,-0.2214784975757434,-0.1944918753960466,-0.11436218100297466,-0.1944918753960466,-0.11436218100297466,-0.0928224139101465,-0.030082302687318294,-0.0928224139101465,-0.030082302687318294,0.1119410059850685,-0.008727424551984955,0.1119410059850685,-0.008727424551984955,-0.1533666176323453,-0.2875990125239953,-0.326079920496471,-0.1558402799329483,0.0143456906819344,0.0151292891510042,0.0267967440159144,0.0452970195007806,1.0,1.0,1.0,1.0
2019-01-03,54.29,56.3,53.93,55.95,501313.0,249092.0,-0.0851030932690264,0.0006671223401494,0.0258287115464445,0.0202955290187529,1.0,train,-0.111857,-0.1691553982808824,-0.25568495160034604,-0.1691553982808824,-0.25568495160034604,-0.6605435763552364,-0.23340239096450802,-0.6605435763552364,-0.23340239096450802,-0.1232715226608863,-0.17357359616660184,-0.1232715226608863,-0.17357359616660184,-0.5235320353614539,-0.3137067154256284,-0.5235320353614539,-0.3137067154256284,0.6114517793527234,0.28224466235962786,0.6114517793527234,0.28224466235962786,0.3856498916526079,0.18336596957817308,0.3856498916526079,0.18336596957817308,-0.1164263619307668,-0.1533666176323453,-0.2875990125239953,-0.326079920496471,0.0446207329482175,0.0143456906819344,0.0151292891510042,0.0267967440159144,1.0,1.0,1.0,1.0
2019-01-04,55.67,58.31,55.34,57.06,495064.0,259244.0,-0.0638153364638647,0.0009857036018399,0.0313959169612854,0.0197270644846322,1.0,train,0.051481,0.3004436566960918,0.015285030176057037,0.3004436566960918,0.015285030176057037,-0.4463039254675432,-0.3372733552071668,-0.4463039254675432,-0.3372733552071668,-0.1593390505614935,-0.16658043639594675,-0.1593390505614935,-0.16658043639594675,0.1000908411487946,-0.11188719565380822,0.1000908411487946,-0.11188719565380822,0.4126515458745425,0.346014557931913,0.4126515458745425,0.346014557931913,,0.09432588563645093,0.0,0.09432588563645093,-0.0851030932690264,-0.1164263619307668,-0.1533666176323453,-0.2875990125239953,0.0258287115464445,0.0446207329482175,0.0143456906819344,0.0151292891510042,1.0,1.0,1.0,1.0
2019-01-07,57.41,58.93,57.26,57.33,488207.0,270206.0,-0.1161342946298003,0.0002980779118863,0.0172649330113479,0.0201128947522354,1.0,train,0.297645,0.0561208480456482,0.08086922646739064,0.0561208480456482,0.08086922646739064,0.1727372443983949,0.1600630643077869,0.1727372443983949,0.1600630643077869,0.2533890321308126,0.20798936574235202,0.2533890321308126,0.20798936574235202,-0.466902974012046,-0.2930733133667772,-0.466902974012046,-0.2930733133667772,0.1648477641478529,0.23619261057729388,0.1648477641478529,0.23619261057729388,0.177171413403884,0.21531109782406496,0.177171413403884,0.21531109782406496,-0.0638153364638647,-0.0851030932690264,-0.1164263619307668,-0.1533666176323453,0.0313959169612854,0.0258287115464445,0.0446207329482175,0.0143456906819344,1.0,1.0,1.0,1.0
2019-01-08,57.64,58.87,57.13,58.72,446902.0,279608.0,-0.0590205149597933,0.0003246550835583,0.0180181875769563,0.0204646638609785,0.0,train,0.371332,0.5162526260629011,0.2932397429500899,0.5162526260629011,0.2932397429500899,0.119362563506438,0.14033094132300525,0.119362563506438,0.14033094132300525,0.5153955079753707,0.35810653765833905,0.5153955079753707,0.35810653765833905,-0.0335603402867717,-0.16682324812624227,-0.0335603402867717,-0.16682324812624227,0.6143277932550051,0.4205241988974531,0.6143277932550051,0.4205241988974531,0.8640645495722077,0.5318126872922865,0.8640645495722077,0.5318126872922865,-0.1161342946298003,-0.0638153364638647,-0.0851030932690264,-0.1164263619307668,0.0172649330113479,0.0313959169612854,0.0258287115464445,0.0446207329482175,1.0,1.0,1.0,1.0
2019-01-09,59.15,61.69,59.05,61.44,425796.0,288901.0,-0.0172654551043045,0.0006899513968737,0.0262669259121378,0.0192350681411193,0.0,train,0.177003,0.148282370890067,0.2227504442994691,0.148282370890067,0.2227504442994691,0.0078407554783224,0.0757602238592311,0.0078407554783224,0.0757602238592311,0.4450094954073242,0.4009111248746418,0.4450094954073242,0.4009111248746418,-0.0529648842847254,-0.11159112724954057,-0.0529648842847254,-0.11159112724954057,0.4275131039381241,0.424179807731593,0.4275131039381241,0.424179807731593,0.2505752082348365,0.3951302656540718,0.2505752082348365,0.3951302656540718,-0.0590205149597933,-0.1161342946298003,-0.0638153364638647,-0.0851030932690264,0.0180181875769563,0.0172649330113479,0.0313959169612854,0.0258287115464445,0.0,1.0,1.0,1.0
2019-01-10,61.15,61.91,60.44,61.68,400147.0,299052.0,-0.0408219945202548,0.0002082778367339,0.0144318341430998,0.0179636661272495,0.0,train,0.57239,0.5577444668638857,0.38611509270893557,0.5577444668638857,0.38611509270893557,-0.3703199514958495,-0.14154284583435633,-0.3703199514958495,-0.14154284583435633,0.832628935937299,0.6114101038754649,0.832628935937299,0.6114101038754649,0.163728784294303,0.022558660575167446,0.163728784294303,0.022558660575167446,0.7814668855804261,0.5985530606573606,0.7814668855804261,0.5985530606573606,0.6930405269011212,0.5404456634285213,0.6930405269011212,0.5404456634285213,-0.0172654551043045,-0.0590205149597933,-0.1161342946298003,-0.0638153364638647,0.0262669259121378,0.0180181875769563,0.0172649330113479,0.0313959169612854,0.0,0.0,1.0,1.0
2019-01-11,61.19,62.49,60.08,60.48,377813.0,311268.0,-0.0618687899396022,0.0005578946591415,0.0236197937997256,0.0176511462848243,1.0,train,0.025896,-0.3217453797993215,0.04159658768204942,-0.3217453797993215,0.04159658768204942,-0.5364164894655864,-0.33382772294629925,-0.5364164894655864,-0.33382772294629925,-0.0629391453545072,0.28324261540058504,-0.0629391453545072,0.28324261540058504,-0.6407568860415547,-0.3005869380241201,-0.6407568860415547,-0.3005869380241201,0.2556352854241826,0.43178262828667985,0.2556352854241826,0.43178262828667985,-0.4041335722712206,0.08071915124829503,-0.4041335722712206,0.08071915124829503,-0.0408219945202548,-0.0172654551043045,-0.0590205149597933,-0.1161342946298003,0.0144318341430998,0.0262669259121378,0.0180181875769563,0.0172649330113479,0.0,0.0,0.0,1.0
2019-02-01,61.06,62.97,60.46,62.75,449502.0,245300.0,0.0423171355912055,0.0005967607818934,0.0244286876825877,0.0181624001061609,0.0,train,0.124645,0.2292004520347451,0.2138546126632661,0.2292004520347451,0.2138546126632661,-0.1747393491654044,-0.15451042587706176,-0.1747393491654044,-0.15451042587706176,-0.0136554043838656,0.03253686870141982,-0.0136554043838656,0.03253686870141982,0.0377229540670947,0.05526663295731745,0.0377229540670947,0.05526663295731745,0.5651064893897519,0.39571829601225234,0.5651064893897519,0.39571829601225234,0.1846415242178988,0.12963735159881476,0.1846415242178988,0.12963735159881476,-0.0618687899396022,-0.0408219945202548,-0.0172654551043045,-0.0590205149597933,0.0236197937997256,0.0144318341430998,0.0262669259121378,0.0180181875769563,1.0,0.0,0.0,0.0
2019-02-04,62.83,63.63,61.28,62.51,432864.0,249962.0,0.0912231981583673,0.0005107617206929,0.0226000380683958,0.019954529169451,1.0,train,0.191626,0.2643406938420101,0.27033996793329734,0.2643406938420101,0.27033996793329734,-0.0926791164429979,-0.10531999225422453,-0.0926791164429979,-0.10531999225422453,0.0151048371711963,0.05748279454906637,0.0151048371711963,0.05748279454906637,0.0642030393328863,0.06695941524420068,0.0642030393328863,0.06695941524420068,0.1135058939226109,0.2637096599870535,0.1135058939226109,0.2637096599870535,0.198545290321974,0.06773576546733164,0.198545290321974,0.06773576546733164,0.0423171355912055,-0.0618687899396022,-0.0408219945202548,-0.0172654551043045,0.0244286876825877,0.0236197937997256,0.0144318341430998,0.0262669259121378,0.0,1.0,0.0,0.0
2019-02-05,62.64,63.02,61.72,61.98,418746.0,254403.0,-0.0163229740319303,0.0001567044075472,0.0125181631059516,0.0202980850127403,0.0,train,0.108087,0.0003672832442752,0.13879736454711114,0.0003672832442752,0.13879736454711114,,-0.05394432047636729,0.0,-0.05394432047636729,-0.2134178900192407,-0.0745702704224966,-0.2134178900192407,-0.0745702704224966,-0.6453580130919838,-0.2800242159745442,-0.6453580130919838,-0.2800242159745442,0.0234598480366913,0.1467177513870012,0.0234598480366913,0.1467177513870012,0.672716491092147,0.36244419291933205,0.672716491092147,0.36244419291933205,0.0912231981583673,0.0423171355912055,-0.0618687899396022,-0.0408219945202548,0.0226000380683958,0.0244286876825877,0.0236197937997256,0.0144318341430998,1.0,0.0,1.0,0.0
2019-02-06,62.06,62.8,61.05,62.69,411612.0,259588.0,-0.0111041750101978,0.0002880822007225,0.0169729844377056,0.0203614370374104,0.0,train,0.048226,0.277370342848289,0.20624666556898863,0.277370342848289,0.20624666556898863,-0.3869834461877495,-0.216235399431883,-0.3869834461877495,-0.216235399431883,-0.3172161565709073,-0.19289815914885264,-0.3172161565709073,-0.19289815914885264,-0.1262038680725512,-0.20506992878009583,-0.1262038680725512,-0.20506992878009583,0.0113262439968743,0.08088717608775947,0.0113262439968743,0.08088717608775947,0.1239954079862924,0.24619850548257574,0.1239954079862924,0.24619850548257574,-0.0163229740319303,0.0912231981583673,0.0423171355912055,-0.0618687899396022,0.0125181631059516,0.0226000380683958,0.0244286876825877,0.0236197937997256,0.0,1.0,0.0,1.0
2019-02-07,62.5,62.91,60.6,61.63,400777.0,264065.0,0.0723247180538599,0.0005047723391287,0.0224671390953255,0.0201023746218632,1.0,train,-0.021897,-0.0436424663723609,0.0846496386588534,-0.0436424663723609,0.0846496386588534,0.1904494130060729,-0.018399297262770595,0.1904494130060729,-0.018399297262770595,-0.1337069377972191,-0.1641339279284207,-0.1337069377972191,-0.1641339279284207,-0.5373219235195472,-0.3669694546539492,-0.5373219235195472,-0.3669694546539492,-0.2582977447083542,-0.08431455243541965,-0.2582977447083542,-0.08431455243541965,0.2810122804733654,0.2630493477335638,0.2810122804733654,0.2630493477335638,-0.0111041750101978,-0.0163229740319303,0.0912231981583673,0.0423171355912055,0.0169729844377056,0.0125181631059516,0.0226000380683958,0.0244286876825877,0.0,0.0,1.0,0.0
2019-02-08,61.66,62.36,61.04,62.1,377459.0,268283.0,0.0559656046331724,0.000165091689801,0.0128488011036441,0.0205130057357875,0.0,train,-0.149993,-0.2991148176422474,-0.1020141714167017,-0.2991148176422474,-0.1020141714167017,0.0733672432236538,0.02620469821664043,0.0733672432236538,0.02620469821664043,-0.1802622841638557,-0.17196492150929849,-0.1802622841638557,-0.17196492150929849,-0.4079652196178122,-0.3869310966523614,-0.4079652196178122,-0.3869310966523614,-0.5402004440369519,-0.30653770000303676,-0.5402004440369519,-0.30653770000303676,0.2516772094232715,0.2576052517528272,0.2516772094232715,0.2576052517528272,0.0723247180538599,-0.0111041750101978,-0.0163229740319303,0.0912231981583673,0.0224671390953255,0.0169729844377056,0.0125181631059516,0.0226000380683958,1.0,0.0,0.0,1.0
2019-02-11,62.11,62.34,60.9,61.51,340254.0,270293.0,0.0168870313489994,0.0001969861422373,0.0140351751765825,0.0174480032130698,0.0,train,-0.054247,-0.5593043371623228,-0.20707375188218008,-0.5593043371623228,-0.20707375188218008,-0.0361901358731757,-0.01115693148693913,-0.0361901358731757,-0.01115693148693913,0.0505098270115832,-0.022798810656196968,0.0505098270115832,-0.022798810656196968,-0.5172204014191519,-0.3029375382056777,-0.5172204014191519,-0.3029375382056777,-0.5737317678753118,-0.4930097896251564,-0.5737317678753118,-0.4930097896251564,0.026710937768768,0.11985276507556558,0.026710937768768,0.11985276507556558,0.0559656046331724,0.0723247180538599,-0.0111041750101978,-0.0163229740319303,0.0128488011036441,0.0224671390953255,0.0169729844377056,0.0125181631059516,0.0,1.0,0.0,0.0
2019-02-12,61.59,63.34,61.59,62.42,336305.0,274573.0,-0.0206127481992144,0.0002831222314906,0.0168262364030285,0.0168397743667945,0.0,train,-0.338585,-0.3590958932634048,-0.2814797505137996,-0.3590958932634048,-0.2814797505137996,0.4764541439142743,0.2262552180449782,0.4764541439142743,0.2262552180449782,-0.5518283661198276,-0.2804424428832224,-0.5518283661198276,-0.2804424428832224,-0.2501965665414438,-0.2775481157213374,-0.2501965665414438,-0.2775481157213374,-0.5949195409892637,-0.5432534499834244,-0.5949195409892637,-0.5432534499834244,-0.4745880479411177,-0.16982762614577515,-0.4745880479411177,-0.16982762614577515,0.0168870313489994,0.0559656046331724,0.0723247180538599,-0.0111041750101978,0.0140351751765825,0.0128488011036441,0.0224671390953255,0.0169729844377056,0.0,0.0,1.0,0.0
2019-03-01,66.48,67.14,64.59,65.07,419414.0,234180.0,0.0363050354949994,0.000540746886283,0.0232539649583258,0.0183926223837733,0.0,train,-0.095426,0.0442099143760892,0.04647939920815799,0.0442099143760892,0.04647939920815799,0.2172484551101048,0.2563561915007585,0.2172484551101048,0.2563561915007585,-0.4094390965693569,-0.04783856979456149,-0.4094390965693569,-0.04783856979456149,-0.4532258210775022,-0.14736476106194016,-0.4532258210775022,-0.14736476106194016,0.3271101906978662,0.25450510303369916,0.3271101906978662,0.25450510303369916,0.3956772312789295,0.3366821634489975,0.3956772312789295,0.3366821634489975,-0.0206127481992144,0.0168870313489994,0.0559656046331724,0.0723247180538599,0.0168262364030285,0.0140351751765825,0.0128488011036441,0.0224671390953255,0.0,0.0,0.0,1.0
2019-03-04,64.97,66.34,64.93,65.67,411010.0,238897.0,0.0493156562591599,0.0001664620350026,0.0129020167029269,0.0200862247210332,0.0,train,0.230207,0.4505331814449138,0.34610871070408583,0.4505331814449138,0.34610871070408583,0.4468100226257655,0.40102412532385984,0.4468100226257655,0.40102412532385984,-0.0036630515431978,-0.07094665952950864,-0.0036630515431978,-0.07094665952950864,-0.2511191350519555,-0.27122722922058695,-0.2511191350519555,-0.27122722922058695,0.4212440758933456,0.4026893800946552,0.4212440758933456,0.4026893800946552,0.1127481056844306,0.18428523585568876,0.1127481056844306,0.18428523585568876,0.0363050354949994,-0.0206127481992144,0.0168870313489994,0.0559656046331724,0.0232539649583258,0.0168262364030285,0.0140351751765825,0.0128488011036441,0.0,0.0,0.0,0.0
2019-03-05,65.46,66.23,65.04,65.86,422991.0,244676.0,0.0607195245886158,0.0001185663049312,0.0108888155889983,0.0203504174179349,0.0,train,0.373337,0.6008700990844311,0.4705264728797924,0.6008700990844311,0.4705264728797924,0.1090552846411978,0.2587703333078308,0.1090552846411978,0.2587703333078308,0.6480467768711519,0.27914659859633223,0.6480467768711519,0.27914659859633223,0.1467341655376151,-0.06745316684540932,0.1467341655376151,-0.06745316684540932,0.6381797604947652,0.5176598459090872,0.6381797604947652,0.5176598459090872,0.5997550102308657,0.3865843085235127,0.5997550102308657,0.3865843085235127,0.0493156562591599,0.0363050354949994,-0.0206127481992144,0.0168870313489994,0.0129020167029269,0.0232539649583258,0.0168262364030285,0.0140351751765825,0.0,0.0,0.0,0.0
2019-03-06,65.49,66.18,65.22,65.99,411141.0,249991.0,0.0513012701094535,7.700904347584203e-05,0.0087754796721228,0.0202975199813048,0.0,train,-0.066986,-0.2782858989956824,0.10584654769302795,-0.2782858989956824,0.10584654769302795,-0.1003040127272189,0.08412280604072674,-0.1003040127272189,0.08412280604072674,-0.1143859947772839,0.08752838120258152,-0.1143859947772839,0.08752838120258152,-0.3750385773687626,-0.2174540743106494,-0.3750385773687626,-0.2174540743106494,-0.1131623166285964,0.2104849914122086,-0.1131623166285964,0.2104849914122086,0.5349055540048765,0.458945586614593,0.5349055540048765,0.458945586614593,0.0607195245886158,0.0493156562591599,0.0363050354949994,-0.0206127481992144,0.0108888155889983,0.0129020167029269,0.0232539649583258,0.0168262364030285,0.0,0.0,0.0,0.0
2019-03-07,65.88,67.0,65.75,66.3,412640.0,255715.0,0.0730411322176651,0.0001279237486872,0.0113103381331972,0.0202114996402743,1.0,train,-0.36382,-0.5511171776394101,-0.21411093892540534,-0.5511171776394101,-0.21411093892540534,-0.5211126069595229,-0.21072026082146506,-0.5211126069595229,-0.21072026082146506,-0.3866974967696819,-0.14350088174716305,-0.3866974967696819,-0.14350088174716305,-0.5758434768986282,-0.3923249844040659,-0.5758434768986282,-0.3923249844040659,-0.410877043422074,-0.09236078916679007,-0.410877043422074,-0.09236078916679007,-0.0850513720677424,0.1940952483564759,-0.0850513720677424,0.1940952483564759,0.0513012701094535,0.0607195245886158,0.0493156562591599,0.0363050354949994,0.0087754796721228,0.0108888155889983,0.0129020167029269,0.0232539649583258,0.0,0.0,0.0,0.0
2019-03-08,66.08,66.09,64.02,65.74,412629.0,262275.0,0.0569615792966402,0.0003652306100673,0.0191110075628522,0.0203368856870526,0.0,train,0.121021,0.2443324420856024,0.00947441661144735,0.2443324420856024,0.00947441661144735,,-0.10863510912872278,0.0,-0.10863510912872278,0.0148783036616834,-0.06637883500356795,0.0148783036616834,-0.06637883500356795,-0.2604205102409117,-0.3284319347382505,-0.2604205102409117,-0.3284319347382505,0.4852062946340728,0.18925417738924044,0.4852062946340728,0.18925417738924044,0.2197851112180036,0.20659763395485858,0.2197851112180036,0.20659763395485858,0.0730411322176651,0.0513012701094535,0.0607195245886158,0.0493156562591599,0.0113103381331972,0.0087754796721228,0.0108888155889983,0.0129020167029269,1.0,0.0,0.0,0.0
2019-03-11,65.76,66.75,65.63,66.58,404643.0,269387.0,0.0792044689266013,0.0001032729436016,0.0101623296345676,0.0172974918167067,1.0,train,0.039611,-0.2184915965190286,-0.27912809353064094,-0.2184915965190286,-0.27912809353064094,-0.108502157816144,0.16015030807292463,-0.108502157816144,0.16015030807292463,0.201339903826423,-0.0029299891872793726,0.201339903826423,-0.0029299891872793726,-0.5342042299542891,-0.5133297414583611,-0.5342042299542891,-0.5133297414583611,0.2433972908473761,0.3566852993541622,0.2433972908473761,0.3566852993541622,-0.1689676566941209,-0.13429981408617317,-0.1689676566941209,-0.13429981408617317,0.0569615792966402,0.0730411322176651,0.0513012701094535,0.0607195245886158,0.0191110075628522,0.0113103381331972,0.0087754796721228,0.0108888155889983,0.0,1.0,0.0,0.0
2019-03-12,66.7,67.39,66.34,66.67,401039.0,278621.0,0.0658693397873353,8.894331200750857e-05,0.0094309761958934,0.0169022177378277,1.0,train,0.126483,0.2658017058890958,-0.013963426205535362,0.2658017058890958,-0.013963426205535362,-0.4486687233394402,-0.13644233567511704,-0.4486687233394402,-0.13644233567511704,-0.0561300518605227,-0.028725221918997627,-0.0561300518605227,-0.028725221918997627,-0.2769914072136726,-0.39830595135178243,-0.2769914072136726,-0.39830595135178243,0.3551336222526166,0.35605610642184576,0.3551336222526166,0.35605610642184576,0.0316271426175066,-0.053805151888265706,0.0316271426175066,-0.053805151888265706,0.0792044689266013,0.0569615792966402,0.0730411322176651,0.0513012701094535,0.0101623296345676,0.0191110075628522,0.0113103381331972,0.0087754796721228,1.0,0.0,1.0,0.0
2019-04-01,67.58,69.22,67.58,69.01,542963.0,280477.0,0.0587878081256176,0.0002073631845767,0.0144001105751563,0.0186083834678992,1.0,train,0.085647,-0.0727892213570316,-0.08078569233934256,-0.0727892213570316,-0.08078569233934256,-0.4411256943255509,-0.380977222458175,-0.4411256943255509,-0.380977222458175,-0.0832731689846185,0.01134300269673911,-0.0832731689846185,0.01134300269673911,-0.4366789467857821,-0.47616834765613925,-0.4366789467857821,-0.47616834765613925,0.4460330474846147,0.33678009686441784,0.4460330474846147,0.33678009686441784,0.2445227758666719,0.0076251233897480465,0.2445227758666719,0.0076251233897480465,0.0658693397873353,0.0792044689266013,0.0569615792966402,0.0730411322176651,0.0094309761958934,0.0101623296345676,0.0191110075628522,0.0113103381331972,1.0,1.0,0.0,1.0
2019-04-02,69.22,69.58,68.69,69.37,524645.0,288718.0,0.2337590161064291,5.977376643406318e-05,0.0077313495868485,0.0199157967654406,1.0,train,0.309745,0.3577923917942573,0.1330585808048684,0.3577923917942573,0.1330585808048684,0.6409932055974753,0.11669656901766237,0.6409932055974753,0.11669656901766237,0.5669714955293522,0.2823772773168723,0.5669714955293522,0.2823772773168723,0.6479218413848469,0.07136989500428587,0.6479218413848469,0.07136989500428587,0.6558956148417849,0.4927486214474365,0.6558956148417849,0.4927486214474365,0.7864940309519356,0.38679917881169396,0.7864940309519356,0.38679917881169396,0.0587878081256176,0.0658693397873353,0.0792044689266013,0.0569615792966402,0.0144001105751563,0.0094309761958934,0.0101623296345676,0.0191110075628522,1.0,1.0,1.0,0.0
2019-04-03,69.47,69.96,68.8,69.31,513571.0,297308.0,0.2141307611719582,0.0001008282360906,0.0100413264109206,0.019718777959751,1.0,train,0.276367,0.2634064444354344,0.1966963002052241,0.2634064444354344,0.1966963002052241,-0.5471472388847525,-0.20678134486394298,-0.5471472388847525,-0.20678134486394298,0.5678218065151865,0.4218321109786852,0.5678218065151865,0.4218321109786852,-0.0335167380201451,0.020138474664479177,-0.0335167380201451,0.020138474664479177,0.6697444235284056,0.5792934705521714,0.6697444235284056,0.5792934705521714,0.074558038138791,0.23464279198841664,0.074558038138791,0.23464279198841664,0.2337590161064291,0.0587878081256176,0.0658693397873353,0.0792044689266013,0.0077313495868485,0.0144001105751563,0.0094309761958934,0.0101623296345676,1.0,1.0,1.0,1.0
2019-04-04,69.44,70.03,68.87,69.4,507404.0,306058.0,0.0552446673098776,0.0001006250756121,0.0100312050927164,0.0198452051293192,0.0,train,0.230132,-0.0967300540439014,0.053487148574456425,-0.0967300540439014,0.053487148574456425,0.5713757759982153,0.1720541779873319,0.5713757759982153,0.1720541779873319,0.5285443862240286,0.4742728923650013,0.5285443862240286,0.4742728923650013,-0.258674207481643,-0.11581926370189007,-0.258674207481643,-0.11581926370189007,0.1672708710011054,0.37882519458293523,0.1672708710011054,0.37882519458293523,0.2720097288144883,0.2529419615594937,0.2720097288144883,0.2529419615594937,0.2141307611719582,0.2337590161064291,0.0587878081256176,0.0658693397873353,0.0100413264109206,0.0077313495868485,0.0144001105751563,0.0094309761958934,1.0,1.0,1.0,1.0
2019-04-05,69.13,70.48,68.92,70.34,490939.0,314785.0,0.0658093500976182,0.0001806901378349,0.0134421031775149,0.0201471624444479,1.0,train,-0.017591,0.0657973017759606,0.059632420501634725,0.0657973017759606,0.059632420501634725,0.5152967738649115,0.33901417291310637,0.5152967738649115,0.33901417291310637,-0.118181164243266,0.18629404837683872,-0.118181164243266,0.18629404837683872,-0.3660799240863952,-0.23784742860680563,-0.3660799240863952,-0.23784742860680563,-0.3607008007977285,0.018365083119154593,-0.3607008007977285,0.018365083119154593,0.3818811707572109,0.3159183515641875,0.3818811707572109,0.3159183515641875,0.0552446673098776,0.2141307611719582,0.2337590161064291,0.0587878081256176,0.0100312050927164,0.0100413264109206,0.0077313495868485,0.0144001105751563,0.0,1.0,1.0,1.0
2019-04-08,70.56,71.19,70.43,71.1,469905.0,322702.0,0.0783797685731215,4.1549029278399154e-05,0.0064458536500915,0.0202648377288836,1.0,train,0.274252,0.4800694778836727,0.34750915842405444,0.4800694778836727,0.34750915842405444,0.2147317194444926,0.30298968855782193,0.2147317194444926,0.30298968855782193,0.2566446692756737,0.18362696547352633,0.2566446692756737,0.18362696547352633,0.193052149359603,0.04618957740819957,0.193052149359603,0.04618957740819957,0.0526469082483157,0.16673890981040357,0.0526469082483157,0.16673890981040357,-0.2491210757360791,0.004981359566607709,-0.2491210757360791,0.004981359566607709,0.0658093500976182,0.0552446673098776,0.2141307611719582,0.2337590161064291,0.0134421031775149,0.0100312050927164,0.0100413264109206,0.0077313495868485,1.0,0.0,1.0,1.0
2019-04-09,71.19,71.34,70.3,70.61,445121.0,330473.0,0.1391106886888389,7.778305405964495e-05,0.0088194701688732,0.0186628920461825,1.0,train,0.322567,0.3633124835749036,0.3554579257033828,0.3633124835749036,0.3554579257033828,,0.15607094805213886,0.0,0.15607094805213886,0.4908974301834239,0.3330537619860257,0.4908974301834239,0.3330537619860257,0.1583255173215889,0.1012273117747478,0.1583255173215889,0.1012273117747478,0.1897234757376466,0.1777592802874655,0.1897234757376466,0.1777592802874655,-0.1789427231469554,-0.08462390049600778,-0.1789427231469554,-0.08462390049600778,0.0783797685731215,0.0658093500976182,0.0552446673098776,0.2141307611719582,0.0064458536500915,0.0134421031775149,0.0100312050927164,0.0100413264109206,1.0,1.0,0.0,1.0
2019-04-10,70.82,71.78,70.57,71.73,429612.0,337873.0,0.1509493408832689,0.0001042440453893,0.0102099973256303,0.0177495321724555,1.0,train,0.169674,0.3493041662791663,0.3526482995542505,0.3493041662791663,0.3526482995542505,-0.0752563447426876,0.04345741981632219,-0.0752563447426876,0.04345741981632219,-0.2727012941005358,0.03810000474239954,-0.2727012941005358,0.03810000474239954,-0.2499394068060928,-0.0694985347818726,-0.2499394068060928,-0.0694985347818726,0.3498595035167243,0.2615000962719165,0.3498595035167243,0.2615000962719165,0.577056593832106,0.23798214915834984,0.577056593832106,0.23798214915834984,0.1391106886888389,0.0783797685731215,0.0658093500976182,0.0552446673098776,0.0088194701688732,0.0064458536500915,0.0134421031775149,0.0100312050927164,1.0,1.0,1.0,0.0
2019-04-11,71.56,71.68,70.57,70.83,403761.0,347619.0,0.0618784076186527,8.784834338653382e-05,0.0093727447093438,0.0172670226624536,1.0,train,0.417316,0.3777348604072603,0.36513432945674246,0.3777348604072603,0.36513432945674246,0.1099452729525238,0.07615095196903182,0.1099452729525238,0.07615095196903182,0.5352258592700958,0.28037642374714017,0.5352258592700958,0.28037642374714017,0.2909213405187815,0.10632674115626069,0.2909213405187815,0.10632674115626069,0.2569059954633174,0.25914742084991743,0.2569059954633174,0.25914742084991743,,0.12203249772680279,0.0,0.12203249772680279,0.1509493408832689,0.1391106886888389,0.0783797685731215,0.0658093500976182,0.0102099973256303,0.0088194701688732,0.0064458536500915,0.0134421031775149,1.0,1.0,1.0,1.0
2019-04-12,70.95,71.87,70.9,71.55,397564.0,358447.0,0.0706414293724915,6.659742746767656e-05,0.0081607246901042,0.0168876063403968,1.0,train,0.0,,0.18724437315311843,0.3777348604072603,0.3712778970550021,,0.0386997667813781,0.1099452729525238,0.09226542390921705,,0.14359851588181655,0.5352258592700958,0.4043621130215953,,0.0541882375621803,0.2909213405187815,0.19592596178548088,,0.13264404667321705,0.2569059954633174,0.25780939573753364,,0.06216592281430964,0.0,0.06216592281430964,0.0618784076186527,0.1509493408832689,0.1391106886888389,0.0783797685731215,0.0093727447093438,0.0102099973256303,0.0088194701688732,0.0064458536500915,1.0,1.0,1.0,1.0
2019-05-01,71.73,72.36,71.3,72.18,503678.0,291756.0,0.0449115775821322,7.854712770036502e-05,0.0088626817442783,0.0185921935406779,0.0,train,0.036207,0.0359836569092755,-0.18003955501565952,0.0359836569092755,-0.18003955501565952,0.0710638633795755,-0.009354351345881674,0.0710638633795755,-0.009354351345881674,,0.10404763293747799,0.0,0.10404763293747799,-0.111592823038553,-0.20870164338134675,-0.111592823038553,-0.20870164338134675,0.1891542872428846,-0.18683891868591943,0.1891542872428846,-0.18683891868591943,0.1762159035181527,0.011075494620899134,0.1762159035181527,0.011075494620899134,0.0706414293724915,0.0618784076186527,0.1509493408832689,0.1391106886888389,0.0081607246901042,0.0093727447093438,0.0102099973256303,0.0088194701688732,1.0,1.0,1.0,1.0
2019-05-02,72.0,72.22,69.68,70.75,493689.0,296028.0,0.0196980391261369,0.0004623490415029,0.0215023031674029,0.0197156912017298,0.0,train,-0.188839,-0.1917329128069419,-0.1859511372965354,-0.1917329128069419,-0.1859511372965354,-0.095049314461304,-0.051040571510084176,-0.095049314461304,-0.051040571510084176,-0.2036890855085978,-0.046122513255765815,-0.2036890855085978,-0.046122513255765815,-0.6851290731540824,-0.44088833989391274,-0.6851290731540824,-0.44088833989391274,0.0880898144129273,-0.05313897711148789,0.0880898144129273,-0.05313897711148789,-0.0110152990761151,0.0003688406814873313,-0.0110152990761151,0.0003688406814873313,0.0449115775821322,0.0706414293724915,0.0618784076186527,0.1509493408832689,0.0088626817442783,0.0081607246901042,0.0093727447093438,0.0102099973256303,0.0,1.0,1.0,1.0
2019-05-03,70.48,71.54,69.95,70.85,490758.0,301828.0,0.0219757702067964,0.0001822023016795,0.0134982332799333,0.0197513063196208,0.0,train,-0.199303,-0.0596569763244133,-0.12488396617989106,-0.0596569763244133,-0.12488396617989106,0.7633246629308957,0.3456888952968816,0.7633246629308957,0.3456888952968816,-0.1252773934895578,-0.08471559877680591,-0.1252773934895578,-0.08471559877680591,-0.7554940767042344,-0.5947041106468887,-0.7554940767042344,-0.5947041106468887,-0.4381996746961302,-0.24094584901689722,-0.4381996746961302,-0.24094584901689722,0.1435674129239716,0.06993142608913366,0.1435674129239716,0.06993142608913366,0.0196980391261369,0.0449115775821322,0.0706414293724915,0.0618784076186527,0.0215023031674029,0.0088626817442783,0.0081607246901042,0.0093727447093438,0.0,0.0,1.0,1.0
2019-05-06,70.59,71.79,68.79,71.24,488274.0,307875.0,0.076551243026131,0.0006572064983171,0.0256360390528084,0.0203186485814641,1.0,train,0.187723,0.0657582782293674,0.0523642722198958,0.0657582782293674,0.0523642722198958,0.237665565332973,0.419914821271863,0.237665565332973,0.419914821271863,0.2573205944325456,0.18898640357174823,0.2573205944325456,0.18898640357174823,-0.3247768476053554,-0.4417043177128095,-0.3247768476053554,-0.4417043177128095,0.1933070385812057,0.12027682675233445,0.1933070385812057,0.12027682675233445,-0.2029425166547859,0.01564580012087664,-0.2029425166547859,0.01564580012087664,0.0219757702067964,0.0196980391261369,0.0449115775821322,0.0706414293724915,0.0134982332799333,0.0215023031674029,0.0088626817442783,0.0081607246901042,0.0,0.0,0.0,1.0
2019-05-07,71.15,71.33,69.38,69.88,476257.0,314456.0,0.0525895880740394,0.0002771082432068,0.0166465685114636,0.0202084985770668,0.0,train,-0.054705,0.042550472572249,0.0479410919177506,0.042550472572249,0.0479410919177506,0.191337098303781,0.3090002776944638,0.191337098303781,0.3090002776944638,-0.53349930182028,-0.1627527818097937,-0.53349930182028,-0.1627527818097937,-0.291255582391346,-0.36841236985734926,-0.291255582391346,-0.36841236985734926,0.2915227079486473,0.2042520040429002,0.2915227079486473,0.2042520040429002,0.1812348936371417,0.09622183494010203,0.1812348936371417,0.09622183494010203,0.076551243026131,0.0219757702067964,0.0196980391261369,0.0449115775821322,0.0256360390528084,0.0134982332799333,0.0215023031674029,0.0088626817442783,1.0,0.0,0.0,0.0
2019-05-08,69.88,70.7,69.33,70.37,461966.0,320438.0,-0.0103203008307373,0.000138102395021,0.0117516975378457,0.0201965363100461,0.0,train,-0.38232,-0.4875338619630878,-0.2127286732245547,-0.4875338619630878,-0.2127286732245547,0.121768205438186,0.2179519676824608,0.121768205438186,0.2179519676824608,-0.4929557939232774,-0.32376692566889553,-0.4929557939232774,-0.32376692566889553,-0.534698514850551,-0.4496558909511528,-0.534698514850551,-0.4496558909511528,0.1981344797805559,0.20173068079137804,0.1981344797805559,0.20173068079137804,,0.049784069893787905,0.0,0.049784069893787905,0.0525895880740394,0.076551243026131,0.0219757702067964,0.0196980391261369,0.0166465685114636,0.0256360390528084,0.0134982332799333,0.0215023031674029,0.0,1.0,0.0,0.0
2019-05-09,70.23,70.65,69.4,70.39,446996.0,326920.0,-0.0031205699082157,0.000114934762859,0.010720763165887,0.0186709318010972,0.0,train,0.020632,0.1819300492623611,-0.020475866116398372,0.1819300492623611,-0.020475866116398372,-0.3119730424955,-0.040283955372999544,-0.3119730424955,-0.040283955372999544,-0.1162278621677393,-0.22290909522376515,-0.1162278621677393,-0.22290909522376515,0.1196188710590436,-0.1722254538931375,0.1196188710590436,-0.1722254538931375,0.2959262586961854,0.24788967816136592,0.2959262586961854,0.24788967816136592,0.5841260602302882,0.31035012615518515,0.5841260602302882,0.31035012615518515,-0.0103203008307373,0.0525895880740394,0.076551243026131,0.0219757702067964,0.0117516975378457,0.0166465685114636,0.0256360390528084,0.0134982332799333,0.0,0.0,1.0,0.0
2019-05-10,70.45,71.23,70.18,70.62,416392.0,334210.0,-0.0155956796381033,7.954426180746789e-05,0.0089187589835956,0.0177511358086184,0.0,train,-0.133557,-0.4180344663187995,-0.2138442199078703,-0.4180344663187995,-0.2138442199078703,0.5235568791432244,0.2345851498524269,0.5235568791432244,0.2345851498524269,-0.6802961383016901,-0.44611502078031123,-0.6802961383016901,-0.44611502078031123,-0.7993939131946962,-0.4777521706296302,-0.7993939131946962,-0.4777521706296302,0.7264141116107098,0.4816568598910561,0.7264141116107098,0.4816568598910561,-0.3564782925522897,-0.014321693212722364,-0.3564782925522897,-0.014321693212722364,-0.0031205699082157,-0.0103203008307373,0.0525895880740394,0.076551243026131,0.010720763165887,0.0117516975378457,0.0166465685114636,0.0256360390528084,0.0,0.0,0.0,1.0
2019-06-03,61.64,62.84,60.55,61.28,434562.0,248705.0,-0.1451114407043539,0.0004970331039675,0.0222942392551878,0.01974675788275,1.0,train,0.22845,0.2239763722513544,-0.06951881727854498,0.2239763722513544,-0.06951881727854498,0.4963968404765039,0.14857531956280295,0.4963968404765039,0.14857531956280295,0.0446349914796896,-0.18875150378742694,0.0446349914796896,-0.18875150378742694,-0.1365354914722479,-0.23505716449850483,-0.1365354914722479,-0.23505716449850483,0.2309257874336447,0.05457365266465032,0.2309257874336447,0.05457365266465032,0.0568109003918236,-0.17529977015951034,0.0568109003918236,-0.17529977015951034,-0.0155956796381033,-0.0031205699082157,-0.0103203008307373,0.0525895880740394,0.0089187589835956,0.010720763165887,0.0117516975378457,0.0166465685114636,0.0,0.0,0.0,0.0
2019-06-04,61.0,62.12,60.21,61.97,443635.0,253043.0,-0.1132364705387427,0.0003517595616574,0.0187552542413427,0.0197508788960337,1.0,train,-0.174923,-0.006034573791661,-0.03830915898495679,-0.006034573791661,-0.03830915898495679,,0.07640484373484789,0.0,0.07640484373484789,-0.529201364550337,-0.35464946161954514,-0.529201364550337,-0.35464946161954514,-0.382704521645929,-0.30698854123144315,-0.382704521645929,-0.30698854123144315,-0.0389404112195279,0.009395952314127824,-0.0389404112195279,0.009395952314127824,0.5325647492126727,0.16962372615375948,0.5325647492126727,0.16962372615375948,-0.1451114407043539,-0.0155956796381033,-0.0031205699082157,-0.0103203008307373,0.0222942392551878,0.0089187589835956,0.010720763165887,0.0117516975378457,1.0,0.0,0.0,0.0
2019-06-05,61.58,62.27,59.45,60.63,446855.0,258054.0,-0.1485508069621968,0.0007746478328516,0.0278324959867357,0.0201663943828661,1.0,train,-0.337579,-0.1788491020929929,-0.1065357142872549,-0.1788491020929929,-0.1065357142872549,,0.039530518279356594,0.0,0.039530518279356594,-0.662765004087399,-0.5049290421850574,-0.662765004087399,-0.5049290421850574,-0.4432111448622109,-0.3731608675360849,-0.4432111448622109,-0.3731608675360849,-0.309983012157231,-0.14620058338280725,-0.309983012157231,-0.14620058338280725,0.3789505868256265,0.27146400894489525,0.3789505868256265,0.27146400894489525,-0.1132364705387427,-0.1451114407043539,-0.0155956796381033,-0.0031205699082157,0.0187552542413427,0.0222942392551878,0.0089187589835956,0.010720763165887,1.0,1.0,0.0,0.0
2019-06-06,60.4,62.43,60.22,61.67,449055.0,264539.0,-0.1442568694180597,0.0004685090642848,0.0216450702074355,0.0205425419779068,1.0,train,-0.311966,-0.6750957312844581,-0.38371532141808057,-0.6750957312844581,-0.38371532141808057,-0.1536220148631751,-0.05488691011711116,-0.1536220148631751,-0.05488691011711116,-0.3501480512451262,-0.4298451762018455,-0.3501480512451262,-0.4298451762018455,-0.7297341410725227,-0.5469810564868709,-0.7297341410725227,-0.5469810564868709,0.2344484360556132,0.03927672004569493,0.2344484360556132,0.03927672004569493,0.2067004099652558,0.23991724460591113,0.2067004099652558,0.23991724460591113,-0.1485508069621968,-0.1132364705387427,-0.1451114407043539,-0.0155956796381033,0.0278324959867357,0.0187552542413427,0.0222942392551878,0.0089187589835956,1.0,1.0,1.0,0.0
2019-06-07,62.4,63.59,61.77,63.29,431367.0,271288.0,-0.099052146478642,0.0003041307829537,0.0174393458292961,0.0202539097747053,1.0,train,-0.328555,-0.6649795600795093,-0.5210761143541783,-0.6649795600795093,-0.5210761143541783,,-0.02825623957707965,0.0,-0.02825623957707965,-0.2243629078234948,-0.32977964079050287,-0.2243629078234948,-0.32977964079050287,-0.6256596844925869,-0.5854816282029742,-0.6256596844925869,-0.5854816282029742,-0.3374733010766192,-0.14406145819903102,-0.3374733010766192,-0.14406145819903102,0.6642652069436636,0.4471538472206899,0.6642652069436636,0.4471538472206899,-0.1442568694180597,-0.1485508069621968,-0.1132364705387427,-0.1451114407043539,0.0216450702074355,0.0278324959867357,0.0187552542413427,0.0222942392551878,1.0,1.0,1.0,1.0
2019-06-10,63.58,64.1,62.05,62.29,413871.0,278162.0,-0.1255124912341862,0.0003810519765539,0.0195205526702988,0.0177028770307205,1.0,train,0.009762,-0.2573546747488144,-0.11374797564277608,-0.2573546747488144,-0.11374797564277608,-0.1115840770153795,-0.0826998614044412,-0.1115840770153795,-0.0826998614044412,-0.175393025333044,-0.11480136430758213,-0.175393025333044,-0.11480136430758213,0.08049756757133,-0.0729195372163212,0.08049756757133,-0.0729195372163212,-0.194055812333276,-0.0342241531262142,-0.194055812333276,-0.0342241531262142,0.0209651819526011,0.16552455078302683,0.0209651819526011,0.16552455078302683,-0.099052146478642,-0.1442568694180597,-0.1485508069621968,-0.1132364705387427,0.0174393458292961,0.0216450702074355,0.0278324959867357,0.0187552542413427,1.0,1.0,1.0,1.0
2019-06-11,62.3,62.87,62.01,62.29,378735.0,284160.0,-0.1284817404994775,6.84225715938273e-05,0.0082717937349662,0.0172608553116174,1.0,train,0.106964,0.0831822805297406,-0.017627899519218355,0.0831822805297406,-0.017627899519218355,-0.6005426320672425,-0.33497822073149797,-0.6005426320672425,-0.33497822073149797,-0.0445565753249086,-0.08031036690842014,-0.0445565753249086,-0.08031036690842014,-0.2245834727448903,-0.14659329113495276,-0.2245834727448903,-0.14659329113495276,0.5171179946637922,0.23428761483410523,0.5171179946637922,0.23428761483410523,0.1169703055339981,0.14231509432776135,0.1169703055339981,0.14231509432776135,-0.1255124912341862,-0.099052146478642,-0.1442568694180597,-0.1485508069621968,0.0195205526702988,0.0174393458292961,0.0216450702074355,0.0278324959867357,1.0,1.0,1.0,1.0
2019-06-12,61.79,61.85,59.57,59.97,348057.0,289554.0,-0.1765520688220414,0.0005088220006776,0.0225570831597895,0.0168312121588263,1.0,train,0.040643,-0.0319183643903716,-0.024284048291198963,-0.0319183643903716,-0.024284048291198963,0.1838462451860398,-0.08215266236548557,0.1838462451860398,-0.08215266236548557,-0.1443181061359883,-0.11130138008799484,-0.1443181061359883,-0.11130138008799484,-0.3815155326409489,-0.26089295555589875,-0.3815155326409489,-0.26089295555589875,0.2519615572545899,0.24316884317197168,0.2519615572545899,0.24316884317197168,0.5364868528540165,0.3347127785818956,0.5364868528540165,0.3347127785818956,-0.1284817404994775,-0.1255124912341862,-0.099052146478642,-0.1442568694180597,0.0082717937349662,0.0195205526702988,0.0174393458292961,0.0216450702074355,1.0,1.0,1.0,1.0
2019-07-01,65.05,66.75,64.22,65.06,498707.0,263193.0,-0.1038530781694371,0.0005384929045742,0.023205449889504,0.0185360875987875,1.0,train,0.032095,-0.0322740645480055,0.048948927578662205,-0.0322740645480055,0.048948927578662205,0.203591124775418,0.05305428369375597,0.203591124775418,0.05305428369375597,-0.1865531382479433,-0.0659533919050823,-0.1865531382479433,-0.0659533919050823,-0.1099865143617112,-0.07412748515097799,-0.1099865143617112,-0.07412748515097799,-0.0695733512648031,0.07485921955460659,-0.0695733512648031,0.07485921955460659,0.4296861186872929,0.23041136646797256,0.4296861186872929,0.23041136646797256,-0.1765520688220414,-0.1284817404994775,-0.1255124912341862,-0.099052146478642,0.0225570831597895,0.0082717937349662,0.0195205526702988,0.0174393458292961,1.0,1.0,1.0,1.0
2019-07-02,64.8,65.51,62.22,62.4,480024.0,269946.0,-0.1255872611479649,0.0009575746782201,0.0309447035568303,0.0197701852307172,1.0,train,0.406531,0.3074978250535127,0.17444296296704748,0.3074978250535127,0.17444296296704748,0.4042077397281652,0.22381448940909193,0.4042077397281652,0.22381448940909193,0.285588906930662,0.10513148010890744,0.285588906930662,0.10513148010890744,,-0.03819847586472726,0.0,-0.03819847586472726,0.3092370380960065,0.18902134508682347,0.3092370380960065,0.18902134508682347,0.722687400201406,0.4699610625491641,0.722687400201406,0.4699610625491641,-0.1038530781694371,-0.1765520688220414,-0.1284817404994775,-0.1255124912341862,0.023205449889504,0.0225570831597895,0.0082717937349662,0.0195205526702988,1.0,1.0,1.0,1.0
2019-07-03,62.9,64.01,62.09,63.82,470481.0,278107.0,0.0406130954177621,0.0003345137331526,0.0182897165957454,0.0199083897402625,0.0,train,-0.260094,-0.3703599092551262,-0.09114827078183863,-0.3703599092551262,-0.09114827078183863,,0.11490205077699868,0.0,0.11490205077699868,-0.4777697625967525,-0.17871863733967475,-0.4777697625967525,-0.17871863733967475,-0.3934256699306106,-0.21131186113998102,-0.3934256699306106,-0.21131186113998102,-0.3233507930199882,-0.06031894101104594,-0.3233507930199882,-0.06031894101104594,0.4245412154027175,0.4480534668106898,0.4245412154027175,0.4480534668106898,-0.1255872611479649,-0.1038530781694371,-0.1765520688220414,-0.1284817404994775,0.0309447035568303,0.023205449889504,0.0225570831597895,0.0082717937349662,1.0,1.0,1.0,1.0
2019-07-04,63.88,64.07,62.95,63.3,465881.0,286815.0,0.0212349321761147,0.0001121731404461,0.010591182202481,0.0197922951027657,0.0,train,0.063174,0.1222374447365556,0.012441455174669153,0.1222374447365556,0.012441455174669153,-0.0401004554150669,0.039196811448102734,-0.0401004554150669,0.039196811448102734,-0.2234396732302762,-0.20067608322456196,-0.2234396732302762,-0.20067608322456196,0.2560287198156376,0.016208569651697615,0.2560287198156376,0.016208569651697615,-0.0580746156140346,-0.059587263526307714,-0.0580746156140346,-0.059587263526307714,0.5697974960830772,0.507322673815141,0.5697974960830772,0.507322673815141,0.0406130954177621,-0.1255872611479649,-0.1038530781694371,-0.1765520688220414,0.0182897165957454,0.0309447035568303,0.023205449889504,0.0225570831597895,0.0,1.0,1.0,1.0
2019-07-05,63.27,64.52,62.91,64.23,463509.0,295609.0,0.0576805711860615,0.0002303186705154,0.0151762535072209,0.0204402782337096,0.0,train,0.12743,0.4671419296189277,0.23364138250288405,0.4671419296189277,0.23364138250288405,0.7717341312209802,0.39587184319360896,0.7717341312209802,0.39587184319360896,-0.7041926273659466,-0.4459671737928883,-0.7041926273659466,-0.4459671737928883,-0.3907590867601169,-0.18192300723817748,-0.3907590867601169,-0.18192300723817748,0.0969028055398297,0.016802741292799767,0.0969028055398297,0.016802741292799767,,0.260697529229711,0.0,0.260697529229711,0.0212349321761147,0.0406130954177621,-0.1255872611479649,-0.1038530781694371,0.010591182202481,0.0182897165957454,0.0309447035568303,0.023205449889504,0.0,0.0,1.0,1.0
2019-07-08,64.34,65.14,63.79,64.11,444816.0,303448.0,-0.0931666779792914,0.0001581852027403,0.0125771699018652,0.0202210945972687,1.0,train,0.114782,0.1133702737164397,0.2267199518021597,0.1133702737164397,0.2267199518021597,0.553899225485058,0.5884103697647362,0.553899225485058,0.5884103697647362,0.0067619233451939,-0.22994991201685908,0.0067619233451939,-0.22994991201685908,0.0817578749759186,-0.1178792823888428,0.0817578749759186,-0.1178792823888428,0.1822970363074111,0.18481251507158938,0.1822970363074111,0.18481251507158938,-0.0666984629403806,0.10284704602496507,-0.0666984629403806,0.10284704602496507,0.0576805711860615,0.0212349321761147,0.0406130954177621,-0.1255872611479649,0.0151762535072209,0.010591182202481,0.0182897165957454,0.0309447035568303,0.0,0.0,0.0,1.0
2019-07-09,63.81,64.75,63.76,64.16,421533.0,311157.0,-0.0926712440617807,8.562257094736161e-05,0.0092532465085158,0.0185152222871837,1.0,train,0.172584,0.4104458097043878,0.3164347794767408,0.4104458097043878,0.3164347794767408,0.5265030536199707,0.5586430792120299,0.5265030536199707,0.5586430792120299,-0.0648537798864207,-0.14972700270640318,-0.0648537798864207,-0.14972700270640318,0.255101606389547,0.06396923221591203,0.255101606389547,0.06396923221591203,0.6554236123766916,0.41422421155562944,0.6554236123766916,0.41422421155562944,-0.295414601204181,-0.09096137053001523,-0.295414601204181,-0.09096137053001523,-0.0931666779792914,0.0576805711860615,0.0212349321761147,0.0406130954177621,0.0125771699018652,0.0151762535072209,0.010591182202481,0.0182897165957454,1.0,0.0,0.0,0.0
2019-07-10,64.78,67.12,64.63,67.01,400586.0,319174.0,0.073040962719026,0.0005154367951825,0.0227032331438173,0.017648196405712,1.0,train,0.119169,0.4769839821039555,0.3946887769163447,0.4769839821039555,0.3946887769163447,0.4444801205848491,0.5034719564325218,0.4444801205848491,0.5034719564325218,-0.4301436493384062,-0.28650103564548374,-0.4301436493384062,-0.28650103564548374,0.5529630172532869,0.30221313085621443,0.5529630172532869,0.30221313085621443,0.2339164614486988,0.3263361504062837,0.2339164614486988,0.3263361504062837,0.0606629419200083,-0.017319011877218203,0.0606629419200083,-0.017319011877218203,-0.0926712440617807,-0.0931666779792914,0.0576805711860615,0.0212349321761147,0.0092532465085158,0.0125771699018652,0.0151762535072209,0.010591182202481,1.0,1.0,0.0,0.0
2019-07-11,66.81,67.65,66.43,66.52,375312.0,327794.0,0.0657017550586731,0.0001194511044232,0.0109293688940965,0.0171235172473667,1.0,train,0.132496,0.2988081521303474,0.34824018748172947,0.2988081521303474,0.34824018748172947,0.8317697893218787,0.6636055519539925,0.8317697893218787,0.6636055519539925,-0.2957687871740493,-0.29107828196075797,-0.2957687871740493,-0.29107828196075797,0.1846972264893317,0.24521461657309843,0.1846972264893317,0.24521461657309843,-0.3180433108486842,0.012638076661505418,-0.3180433108486842,0.012638076661505418,-0.4427057880769738,-0.22484584489958087,-0.4427057880769738,-0.22484584489958087,0.073040962719026,-0.0926712440617807,-0.0931666779792914,0.0576805711860615,0.0227032331438173,0.0092532465085158,0.0125771699018652,0.0151762535072209,1.0,1.0,1.0,0.0
2019-07-12,66.83,67.29,66.51,66.72,364045.0,338068.0,0.1066603208700724,4.902993946567589e-05,0.0070021382066962,0.0166990799806214,1.0,train,0.24577,0.257545477786629,0.3040787223512642,0.257545477786629,0.3040787223512642,0.1812099824312784,0.4287418604709567,0.1812099824312784,0.4287418604709567,-0.1949898750517236,-0.24462128179109918,-0.1949898750517236,-0.24462128179109918,0.1130085929986046,0.18095549755989404,0.1130085929986046,0.18095549755989404,-0.1424751133713634,-0.06311742170972302,-0.1424751133713634,-0.06311742170972302,0.1362999466335213,-0.04948206354306603,0.1362999466335213,-0.04948206354306603,0.0657017550586731,0.073040962719026,-0.0926712440617807,-0.0931666779792914,0.0109293688940965,0.0227032331438173,0.0092532465085158,0.0125771699018652,1.0,1.0,1.0,1.0
2019-08-01,64.09,64.54,60.02,60.5,440172.0,232065.0,-0.0726665560084098,0.0019014095886956,0.0436051555288556,0.0187295405911312,1.0,train,0.134954,0.4432228441212795,0.2831652762566662,0.4432228441212795,0.2831652762566662,0.0987216456165416,0.17224220703705123,0.0987216456165416,0.17224220703705123,0.3200628411253863,0.24197544270894827,0.3200628411253863,0.24197544270894827,0.1407266985869283,0.0011104936898152814,0.1407266985869283,0.0011104936898152814,0.4043075047931561,0.009613983767913618,0.4043075047931561,0.009613983767913618,0.0073316176934645,-0.1982944554854245,0.0073316176934645,-0.1982944554854245,0.1066603208700724,0.0657017550586731,0.073040962719026,-0.0926712440617807,0.0070021382066962,0.0109293688940965,0.0227032331438173,0.0092532465085158,1.0,1.0,1.0,1.0
2019-08-02,61.16,62.95,60.98,61.89,437065.0,236933.0,-0.0082066596241121,0.000364608895181,0.0190947347502139,0.0201102102340737,0.0,train,-0.269257,0.0089074642454527,0.14935139367901484,0.0089074642454527,0.14935139367901484,0.204242682289758,0.1874978024104397,0.204242682289758,0.1874978024104397,-0.3121270474735292,-0.027911934350869895,-0.3121270474735292,-0.027911934350869895,0.0731118794096903,0.03632071481686467,0.0731118794096903,0.03632071481686467,0.3253497151497474,0.16345925367377337,0.3253497151497474,0.16345925367377337,-0.180178511381258,-0.1898231920313223,-0.180178511381258,-0.1898231920313223,-0.0726665560084098,0.1066603208700724,0.0657017550586731,0.073040962719026,0.0436051555288556,0.0070021382066962,0.0109293688940965,0.0227032331438173,1.0,1.0,1.0,1.0
2019-08-05,61.46,61.56,59.66,59.81,423295.0,241458.0,-0.0712975202132355,0.0003544902697354,0.0188279119855464,0.0204489300514191,1.0,train,-0.028768,0.2936122677289793,0.0752398408407947,0.2936122677289793,0.0752398408407947,0.387008495425622,0.30297702901221024,0.387008495425622,0.30297702901221024,-0.2420674810337003,-0.15731183578446217,-0.2420674810337003,-0.15731183578446217,-0.0285841758588017,-0.07692930397449374,-0.0285841758588017,-0.07692930397449374,-0.6249264921582504,-0.4174343511618788,-0.6249264921582504,-0.4174343511618788,0.2330162900505062,0.13071084904610059,0.2330162900505062,0.13071084904610059,-0.0082066596241121,-0.0726665560084098,0.1066603208700724,0.0657017550586731,0.0190947347502139,0.0436051555288556,0.0070021382066962,0.0109293688940965,0.0,1.0,1.0,1.0
2019-08-06,59.56,60.56,58.55,58.94,409799.0,246543.0,-0.0452776116938533,0.0004109156332904,0.0202710540744778,0.0198701151749806,0.0,train,-0.437038,-0.4682273326087287,-0.18957246950033205,-0.4682273326087287,-0.18957246950033205,-0.0569310482905796,0.1280147620332382,-0.0569310482905796,0.1280147620332382,-0.8027016641456513,-0.4717013061000475,-0.8027016641456513,-0.4717013061000475,0.0193281170409909,-0.030056248127373175,0.0193281170409909,-0.030056248127373175,-0.5423527814875722,-0.4784314996471368,-0.5423527814875722,-0.4784314996471368,,0.0669383917606025,0.0,0.0669383917606025,-0.0712975202132355,-0.0082066596241121,-0.0726665560084098,0.1066603208700724,0.0188279119855464,0.0190947347502139,0.0436051555288556,0.0070021382066962,1.0,0.0,1.0,1.0
2019-08-07,58.68,59.23,55.88,56.23,377371.0,250728.0,-0.1182769164831034,0.0012225970839796,0.0349656557779154,0.0202184641028003,1.0,train,-0.208272,-0.2990562259436521,-0.24310033734342862,-0.2990562259436521,-0.24310033734342862,0.3955126977757415,0.258204271919506,0.3955126977757415,0.258204271919506,-0.2721094785475124,-0.37469629698384405,-0.2721094785475124,-0.37469629698384405,-0.3147084894835936,-0.16859092711352694,-0.3147084894835936,-0.16859092711352694,-0.3612780862043449,-0.4216506577936573,-0.3612780862043449,-0.4216506577936573,-0.2395371522407399,-0.08264994715518176,-0.2395371522407399,-0.08264994715518176,-0.0452776116938533,-0.0712975202132355,-0.0082066596241121,-0.0726665560084098,0.0202710540744778,0.0188279119855464,0.0190947347502139,0.0436051555288556,0.0,1.0,0.0,1.0
2019-08-08,57.48,58.01,56.77,57.38,359156.0,254642.0,-0.1109045474459469,0.0001683911494191,0.0129765615406851,0.0200637535126022,1.0,train,-0.448209,-0.6787222596112047,-0.4555253157521128,-0.6787222596112047,-0.4555253157521128,0.2422807431579318,0.2503673121043264,0.2422807431579318,0.2503673121043264,-0.706189911491728,-0.5363481214057737,-0.706189911491728,-0.5363481214057737,-0.7168022542213556,-0.4354436450869734,-0.7168022542213556,-0.4354436450869734,-0.1490928207548729,-0.289121122371984,-0.1490928207548729,-0.289121122371984,-0.0259085307618248,-0.05539684356879915,-0.0259085307618248,-0.05539684356879915,-0.1182769164831034,-0.0452776116938533,-0.0712975202132355,-0.0082066596241121,0.0349656557779154,0.0202710540744778,0.0188279119855464,0.0190947347502139,1.0,0.0,1.0,0.0
2019-08-09,57.74,59.1,57.11,58.53,348001.0,259740.0,-0.09184052025513,0.0004231346601529,0.0205702372410458,0.0181185242562029,1.0,train,0.199117,0.1618623391631938,-0.15478635393809753,0.1618623391631938,-0.15478635393809753,0.5602100601430783,0.40117120190987404,0.5602100601430783,0.40117120190987404,0.1435241398631459,-0.2053961379360729,0.1435241398631459,-0.2053961379360729,-0.3740181342515679,-0.4057253027567219,-0.3740181342515679,-0.4057253027567219,0.2520282695915152,-0.025397040039047115,0.2520282695915152,-0.025397040039047115,0.2420104647161493,0.08997123280386737,0.2420104647161493,0.08997123280386737,-0.1109045474459469,-0.1182769164831034,-0.0452776116938533,-0.0712975202132355,0.0129765615406851,0.0349656557779154,0.0202710540744778,0.0188279119855464,1.0,1.0,0.0,1.0
2019-08-12,58.3,58.88,57.88,58.57,325776.0,265141.0,-0.1302821379488001,0.000105829709639,0.010287356785832,0.0166083651618201,1.0,train,-0.059454,-0.1822549836155856,-0.03117908874028508,-0.1822549836155856,-0.03117908874028508,0.1258331969810759,0.15493031329810236,0.1258331969810759,0.15493031329810236,-0.3937159408421078,-0.2524320194245952,-0.3937159408421078,-0.2524320194245952,-0.1650283211577508,-0.2263903475219999,-0.1650283211577508,-0.2263903475219999,-0.4699046255982189,-0.1368785530686177,-0.4699046255982189,-0.1368785530686177,0.1231824021798992,0.09572847482204903,0.1231824021798992,0.09572847482204903,-0.09184052025513,-0.1109045474459469,-0.1182769164831034,-0.0452776116938533,0.0205702372410458,0.0129765615406851,0.0349656557779154,0.0202710540744778,1.0,1.0,1.0,0.0
2019-09-02,58.8,59.26,58.1,58.66,491984.0,229724.0,-0.0536005522019644,0.0001409543888039,0.0118724213538762,0.020157903332257,0.0,train,0.241089,0.2088592183258626,0.15559303479835257,0.2088592183258626,0.15466088831731034,0.5046564033092565,0.46687756545414977,0.5046564033092565,0.46959287113892223,0.1375540357946109,0.008649491317104815,0.1375540357946109,0.006031951664449244,-0.0346480497668724,-0.16720697669843282,-0.0346480497668724,-0.17217217735223786,-0.4497321866209303,-0.4155550948785583,-0.4497321866209303,-0.4175193080079689,-0.1452907167322766,-0.16646348329484661,-0.1452907167322766,-0.17214049434567702,-0.1302821379488001,-0.09184052025513,-0.1109045474459469,-0.1182769164831034,0.010287356785832,0.0205702372410458,0.0129765615406851,0.0349656557779154,1.0,1.0,1.0,1.0
2019-09-03,58.54,58.87,57.23,58.26,485150.0,241554.0,-0.0911508693188087,0.0002879092196576,0.0169678878961896,0.0197909199562044,1.0,train,-0.523776,-0.8177489791311473,-0.3183080827087271,-0.8177489791311473,-0.3187866626695402,0.1807333791914601,0.3277347663659001,0.1807333791914601,0.3291288507878688,-0.7905618969479874,-0.38062610801052915,-0.7905618969479874,-0.3819699976779491,-0.4380707386322049,-0.29906923955225695,-0.4380707386322049,-0.3016184585673523,-0.4935998184971368,-0.45331860751824493,-0.4935998184971368,-0.45432706816431284,0.2387674014625413,0.03104763992359052,0.2387674014625413,0.028132965265156983,-0.0536005522019644,-0.1302821379488001,-0.09184052025513,-0.1109045474459469,0.0118724213538762,0.010287356785832,0.0205702372410458,0.0129765615406851,0.0,1.0,1.0,1.0
2019-09-04,58.17,60.96,58.13,60.7,485441.0,253735.0,-0.0419416310846783,0.0008150051604115,0.0285482952277634,0.0197925443208399,0.0,train,-0.358245,-0.6487434357048788,-0.47949450971532886,-0.6487434357048788,-0.47952274743229056,0.6343802301336574,0.47733653490266675,0.6343802301336574,0.47803028486717686,-0.7191341368356848,-0.5457842052884571,-0.7191341368356848,-0.5463770279739192,-0.3637267005390148,-0.33075597498644577,-0.3637267005390148,-0.33185776349978036,-0.7346342118515017,-0.5906574606427589,-0.7346342118515017,-0.5906574606427589,0.2299466982036273,0.12797109077999627,0.2299466982036273,0.12665931560483548,-0.0911508693188087,-0.0536005522019644,-0.1302821379488001,-0.09184052025513,0.0169678878961896,0.0118724213538762,0.010287356785832,0.0205702372410458,1.0,0.0,1.0,1.0
2019-09-05,60.49,62.4,60.25,60.95,480848.0,265319.0,0.0188809848708153,0.0004434098473129,0.021057299145735,0.0205675277088388,0.0,train,0.118985,-0.2898749982209187,-0.3874011895975896,-0.2898749982209187,-0.3874156873248802,0.2290902410182413,0.3565033105565754,0.2290902410182413,0.35685949366468317,0.2715769355279273,-0.1477456141458595,0.2715769355279273,-0.14804997946112666,-0.0691464997247084,-0.20321372749231767,-0.0691464997247084,-0.2037794045766171,-0.0875242595104612,-0.3458957258702998,-0.0875242595104612,-0.3458957258702998,0.4896173785149603,0.30459134144006095,0.4896173785149603,0.3039178536088114,-0.0419416310846783,-0.0911508693188087,-0.0536005522019644,-0.1302821379488001,0.0285482952277634,0.0169678878961896,0.0118724213538762,0.010287356785832,0.0,1.0,0.0,1.0
2019-09-06,60.81,61.88,59.4,61.54,470476.0,276590.0,0.0431673925843476,0.0006034212647995,0.0245646344324424,0.0199255522155081,0.0,train,0.010734,0.1603170913471583,-0.12079144894754731,0.1603170913471583,-0.12079144894754731,0.1036613042733411,0.23353899192083521,0.1036613042733411,0.23353899192083521,0.1825897571951258,0.01310313381701817,0.1825897571951258,0.01310313381701817,-0.2783199359751493,-0.2399316897530826,-0.2783199359751493,-0.2399316897530826,-0.3622446530511367,-0.3540754368346637,-0.3622446530511367,-0.3540754368346637,0.4103026254506923,0.3562830428682823,0.4103026254506923,0.3562830428682823,0.0188809848708153,-0.0419416310846783,-0.0911508693188087,-0.0536005522019644,0.021057299145735,0.0285482952277634,0.0169678878961896,0.0118724213538762,0.0,0.0,1.0,0.0
2019-09-09,61.6,63.0,61.57,62.59,447863.0,287051.0,0.0670660776334806,0.0001901331489669,0.013788877726884,0.0181454223053312,1.0,train,0.003418,-0.0096546688623328,0.028961323152644318,-0.0096546688623328,0.028961323152644318,-0.213124563721202,0.09701382893215309,-0.213124563721202,0.09701382893215309,-0.1239578744082671,0.03312168782824794,-0.1239578744082671,0.03312168782824794,-0.1801920326905808,-0.12007680730764814,-0.1801920326905808,-0.12007680730764814,0.0899336593055315,-0.23141976638301187,0.0899336593055315,-0.23141976638301187,-0.4040163396675175,-0.09669286161325179,-0.4040163396675175,-0.09669286161325179,0.0431673925843476,0.0188809848708153,-0.0419416310846783,-0.0911508693188087,0.0245646344324424,0.021057299145735,0.0285482952277634,0.0169678878961896,0.0,0.0,0.0,1.0
2019-09-10,62.82,63.78,62.17,62.38,441955.0,298745.0,-0.0715971508054229,0.0002357638746062,0.0153546043454815,0.0177334210106722,1.0,train,0.301563,0.5458323854776849,0.28102827269193104,0.5458323854776849,0.28102827269193104,-0.2955008771743013,-0.0942445359509152,-0.2955008771743013,-0.0942445359509152,-0.0131627811905596,0.010819431795391677,-0.0131627811905596,0.010819431795391677,-0.3427963592021115,-0.2286741976122993,-0.3427963592021115,-0.2286741976122993,0.6305365247757012,0.18841199933286948,0.6305365247757012,0.18841199933286948,0.2173501958879074,0.056447348091786115,0.2173501958879074,0.056447348091786115,0.0670660776334806,0.0431673925843476,0.0188809848708153,-0.0419416310846783,0.013788877726884,0.0245646344324424,0.021057299145735,0.0285482952277634,1.0,0.0,0.0,0.0
2019-09-11,62.88,63.27,60.52,60.81,421218.0,309968.0,-0.0897484051927088,0.0007122159846069,0.0266873750040528,0.0171270587761146,1.0,train,0.252792,0.3694038998886714,0.3240863630931501,0.3694038998886714,0.3240863630931501,-0.3052542259540619,-0.1975647031731987,-0.3052542259540619,-0.1975647031731987,-0.258376571146991,-0.12035627554720112,-0.258376571146991,-0.12035627554720112,-0.1370077437346049,-0.1836927697041244,-0.1370077437346049,-0.1836927697041244,0.5873090854675209,0.383419392313777,0.5873090854675209,0.383419392313777,-0.3117611274987987,-0.12269110493685739,-0.3117611274987987,-0.12269110493685739,-0.0715971508054229,0.0670660776334806,0.0431673925843476,0.0188809848708153,0.0153546043454815,0.013788877726884,0.0245646344324424,0.021057299145735,1.0,1.0,0.0,0.0
2019-09-12,61.16,61.39,58.92,60.38,398311.0,322262.0,0.0304353041770015,0.0006082569065943,0.0246628649307887,0.0164831262411014,0.0,train,-0.049566,0.0115665538169511,0.17189724638904738,0.0115665538169511,0.17189724638904738,-0.3963660125151197,-0.294856678746652,-0.3963660125151197,-0.294856678746652,-0.3940155740519525,-0.25384379499744414,-0.3940155740519525,-0.25384379499744414,0.3676028688422807,0.0848076583611275,0.3676028688422807,0.0848076583611275,-0.3764697194303219,0.013715784098578902,-0.3764697194303219,0.013715784098578902,-0.8828899620759485,-0.493048189271044,-0.8828899620759485,-0.493048189271044,-0.0897484051927088,-0.0715971508054229,0.0670660776334806,0.0431673925843476,0.0266873750040528,0.0153546043454815,0.013788877726884,0.0245646344324424,1.0,1.0,1.0,0.0
2019-10-01,59.38,60.1,58.41,58.89,543417.0,266445.0,-0.0269720680803162,0.0002934248123984,0.0171296471767071,0.0195026106547674,0.0,train,0.038109,0.2570368848253097,0.05969992699693318,0.2570368848253097,0.05969992699693318,0.6929134511540901,0.4743142514669967,0.6929134511540901,0.4743142514669967,-0.1573986110131246,-0.2166466348809392,-0.1573986110131246,-0.2166466348809392,-0.3480767642781541,-0.3110326886625074,-0.3480767642781541,-0.3110326886625074,0.2059155888086874,-0.017186397362644136,0.2059155888086874,-0.017186397362644136,-0.7332075049392969,-0.4794271921594523,-0.7332075049392969,-0.4794271921594523,0.0304353041770015,-0.0897484051927088,-0.0715971508054229,0.0670660776334806,0.0246628649307887,0.0266873750040528,0.0153546043454815,0.013788877726884,0.0,1.0,1.0,1.0
2019-10-02,59.25,59.5,57.22,57.69,515094.0,272703.0,-0.0166742152805072,0.0005506354533345,0.0234656227987781,0.0201683089007793,0.0,train,0.0,,0.03046416100355294,0.2570368848253097,0.15569327974616382,,0.24336981485925088,0.6929134511540901,0.5809592659292849,,-0.11121187975926888,-0.1573986110131246,-0.18789694136776425,,-0.15976041808193725,-0.3480767642781541,-0.32934443118946233,,-0.008471909975355477,0.2059155888086874,0.09185076448984103,,-0.2462456063011256,-0.7332075049392969,-0.6034664377060023,-0.0269720680803162,0.0304353041770015,-0.0897484051927088,-0.0715971508054229,0.0171296471767071,0.0246628649307887,0.0266873750040528,0.0153546043454815,0.0,0.0,1.0,1.0
2019-10-03,57.54,57.99,56.15,57.71,494112.0,279090.0,-0.0094852828084137,0.0003749813754428,0.0193644358410679,0.0198549755506018,0.0,train,-0.256522,-0.0607574324425437,-0.014227269775534216,-0.0607574324425437,0.05006750358828743,-0.3312855840517907,-0.03639180015646373,-0.3312855840517907,0.1369324032277073,-0.4148334442687428,-0.25929435430466924,-0.4148334442687428,-0.29866577770853975,-0.3379214373941291,-0.24688706554351658,-0.3379214373941291,-0.33395440098716744,-0.0871841661834779,-0.047009935737375774,-0.0871841661834779,0.0044974427601899986,-0.0793132306540663,-0.16512549181681863,-0.0793132306540663,-0.3485287819351377,-0.0166742152805072,-0.0269720680803162,0.0304353041770015,-0.0897484051927088,0.0234656227987781,0.0171296471767071,0.0246628649307887,0.0266873750040528,0.0,0.0,0.0,1.0
2019-10-04,57.69,58.96,57.67,58.37,492599.0,286406.0,-0.0391416388497525,0.0001765098030881,0.0132856991945538,0.0200928143071069,0.0,train,-0.38149,-0.439499105684978,-0.22145347484406952,-0.439499105684978,-0.18844343753476278,-0.2790971822045133,-0.1546662199788799,-0.2790971822045133,-0.06567860681875975,-0.6013741081648503,-0.42594738779712876,-0.6013741081648503,-0.4461613505733563,-0.686477379821252,-0.46108073339109157,-0.686477379821252,-0.5057825939164151,-0.2798925678729158,-0.16050049888713658,-0.2798925678729158,-0.1340557290099951,-0.2333524185618068,-0.19858044484803442,-0.2333524185618068,-0.2927428336816804,-0.0094852828084137,-0.0166742152805072,-0.0269720680803162,0.0304353041770015,0.0193644358410679,0.0234656227987781,0.0171296471767071,0.0246628649307887,0.0,0.0,0.0,0.0
2019-10-07,58.02,59.68,58.02,58.35,460232.0,293004.0,0.037008936428454,0.0002870089141042,0.0169413374355235,0.020672416250247,0.0,train,-0.04384,-0.4651878245856524,-0.31499278302069894,-0.4651878245856524,-0.3105253602717927,-0.0488335839779829,0.045426174048894076,-0.0488335839779829,0.05746933788046906,-0.3361918026961943,-0.28919855798386374,-0.3361918026961943,-0.29193422036151884,-0.327719395340213,-0.338568679433621,-0.327719395340213,-0.34461841838901924,-0.0964429463907175,-0.015991950328701317,-0.0964429463907175,-0.012413039907251325,-0.3373350747719425,-0.3148137655872398,-0.3373350747719425,-0.32755725915027734,-0.0391416388497525,-0.0094852828084137,-0.0166742152805072,-0.0269720680803162,0.0132856991945538,0.0193644358410679,0.0234656227987781,0.0171296471767071,0.0,0.0,0.0,0.0
2019-10-08,58.47,58.92,57.38,58.24,437430.0,301484.0,0.0148765933352112,0.0002529923104621,0.0159057320002004,0.0193305603736635,0.0,train,-0.104533,0.0971570966423406,-0.11395416248737199,0.0971570966423406,-0.11166051117012792,-0.1371486345358976,-0.04357756679936789,-0.1371486345358976,-0.03739440032092315,-0.4646112261708056,-0.374480329996937,-0.4646112261708056,-0.3758848658935185,0.0859089957658576,-0.1315928492141065,0.0859089957658576,-0.1346988887594863,-0.1152972062244717,-0.06471033930895713,-0.1152972062244717,-0.06287286543110056,-0.4154312209897848,-0.3638524741101345,-0.4154312209897848,-0.37039520186167957,0.037008936428454,-0.0391416388497525,-0.0094852828084137,-0.0166742152805072,0.0169413374355235,0.0132856991945538,0.0193644358410679,0.0234656227987781,0.0,0.0,0.0,0.0
2019-10-09,58.02,59.35,57.91,58.32,410921.0,310354.0,-0.070660433236207,0.0002175922433719,0.0147510082154395,0.0181679937428855,1.0,train,-0.023839,0.3019414216147684,0.08840451953028665,0.3019414216147684,0.0895821193816514,0.2935750180929632,0.12026899790580535,0.2935750180929632,0.12344354142566735,-0.5425537337717649,-0.45636403077833854,-0.5425537337717649,-0.4570851435519393,0.2928346362655953,0.07519054016467325,0.2928346362655953,0.07359584628968305,0.239947760215278,0.08367985149181907,0.239947760215278,0.08462324203648584,0.0830970218776775,-0.14613902363071032,0.0830970218776775,-0.1494981720635232,0.0148765933352112,0.037008936428454,-0.0391416388497525,-0.0094852828084137,0.0159057320002004,0.0169413374355235,0.0132856991945538,0.0193644358410679,0.0,0.0,0.0,0.0
2019-10-10,58.04,59.6,57.8,59.1,392306.0,319289.0,-0.0540137867676042,0.0003391965480244,0.0184172893777676,0.0177088997867614,1.0,train,-0.238935,-0.2528043350855533,-0.07768886422182643,-0.2528043350855533,-0.07708426429876553,-0.0732791454719185,0.025987234347351753,-0.0732791454719185,0.02761709933556288,-0.6202719979825246,-0.5364118068576372,-0.6202719979825246,-0.536782038500357,-0.7904191759880299,-0.34634579155939255,-0.7904191759880299,-0.34716453469442893,-0.389724962348132,-0.1465492123905471,-0.389724962348132,-0.14606485953498172,0.1838704070759845,0.014723427277117557,0.1838704070759845,0.01299878296633992,-0.070660433236207,0.0148765933352112,0.037008936428454,-0.0391416388497525,0.0147510082154395,0.0159057320002004,0.0169413374355235,0.0132856991945538,1.0,0.0,0.0,0.0
2019-10-11,59.53,60.69,59.21,60.51,374051.0,328716.0,-0.0049456084977883,0.0002198384840623,0.0148269512733517,0.0170769724890101,0.0,train,-0.223518,-0.0526864199669052,-0.06571514088252403,-0.0526864199669052,-0.06540472893185877,-0.3188952864805093,-0.14245404890826627,-0.3188952864805093,-0.14161724832160683,-0.5393040525758696,-0.538055917283939,-0.5393040525758696,-0.5382460005473187,-0.4481503117121404,-0.39594417696187695,-0.4481503117121404,-0.39636453370349506,-0.0586447669449301,-0.10394044966960404,-0.0586447669449301,-0.10369177462190445,-0.1752941224536078,-0.07738993597205124,-0.1752941224536078,-0.07827539788544664,-0.0540137867676042,-0.070660433236207,0.0148765933352112,0.037008936428454,0.0184172893777676,0.0147510082154395,0.0159057320002004,0.0169413374355235,1.0,1.0,0.0,0.0
2019-11-01,59.45,61.82,59.4,61.69,511960.0,265702.0,0.0464505462650679,0.0005751380801406,0.0239820366136961,0.0195091355221263,0.0,train,-0.103129,-0.1470781932853367,-0.3346291889990324,-0.1470781932853367,-0.3346291889990324,0.4024484030992843,0.19208213514830028,0.4024484030992843,0.19208213514830028,-0.2696932816641524,-0.36280958937242697,-0.2696932816641524,-0.36280958937242697,-0.5268668042236447,-0.6005295949978561,-0.5268668042236447,-0.6005295949978561,-0.0493957010764292,-0.1535123184104169,-0.0493957010764292,-0.1535123184104169,,-0.12769902524998106,0.0,-0.12769902524998106,-0.0049456084977883,-0.0540137867676042,-0.070660433236207,0.0148765933352112,0.0148269512733517,0.0184172893777676,0.0147510082154395,0.0159057320002004,0.0,1.0,1.0,0.0
2019-11-04,61.8,62.78,61.28,62.13,508730.0,275766.0,0.0624269048599028,0.0002109287760314,0.0145233872093053,0.0201356772723464,1.0,train,-0.066056,,0.027184107194687272,0.0,0.027184107194687272,-0.1546224754118118,0.07489773894581744,-0.1546224754118118,0.07489773894581744,0.0623696580376304,0.030133647800502244,0.0623696580376304,0.030133647800502244,0.0431333021510932,-0.15543129396429844,0.0431333021510932,-0.15543129396429844,0.5673306149859566,0.22825042357197523,0.5673306149859566,0.22825042357197523,0.0877446883210556,-0.06853592452550838,0.0877446883210556,-0.06853592452550838,0.0464505462650679,-0.0049456084977883,-0.0540137867676042,-0.070660433236207,0.0239820366136961,0.0148269512733517,0.0184172893777676,0.0147510082154395,0.0,0.0,1.0,1.0
2019-11-05,62.04,63.19,61.85,62.96,508587.0,286179.0,0.0324457481818667,0.0001656988362733,0.0128724060017289,0.0205705724539971,0.0,train,0.112882,0.2258815279408171,0.12399757516942317,0.2258815279408171,0.12399757516942317,0.0817369004440313,0.07829533984404977,0.0817369004440313,0.07829533984404977,-0.1594358194873807,-0.061950890603430786,-0.1594358194873807,-0.061950890603430786,-0.2789959715664143,-0.2155983163620113,-0.2789959715664143,-0.2155983163620113,0.1906714167711343,0.21003480799433602,0.1906714167711343,0.21003480799433602,0.7359131030860943,0.32362567437687445,0.7359131030860943,0.32362567437687445,0.0624269048599028,0.0464505462650679,-0.0049456084977883,-0.0540137867676042,0.0145233872093053,0.0239820366136961,0.0148269512733517,0.0184172893777676,1.0,0.0,0.0,1.0
2019-11-06,62.78,63.32,61.59,61.74,513952.0,297586.0,0.0032446491801172,0.000276775644788,0.0166365755126496,0.0199946035107904,0.0,train,0.232044,-0.1649121118460716,-0.016683183282065833,-0.1649121118460716,-0.016683183282065833,0.4900332092711332,0.2790348517721504,0.4900332092711332,0.2790348517721504,0.3150376547106465,0.12173384691966009,0.3150376547106465,0.12173384691966009,-0.1798100844402595,-0.19798004102536576,-0.1798100844402595,-0.19798004102536576,-0.5010460094955033,-0.13627560878560482,-0.5010460094955033,-0.13627560878560482,0.3042451431940464,0.3142754904065108,0.3042451431940464,0.3142754904065108,0.0324457481818667,0.0624269048599028,0.0464505462650679,-0.0049456084977883,0.0128724060017289,0.0145233872093053,0.0239820366136961,0.0148269512733517,0.0,1.0,0.0,0.0
2019-11-07,61.73,62.89,61.65,62.29,496987.0,308170.0,0.0653415405334891,0.0001430305768491,0.0119595391570576,0.0206741046819631,1.0,train,-0.232949,-0.6380618600907038,-0.3194310280807059,-0.6380618600907038,-0.3194310280807059,-0.161498580433082,0.06463676965665659,-0.161498580433082,0.06463676965665659,-0.0645190028423934,0.03108197542648393,-0.0645190028423934,0.03108197542648393,-0.8062829506676568,-0.49441336207811054,-0.8062829506676568,-0.49441336207811054,-0.4271088123286162,-0.2781166307187934,-0.4271088123286162,-0.2781166307187934,-0.2558870952716758,0.03646790644590507,-0.2558870952716758,0.03646790644590507,0.0032446491801172,0.0324457481818667,0.0624269048599028,0.0464505462650679,0.0166365755126496,0.0128724060017289,0.0145233872093053,0.0239820366136961,0.0,0.0,1.0,0.0
2019-11-08,62.29,62.7,60.66,62.51,473741.0,318274.0,0.0707541400552909,0.0003946075040961,0.0198647301541248,0.0193131222055777,1.0,train,0.067214,0.0690766241295979,-0.12999593517786043,0.0690766241295979,-0.12999593517786043,-0.3501343645610162,-0.13727904141525138,-0.3501343645610162,-0.13727904141525138,0.5108473820634762,0.2651478140955717,0.5108473820634762,0.2651478140955717,-0.3548015845771141,-0.4264515430163,-0.3548015845771141,-0.4264515430163,-0.1151765792414586,-0.19845500263788907,-0.1151765792414586,-0.19845500263788907,-0.0073858787254664,0.01510050442262767,-0.0073858787254664,0.01510050442262767,0.0653415405334891,0.0032446491801172,0.0324457481818667,0.0624269048599028,0.0119595391570576,0.0166365755126496,0.0128724060017289,0.0145233872093053,1.0,0.0,0.0,1.0
2019-11-11,62.6,62.76,61.57,62.18,448788.0,328200.0,0.0272247639963776,0.0001321731131338,0.0114966566067622,0.0170981032302799,0.0,train,-0.331084,-0.3460060788707165,-0.31089365423112403,-0.3460060788707165,-0.31089365423112403,,0.02879117156952294,0.0,0.02879117156952294,-0.1160603580040022,-0.21793072526021595,-0.1160603580040022,-0.21793072526021595,0.2112235840660894,-0.15717919624403381,0.2112235840660894,-0.15717919624403381,-0.8064674094830943,-0.6714052294742003,-0.8064674094830943,-0.6714052294742003,0.1116425101731214,-0.0006768520716716159,0.1116425101731214,-0.0006768520716716159,0.0707541400552909,0.0653415405334891,0.0032446491801172,0.0324457481818667,0.0198647301541248,0.0119595391570576,0.0166365755126496,0.0128724060017289,1.0,1.0,0.0,0.0
2019-11-12,62.11,62.85,61.82,62.06,430581.0,338328.0,0.0274437347415412,9.84792727082952e-05,0.0099236723398294,0.01656625792592,0.0,train,-0.453528,-0.6350854162442501,-0.46899537974916433,-0.6350854162442501,-0.46899537974916433,0.159235589638291,0.092316716312064,0.159235589638291,0.092316716312064,-0.6943896651851058,-0.4504494260602307,-0.6943896651851058,-0.4504494260602307,-0.5553669604054234,-0.3511184388466415,-0.5553669604054234,-0.3511184388466415,-0.444777134071221,-0.5612781552918753,-0.444777134071221,-0.5612781552918753,-0.2104682253873738,-0.10270981361801558,-0.2104682253873738,-0.10270981361801558,0.0272247639963776,0.0707541400552909,0.0653415405334891,0.0032446491801172,0.0114966566067622,0.0198647301541248,0.0119595391570576,0.0166365755126496,0.0,1.0,1.0,0.0
2019-12-02,60.73,62.09,60.72,60.92,560467.0,280905.0,0.0544776797581629,0.0001795495176206,0.0133996088607338,0.0203570293441256,0.0,train,0.34649,0.1425420570924591,-0.026648887417541827,0.1425420570924591,-0.026648887417541827,0.1886155123917524,0.1273378813574744,0.1886155123917524,0.1273378813574744,0.1240889715488139,-0.15373844500706602,0.1240889715488139,-0.15373844500706602,-0.2483772001723009,-0.3949865601583816,-0.2483772001723009,-0.3949865601583816,0.106334543836989,-0.0028842920007562983,0.106334543836989,-0.0028842920007562983,-0.1099286128413263,-0.026490143902492075,-0.1099286128413263,-0.026490143902492075,0.0274437347415412,0.0272247639963776,0.0707541400552909,0.0653415405334891,0.0099236723398294,0.0114966566067622,0.0198647301541248,0.0119595391570576,0.0,0.0,1.0,1.0
2019-12-03,61.05,61.58,60.3,60.82,543671.0,288444.0,0.0524882135263435,0.0001591334661015,0.0126148113779624,0.0197193582339086,0.0,train,0.230396,0.1935656683591358,0.08083119968146325,0.1935656683591358,0.08083119968146325,,0.06531710170882793,0.0,0.06531710170882793,0.5411672148484666,0.18489214869805412,0.5411672148484666,0.18489214869805412,-0.1503583950832428,-0.27582137613004265,-0.1503583950832428,-0.27582137613004265,0.329139672846118,0.15847151135552326,0.329139672846118,0.15847151135552326,0.1482965576364538,0.05837276275718886,0.1482965576364538,0.05837276275718886,0.0544776797581629,0.0274437347415412,0.0272247639963776,0.0707541400552909,0.0133996088607338,0.0099236723398294,0.0114966566067622,0.0198647301541248,0.0,0.0,0.0,1.0
2019-12-04,61.08,63.51,61.0,63.0,550001.0,297658.0,0.0139057623159297,0.0005864502790375,0.0242167355157044,0.0201612372769827,0.0,train,0.187683,0.3439870861092468,0.20925358068505986,0.3439870861092468,0.20925358068505986,0.0047571254639754,0.03611776168498334,0.0047571254639754,0.03611776168498334,-0.0727465775835074,0.059576281907564026,-0.0727465775835074,0.059576281907564026,0.1422528050586589,-0.07201278907971662,0.1422528050586589,-0.07201278907971662,0.323880726695624,0.23914410718797677,0.323880726695624,0.23914410718797677,-0.1012424937748753,-0.01919644531632059,-0.1012424937748753,-0.01919644531632059,0.0524882135263435,0.0544776797581629,0.0274437347415412,0.0272247639963776,0.0126148113779624,0.0133996088607338,0.0099236723398294,0.0114966566067622,0.0,0.0,0.0,0.0
2019-12-05,62.97,63.91,62.75,63.39,531925.0,306463.0,0.006806516186927,0.0001210140610514,0.0110006391201331,0.0203455729875599,0.0,train,0.323033,0.3322948788542124,0.26932940311689907,0.3322948788542124,0.26932940311689907,,0.018241511196840716,0.0,0.018241511196840716,,0.03035679115363479,0.0,0.03035679115363479,0.518195749440747,0.2155155616157637,0.518195749440747,0.2155155616157637,0.3402732964359542,0.28810740908848864,0.3402732964359542,0.28810740908848864,,-0.010138611704706646,0.0,-0.010138611704706646,0.0139057623159297,0.0524882135263435,0.0544776797581629,0.0274437347415412,0.0242167355157044,0.0126148113779624,0.0133996088607338,0.0099236723398294,0.0,0.0,0.0,0.0
2019-12-06,63.41,64.88,62.83,64.39,504338.0,314515.0,0.0420263224760786,0.0003717980106426,0.0192820644808249,0.0200145490530415,0.0,train,0.324041,0.4568112010670964,0.360737973242174,0.4568112010670964,0.360737973242174,0.5106315078385484,0.25783629654241436,0.5106315078385484,0.25783629654241436,,0.01525545720611181,0.0,0.01525545720611181,0.2295013266950625,0.22246659687713263,0.2295013266950625,0.22246659687713263,0.2956771692269012,0.2920821993336306,0.2956771692269012,0.2920821993336306,0.8096208794100781,0.38909541626416344,0.8096208794100781,0.38909541626416344,0.006806516186927,0.0139057623159297,0.0524882135263435,0.0544776797581629,0.0110006391201331,0.0242167355157044,0.0126148113779624,0.0133996088607338,0.0,0.0,0.0,0.0
2019-12-09,64.29,64.5,63.61,64.25,481699.0,322578.0,0.0968366360749266,6.96309729692284e-05,0.0083445175396321,0.0180145851041728,1.0,train,0.122946,0.0780363081320265,0.2366334257620472,0.0780363081320265,0.2366334257620472,-0.1556510780118389,-0.06868787243443363,-0.1556510780118389,-0.06868787243443363,0.083220360612536,0.007739369536283052,0.083220360612536,0.007739369536283052,-0.4743179137112904,-0.23154873043262408,-0.4743179137112904,-0.23154873043262408,0.141096467056848,0.2388625190901848,0.141096467056848,0.2388625190901848,0.166149687029828,0.22933450427599938,0.166149687029828,0.22933450427599938,0.0420263224760786,0.006806516186927,0.0139057623159297,0.0524882135263435,0.0192820644808249,0.0110006391201331,0.0242167355157044,0.0126148113779624,0.0,0.0,0.0,0.0
2019-12-10,64.03,64.69,63.78,64.34,453918.0,331136.0,0.0849505973988273,7.23883041624292e-05,0.0085081316493357,0.0176920523927342,1.0,train,0.009356,-0.0536449158417282,0.09539546248498795,-0.0536449158417282,0.09539546248498795,-0.1303541178765897,-0.09851006806491944,-0.1303541178765897,-0.09851006806491944,-0.6143320201748123,-0.294950637216117,-0.6143320201748123,-0.294950637216117,0.0498001261806338,-0.09416427381176216,0.0498001261806338,-0.09416427381176216,0.2276925260455485,0.23364856532059153,0.2276925260455485,0.23364856532059153,0.5744874293045333,0.39793963049081976,0.5744874293045333,0.39793963049081976,0.0968366360749266,0.0420263224760786,0.006806516186927,0.0139057623159297,0.0083445175396321,0.0192820644808249,0.0110006391201331,0.0242167355157044,1.0,0.0,0.0,0.0
2019-12-11,64.0,64.26,63.01,63.72,427836.0,338588.0,0.0244650804112405,0.0001391779410095,0.0117973700886916,0.0170596758378254,0.0,train,-0.04149,-0.1096857933799697,-0.004399672757488236,-0.1096857933799697,-0.004399672757488236,-0.0733970100915699,-0.08661217739024016,-0.0733970100915699,-0.08661217739024016,-0.4969168535987325,-0.3932868287196742,-0.4969168535987325,-0.3932868287196742,-0.4003733334260491,-0.24313708491935826,-0.4003733334260491,-0.24313708491935826,0.4620651111276609,0.3451456398790019,0.4620651111276609,0.3451456398790019,-0.1746559172036891,0.11904431831894198,-0.1746559172036891,0.11904431831894198,0.0849505973988273,0.0968366360749266,0.0420263224760786,0.006806516186927,0.0085081316493357,0.0083445175396321,0.0192820644808249,0.0110006391201331,1.0,1.0,0.0,0.0
2019-12-12,63.9,64.85,63.87,64.2,410691.0,348401.0,0.0339015516756813,8.362794230427168e-05,0.0091448314530269,0.0165324098548485,0.0,train,-0.232965,-0.4271488235726808,-0.21045539843356748,-0.4271488235726808,-0.21045539843356748,-0.1114043664658472,-0.0988616537697673,-0.1114043664658472,-0.0988616537697673,-0.1142242836365328,-0.2576475331436261,-0.1142242836365328,-0.2576475331436261,-0.7444546861716291,-0.4873772309833698,-0.7444546861716291,-0.4873772309833698,0.3850551324535444,0.3647377311295354,0.3850551324535444,0.3647377311295354,-0.2050940983860702,-0.03873489185465311,-0.2050940983860702,-0.03873489185465311,0.0244650804112405,0.0849505973988273,0.0968366360749266,0.0420263224760786,0.0117973700886916,0.0085081316493357,0.0083445175396321,0.0192820644808249,0.0,1.0,1.0,0.0
2020-01-02,66.41,66.58,65.72,66.25,647098.0,315791.0,0.3343913842290718,6.096267107666589e-05,0.0078078595707572,0.0185073153067635,1.0,train,0.163902,-0.0565323191996303,0.0362784046060895,-0.0565323191996303,0.0362784046060895,-0.0129503665517104,0.05789066645562967,-0.0129503665517104,0.05789066645562967,0.3896141399318558,0.37123270112423523,0.3896141399318558,0.37123270112423523,0.367717729413678,0.1822089943182831,0.367717729413678,0.1822089943182831,0.4445280935827169,0.25291137528609536,0.4445280935827169,0.25291137528609536,0.0648198149711675,0.0859452798058479,0.0648198149711675,0.0859452798058479,0.0339015516756813,0.0244650804112405,0.0849505973988273,0.0968366360749266,0.0091448314530269,0.0117973700886916,0.0085081316493357,0.0083445175396321,0.0,0.0,1.0,1.0
2020-01-03,66.28,69.5,66.22,68.6,625982.0,329001.0,0.351896706946845,0.0008429536022888,0.0290336632598922,0.0346743081314497,1.0,train,0.264282,0.0072461179742656,0.02249005762158865,0.0072461179742656,0.02249005762158865,0.3723198864766959,0.21138596152360672,0.3723198864766959,0.21138596152360672,0.4745884003974552,0.42176963554542374,0.4745884003974552,0.42176963554542374,-0.0851410624975378,0.05227489007426091,-0.0851410624975378,0.05227489007426091,0.7398125253899678,0.4906194396237381,0.7398125253899678,0.4906194396237381,0.1268781809429548,0.10612779124769783,0.1268781809429548,0.10612779124769783,0.3343913842290718,0.0339015516756813,0.0244650804112405,0.0849505973988273,0.0078078595707572,0.0091448314530269,0.0117973700886916,0.0085081316493357,1.0,0.0,0.0,1.0
2020-01-06,69.35,70.74,68.21,68.91,607377.0,342113.0,0.5209380148648055,0.0004784036460598,0.0218724403316098,0.042480501784538,1.0,train,0.252211,0.5349707897067443,0.487750378968962,0.5349707897067443,0.487750378968962,0.6533636743838881,0.46044901196139626,0.6533636743838881,0.46044901196139626,-0.0654247094205916,0.12436885673831956,-0.0654247094205916,0.12436885673831956,0.1210101916262519,0.0870598504327984,0.1210101916262519,0.0870598504327984,,0.18025167657321126,0.0,0.18025167657321126,0.1106176060027821,0.1768466234998489,0.1106176060027821,0.1768466234998489,0.351896706946845,0.3343913842290718,0.0339015516756813,0.0244650804112405,0.0290336632598922,0.0078078595707572,0.0091448314530269,0.0117973700886916,1.0,1.0,0.0,0.0
2020-01-07,68.63,68.75,67.65,68.27,588810.0,355063.0,0.5484363841383058,9.38317895305762e-05,0.0096866810379291,0.0454838331114969,1.0,train,0.447744,0.5401265428108794,0.5134086840413545,0.5401265428108794,0.5134086840413545,0.0532554654729887,0.2622413556624418,0.0532554654729887,0.2622413556624418,,0.06341926775863549,0.0,0.06341926775863549,-0.1371451266994263,-0.02230382838708009,-0.1371451266994263,-0.02230382838708009,0.8994503188341638,0.5307625124638108,0.8994503188341638,0.5307625124638108,-0.4806075273183484,-0.14341172750273107,-0.4806075273183484,-0.14341172750273107,0.5209380148648055,0.351896706946845,0.3343913842290718,0.0339015516756813,0.0218724403316098,0.0290336632598922,0.0078078595707572,0.0091448314530269,1.0,1.0,1.0,0.0
2020-01-08,71.22,71.75,64.94,65.44,543176.0,365741.0,0.2936083184667462,0.0035868622131678,0.0598904183752946,0.0462480082839041,1.0,train,-0.004779,-0.2346230244971131,0.14897931522575922,-0.2346230244971131,0.14897931522575922,-0.1528424469528751,0.06021934988836378,-0.1528424469528751,0.06021934988836378,0.1703977694917411,0.11552107555866654,0.1703977694917411,0.11552107555866654,-0.1538039589535649,-0.08664271557319235,-0.1538039589535649,-0.08664271557319235,0.4255656501702937,0.4797746378620899,0.4255656501702937,0.4797746378620899,-0.2549653366522586,-0.19770270875913448,-0.2549653366522586,-0.19770270875913448,0.5484363841383058,0.5209380148648055,0.351896706946845,0.3343913842290718,0.0096866810379291,0.0218724403316098,0.0290336632598922,0.0078078595707572,1.0,1.0,1.0,1.0
2020-01-09,66.0,66.1,64.56,65.37,500247.0,375751.0,0.2915137883821344,0.0002004337703307,0.0141574634144221,0.0468973533686625,1.0,train,0.092465,0.1185603963277186,0.1340130927969713,0.1185603963277186,0.1340130927969713,0.4268804251969108,0.23884048945832723,0.4268804251969108,0.23884048945832723,0.2629666439472194,0.18735971433031257,0.2629666439472194,0.18735971433031257,-0.4276392921699606,-0.25310227601046953,-0.4276392921699606,-0.25310227601046953,-0.3901483408969622,0.05605773962660248,-0.3901483408969622,0.05605773962660248,-0.4285332122825064,-0.310107960383129,-0.4285332122825064,-0.310107960383129,0.2936083184667462,0.5484363841383058,0.5209380148648055,0.351896706946845,0.0598904183752946,0.0096866810379291,0.0218724403316098,0.0290336632598922,1.0,1.0,1.0,1.0
2020-01-10,65.29,65.66,64.86,64.98,475981.0,386568.0,0.2851204644113596,5.420149432602277e-05,0.0073621664152627,0.0423135754339704,1.0,train,0.039459,-0.2013968819989035,-0.029323712197102437,-0.2013968819989035,-0.029323712197102437,-0.0641847051762669,0.09150503154256799,-0.0641847051762669,0.09150503154256799,0.2943437356686088,0.23937911335832285,0.2943437356686088,0.23937911335832285,-0.5839366888486877,-0.41434740052326424,-0.5839366888486877,-0.41434740052326424,-0.0627026273378637,-0.0016247480080553414,-0.0627026273378637,-0.0016247480080553414,-0.2899576894473502,-0.3003808073311736,-0.2899576894473502,-0.3003808073311736,0.2915137883821344,0.2936083184667462,0.5484363841383058,0.5209380148648055,0.0141574634144221,0.0598904183752946,0.0096866810379291,0.0218724403316098,1.0,1.0,1.0,1.0
2020-02-03,56.16,56.77,54.08,54.45,481495.0,263329.0,-0.2310096853528702,0.0008499203900088,0.029153394142172,0.0347986487243431,1.0,train,-0.034485,-0.5382867895907806,-0.33329191057670443,-0.5382867895907806,-0.33329191057670443,0.418138809751509,0.2876120747044955,0.418138809751509,0.2876120747044955,-0.1360615015315283,-0.1570662629294637,-0.1360615015315283,-0.1570662629294637,,-0.10012864914773896,0.0,-0.10012864914773896,0.2461741401545346,-0.02925432968296204,0.2461741401545346,-0.02925432968296204,0.062004433711324,0.12250385359624766,0.062004433711324,0.12250385359624766,0.2851204644113596,0.2915137883821344,0.2936083184667462,0.5484363841383058,0.0073621664152627,0.0141574634144221,0.0598904183752946,0.0096866810379291,1.0,1.0,1.0,1.0
2020-02-04,54.33,55.65,53.69,53.96,449213.0,265268.0,0.1023586835211038,0.0004636834452229,0.0215333101315826,0.0390127345206253,0.0,train,-0.375531,-0.3315231461592533,-0.3324308666302471,-0.3315231461592533,-0.3324308666302471,-0.1514638765936105,0.07353572425097016,-0.1514638765936105,0.07353572425097016,-0.6162287132885299,-0.38063111990791826,-0.6162287132885299,-0.38063111990791826,0.030437413196816,-0.036640789544923884,0.030437413196816,-0.036640789544923884,-0.201303243961148,-0.11290652448318306,-0.201303243961148,-0.11290652448318306,,0.06256791453791574,0.0,0.06256791453791574,-0.2310096853528702,0.2851204644113596,0.2915137883821344,0.2936083184667462,0.029153394142172,0.0073621664152627,0.0141574634144221,0.0598904183752946,1.0,1.0,1.0,1.0
2020-02-05,54.05,56.46,54.05,55.28,429817.0,267028.0,0.1155018118413169,0.0006863461336012,0.0261982085952696,0.0401949039613381,0.0,train,0.092189,-0.1085210079806798,-0.22364917942760995,-0.1085210079806798,-0.22364917942760995,-0.3008112103389864,-0.1090291793330878,-0.3008112103389864,-0.1090291793330878,-0.2514923938349689,-0.31782162458665375,-0.2514923938349689,-0.31782162458665375,0.2300859216113406,0.0935606598457203,0.2300859216113406,0.0935606598457203,0.1360089015648533,0.008242879361192371,0.1360089015648533,0.008242879361192371,0.200512235586205,0.12953275694605926,0.200512235586205,0.12953275694605926,0.1023586835211038,-0.2310096853528702,0.2851204644113596,0.2915137883821344,0.0215333101315826,0.029153394142172,0.0073621664152627,0.0141574634144221,0.0,1.0,1.0,1.0
2020-02-06,55.56,56.58,54.25,54.93,409084.0,268289.0,-0.2267416580145882,0.0006378223065767,0.0252551441606795,0.0424649052942321,1.0,train,0.157536,0.3879106745106463,0.07425897121971023,0.3879106745106463,0.07425897121971023,-0.2960237217540474,-0.20023156039867743,-0.2960237217540474,-0.20023156039867743,-0.050846277267638,-0.18776698737762257,-0.050846277267638,-0.18776698737762257,-0.5295063790563517,-0.20970430009253818,-0.5295063790563517,-0.20970430009253818,0.422676306851154,0.21037603174184027,0.422676306851154,0.21037603174184027,-0.2919809393559056,-0.07539332021243601,-0.2919809393559056,-0.07539332021243601,0.1155018118413169,0.1023586835211038,-0.2310096853528702,0.2851204644113596,0.0261982085952696,0.0215333101315826,0.029153394142172,0.0073621664152627,0.0,0.0,1.0,1.0
2020-02-07,55.14,55.4,54.21,54.47,384964.0,269963.0,-0.2258203400346059,0.0001700600232362,0.0130407063933001,0.0454755242446218,1.0,train,0.197644,0.154868456186494,0.11389141967944727,0.154868456186494,0.11389141967944727,0.3260599628630187,0.05592704787103272,0.3260599628630187,0.05592704787103272,0.1630120087730367,-0.01645753060841928,0.1630120087730367,-0.01645753060841928,-0.0513096487366673,-0.13246801001470812,-0.0513096487366673,-0.13246801001470812,0.0742016026863914,0.14417942092573788,0.0742016026863914,0.14417942092573788,0.125427859807206,0.022145488467343575,0.125427859807206,0.022145488467343575,-0.2267416580145882,0.1155018118413169,0.1023586835211038,-0.2310096853528702,0.0252551441606795,0.0261982085952696,0.0215333101315826,0.029153394142172,1.0,0.0,0.0,1.0
2020-02-10,54.2,54.71,53.11,53.27,371460.0,272488.0,-0.1987062093120464,0.0003177456497282,0.0178254214460201,0.0421579505851536,1.0,train,0.115324,0.2088565312627538,0.22459011078285923,0.2088565312627538,0.22459011078285923,0.2267466316499835,0.3031655095265466,0.2267466316499835,0.3031655095265466,0.1893003391474961,0.02300590874281648,0.1893003391474961,0.02300590874281648,-0.0151340423087869,-0.02784651532906899,-0.0151340423087869,-0.02784651532906899,0.143496070433677,0.17568945278788686,0.143496070433677,0.17568945278788686,0.3447941507742635,0.3256751723438734,0.3447941507742635,0.3256751723438734,-0.2258203400346059,-0.2267416580145882,0.1155018118413169,0.1023586835211038,0.0130407063933001,0.0252551441606795,0.0261982085952696,0.0215333101315826,1.0,1.0,0.0,0.0
2020-02-11,53.62,54.69,53.6,54.01,340526.0,274830.0,0.0721586676656147,0.0001461773762956,0.0120903836289675,0.039348287185387,0.0,train,-0.248403,-0.2913455805311067,-0.026828481596061732,-0.2913455805311067,-0.026828481596061732,0.37307517446254,0.3371826581850672,0.37307517446254,0.3371826581850672,-0.3993985438475776,-0.18263588920445437,-0.3993985438475776,-0.18263588920445437,-0.4934931516504512,-0.25478326217871156,-0.4934931516504512,-0.25478326217871156,-0.2276692004313589,-0.02045503369337353,-0.2276692004313589,-0.02045503369337353,,0.1668522725628749,0.0,0.1668522725628749,-0.1987062093120464,-0.2258203400346059,-0.2267416580145882,0.1155018118413169,0.0178254214460201,0.0130407063933001,0.0252551441606795,0.0261982085952696,1.0,1.0,1.0,0.0
2020-02-12,54.41,56.36,54.39,55.79,304844.0,276680.0,0.1101718165013232,0.0004565739647218,0.021367591458136,0.0400345563321199,0.0,train,0.127338,0.1600486212130654,0.06437333616218958,0.1600486212130654,0.06437333616218958,0.0204023218802305,0.1829951629909685,0.0204023218802305,0.1829951629909685,0.0238930459245936,-0.08206873992538383,0.0238930459245936,-0.08206873992538383,-0.195284592860446,-0.22578550577830325,-0.195284592860446,-0.22578550577830325,0.2891081184341452,0.13055929116067277,0.2891081184341452,0.13055929116067277,-0.3024842266561161,-0.06172771753623514,-0.3024842266561161,-0.06172771753623514,0.0721586676656147,-0.1987062093120464,-0.2258203400346059,-0.2267416580145882,0.0120903836289675,0.0178254214460201,0.0130407063933001,0.0252551441606795,0.0,1.0,1.0,1.0
2020-03-02,48.95,53.2,48.4,51.9,494581.0,227039.0,-0.2441166746944882,0.0032249015067868,0.0567882162669939,0.0183668214689204,1.0,train,-0.203421,-0.437792383560681,-0.4542439208673324,-0.437792383560681,-0.4542439208673324,,0.021198997174601202,0.0,0.021198997174601202,-0.3600800502446538,-0.44561401762835834,-0.3600800502446538,-0.44561401762835834,-0.503444755215344,-0.38685479757286906,-0.503444755215344,-0.38685479757286906,-0.0987260183432293,-0.08692290147041065,-0.0987260183432293,-0.08692290147041065,0.0685411832683927,0.06609719805024566,0.0685411832683927,0.06609719805024566,0.1101718165013232,0.0721586676656147,-0.1987062093120464,-0.2258203400346059,0.021367591458136,0.0120903836289675,0.0178254214460201,0.0130407063933001,0.0,0.0,1.0,1.0
2020-03-03,53.47,53.9,51.22,51.86,474469.0,235968.0,-0.0487350692684511,0.0009381270608,0.0306288599330765,0.0349622620079187,0.0,train,0.094974,0.2072349972627535,-0.13208784031299928,0.2072349972627535,-0.13208784031299928,0.3898317939535164,0.2007392158160665,0.3898317939535164,0.2007392158160665,0.0030390158808818,-0.22691319888184736,0.0030390158808818,-0.22691319888184736,-0.347686901408978,-0.36793090650824695,-0.347686901408978,-0.36793090650824695,0.3328824764296327,0.11756819460688374,0.3328824764296327,0.11756819460688374,0.1908528476950675,0.12715533378473393,0.1908528476950675,0.12715533378473393,-0.2441166746944882,0.1101718165013232,0.0721586676656147,-0.1987062093120464,0.0567882162669939,0.021367591458136,0.0120903836289675,0.0178254214460201,1.0,0.0,0.0,1.0
2020-03-04,52.11,53.03,51.04,51.13,457747.0,246162.0,-0.0538716222476471,0.00052763726848,0.0229703562985008,0.0390950780529064,0.0,train,0.392883,0.1771281047621071,0.018580248127041427,0.1771281047621071,0.018580248127041427,0.4292694888426203,0.3121290502377492,0.4292694888426203,0.3121290502377492,0.3788347199852029,0.06812896210128534,0.3788347199852029,0.06812896210128534,-0.0449823640440932,-0.21088457541086342,-0.0449823640440932,-0.21088457541086342,0.2021523494251946,0.1588227631594776,0.2021523494251946,0.1588227631594776,0.5627068852215096,0.3393363862083053,0.5627068852215096,0.3393363862083053,-0.0487350692684511,-0.2441166746944882,0.1101718165013232,0.0721586676656147,0.0306288599330765,0.0567882162669939,0.021367591458136,0.0120903836289675,0.0,1.0,0.0,0.0
2020-03-05,51.66,52.04,49.7,49.99,461330.0,257640.0,-0.1005881940339357,0.0007634418810357,0.027630452059923,0.0403154065579326,0.0,train,0.182637,0.2613037048614142,0.13684734335288481,0.2613037048614142,0.13684734335288481,0.0037547092061906,0.1618849065925246,0.0037547092061906,0.1618849065925246,-0.0310085336324582,0.02002288172888412,-0.0310085336324582,0.02002288172888412,-0.4868546620053304,-0.3455827212238928,-0.4868546620053304,-0.3455827212238928,0.3354999396513413,0.24544975880058478,0.3354999396513413,0.24544975880058478,-0.0496845351905165,0.15015007265106822,-0.0496845351905165,0.15015007265106822,-0.0538716222476471,-0.0487350692684511,-0.2441166746944882,0.1101718165013232,0.0229703562985008,0.0306288599330765,0.0567882162669939,0.021367591458136,0.0,0.0,1.0,0.0
2020-03-06,50.25,50.45,45.18,45.27,455065.0,269518.0,-0.1934150859066612,0.0043902362828729,0.0662588581464615,0.0425513272537269,1.0,train,0.112746,0.1591283127431319,0.148207434124672,0.1591283127431319,0.148207434124672,-0.1757769962929791,-0.0024688277336529407,-0.1757769962929791,-0.0024688277336529407,0.0009461592863428,0.011014576575624747,0.0009461592863428,0.011014576575624747,-0.2247341663960835,-0.28661622901859113,-0.2247341663960835,-0.28661622901859113,0.1715778952490638,0.20961584013286402,0.1715778952490638,0.20961584013286402,0.4247686417585665,0.2845864928418125,0.4247686417585665,0.2845864928418125,-0.1005881940339357,-0.0538716222476471,-0.0487350692684511,-0.2441166746944882,0.027630452059923,0.0229703562985008,0.0306288599330765,0.0567882162669939,0.0,0.0,0.0,1.0
2020-03-09,38.28,38.34,31.02,34.36,412503.0,279306.0,-0.6431703405085836,0.016188960398127,0.1272358455708415,0.046922129867538,1.0,train,-0.472387,-0.5344431248740047,-0.45138619129186486,-0.5344431248740047,-0.45138619129186486,,-0.010897464439933405,0.0,-0.010897464439933405,-0.1538655232544349,-0.18855394314394558,-0.1538655232544349,-0.18855394314394558,0.0073173643476472,-0.013849272012676913,0.0073173643476472,-0.013849272012676913,-0.6674739956952814,-0.4937549239653495,-0.6674739956952814,-0.4937549239653495,0.623609541253164,0.39796355291013114,0.623609541253164,0.39796355291013114,-0.1934150859066612,-0.1005881940339357,-0.0538716222476471,-0.0487350692684511,0.0662588581464615,0.027630452059923,0.0229703562985008,0.0306288599330765,1.0,0.0,0.0,0.0
2020-03-10,35.84,38.22,35.0,37.22,374646.0,287840.0,-0.3585270697148028,0.0027937481188541,0.0528559184846329,0.0420526243953404,1.0,train,-0.718441,-0.7118449559542769,-0.5781895357944266,-0.7118449559542769,-0.5781895357944266,-0.6230302559696342,-0.3092971062519589,-0.6230302559696342,-0.3092971062519589,-0.610677824690983,-0.39389500865891836,-0.610677824690983,-0.39389500865891836,-0.5369990072840105,-0.26838314387168044,-0.5369990072840105,-0.26838314387168044,-0.7671020951163514,-0.6270114748619892,-0.7671020951163514,-0.6270114748619892,,0.2045100460228708,0.0,0.2045100460228708,-0.6431703405085836,-0.1934150859066612,-0.1005881940339357,-0.0538716222476471,0.1272358455708415,0.0662588581464615,0.027630452059923,0.0229703562985008,1.0,1.0,0.0,0.0
2020-03-11,37.27,39.7,35.35,35.79,335241.0,293970.0,-0.4115006898268651,0.0048576448431196,0.0696968065489346,0.0393264334336423,1.0,train,0.266048,-0.0376436293998284,-0.31494227018794707,-0.0376436293998284,-0.31494227018794707,0.2726187619473778,-0.025977774568253103,0.2726187619473778,-0.025977774568253103,0.5163775311007973,0.04966358911083485,0.5163775311007973,0.04966358911083485,-0.2324551972640912,-0.25096205018273227,-0.2324551972640912,-0.25096205018273227,-0.2939978411336012,-0.4651037910976258,-0.2939978411336012,-0.4651037910976258,0.7602228067283704,0.4752797533188756,0.7602228067283704,0.4752797533188756,-0.3585270697148028,-0.6431703405085836,-0.1934150859066612,-0.1005881940339357,0.0528559184846329,0.1272358455708415,0.0662588581464615,0.027630452059923,1.0,1.0,1.0,0.0
2020-03-12,35.99,36.46,32.5,33.22,307942.0,300695.0,-0.5184425376722879,0.0047678932204547,0.0690499328055773,0.0400936350169314,1.0,train,-0.157365,-0.4318087836694908,-0.37180380498962473,-0.4318087836694908,-0.37180380498962473,0.0675823690334258,0.019588892805849474,0.0675823690334258,0.019588892805849474,0.139879127981399,0.093870916058613,0.139879127981399,0.093870916058613,-0.669746067787693,-0.4548382959235251,-0.669746067787693,-0.4548382959235251,-0.4608524192008443,-0.46325967586799865,-0.4608524192008443,-0.46325967586799865,0.4037739373465338,0.4406941020412522,0.4037739373465338,0.4406941020412522,-0.4115006898268651,-0.3585270697148028,-0.6431703405085836,-0.1934150859066612,0.0696968065489346,0.0528559184846329,0.1272358455708415,0.0662588581464615,1.0,1.0,1.0,1.0
2020-04-01,25.99,26.28,24.52,24.74,537045.0,209759.0,-0.9535818437315732,0.0017330861828904,0.0416303517027,0.0165135542397623,1.0,train,-0.104995,0.077646862729251,-0.06590509149466904,0.077646862729251,-0.06590509149466904,0.3156403359374795,0.33642780476859085,0.3156403359374795,0.33642780476859085,-0.5073710118389952,-0.5073981117152011,-0.5073710118389952,-0.5073981117152011,-0.0838245949431866,-0.15922805692076453,-0.0838245949431866,-0.15922805692076453,-0.0350348236581012,-0.07398854896683588,-0.0350348236581012,-0.07398854896683588,0.7912317355224826,0.5398798597951617,0.7912317355224826,0.5398798597951617,-0.5184425376722879,-0.4115006898268651,-0.3585270697148028,-0.6431703405085836,0.0690499328055773,0.0696968065489346,0.0528559184846329,0.1272358455708415,1.0,1.0,1.0,1.0
2020-04-02,25.61,36.29,25.45,29.94,537959.0,225093.0,-0.5501234111803606,0.0454094863194478,0.2130950171154826,0.0196499497230791,1.0,train,-0.26369,-0.3528174531084315,-0.20581418572545912,-0.3528174531084315,-0.20581418572545912,0.1383886828189839,0.24020602216546835,0.1383886828189839,0.24020602216546835,-0.3881417047971224,-0.4494603161573498,-0.3881417047971224,-0.4494603161573498,-0.7096079665713735,-0.4274662884790598,-0.7096079665713735,-0.4274662884790598,-0.1920563929296608,-0.13168333997402895,-0.1920563929296608,-0.13168333997402895,-0.1000534845018755,0.22825401560604228,-0.1000534845018755,0.22825401560604228,-0.9535818437315732,-0.5184425376722879,-0.4115006898268651,-0.3585270697148028,0.0416303517027,0.0690499328055773,0.0696968065489346,0.0528559184846329,1.0,1.0,1.0,1.0
2020-04-03,29.89,35.0,28.25,34.11,505708.0,239466.0,-0.4189571836799639,0.0165567416915557,0.1286730029631538,0.0350985475324725,1.0,train,0.174272,0.2786810153805195,0.030343772981050482,0.2786810153805195,0.030343772981050482,-0.2568586216843903,-0.0018610477370657945,-0.2568586216843903,-0.0018610477370657945,-0.1453678645292445,-0.30129943519392327,-0.1453678645292445,-0.30129943519392327,-0.796043595713994,-0.6069447948379788,-0.796043595713994,-0.6069447948379788,0.4493488218653245,0.15167158401530567,0.4493488218653245,0.15167158401530567,0.6894073196033286,0.4530351612443378,0.6894073196033286,0.4530351612443378,-0.5501234111803606,-0.9535818437315732,-0.5184425376722879,-0.4115006898268651,0.2130950171154826,0.0416303517027,0.0690499328055773,0.0696968065489346,1.0,1.0,1.0,1.0
2020-04-06,31.76,34.24,30.03,33.05,485269.0,253127.0,-0.3146229951501724,0.0062082155517655,0.0787922302753613,0.043382771235153,1.0,train,-0.230325,-0.0130092896908007,0.09389432645717326,-0.0130092896908007,0.09389432645717326,0.2586564786600741,0.15091229586585111,0.2586564786600741,0.15091229586585111,-0.375078278178595,-0.2305765699428401,-0.375078278178595,-0.2305765699428401,-0.1583783607385549,-0.16643700418229396,-0.1583783607385549,-0.16643700418229396,-0.3696362535348265,-0.14254439350603587,-0.3696362535348265,-0.14254439350603587,0.0355354070206016,0.24180880512642877,0.0355354070206016,0.24180880512642877,-0.4189571836799639,-0.5501234111803606,-0.9535818437315732,-0.5184425376722879,0.1286730029631538,0.2130950171154826,0.0416303517027,0.0690499328055773,1.0,1.0,1.0,1.0
2020-04-07,33.66,34.18,31.74,31.87,462886.0,266438.0,-0.5359849629663382,0.0019784118659529,0.0444793420134893,0.045454801013596,1.0,train,-0.4017,-0.5612973757373877,-0.22506548712042462,-0.5612973757373877,-0.22506548712042462,0.4213175952170615,0.2828395600380318,0.4213175952170615,0.2828395600380318,-0.4834017294954482,-0.35370209472731323,-0.4834017294954482,-0.35370209472731323,-0.4262318092191638,-0.29304551091655234,-0.4262318092191638,-0.29304551091655234,-0.5554935338301282,-0.3437307140655622,-0.5554935338301282,-0.3437307140655622,-0.201423515616468,0.026307600069272644,-0.201423515616468,0.026307600069272644,-0.3146229951501724,-0.4189571836799639,-0.5501234111803606,-0.9535818437315732,0.0787922302753613,0.1286730029631538,0.2130950171154826,0.0416303517027,1.0,1.0,1.0,1.0
2020-04-08,32.63,33.87,31.54,32.84,440360.0,279630.0,-0.6894864077102643,0.0018321695701533,0.0428038499454588,0.0468749987528084,1.0,train,0.097373,0.2951113226161818,0.028434166000066236,0.2951113226161818,0.028434166000066236,0.1588024626545699,0.22201946507951226,0.1588024626545699,0.22201946507951226,-0.2748912758324594,-0.3151768578970682,-0.2748912758324594,-0.3151768578970682,-0.3186388532787339,-0.30554387884985884,-0.3186388532787339,-0.30554387884985884,0.3029315717480589,-0.028774300906005863,0.3029315717480589,-0.028774300906005863,0.3428151333898015,0.180544842864164,0.3428151333898015,0.180544842864164,-0.5359849629663382,-0.3146229951501724,-0.4189571836799639,-0.5501234111803606,0.0444793420134893,0.0787922302753613,0.1286730029631538,0.2130950171154826,1.0,1.0,1.0,1.0
2020-04-09,33.82,36.4,31.18,31.48,439662.0,293921.0,-0.0875406735668522,0.0086419365132959,0.0929620165083349,0.0491706611659341,0.0,train,0.108695,0.1649276090703323,0.09500770960605286,0.1649276090703323,0.09500770960605286,0.0508126320400103,0.13823269977858452,0.0508126320400103,0.13823269977858452,-0.559803924717157,-0.4343877518238726,-0.559803924717157,-0.4343877518238726,-0.4339241305024903,-0.3683085056201846,-0.4339241305024903,-0.3683085056201846,0.4102699328208387,0.1850972027560884,0.4102699328208387,0.1850972027560884,-0.3190453861208047,-0.06285601867137022,-0.3190453861208047,-0.06285601867137022,-0.6894864077102643,-0.5359849629663382,-0.3146229951501724,-0.4189571836799639,0.0428038499454588,0.0444793420134893,0.0787922302753613,0.1286730029631538,1.0,1.0,1.0,1.0
2020-05-01,26.95,27.88,25.76,26.44,438210.0,276600.0,0.0664566480191437,0.0022559074989137,0.0474963945885766,0.0172273292570952,1.0,train,0.302196,0.3786829353861385,0.1425894275571998,0.3786829353861385,0.1425894275571998,0.2477778582926325,0.18322815937193546,0.2477778582926325,0.18322815937193546,0.4908136577998327,0.1193273699535251,0.4908136577998327,0.1193273699535251,0.1560038942774053,-0.040308439691407016,0.1560038942774053,-0.040308439691407016,0.3272456821150076,0.18715939354466354,0.3272456821150076,0.18715939354466354,0.1148698332028088,-0.09059916172846168,0.1148698332028088,-0.09059916172846168,-0.0875406735668522,-0.6894864077102643,-0.5359849629663382,-0.3146229951501724,0.0929620165083349,0.0428038499454588,0.0444793420134893,0.0787922302753613,0.0,1.0,1.0,1.0
2020-05-04,26.1,28.08,25.5,27.2,431809.0,277082.0,-0.6311544357899566,0.0033502755188563,0.0578815645854216,0.0391829491367932,1.0,train,0.047319,-0.0626190230257063,0.0008311689251879261,-0.0626190230257063,0.0008311689251879261,-0.1105585769246129,-0.14574261207842557,-0.1105585769246129,-0.14574261207842557,-0.1852120510087588,-0.11836445375709685,-0.1852120510087588,-0.11836445375709685,-0.3081436013877718,-0.28950291486226576,-0.3081436013877718,-0.28950291486226576,0.5797408490851604,0.417448859141051,0.5797408490851604,0.417448859141051,0.2694872877096959,0.3052605315423051,0.2694872877096959,0.3052605315423051,0.0664566480191437,-0.0875406735668522,-0.6894864077102643,-0.5359849629663382,0.0474963945885766,0.0929620165083349,0.0428038499454588,0.0444793420134893,1.0,0.0,1.0,1.0
2020-05-05,28.1,32.06,27.77,30.97,426270.0,278260.0,-0.4788039914403676,0.0074429142551592,0.0862723261258166,0.04045652357266,1.0,train,-0.391304,-0.3370222629709153,-0.16389169441964682,-0.3370222629709153,-0.16389169441964682,-0.2174073830230996,-0.18083532800636365,-0.2174073830230996,-0.18083532800636365,-0.5911518943999956,-0.34881032055207856,-0.5911518943999956,-0.34881032055207856,-0.3138774834326464,-0.30145424076519145,-0.3138774834326464,-0.30145424076519145,-0.1634747685850452,0.13435630730628298,-0.1634747685850452,0.13435630730628298,-0.1257177080734999,0.09556871936371987,-0.1257177080734999,0.09556871936371987,-0.6311544357899566,0.0664566480191437,-0.0875406735668522,-0.6894864077102643,0.0578815645854216,0.0474963945885766,0.0929620165083349,0.0428038499454588,1.0,1.0,0.0,1.0
2020-05-06,32.27,32.27,28.66,29.72,416652.0,279123.0,-0.1062013464481368,0.0050762673880788,0.0712479290090518,0.0445429114470671,0.0,train,0.48723,0.5742199610339248,0.19557183013813406,0.5742199610339248,0.19557183013813406,-0.0286496824648774,-0.10673509957599289,-0.0286496824648774,-0.10673509957599289,0.755432356841196,0.1890013654266151,0.755432356841196,0.1890013654266151,0.3747500165911362,0.02799966072448826,0.3747500165911362,0.02799966072448826,0.7257138080605149,0.42250737603591604,0.7257138080605149,0.42250737603591604,0.8192840798011711,0.44801444588466927,0.8192840798011711,0.44801444588466927,-0.4788039914403676,-0.6311544357899566,0.0664566480191437,-0.0875406735668522,0.0862723261258166,0.0578815645854216,0.0474963945885766,0.0929620165083349,1.0,1.0,1.0,0.0
2020-05-07,29.64,31.84,29.08,29.46,383622.0,279522.0,-0.0786317173947606,0.0029652937583131,0.0544545109087679,0.0457998916783803,0.0,train,0.025812,-0.0363542200354141,0.08271682587708498,-0.0363542200354141,0.08271682587708498,0.2748866818068788,0.07912295166424022,0.2748866818068788,0.07912295166424022,0.1615366061039544,0.17588430228982993,0.1615366061039544,0.17588430228982993,-0.3104209390840096,-0.13684915129615385,-0.3104209390840096,-0.13684915129615385,0.4425096141959948,0.43226683245997305,0.4425096141959948,0.43226683245997305,0.378446323426196,0.4141261023926127,0.378446323426196,0.4141261023926127,-0.1062013464481368,-0.4788039914403676,-0.6311544357899566,0.0664566480191437,0.0712479290090518,0.0862723261258166,0.0578815645854216,0.0474963945885766,0.0,1.0,1.0,1.0
2020-05-08,29.6,31.14,29.43,30.97,369578.0,280768.0,-0.0586282905991164,0.0011504889644571,0.0339188585370606,0.0468926102692471,0.0,train,0.221594,0.1162870767480521,0.09938583016868248,0.1162870767480521,0.09938583016868248,-0.5553194243402191,-0.23011396618227772,-0.5553194243402191,-0.23011396618227772,0.4200109179327887,0.2952007879515751,0.4200109179327887,0.2952007879515751,-0.054195348413338,-0.09620135986260939,-0.054195348413338,-0.09620135986260939,0.4777612285427834,0.4549485293323002,0.4777612285427834,0.4549485293323002,0.1784901107439282,0.29958033209947305,0.1784901107439282,0.29958033209947305,-0.0786317173947606,-0.1062013464481368,-0.4788039914403676,-0.6311544357899566,0.0544545109087679,0.0712479290090518,0.0862723261258166,0.0578815645854216,0.0,0.0,1.0,1.0
2020-05-11,30.7,31.47,29.35,29.63,355738.0,282701.0,-0.1888811631924607,0.0017543061876733,0.041884438490606,0.0402467521245584,1.0,train,0.271496,0.4248270473845201,0.2352151784661931,0.4248270473845201,0.2352151784661931,0.1490651442851663,-0.01304158380475055,0.1490651442851663,-0.01304158380475055,0.313035534661407,0.25170300209578594,0.313035534661407,0.25170300209578594,-0.1333866647680508,-0.19912585602080843,-0.1333866647680508,-0.19912585602080843,0.5200987379489987,0.3085911692925396,0.5200987379489987,0.3085911692925396,0.2294786073607761,0.1467849135427335,0.2294786073607761,0.1467849135427335,-0.0586282905991164,-0.0786317173947606,-0.1062013464481368,-0.4788039914403676,0.0339188585370606,0.0544545109087679,0.0712479290090518,0.0862723261258166,0.0,0.0,0.0,1.0
2020-05-12,30.07,30.7,29.35,29.98,342441.0,287144.0,-0.1026216115106972,0.0007293943836693,0.02700730241378,0.0409331815725555,0.0,train,0.032956,0.3398889749333008,0.28609807152815636,0.3398889749333008,0.28609807152815636,0.0781602540857924,0.03175810871008811,0.0781602540857924,0.03175810871008811,-0.1974996087827607,0.033114026225079675,-0.1974996087827607,0.033114026225079675,-0.540405099811283,-0.36567119897333,-0.540405099811283,-0.36567119897333,0.6385313383761437,0.4693056408490368,0.6385313383761437,0.4693056408490368,-0.5752867492420849,-0.2052142119565243,-0.5752867492420849,-0.2052142119565243,-0.1888811631924607,-0.0586282905991164,-0.0786317173947606,-0.1062013464481368,0.041884438490606,0.0339188585370606,0.0544545109087679,0.0712479290090518,1.0,0.0,0.0,0.0
2020-06-01,37.56,38.68,37.18,38.32,413696.0,230134.0,0.371093938119174,0.0005642149642257,0.0237532095563061,0.0182509136097256,1.0,train,0.124932,0.3974759980976391,0.18324023302789674,0.3974759980976391,0.18324023302789674,0.2832620570334671,0.17736717054134665,0.2832620570334671,0.17736717054134665,0.1373963078397149,0.08711774618773169,0.1373963078397149,0.08711774618773169,-0.3021449927303887,-0.2500753584400651,-0.3021449927303887,-0.2500753584400651,0.2190635330091775,0.022340269611016716,0.2190635330091775,0.022340269611016716,0.1743486103876058,0.03875476347347781,0.1743486103876058,0.03875476347347781,-0.1026216115106972,-0.1888811631924607,-0.0586282905991164,-0.0786317173947606,0.02700730241378,0.041884438490606,0.0339188585370606,0.0544545109087679,0.0,1.0,0.0,0.0
2020-06-02,38.34,39.75,38.26,39.57,408305.0,234525.0,0.2788758764058507,0.0005264439769299,0.0229443669978049,0.0336828209001491,1.0,train,-0.056697,-0.3842733172415464,-0.09297786376096573,-0.3842733172415464,-0.09297786376096573,-0.181862433251791,0.0022102783109283954,-0.181862433251791,0.0022102783109283954,0.2626196848367551,0.1729200412473006,0.2626196848367551,0.1729200412473006,-0.4375987750262794,-0.34148891233568074,-0.4375987750262794,-0.34148891233568074,-0.2686922521007883,-0.11967535571831664,-0.2686922521007883,-0.11967535571831664,0.1704878292712147,0.10274030497128167,0.1704878292712147,0.10274030497128167,0.371093938119174,-0.1026216115106972,-0.1888811631924607,-0.0586282905991164,0.0237532095563061,0.02700730241378,0.041884438490606,0.0339188585370606,1.0,0.0,1.0,0.0
2020-06-03,39.75,40.53,38.76,39.79,401293.0,239369.0,0.1540250280082826,0.0007191650046799,0.0268172519971748,0.0388221747191884,1.0,train,0.432671,0.5769474827285612,0.2332995838085824,0.5769474827285612,0.2332995838085824,0.2180705967251947,0.10700685887675226,0.2180705967251947,0.10700685887675226,0.6525903523748467,0.40692618120195523,0.6525903523748467,0.40692618120195523,0.1208577567024916,-0.11644656710894183,0.1208577567024916,-0.11644656710894183,0.5287336100993922,0.19584694847433398,0.5287336100993922,0.19584694847433398,0.5896160172218763,0.3397345658210927,0.5896160172218763,0.3397345658210927,0.2788758764058507,0.371093938119174,-0.1026216115106972,-0.1888811631924607,0.0229443669978049,0.0237532095563061,0.02700730241378,0.041884438490606,1.0,1.0,0.0,1.0
2020-06-04,39.6,40.1,39.04,39.99,395826.0,244535.0,0.3854124495567754,0.0002588487803169,0.0160887780865089,0.0398712225235404,1.0,train,0.235444,0.007039245477651,0.12288654378141364,0.007039245477651,0.12288654378141364,0.3332987097009102,0.2170627197676225,0.3332987097009102,0.2170627197676225,0.47206190642879,0.4388721591657562,0.47206190642879,0.4388721591657562,-0.0132151203936758,-0.06655271795397884,-0.0132151203936758,-0.06655271795397884,0.0138882834730812,0.10724563620028373,0.0138882834730812,0.10724563620028373,0.5368932873487693,0.4356301305038421,0.5368932873487693,0.4356301305038421,0.1540250280082826,0.2788758764058507,0.371093938119174,-0.1026216115106972,0.0268172519971748,0.0229443669978049,0.0237532095563061,0.02700730241378,1.0,1.0,1.0,0.0
2020-06-05,39.84,42.48,39.72,42.3,379803.0,249840.0,0.3117680920671208,0.0016277047868405,0.0403448235445464,0.0418858926636239,1.0,train,-0.133154,-0.228033310102836,-0.04818956464999305,-0.228033310102836,-0.04818956464999305,-0.4506352709480993,-0.10828949053007995,-0.4506352709480993,-0.10828949053007995,0.1659892307457642,0.30610250628221797,0.1659892307457642,0.30610250628221797,-0.5907980146235843,-0.321870525388305,-0.5907980146235843,-0.321870525388305,-0.1391918384396374,-0.012910478376382348,-0.1391918384396374,-0.012910478376382348,0.2122711897242512,0.3269073568161185,0.2122711897242512,0.3269073568161185,0.3854124495567754,0.1540250280082826,0.2788758764058507,0.371093938119174,0.0160887780865089,0.0268172519971748,0.0229443669978049,0.0237532095563061,1.0,1.0,1.0,1.0
2020-06-08,42.4,43.41,40.68,40.8,360679.0,254554.0,0.2756630874250048,0.0015216558114117,0.0390084069325031,0.0466957520083204,1.0,train,0.491721,0.5636355090261336,0.36344971820120775,0.5636355090261336,0.36344971820120775,-0.1460513057001669,-0.04344721657353916,-0.1460513057001669,-0.04344721657353916,0.650412803983655,0.40219336302210135,0.650412803983655,0.40219336302210135,0.0051308250632403,-0.07520198030906107,0.0051308250632403,-0.07520198030906107,0.5387660410742028,0.3738538337203098,0.5387660410742028,0.3738538337203098,0.3950056704616457,0.17898434001220126,0.3950056704616457,0.17898434001220126,0.3117680920671208,0.3854124495567754,0.1540250280082826,0.2788758764058507,0.0403448235445464,0.0160887780865089,0.0268172519971748,0.0229443669978049,1.0,1.0,1.0,1.0
2020-06-09,41.1,41.45,39.85,41.18,345216.0,259187.0,0.2686002780504406,0.0005589147483162,0.0236413778853142,0.0424848375626635,1.0,train,0.225889,0.0519267677724769,0.2121260356699388,0.0519267677724769,0.2121260356699388,0.5319282393079326,0.23700314969637776,0.5319282393079326,0.23700314969637776,0.4793016601845488,0.440193894335638,0.4793016601845488,0.440193894335638,0.411105194686731,0.16175854117867722,0.411105194686731,0.16175854117867722,0.178800537792031,0.27933525500445466,0.178800537792031,0.27933525500445466,-0.2354880546065205,-0.022765973198645293,-0.2354880546065205,-0.022765973198645293,0.2756630874250048,0.3117680920671208,0.3854124495567754,0.1540250280082826,0.0390084069325031,0.0403448235445464,0.0160887780865089,0.0268172519971748,1.0,1.0,1.0,1.0
2020-06-10,40.72,41.99,40.14,41.73,337489.0,264692.0,0.1143740433893563,0.000732253213325,0.0270601776292216,0.0424187486398386,0.0,train,0.061363,-0.0064371316301695,0.10564854513453409,-0.0064371316301695,0.10564854513453409,0.0439981680177314,0.14295069048589343,0.0439981680177314,0.14295069048589343,0.3899697750563766,0.4158220366591045,0.3899697750563766,0.4158220366591045,-0.4867891481792376,-0.15399461864730615,-0.4867891481792376,-0.15399461864730615,0.0333844397671186,0.15979545561229946,0.0333844397671186,0.15979545561229946,0.7300778986613021,0.34400029371107216,0.7300778986613021,0.34400029371107216,0.2686002780504406,0.2756630874250048,0.3117680920671208,0.3854124495567754,0.0236413778853142,0.0390084069325031,0.0403448235445464,0.0160887780865089,1.0,1.0,1.0,1.0
2020-06-11,40.95,41.01,37.82,38.55,322626.0,271261.0,0.2631687384238645,0.0023650880410054,0.0486321708440565,0.0404999449204835,1.0,train,-0.193488,-0.4896762894437594,-0.18457638981175037,-0.4896762894437594,-0.18457638981175037,0.2071606303110596,0.17414696275714067,0.2071606303110596,0.17414696275714067,0.2455306611772026,0.3330282152129625,0.2455306611772026,0.3330282152129625,-0.5830728278608037,-0.36295091378344,-0.5830728278608037,-0.36295091378344,0.0499449385999695,0.10623921581544013,0.0499449385999695,0.10623921581544013,0.3729519321383627,0.3582108055408359,0.3729519321383627,0.3582108055408359,0.1143740433893563,0.2686002780504406,0.2756630874250048,0.3117680920671208,0.0270601776292216,0.0236413778853142,0.0390084069325031,0.0403448235445464,0.0,1.0,1.0,1.0
2020-06-12,37.88,39.45,37.01,38.73,311538.0,279316.0,0.2560840008522089,0.0014702141101008,0.0383433711363623,0.0409262494661111,1.0,train,-0.32574,-0.1924978770741799,-0.18831194320788452,-0.1924978770741799,-0.18831194320788452,0.3326641340968532,0.25159772703783134,0.3326641340968532,0.25159772703783134,-0.5921195307031965,-0.11766280503515643,-0.5921195307031965,-0.11766280503515643,-0.2691787644500729,-0.317218565596622,-0.2691787644500729,-0.317218565596622,-0.0818020514164246,0.014857431963159782,-0.0818020514164246,0.014857431963159782,-0.2057362486340312,0.08357055265607391,-0.2057362486340312,0.08357055265607391,0.2631687384238645,0.1143740433893563,0.2686002780504406,0.2756630874250048,0.0486321708440565,0.0270601776292216,0.0236413778853142,0.0390084069325031,1.0,0.0,1.0,1.0
2020-07-01,41.58,42.62,41.03,42.03,532441.0,227164.0,0.0924116959143654,0.0005213645751613,0.022833409188322,0.0182084043421752,1.0,train,-0.023955,0.1171097034744553,0.01564149153205242,0.1171097034744553,0.01564149153205242,0.0534104806584767,0.21066349547446156,0.0534104806584767,0.21066349547446156,-0.2851354681231274,-0.1505081118097074,-0.2851354681231274,-0.1505081118097074,0.1663140615874306,-0.05494574068029112,0.1663140615874306,-0.05494574068029112,0.7703255212087483,0.3842398863328707,0.7703255212087483,0.3842398863328707,0.4930416198032943,0.29049464737916414,0.4930416198032943,0.29049464737916414,0.2560840008522089,0.2631687384238645,0.1143740433893563,0.2686002780504406,0.0383433711363623,0.0486321708440565,0.0270601776292216,0.0236413778853142,1.0,1.0,0.0,1.0
2020-07-02,41.84,43.23,41.73,43.14,519619.0,240297.0,0.0863793855636769,0.00044979881987,0.0212084610443591,0.0337812733270308,0.0,train,0.252397,0.3311343780022796,0.16927316286127125,0.3311343780022796,0.16927316286127125,0.1576841688769915,0.18497218323580558,0.1576841688769915,0.18497218323580558,0.4615292690026277,0.14752439625418845,0.4615292690026277,0.14752439625418845,0.0982916220766568,0.019816211178705884,0.0982916220766568,0.019816211178705884,0.4035797662066607,0.39407379595638214,0.4035797662066607,0.39407379595638214,,0.149292412321571,0.0,0.149292412321571,0.0924116959143654,0.2560840008522089,0.2631687384238645,0.1143740433893563,0.022833409188322,0.0383433711363623,0.0486321708440565,0.0270601776292216,1.0,1.0,1.0,0.0
2020-07-03,42.76,42.99,42.32,42.8,503218.0,253076.0,0.0729224781489139,8.899018699025718e-05,0.0094334610292435,0.0389467023861435,0.0,train,0.1558,0.2952087627250461,0.23066520127943704,0.2952087627250461,0.23066520127943704,-0.086620108176059,0.052961323749213314,-0.086620108176059,0.052961323749213314,0.0509527591160302,0.10064856587686649,0.0509527591160302,0.10064856587686649,0.2724147399284123,0.1429612278180054,0.2724147399284123,0.1429612278180054,0.3704855806811602,0.38274470291453966,0.3704855806811602,0.38274470291453966,0.0699497936953259,0.11073037174491111,0.0699497936953259,0.11073037174491111,0.0863793855636769,0.0924116959143654,0.2560840008522089,0.2631687384238645,0.0212084610443591,0.022833409188322,0.0383433711363623,0.0486321708440565,0.0,1.0,1.0,1.0
2020-07-06,42.79,43.71,42.74,43.1,496281.0,267003.0,0.3717027772601438,0.0001816454254193,0.0134775897481461,0.045470155491883,1.0,train,0.173713,0.3269439122750243,0.19622533587217933,0.3269439122750243,0.19622533587217933,-0.0683356281731136,0.05650032851708714,-0.0683356281731136,0.05650032851708714,0.1995579183370308,0.010728105940712523,0.1995579183370308,0.010728105940712523,-0.429528707315283,-0.23099190842231848,-0.429528707315283,-0.23099190842231848,0.515991338464301,0.3685775924005717,0.515991338464301,0.3685775924005717,0.5821883101546602,0.5030357076887969,0.5821883101546602,0.5030357076887969,0.0729224781489139,0.0863793855636769,0.0924116959143654,0.2560840008522089,0.0094334610292435,0.0212084610443591,0.022833409188322,0.0383433711363623,0.0,0.0,1.0,1.0
2020-07-07,43.13,43.45,42.46,43.08,478058.0,281086.0,0.3800254412537032,0.0001916001922414,0.0138419721225502,0.0463243098520146,1.0,train,0.117913,0.1002692619354982,0.14968591936008246,0.1002692619354982,0.14968591936008246,0.1588875105525652,0.10619419006109375,0.1588875105525652,0.10619419006109375,-0.0613504898849194,-0.02467936308251136,-0.0613504898849194,-0.02467936308251136,-0.157883336914593,-0.19535762530872697,-0.157883336914593,-0.19535762530872697,-0.101138012204779,0.13981459431497367,-0.101138012204779,0.13981459431497367,0.2333509842747586,0.3722935042122212,0.2333509842747586,0.3722935042122212,0.3717027772601438,0.0729224781489139,0.0863793855636769,0.0924116959143654,0.0134775897481461,0.0094334610292435,0.0212084610443591,0.022833409188322,1.0,0.0,0.0,1.0
2020-07-08,42.81,43.47,42.75,43.29,439560.0,293139.0,0.0592395800437732,0.0001006105876513,0.0100304829221393,0.046866305626491,0.0,train,-0.064588,-0.1573963121948858,0.00034382789219509515,-0.1573963121948858,0.00034382789219509515,0.1556805001681018,0.12983914484159376,0.1556805001681018,0.12983914484159376,-0.2761715124248681,-0.1472373421116398,-0.2761715124248681,-0.1472373421116398,-0.4272362200613542,-0.3082513613585345,-0.4272362200613542,-0.3082513613585345,0.4436698887121912,0.28843656498849607,0.4436698887121912,0.28843656498849607,0.0320932469717908,0.20667202966651455,0.0320932469717908,0.20667202966651455,0.3800254412537032,0.3717027772601438,0.0729224781489139,0.0863793855636769,0.0138419721225502,0.0134775897481461,0.0094334610292435,0.0212084610443591,1.0,1.0,0.0,0.0
2020-07-09,43.3,43.5,41.94,42.35,407695.0,304026.0,0.0280157194984203,0.0004810583870453,0.0219330432691262,0.0424912061755019,0.0,train,-0.173223,-0.5277629897415459,-0.25689132247303065,-0.5277629897415459,-0.25689132247303065,0.2520526591665108,0.18928838692529407,0.2520526591665108,0.18928838692529407,-0.2520552780514526,-0.19848071570444856,-0.2520552780514526,-0.19848071570444856,-0.5858286347693239,-0.4436566771968945,-0.5858286347693239,-0.4436566771968945,0.1267411518813308,0.20993463006055646,0.1267411518813308,0.20993463006055646,-0.4314693831761295,-0.10400310228646513,-0.4314693831761295,-0.10400310228646513,0.0592395800437732,0.3800254412537032,0.3717027772601438,0.0729224781489139,0.0100304829221393,0.0138419721225502,0.0134775897481461,0.0094334610292435,0.0,1.0,1.0,0.0
2020-07-10,42.36,43.42,41.32,43.24,392542.0,314910.0,0.0355456981675463,0.0008863679943509,0.0297719329965479,0.0391868442405437,0.0,train,-0.133205,-0.4586473181328747,-0.3553534382339428,-0.4586473181328747,-0.3553534382339428,-0.2816163447571864,-0.04019577535371929,-0.2816163447571864,-0.04019577535371929,-0.4102253011058792,-0.30165956336137945,-0.4102253011058792,-0.30165956336137945,-0.3628317585311507,-0.4043466607800537,-0.3628317585311507,-0.4043466607800537,0.2786412776201452,0.24334740156634563,0.2786412776201452,0.24334740156634563,0.0314608599825207,-0.038261692386567944,0.0314608599825207,-0.038261692386567944,0.0280157194984203,0.0592395800437732,0.3800254412537032,0.3717027772601438,0.0219330432691262,0.0100304829221393,0.0138419721225502,0.0134775897481461,0.0,0.0,1.0,1.0
2020-08-03,43.53,44.46,42.89,44.15,438839.0,220717.0,0.0310548244622177,0.0004661670483684,0.0215909019813547,0.0389318940778937,0.0,train,0.011654,-0.4996397528273405,-0.35521943350559243,-0.4996397528273405,-0.35521943350559243,0.1828861317730947,0.05903445457249473,0.1828861317730947,0.05903445457249473,0.0074984577875162,-0.052657884829537364,0.0074984577875162,-0.052657884829537364,-0.4255081438370607,-0.22122497765272553,-0.4255081438370607,-0.22122497765272553,-0.4183356617281958,-0.393110489794375,-0.4183356617281958,-0.393110489794375,0.0559188910739189,-0.01985757129180703,0.0559188910739189,-0.01985757129180703,0.0355456981675463,0.0280157194984203,0.0592395800437732,0.3800254412537032,0.0297719329965479,0.0219330432691262,0.0100304829221393,0.0138419721225502,0.0,0.0,0.0,1.0
2020-08-04,43.84,44.82,43.24,44.43,428947.0,225770.0,0.1052854940890903,0.0004645415566642,0.0215532261312378,0.0398368709554906,0.0,train,-0.10099,-0.7215157129791314,-0.533837065694531,-0.7215157129791314,-0.533837065694531,-0.2227605468685313,-0.07824910652195467,-0.2227605468685313,-0.07824910652195467,0.3595606010231932,0.14820293413851895,0.3595606010231932,0.14820293413851895,-0.4625124978798943,-0.3388231358078764,-0.4625124978798943,-0.3388231358078764,-0.7154416378633324,-0.5504460246247708,-0.7154416378633324,-0.5504460246247708,-0.4972333077917376,-0.2521490043127146,-0.4972333077917376,-0.2521490043127146,0.0310548244622177,0.0355456981675463,0.0280157194984203,0.0592395800437732,0.0215909019813547,0.0297719329965479,0.0219330432691262,0.0100304829221393,0.0,0.0,0.0,0.0
2020-08-05,44.28,46.23,44.24,45.17,423240.0,231818.0,0.0656460636142806,0.0006982510943002,0.0264244412296699,0.0421066004812736,0.0,train,-0.007104,-0.1459389195738769,-0.3451829548719622,-0.1459389195738769,-0.3451829548719622,0.4295450359427131,0.16893930983873615,0.4295450359427131,0.16893930983873615,-0.1212525156467208,0.017015821928459872,-0.1212525156467208,0.017015821928459872,0.2396660731653205,-0.05684607164123787,0.2396660731653205,-0.05684607164123787,-0.5925336692451266,-0.5711975862568768,-0.5925336692451266,-0.5711975862568768,0.0919281343780586,-0.08449649866270312,0.0919281343780586,-0.08449649866270312,0.1052854940890903,0.0310548244622177,0.0355456981675463,0.0280157194984203,0.0215532261312378,0.0215909019813547,0.0297719329965479,0.0219330432691262,0.0,0.0,0.0,0.0
2020-08-06,45.32,45.71,44.85,45.09,417796.0,239441.0,0.0451374953232908,0.0001301142088556,0.0114067615411057,0.0454815524413208,0.0,train,0.244188,0.279966845343114,-0.04082217595377364,0.279966845343114,-0.04082217595377364,0.2896703398826354,0.22780465247981674,0.2896703398826354,0.22780465247981674,0.0508631839092828,0.03330581268446403,0.0508631839092828,0.03330581268446403,0.1624961724744751,0.04998286206549184,0.1624961724744751,0.04998286206549184,0.1025235447956931,-0.24290511978037554,0.1025235447956931,-0.24290511978037554,0.0177417356899641,-0.03498806654302342,0.0177417356899641,-0.03498806654302342,0.0656460636142806,0.1052854940890903,0.0310548244622177,0.0355456981675463,0.0264244412296699,0.0215532261312378,0.0215909019813547,0.0297719329965479,0.0,0.0,0.0,0.0
2020-08-07,45.15,45.3,44.27,44.4,398364.0,246526.0,0.0301806171499916,0.0001907928644699,0.0138127790277664,0.046267209264498,0.0,train,-0.140742,-0.2872517251585365,-0.16053383886417832,-0.2872517251585365,-0.16053383886417832,-0.1530257156245565,0.04227198650122209,-0.1530257156245565,0.04227198650122209,-0.2136325428014046,-0.08678552129957726,-0.2136325428014046,-0.08678552129957726,-0.3672657673678452,-0.15299705815829018,-0.3672657673678452,-0.15299705815829018,-0.2247533968895042,-0.23419794851716902,-0.2247533968895042,-0.23419794851716902,-0.0597636195500943,-0.04701006588611525,-0.0597636195500943,-0.04701006588611525,0.0451374953232908,0.0656460636142806,0.1052854940890903,0.0310548244622177,0.0114067615411057,0.0264244412296699,0.0215532261312378,0.0215909019813547,0.0,0.0,0.0,0.0
2020-08-10,44.66,45.26,44.37,44.99,377978.0,253726.0,0.0396742500820734,0.00014225787203,0.0119271904499795,0.0392223849099867,0.0,train,-0.031409,0.0419419010747408,0.03445533019337422,0.0419419010747408,0.03445533019337422,0.0055940587844544,0.11198807679085805,0.0055940587844544,0.11198807679085805,-0.1574338653396421,-0.25170955598849576,-0.1574338653396421,-0.25170955598849576,,-0.11229147769668735,0.0,-0.11229147769668735,0.0297320361922135,0.12460330138797406,0.0297320361922135,0.12460330138797406,0.4529166881297617,0.2712483865023401,0.4529166881297617,0.2712483865023401,0.0301806171499916,0.0451374953232908,0.0656460636142806,0.1052854940890903,0.0138127790277664,0.0114067615411057,0.0264244412296699,0.0215532261312378,0.0,0.0,0.0,0.0
2020-08-11,45.05,45.79,44.39,44.5,357381.0,260189.0,0.1435330891628563,0.000347760246715,0.0186483309364426,0.0402967212967095,1.0,train,0.221849,0.2256380594003069,0.12786720911060082,0.2256380594003069,0.12786720911060082,-0.0977487388628893,0.009942791396944579,-0.0977487388628893,0.009942791396944579,0.5088270012881686,0.11862351386463672,0.5088270012881686,0.11862351386463672,0.277557471147301,0.07764475388487278,0.277557471147301,0.07764475388487278,0.1162551069830538,0.12062943133907869,0.1162551069830538,0.12062943133907869,-0.0176687247219555,0.13074353800383837,-0.0176687247219555,0.13074353800383837,0.0396742500820734,0.0301806171499916,0.0451374953232908,0.0656460636142806,0.0119271904499795,0.0138127790277664,0.0114067615411057,0.0264244412296699,0.0,0.0,0.0,0.0
2020-08-12,44.62,45.63,44.49,45.43,339297.0,266818.0,0.1595581862446513,0.0002308810073087,0.0151947690771772,0.0396914712872264,1.0,train,0.2719,0.3709540951270598,0.2464493275740003,0.3709540951270598,0.2464493275740003,0.4049874739631248,0.20237066323741898,0.4049874739631248,0.20237066323741898,0.5260829264665013,0.3172589415138143,0.5260829264665013,0.3172589415138143,0.2326017036474856,0.1531465704139318,0.2326017036474856,0.1531465704139318,0.3767520919198322,0.24575042844905245,0.3767520919198322,0.24575042844905245,0.0828542849512689,0.10752006591325462,0.0828542849512689,0.10752006591325462,0.1435330891628563,0.0396742500820734,0.0301806171499916,0.0451374953232908,0.0186483309364426,0.0119271904499795,0.0138127790277664,0.0114067615411057,1.0,0.0,0.0,0.0
2020-09-01,45.6,46.22,45.47,45.58,481797.0,249221.0,0.0810853748005127,9.653226417048895e-05,0.0098250834179913,0.0182325783659202,1.0,train,0.275542,0.0142052641385846,-0.00937451386905631,0.0142052641385846,-0.00937451386905631,,0.04186061215897902,0.0,0.04186061215897902,0.5896298242641566,0.30820369825478766,0.5896298242641566,0.30820369825478766,0.072504248360157,0.08505517465659775,0.072504248360157,0.08505517465659775,0.0067628417215507,0.0678337351553791,0.0067628417215507,0.0678337351553791,-0.1620823628159826,0.0232856391747332,-0.1620823628159826,0.0232856391747332,0.1595581862446513,0.1435330891628563,0.0396742500820734,0.0301806171499916,0.0151947690771772,0.0186483309364426,0.0119271904499795,0.0138127790277664,1.0,1.0,0.0,0.0
2020-09-02,45.83,46.05,44.2,44.43,483175.0,258813.0,0.0294642759868071,0.0006063805396036,0.0246247952195274,0.0338238466746952,0.0,train,0.284516,-0.3165843352886449,-0.15902527554664445,-0.3165843352886449,-0.15902527554664445,-0.0885112827921895,-0.021760614303268703,-0.0885112827921895,-0.021760614303268703,0.5456982017425126,0.42431175829657874,0.5456982017425126,0.42431175829657874,-0.1659458698665715,-0.036760527409156786,-0.1659458698665715,-0.036760527409156786,-0.1905598434207689,-0.05791694245461837,-0.1905598434207689,-0.05791694245461837,-0.3062632059578886,-0.1375742417541962,-0.3062632059578886,-0.1375742417541962,0.0810853748005127,0.1595581862446513,0.1435330891628563,0.0396742500820734,0.0098250834179913,0.0151947690771772,0.0186483309364426,0.0119271904499795,1.0,1.0,1.0,0.0
2020-09-03,44.65,44.65,43.15,44.07,480371.0,269057.0,-0.0018136481960731,0.0004211652607049,0.0205223112905193,0.0389955806232128,0.0,train,0.158629,0.1755239576288467,0.0036861830318561735,0.1755239576288467,0.0036861830318561735,0.4522125175622771,0.2089583771096628,0.4522125175622771,0.2089583771096628,0.3338458919359102,0.380618543537192,0.3338458919359102,0.380618543537192,0.3547897079888221,0.15422785854179502,0.3547897079888221,0.15422785854179502,0.2456101099698779,0.08987131593772697,0.2456101099698779,0.08987131593772697,-0.4454017074346635,-0.2879524407901915,-0.4454017074346635,-0.2879524407901915,0.0294642759868071,0.0810853748005127,0.1595581862446513,0.1435330891628563,0.0246247952195274,0.0098250834179913,0.0151947690771772,0.0186483309364426,0.0,1.0,1.0,1.0
2020-09-04,43.76,44.54,42.3,42.66,465461.0,278886.0,-0.040653203904613,0.0009603369584385,0.0309893039360125,0.0398942321769204,0.0,train,-0.174136,0.1120950192189195,0.05609887231687485,0.1120950192189195,0.05609887231687485,0.5114168730294175,0.35677682361687635,0.5114168730294175,0.35677682361687635,-0.5170959878042541,-0.05657785350542935,-0.5170959878042541,-0.05657785350542935,-0.2229085079882696,-0.02942870840327204,-0.2229085079882696,-0.02942870840327204,0.2562271755246669,0.17077980246650312,0.2562271755246669,0.17077980246650312,0.3497674067963415,0.022621166743564933,0.3497674067963415,0.022621166743564933,-0.0018136481960731,0.0294642759868071,0.0810853748005127,0.1595581862446513,0.0205223112905193,0.0246247952195274,0.0098250834179913,0.0151947690771772,0.0,0.0,1.0,1.0
2020-09-07,42.2,42.43,41.51,42.01,459632.0,289427.0,-0.0553317842568885,0.0001733193476741,0.013165080617837,0.0462927355914682,0.0,train,0.22468,0.2456372794791656,0.2527170562535741,0.2456372794791656,0.2527170562535741,0.7629615782767313,0.7308826229372903,0.7629615782767313,0.7308826229372903,-0.1825323823735412,-0.24650601458033636,-0.1825323823735412,-0.24650601458033636,,-0.04057332453641021,0.0,-0.04057332453641021,-0.8662114935130052,-0.3934653757426632,-0.8662114935130052,-0.3934653757426632,0.5110041135249693,0.2803081259082924,0.5110041135249693,0.2803081259082924,-0.040653203904613,-0.0018136481960731,0.0294642759868071,0.0810853748005127,0.0309893039360125,0.0205223112905193,0.0246247952195274,0.0098250834179913,0.0,0.0,0.0,1.0
2020-09-08,42.08,42.23,39.31,39.78,421052.0,298766.0,-0.0845573880280632,0.0018516987253187,0.0430313690848751,0.0467914312306982,0.0,train,-0.546433,-0.5760975796771467,-0.1506811067600858,-0.5760975796771467,-0.1506811067600858,-0.1826969995377552,0.286163470994041,-0.1826969995377552,0.286163470994041,-0.7487533136706851,-0.4914295319591933,-0.7487533136706851,-0.4914295319591933,-0.1453222608653792,-0.0914782273407834,-0.1453222608653792,-0.0914782273407834,-0.6761854950282209,-0.531706170336693,-0.6761854950282209,-0.531706170336693,0.0105379398094376,0.14904910540543614,0.0105379398094376,0.14904910540543614,-0.0553317842568885,-0.040653203904613,-0.0018136481960731,0.0294642759868071,0.013165080617837,0.0309893039360125,0.0205223112905193,0.0246247952195274,0.0,0.0,0.0,0.0
2020-09-09,39.65,41.2,39.37,40.79,391948.0,307600.0,-0.0375314677685962,0.0007445251785326,0.0272859886852688,0.0424973363287073,0.0,train,-0.657478,-0.4620510895562401,-0.30244249086552055,-0.4620510895562401,-0.30244249086552055,-0.3349286876125379,-0.01635283106967093,-0.3349286876125379,-0.01635283106967093,-0.836352688441523,-0.6598055319978319,-0.836352688441523,-0.6598055319978319,-0.2583662989630921,-0.17283516137206542,-0.2583662989630921,-0.17283516137206542,-0.5028292608447613,-0.5176720663920782,-0.5028292608447613,-0.5176720663920782,,0.07637133259568067,0.0,0.07637133259568067,-0.0845573880280632,-0.0553317842568885,-0.040653203904613,-0.0018136481960731,0.0430313690848751,0.013165080617837,0.0309893039360125,0.0205223112905193,0.0,0.0,0.0,0.0
2020-09-10,40.58,40.96,39.71,40.06,368023.0,317680.0,-0.1160619126154087,0.0003464495287969,0.0186131547244662,0.0392337007275354,0.0,train,-0.201999,-0.2812152890240347,-0.2922522235390079,-0.2812152890240347,-0.2922522235390079,0.6123934335580791,0.2899669703247339,0.6123934335580791,0.2899669703247339,-0.3653508831126639,-0.5167262012466666,-0.3653508831126639,-0.5167262012466666,-0.4091957912451797,-0.2882370597497143,-0.4091957912451797,-0.2882370597497143,-0.3353351444114245,-0.4292929826559197,-0.3353351444114245,-0.4292929826559197,,0.039047964320149835,0.0,0.039047964320149835,-0.0375314677685962,-0.0845573880280632,-0.0553317842568885,-0.040653203904613,0.0272859886852688,0.0430313690848751,0.013165080617837,0.0309893039360125,0.0,0.0,0.0,0.0
2020-09-11,39.96,40.34,39.38,39.83,361195.0,329730.0,-0.1108687919786417,0.0002092302207555,0.0144647924546322,0.0403151039318763,0.0,train,-0.263738,-0.5413622375259041,-0.4138093608371763,-0.5413622375259041,-0.4138093608371763,0.2712653971197971,0.28103529788267134,0.2712653971197971,0.28103529788267134,-0.2608038491212994,-0.39272606099613055,-0.2608038491212994,-0.39272606099613055,-0.636767677373712,-0.45826586228457067,-0.636767677373712,-0.45826586228457067,-0.4479192390282259,-0.4386381170800914,-0.4479192390282259,-0.4386381170800914,-0.1961633425315702,-0.07542296226418192,-0.1961633425315702,-0.07542296226418192,-0.1160619126154087,-0.0375314677685962,-0.0845573880280632,-0.0553317842568885,0.0186131547244662,0.0272859886852688,0.0430313690848751,0.013165080617837,0.0,0.0,0.0,0.0
2020-10-01,42.17,42.56,39.92,40.93,531522.0,232198.0,-0.1076057333132265,0.0014790465476985,0.0384583742206888,0.0180883164238897,1.0,train,-0.134422,0.1529918009347493,-0.11136322892460666,0.1529918009347493,-0.11136322892460666,0.3996722310244816,0.22948878540517886,0.3996722310244816,0.22948878540517886,-0.5924525210676309,-0.46620477458549786,-0.5924525210676309,-0.46620477458549786,0.1427729600587193,-0.1392996241445875,0.1427729600587193,-0.1392996241445875,-0.5467285129820593,-0.41844098083837944,-0.5467285129820593,-0.41844098083837944,0.0301058303605397,-0.1098687719368475,0.0301058303605397,-0.1098687719368475,-0.1108687919786417,-0.1160619126154087,-0.0375314677685962,-0.0845573880280632,0.0144647924546322,0.0186131547244662,0.0272859886852688,0.0430313690848751,0.0,0.0,0.0,0.0
2020-10-02,40.65,40.77,38.79,39.27,526003.0,243186.0,-0.1234540483578987,0.0008939119454557,0.0298983602469391,0.0338982315146004,1.0,train,-0.202464,-0.5749266266043027,-0.3371459008600438,-0.5749266266043027,-0.3371459008600438,0.4903630801606597,0.35670866466178147,0.4903630801606597,0.35670866466178147,-0.4511641043231393,-0.45912634305697003,-0.4511641043231393,-0.45912634305697003,-0.2783899206371899,-0.20710152429269407,-0.2783899206371899,-0.20710152429269407,-0.3981278130357231,-0.40902942139313214,-0.3981278130357231,-0.40902942139313214,-0.4343652734695645,-0.2679123654409637,-0.4343652734695645,-0.2679123654409637,-0.1076057333132265,-0.1108687919786417,-0.1160619126154087,-0.0375314677685962,0.0384583742206888,0.0144647924546322,0.0186131547244662,0.0272859886852688,1.0,0.0,0.0,0.0
2020-10-05,39.19,41.78,39.14,41.29,503509.0,254037.0,-0.0898128097685138,0.0015366641375053,0.0392003078751346,0.042198032233954,0.0,train,0.181809,-0.2503390883857202,-0.276168396900337,-0.2503390883857202,-0.276168396900337,0.2480340373062104,0.301637486422446,0.2480340373062104,0.301637486422446,-0.0588623856419235,-0.18706745237721167,-0.0588623856419235,-0.18706745237721167,0.1551136418978912,-0.0028525121147418885,0.1551136418978912,-0.0028525121147418885,0.1385469838567987,-0.10743170278666386,0.1385469838567987,-0.10743170278666386,-0.3519228977499011,-0.1947204300425983,-0.3519228977499011,-0.1947204300425983,-0.1234540483578987,-0.1076057333132265,-0.1108687919786417,-0.1160619126154087,0.0298983602469391,0.0384583742206888,0.0144647924546322,0.0186131547244662,1.0,1.0,0.0,0.0
2020-10-06,41.41,42.84,41.22,42.65,487366.0,266085.0,-0.0556332184953047,0.0005359611960792,0.0231508357533639,0.0453747718033942,0.0,train,0.216668,0.2946422571300173,0.0021689023290631434,0.2946422571300173,0.0021689023290631434,0.1279380193282184,0.2173988859259395,0.1279380193282184,0.2173988859259395,0.2547667946908203,0.028153827089724318,0.2547667946908203,0.028153827089724318,-0.2878263239785619,-0.14151133295540574,-0.2878263239785619,-0.14151133295540574,-0.4199034390856644,-0.25967126273278013,-0.4199034390856644,-0.25967126273278013,0.5096547861131433,0.14850573922163735,0.5096547861131433,0.14850573922163735,-0.0898128097685138,-0.1234540483578987,-0.1076057333132265,-0.1108687919786417,0.0392003078751346,0.0298983602469391,0.0384583742206888,0.0144647924546322,0.0,1.0,1.0,0.0
2020-10-07,41.85,42.42,41.36,41.99,461647.0,277779.0,-0.0004761904851888,0.0002309680500932,0.0151976330424584,0.0463048830669313,0.0,train,0.191308,0.3257252054332624,0.15998805250228873,0.3257252054332624,0.15998805250228873,-0.0914962221813539,0.06685238041901474,-0.0914962221813539,0.06685238041901474,0.3520382367880084,0.18595294112956634,0.3520382367880084,0.18595294112956634,-0.0207385003778178,-0.08255328431384604,-0.0207385003778178,-0.08255328431384604,-0.0169483154409289,-0.1413520049977417,-0.0169483154409289,-0.1413520049977417,0.4474844966921138,0.29405794810885794,0.4474844966921138,0.29405794810885794,-0.0556332184953047,-0.0898128097685138,-0.1234540483578987,-0.1076057333132265,0.0231508357533639,0.0392003078751346,0.0298983602469391,0.0384583742206888,0.0,0.0,1.0,1.0
2020-10-08,42.15,43.47,41.86,43.34,447091.0,290173.0,0.0857117226823871,0.0005137193067359,0.0226653768275739,0.0471029809138406,0.0,train,-0.253518,-0.6378839230396975,-0.22866177927108444,-0.6378839230396975,-0.22866177927108444,-0.544710779853938,-0.23112395608674496,-0.544710779853938,-0.23112395608674496,-0.5512571388589116,-0.17321922277069032,-0.5512571388589116,-0.17321922277069032,-0.6386923030171868,-0.35348767128926234,-0.6386923030171868,-0.35348767128926234,-0.1439485668392488,-0.14238315216330424,-0.1439485668392488,-0.14238315216330424,-0.3779485932433939,-0.03326595881976283,-0.3779485932433939,-0.03326595881976283,-0.0004761904851888,-0.0556332184953047,-0.0898128097685138,-0.1234540483578987,0.0151976330424584,0.0231508357533639,0.0392003078751346,0.0298983602469391,0.0,0.0,0.0,1.0
2020-10-09,43.36,43.57,42.61,42.85,443411.0,303404.0,0.0492686917143214,0.0001790358302591,0.0133804271329115,0.0425244165825244,0.0,train,0.162047,0.1842204252803528,-0.027376319634395015,0.1842204252803528,-0.027376319634395015,0.2424441397389544,-0.0007368137469125657,0.2424441397389544,-0.0007368137469125657,0.135298073481559,-0.02289181775322666,0.135298073481559,-0.02289181775322666,-0.0852293299184305,-0.22275662546402022,-0.0852293299184305,-0.22275662546402022,0.0937913409937966,-0.027111013296864665,0.0937913409937966,-0.027111013296864665,-0.371872391729162,-0.1980170339802529,-0.371872391729162,-0.1980170339802529,0.0857117226823871,-0.0004761904851888,-0.0556332184953047,-0.0898128097685138,0.0226653768275739,0.0151976330424584,0.0231508357533639,0.0392003078751346,0.0,0.0,0.0,0.0
2020-10-12,42.6,42.71,41.36,41.72,424904.0,316429.0,-0.0851920496387403,0.0003720785617998,0.0192893380342576,0.0393971127954726,0.0,train,0.173971,-0.3758540195370363,-0.048114891955082104,-0.3758540195370363,-0.048114891955082104,0.1457624084549068,0.19959595046082668,0.1457624084549068,0.19959595046082668,-0.0949755129649867,-0.0495164501022054,-0.0949755129649867,-0.0495164501022054,-0.3856761011084474,-0.15679657263150043,-0.3856761011084474,-0.15679657263150043,-0.270182474201719,-0.15948846366693786,-0.270182474201719,-0.15948846366693786,0.1872389425576116,0.09717074845644015,0.1872389425576116,0.09717074845644015,0.0492686917143214,0.0857117226823871,-0.0004761904851888,-0.0556332184953047,0.0133804271329115,0.0226653768275739,0.0151976330424584,0.0231508357533639,0.0,0.0,0.0,0.0
2020-11-02,37.37,39.36,35.74,38.97,507992.0,277571.0,-0.0076687492393006,0.0033572617158878,0.0579418822259672,0.0338173330435057,0.0,train,0.236053,-0.1516096075204783,-0.1792498459597753,-0.1516096075204783,-0.1792498459597753,0.1162588915145644,0.08229210610692797,0.1162588915145644,0.08229210610692797,0.1600155506325035,-0.04975447875008595,0.1600155506325035,-0.04975447875008595,0.0807715071983099,-0.04793482747954742,0.0807715071983099,-0.04793482747954742,,-0.12311998209639206,0.0,-0.12311998209639206,0.4568577727128848,0.3851231859028596,0.4568577727128848,0.3851231859028596,-0.0851920496387403,0.0492686917143214,0.0857117226823871,-0.0004761904851888,0.0192893380342576,0.0133804271329115,0.0226653768275739,0.0151976330424584,0.0,0.0,0.0,0.0
2020-11-03,39.26,40.45,38.65,39.71,496579.0,283461.0,-0.1041762337107354,0.0007473371037698,0.0273374670328069,0.0390315025414797,0.0,train,-0.249907,-0.4761882078645608,-0.32421569644143877,-0.4761882078645608,-0.32421569644143877,-0.2355335635367426,-0.07279102699020175,-0.2355335635367426,-0.07279102699020175,-0.6284233520128404,-0.3316004653426981,-0.6284233520128404,-0.3316004653426981,-0.5123078446142172,-0.2740893509834524,-0.5123078446142172,-0.2740893509834524,-0.3460641755171305,-0.23204500930666344,-0.3460641755171305,-0.23204500930666344,-0.0047901866816719,0.19526627907517616,-0.0047901866816719,0.19526627907517616,-0.0076687492393006,-0.0851920496387403,0.0492686917143214,0.0857117226823871,0.0579418822259672,0.0192893380342576,0.0133804271329115,0.0226653768275739,0.0,0.0,0.0,0.0
2020-11-04,40.13,41.33,39.42,41.23,487183.0,289652.0,-0.0340955663243955,0.0008074548280979,0.0284157496487065,0.0400490803835803,0.0,train,0.074379,-0.3519109483908599,-0.3378166195834485,-0.3519109483908599,-0.3378166195834485,-0.3635996659644934,-0.21419811396667596,-0.3635996659644934,-0.21419811396667596,0.0277385460317893,-0.15673015737186377,0.0277385460317893,-0.15673015737186377,-0.4446930426613438,-0.3571986929714216,-0.4446930426613438,-0.3571986929714216,0.3403744880673965,0.04712489016864685,0.3403744880673965,0.04712489016864685,0.2388239743577846,0.21642292097549637,0.2388239743577846,0.21642292097549637,-0.1041762337107354,-0.0076687492393006,-0.0851920496387403,0.0492686917143214,0.0273374670328069,0.0579418822259672,0.0192893380342576,0.0133804271329115,0.0,0.0,0.0,0.0
2020-11-05,40.96,41.53,40.33,40.93,462175.0,295663.0,-0.0087570493936874,0.0003100671615803,0.0176087240190852,0.0424338510811337,0.0,train,0.204907,0.2819073555659586,-0.03593976033476752,0.2819073555659586,-0.03593976033476752,0.497210715079262,0.1323888647035686,0.497210715079262,0.1323888647035686,0.0324467822740063,-0.06465977905896629,0.0324467822740063,-0.06465977905896629,0.0845495650468871,-0.14185968563058565,0.0845495650468871,-0.14185968563058565,0.2254606970540149,0.13403983346007547,0.2254606970540149,0.13403983346007547,0.2430953848228499,0.22952206090902197,0.2430953848228499,0.22952206090902197,-0.0340955663243955,-0.1041762337107354,-0.0076687492393006,-0.0851920496387403,0.0284157496487065,0.0273374670328069,0.0579418822259672,0.0192893380342576,0.0,0.0,0.0,0.0
2020-11-06,40.63,40.69,39.34,39.45,443518.0,301829.0,-0.0779932266458045,0.000410599899381,0.0202632647759694,0.0454327924309858,0.0,train,0.084527,-0.0719731643592059,-0.05325810353350436,-0.0719731643592059,-0.05325810353350436,-0.4516276089518375,-0.15190350723008322,-0.4516276089518375,-0.15190350723008322,-0.2257032772288302,-0.14292719216926983,-0.2257032772288302,-0.14292719216926983,-0.1141949817624525,-0.12817358706763318,-0.1141949817624525,-0.12817358706763318,-0.5178375170913853,-0.18338560340590604,-0.5178375170913853,-0.18338560340590604,0.2191285346386514,0.22475705611543031,0.2191285346386514,0.22475705611543031,-0.0087570493936874,-0.0340955663243955,-0.1041762337107354,-0.0076687492393006,0.0176087240190852,0.0284157496487065,0.0273374670328069,0.0579418822259672,0.0,0.0,0.0,0.0
2020-11-09,39.65,43.48,39.46,42.4,417944.0,307506.0,-0.0105572828058764,0.0033945283951354,0.0582625814321287,0.0423840937589107,0.0,train,0.33389,-0.3982367134644704,-0.27036909869802145,-0.3982367134644704,-0.27036909869802145,,-0.11921591662404765,0.0,-0.11921591662404765,0.4186770712278802,0.07304735892896505,0.4186770712278802,0.07304735892896505,0.1017225563044332,-0.08022117570864865,0.1017225563044332,-0.08022117570864865,-0.8314022554056326,-0.659065397827212,-0.8314022554056326,-0.659065397827212,0.658092545316609,0.3198331726014888,0.658092545316609,0.3198331726014888,-0.0779932266458045,-0.0087570493936874,-0.0340955663243955,-0.1041762337107354,0.0202632647759694,0.0176087240190852,0.0284157496487065,0.0273374670328069,0.0,0.0,0.0,0.0
2020-11-10,41.75,44.11,41.71,43.61,374157.0,311173.0,0.0849081516170029,0.0011288767047585,0.0335987604646138,0.0392082641898995,0.0,train,0.087071,-0.054113256559642,-0.16516842706984497,-0.054113256559642,-0.16516842706984497,-0.7501758371657109,-0.4265924351331318,-0.7501758371657109,-0.4265924351331318,0.354391309904835,0.21034048346071693,0.354391309904835,0.21034048346071693,-0.5727371515867361,-0.3204060773480827,-0.5727371515867361,-0.3204060773480827,-0.2541128671612606,-0.4618666519441802,-0.2541128671612606,-0.4618666519441802,0.5939683080622906,0.4533316125850215,0.5939683080622906,0.4533316125850215,-0.0105572828058764,-0.0779932266458045,-0.0087570493936874,-0.0340955663243955,0.0582625814321287,0.0202632647759694,0.0176087240190852,0.0284157496487065,0.0,0.0,0.0,0.0
2020-11-11,43.77,45.3,43.6,43.8,335579.0,312999.0,0.0950134201888475,0.0005276850012153,0.0229713952822937,0.0402622952165693,0.0,train,0.194471,-0.3422206056417157,-0.25135267524443217,-0.3422206056417157,-0.25135267524443217,0.486739755549091,0.01810412178494661,0.486739755549091,0.01810412178494661,0.2296895582568295,0.21999126865308735,0.2296895582568295,0.21999126865308735,-0.6708767223959947,-0.4911685929443874,-0.6708767223959947,-0.4911685929443874,0.3592740013768991,-0.06201416584660571,0.3592740013768991,-0.06201416584660571,0.1947090174075997,0.327276875414086,0.1947090174075997,0.327276875414086,0.0849081516170029,-0.0105572828058764,-0.0779932266458045,-0.0087570493936874,0.0335987604646138,0.0582625814321287,0.0202632647759694,0.0176087240190852,0.0,0.0,0.0,0.0
2020-11-12,43.73,44.5,43.26,43.53,329449.0,317563.0,0.0424697254316344,0.0002880596888131,0.0169723212558899,0.0393280598014215,0.0,train,0.204609,0.1758031048913396,-0.043302979127387245,0.1758031048913396,-0.043302979127387245,-0.3688520725656359,-0.17048292185496855,-0.3688520725656359,-0.17048292185496855,0.2943992542649416,0.25628024270695293,0.2943992542649416,0.25628024270695293,0.2240760886565579,-0.14305392190666358,0.2240760886565579,-0.14305392190666358,0.1903246503846718,0.06088758949819448,0.1903246503846718,0.06088758949819448,0.4697838799644975,0.39662635883209263,0.4697838799644975,0.39662635883209263,0.0950134201888475,0.0849081516170029,-0.0105572828058764,-0.0779932266458045,0.0229713952822937,0.0335987604646138,0.0582625814321287,0.0202632647759694,0.0,0.0,0.0,0.0
2020-12-01,47.79,48.3,46.88,47.42,476525.0,231569.0,0.147180790132948,0.0003211620906813,0.0179209958060742,0.0184873185120433,1.0,train,-0.289831,-0.3709686614555413,-0.21226054402941022,-0.3709686614555413,-0.21226054402941022,,-0.02885464858343942,0.0,-0.02885464858343942,-0.2047043300124487,-0.08230283979737955,-0.2047043300124487,-0.08230283979737955,-0.3619915973272162,-0.3368216657147125,-0.3619915973272162,-0.3368216657147125,-0.4356725980750148,-0.250540116844592,-0.4356725980750148,-0.250540116844592,,-0.0352271423456336,0.0,-0.0352271423456336,0.0424697254316344,0.0950134201888475,0.0849081516170029,-0.0105572828058764,0.0169723212558899,0.0229713952822937,0.0335987604646138,0.0582625814321287,0.0,0.0,0.0,0.0
2020-12-02,47.05,48.76,46.82,48.25,477037.0,241000.0,0.2136037084343769,0.0005945155882254,0.024382690340187,0.0345656316911048,1.0,train,-0.16129,-0.3399462539860694,-0.2747510033210323,-0.3399462539860694,-0.2747510033210323,0.6573987304552182,0.30507709882413914,0.6573987304552182,0.30507709882413914,,-0.04241047469239755,0.0,-0.04241047469239755,-0.5762761360272476,-0.4535704017757975,-0.5762761360272476,-0.4535704017757975,-0.4511001413484884,-0.3484222256502619,-0.4511001413484884,-0.3484222256502619,-0.050951423406846,-0.043077188454063185,-0.050951423406846,-0.043077188454063185,0.147180790132948,0.0424697254316344,0.0950134201888475,0.0849081516170029,0.0179209958060742,0.0169723212558899,0.0229713952822937,0.0335987604646138,1.0,0.0,0.0,0.0
2020-12-03,48.0,48.94,47.67,48.71,469523.0,250338.0,0.204281302675291,0.0002493376450751,0.0157904289072582,0.0391067387710451,1.0,train,-0.151725,-0.2396660427098944,-0.2578622407229375,-0.2396660427098944,-0.2578622407229375,0.125450501670391,0.21752775717754227,0.125450501670391,0.21752775717754227,0.0511625053869301,0.003145434181085175,0.0511625053869301,0.003145434181085175,-0.5959247523198814,-0.5231105032321048,-0.5959247523198814,-0.5231105032321048,-0.2573692606437595,-0.30399207088986346,-0.2573692606437595,-0.30399207088986346,0.0329221078795391,-0.0062807377522548676,0.0329221078795391,-0.0062807377522548676,0.2136037084343769,0.147180790132948,0.0424697254316344,0.0950134201888475,0.024382690340187,0.0179209958060742,0.0169723212558899,0.0229713952822937,1.0,1.0,0.0,0.0
2020-12-04,48.96,49.92,48.84,49.25,462929.0,259446.0,0.177743220899289,0.0001725418750484,0.0131355195956781,0.0402023121701056,1.0,train,-0.014659,-0.2749797005798906,-0.26650646476095646,-0.2749797005798906,-0.26650646476095646,0.3719013392221667,0.293007945897659,0.3719013392221667,0.293007945897659,,0.0012897224321270504,0.0,0.0012897224321270504,-0.0628118862436718,-0.29887462053426617,-0.0628118862436718,-0.29887462053426617,-0.1908510452617762,-0.24929012568669545,-0.1908510452617762,-0.24929012568669545,-0.2172101553349065,-0.10916886137842498,-0.2172101553349065,-0.10916886137842498,0.204281302675291,0.2136037084343769,0.147180790132948,0.0424697254316344,0.0157904289072582,0.024382690340187,0.0179209958060742,0.0169723212558899,1.0,1.0,1.0,0.0
2020-12-07,49.23,49.43,48.4,48.79,447146.0,269277.0,0.1500938791316439,0.0001599325923625,0.0126464458391506,0.046236933810903,1.0,train,0.325767,-0.3922729854727562,-0.1962446224191342,-0.3922729854727562,-0.1962446224191342,0.0577039039217734,0.03535213508664964,0.0577039039217734,0.03535213508664964,0.6627816429405734,0.528790181298277,0.6627816429405734,0.528790181298277,-0.2274042962421364,-0.08280751053834857,-0.2274042962421364,-0.08280751053834857,0.1012001796491516,0.1301915092620993,0.1012001796491516,0.1301915092620993,-0.5922493742931293,-0.3388591683462312,-0.5922493742931293,-0.3388591683462312,0.177743220899289,0.204281302675291,0.2136037084343769,0.147180790132948,0.0131355195956781,0.0157904289072582,0.024382690340187,0.0179209958060742,1.0,1.0,1.0,1.0
2020-12-08,48.58,49.0,48.09,48.84,431421.0,279588.0,0.1194736531342908,0.0001267458525781,0.0112581460542198,0.0469318870664738,0.0,train,0.018815,-0.4756430272076455,-0.3321291364812616,-0.4756430272076455,-0.3321291364812616,0.2910278897497811,0.16030896239795678,0.2910278897497811,0.16030896239795678,0.1710285979567707,0.354941272125618,0.1710285979567707,0.354941272125618,-0.0073929046470168,-0.04565510235125479,-0.0073929046470168,-0.04565510235125479,0.1636128568646987,0.14661678971080075,0.1636128568646987,0.14661678971080075,0.3422534668266219,-0.006775352838229151,0.3422534668266219,-0.006775352838229151,0.1500938791316439,0.177743220899289,0.204281302675291,0.2136037084343769,0.0126464458391506,0.0131355195956781,0.0157904289072582,0.024382690340187,1.0,1.0,1.0,1.0
2020-12-09,48.84,49.55,48.4,48.86,414300.0,289027.0,0.1418107035916822,0.0001988846435077,0.0141026466844966,0.0423914203003972,1.0,train,-0.139682,-0.3576462766425247,-0.3448508496577025,-0.3576462766425247,-0.3448508496577025,0.4603898660315235,0.306610760061594,0.4603898660315235,0.306610760061594,-0.2658850451666841,0.05250305471667635,-0.2658850451666841,0.05250305471667635,-0.3163450937829071,-0.1774451111066569,-0.3163450937829071,-0.1774451111066569,0.1187310106619191,0.1330942035442837,0.1187310106619191,0.1330942035442837,-0.0831597245237862,-0.04372626961621948,-0.0831597245237862,-0.04372626961621948,0.1194736531342908,0.1500938791316439,0.177743220899289,0.204281302675291,0.0112581460542198,0.0126464458391506,0.0131355195956781,0.0157904289072582,0.0,1.0,1.0,1.0
2020-12-10,49.0,51.06,48.86,50.25,399809.0,298901.0,0.1417240650845097,0.0006996090780405,0.0264501243483001,0.0393583939143759,1.0,train,-0.014708,-0.2751559323729351,-0.3110435010100092,-0.2751559323729351,-0.3110435010100092,0.121148336530578,0.21644303542004947,0.121148336530578,0.21644303542004947,0.3458985252714485,0.1955430176312245,0.3458985252714485,0.1955430176312245,-0.4666382144484591,-0.3182240565865283,-0.4666382144484591,-0.3182240565865283,0.0100931921956631,0.07330726099824861,0.0100931921956631,0.07330726099824861,0.1855101478240087,0.06773985145110135,0.1855101478240087,0.06773985145110135,0.1418107035916822,0.1194736531342908,0.1500938791316439,0.177743220899289,0.0141026466844966,0.0112581460542198,0.0126464458391506,0.0131355195956781,1.0,0.0,1.0,1.0
2020-12-11,50.45,50.74,49.74,49.97,369865.0,309522.0,0.1317890079737131,0.0001429038615316,0.0119542403159586,0.0401726467904774,1.0,train,0.222774,-0.0020815425648965,-0.16047917975043663,-0.0020815425648965,-0.16047917975043663,-0.2149150393058154,0.0064183267274835025,-0.2149150393058154,0.0064183267274835025,0.7244933551412893,0.45349732801674697,0.7244933551412893,0.45349732801674697,-0.2015722593111913,-0.26136382405274466,-0.2015722593111913,-0.26136382405274466,-0.7080795823494463,-0.3070711011338238,-0.7080795823494463,-0.3070711011338238,-0.6157010885026499,-0.26519256377885275,-0.6157010885026499,-0.26519256377885275,0.1417240650845097,0.1418107035916822,0.1194736531342908,0.1500938791316439,0.0264501243483001,0.0141026466844966,0.0112581460542198,0.0126464458391506,1.0,1.0,0.0,1.0
2021-01-04,51.5,53.33,50.56,51.09,586077.0,266494.0,-0.3131907019231494,0.0010261065887762,0.0320328985384753,0.0337999819609727,1.0,train,0.065662,-0.1786591606864827,0.08723419414832241,-0.1786591606864827,0.08723419414832241,0.0030297253097029,0.18375909758208997,0.0030297253097029,0.18375909758208997,-0.0011316751194703,-0.008557261860966975,-0.0011316751194703,-0.008557261860966975,-0.0471774304046845,-0.031288847243438715,-0.0471774304046845,-0.031288847243438715,-0.2490735219839684,-0.10010253188754391,-0.2490735219839684,-0.10010253188754391,0.5855567485883847,0.37268141145255423,0.5855567485883847,0.37268141145255423,0.1317890079737131,0.1417240650845097,0.1418107035916822,0.1194736531342908,0.0119542403159586,0.0264501243483001,0.0141026466844966,0.0112581460542198,1.0,1.0,1.0,0.0
2021-01-05,50.95,53.9,50.7,53.6,577670.0,280348.0,-0.4072048873465514,0.0013510835669614,0.0367570886627525,0.0278292742761569,1.0,train,-0.063529,-0.0395272021988993,0.025504146773743644,-0.0395272021988993,0.025504146773743644,0.2984103549106997,0.2392618155365431,0.2984103549106997,0.2392618155365431,-0.4529400323364288,-0.22523275263155743,-0.4529400323364288,-0.22523275263155743,-0.0112038718820057,-0.02138319836661619,-0.0112038718820057,-0.02138319836661619,-0.2404386858288761,-0.1681634453667344,-0.2404386858288761,-0.1681634453667344,0.4522899681548213,0.41144634661455276,0.4522899681548213,0.41144634661455276,-0.3131907019231494,0.1317890079737131,0.1417240650845097,0.1418107035916822,0.0320328985384753,0.0119542403159586,0.0264501243483001,0.0141026466844966,1.0,1.0,1.0,1.0
2021-01-06,53.52,54.73,53.02,54.3,550313.0,293878.0,-0.4211789340933758,0.0003634169094121,0.0190634967781918,0.0265364204571961,1.0,train,0.063663,0.1798911810210928,0.10092382622523707,0.1798911810210928,0.10092382622523707,0.2186732796913603,0.22896293329616207,0.2186732796913603,0.22896293329616207,,-0.11566213325319663,0.0,-0.11566213325319663,-0.2893712232798884,-0.1519610026918762,-0.2893712232798884,-0.1519610026918762,0.04815306351792,-0.06251370933352117,0.04815306351792,-0.06251370933352117,0.6018509264438242,0.504368314933103,0.6018509264438242,0.504368314933103,-0.4072048873465514,-0.3131907019231494,0.1317890079737131,0.1417240650845097,0.0367570886627525,0.0320328985384753,0.0119542403159586,0.0264501243483001,1.0,1.0,1.0,1.0
2021-01-07,54.13,54.9,53.94,54.38,545864.0,307763.0,-0.2955582923054813,0.0001122438266187,0.0105945187063288,0.0238701737965199,1.0,train,0.347176,0.3503652701702965,0.22273186674413537,0.3503652701702965,0.22273186674413537,0.455257527430468,0.33924217112983934,0.455257527430468,0.33924217112983934,0.0730153858735275,-0.02378999816974171,0.0730153858735275,-0.02378999816974171,0.0204335107868413,-0.06789292933990654,0.0204335107868413,-0.06789292933990654,0.4840356713407996,0.20405524671544997,0.4840356713407996,0.20405524671544997,0.3387935490947729,0.4241582771616312,0.3387935490947729,0.4241582771616312,-0.4211789340933758,-0.4072048873465514,-0.3131907019231494,0.1317890079737131,0.0190634967781918,0.0367570886627525,0.0320328985384753,0.0119542403159586,1.0,1.0,1.0,1.0
2021-01-08,54.56,56.36,54.34,55.99,520897.0,321097.0,-0.2981645349643997,0.000480483474347,0.021919933265113,0.0218116733930416,1.0,train,0.342702,0.2235935448648034,0.22344857456028375,0.2235935448648034,0.22344857456028375,0.2006690143518084,0.27187169583615833,0.2006690143518084,0.27187169583615833,0.5871829083928553,0.27384392210312714,0.5871829083928553,0.27384392210312714,0.3021307842502183,0.11250988646332187,0.3021307842502183,0.11250988646332187,0.3465566187391317,0.27382898305267805,0.3465566187391317,0.27382898305267805,-0.1225124922389854,0.1578838983474887,-0.1225124922389854,0.1578838983474887,-0.2955582923054813,-0.4211789340933758,-0.4072048873465514,-0.3131907019231494,0.0105945187063288,0.0190634967781918,0.0367570886627525,0.0320328985384753,1.0,1.0,1.0,1.0
2021-01-11,56.24,56.39,54.99,55.66,490568.0,334599.0,-0.3002243601012386,0.0002279617227682,0.0150984013315406,0.0201113395322654,1.0,train,0.301717,0.5174320723360769,0.4254276635238673,0.5174320723360769,0.4254276635238673,0.3915299998612724,0.2921822556867575,0.3915299998612724,0.2921822556867575,0.3957554184783934,0.21546339829631578,0.3957554184783934,0.21546339829631578,0.1200114630362968,-0.12410577725901509,0.1200114630362968,-0.12410577725901509,0.4803296691206393,0.37976587816318125,0.4803296691206393,0.37976587816318125,0.3300857835085491,0.15046211793551703,0.3300857835085491,0.15046211793551703,-0.2981645349643997,-0.2955582923054813,-0.4211789340933758,-0.4072048873465514,0.021919933265113,0.0105945187063288,0.0190634967781918,0.0367570886627525,1.0,1.0,1.0,1.0
2021-01-12,55.66,56.79,55.51,56.58,466845.0,349469.0,-0.3816175489875295,0.0001874444483455,0.0136910353277433,0.0185473579175853,1.0,train,0.071903,0.0757263128799331,0.2551893987689104,0.0757263128799331,0.2551893987689104,0.3972276267158032,0.34313260591552686,0.3972276267158032,0.34313260591552686,0.0429947252695846,0.13163330961623046,0.0429947252695846,0.13163330961623046,0.0997896091733178,-0.014957326817057644,0.0997896091733178,-0.014957326817057644,0.5254168157912503,0.45106530441505993,0.5254168157912503,0.45106530441505993,-0.0692884570818444,0.04335375223133343,-0.0692884570818444,0.04335375223133343,-0.3002243601012386,-0.2981645349643997,-0.2955582923054813,-0.4211789340933758,0.0150984013315406,0.021919933265113,0.0105945187063288,0.0190634967781918,1.0,1.0,1.0,1.0
2021-02-01,54.91,56.53,54.6,56.35,539484.0,294582.0,0.2581318849215792,0.0004352250320993,0.020862047648764,0.0390625935339592,1.0,train,0.185973,,-0.13640960798561808,0.0,-0.13640960798561808,0.0974237356781965,0.05390437916548024,0.0974237356781965,0.05390437916548024,0.1222838032678537,0.04249967704629496,0.1222838032678537,0.04249967704629496,,-0.23631573518750082,0.0,-0.23631573518750082,-0.8526313966433162,-0.6047658530023405,-0.8526313966433162,-0.6047658530023405,0.1278399239876063,0.16039376007547154,0.1278399239876063,0.16039376007547154,-0.3816175489875295,-0.3002243601012386,-0.2981645349643997,-0.2955582923054813,0.0136910353277433,0.0150984013315406,0.021919933265113,0.0105945187063288,1.0,1.0,1.0,1.0
2021-02-02,56.35,58.05,56.33,57.46,537998.0,299326.0,-0.1811316160054641,0.0003262847122957,0.0180633527423829,0.0361295246326414,1.0,train,0.15256,0.1745621041970997,0.015326763394916851,0.1745621041970997,0.015326763394916851,0.0057552676658452,0.03029352304826984,0.0057552676658452,0.03029352304826984,0.0074679071747417,0.025638697643858132,0.0074679071747417,0.025638697643858132,0.0868985606773312,-0.07863539270981033,0.0868985606773312,-0.07863539270981033,0.3138959870669211,-0.157989631358977,0.3138959870669211,-0.157989631358977,-0.5244373874997587,-0.17325342752431497,-0.5244373874997587,-0.17325342752431497,0.2581318849215792,-0.3816175489875295,-0.3002243601012386,-0.2981645349643997,0.020862047648764,0.0136910353277433,0.0150984013315406,0.021919933265113,1.0,1.0,1.0,1.0
2021-02-03,57.85,58.94,57.5,58.46,521834.0,305350.0,-0.1754270493589276,0.0002206680275971,0.0148548991109717,0.0356008005279398,1.0,train,0.361681,0.480071694895209,0.2419984200405941,0.480071694895209,0.2419984200405941,0.0041922401916211,0.017450173377804055,0.0041922401916211,0.017450173377804055,0.2988667421064309,0.15859648620660743,0.2988667421064309,0.15859648620660743,0.2415441562371469,0.0776772599725538,0.2415441562371469,0.0776772599725538,0.6823434416438496,0.2510002038078365,0.6823434416438496,0.2510002038078365,0.3938579079975525,0.10261473659258792,0.3938579079975525,0.10261473659258792,-0.1811316160054641,0.2581318849215792,-0.3816175489875295,-0.3002243601012386,0.0180633527423829,0.020862047648764,0.0136910353277433,0.0150984013315406,1.0,1.0,1.0,1.0
2021-02-04,58.59,59.12,58.04,58.84,514071.0,311325.0,0.1412331123905303,0.0001225992822001,0.0110724560148205,0.0339260750543897,1.0,train,0.305774,0.0307190442065997,0.13918614984299435,0.0307190442065997,0.13918614984299435,0.4567147837565257,0.23114821770675564,0.4567147837565257,0.23114821770675564,0.2753052406230841,0.21535732865678395,0.2753052406230841,0.21535732865678395,0.1128206869995099,0.0951488175043039,0.1128206869995099,0.0951488175043039,0.4962635181449543,0.370311772505058,0.4962635181449543,0.370311772505058,-0.0794788678278649,0.013823879744347279,-0.0794788678278649,0.013823879744347279,-0.1754270493589276,-0.1811316160054641,0.2581318849215792,-0.3816175489875295,0.0148548991109717,0.0180633527423829,0.020862047648764,0.0136910353277433,1.0,1.0,1.0,1.0
2021-02-05,59.17,59.79,59.08,59.34,486461.0,316808.0,0.1017345467859196,5.147034038006944e-05,0.0071742832659485,0.0281780523756098,1.0,train,0.309328,0.5791185456618037,0.35334710646652345,0.5791185456618037,0.35334710646652345,0.0514801545417496,0.1435558508297964,0.0514801545417496,0.1435558508297964,0.5304707956563942,0.36900741710704765,0.5304707956563942,0.36900741710704765,0.3082982298965819,0.19882106397327765,0.3082982298965819,0.19882106397327765,0.6321505036141282,0.49792761639816113,0.6321505036141282,0.49792761639816113,0.04484983764976,0.028611496705444543,0.04484983764976,0.028611496705444543,0.1412331123905303,-0.1754270493589276,-0.1811316160054641,0.2581318849215792,0.0110724560148205,0.0148548991109717,0.0180633527423829,0.020862047648764,1.0,1.0,1.0,1.0
2021-02-08,59.43,60.72,59.43,60.56,467407.0,321905.0,0.0784615057683915,0.0001663182038602,0.0128964415192806,0.0218530511541792,1.0,train,0.257223,0.4009138716581796,0.366596291351654,0.4009138716581796,0.366596291351654,-0.080894972380952,-0.04470307050427199,-0.080894972380952,-0.04470307050427199,-0.0253119612860701,0.22906498858920152,-0.0253119612860701,0.22906498858920152,0.5077599843804242,0.29262527950311223,0.5077599843804242,0.29262527950311223,0.0679721167707976,0.1602272404476104,0.0679721167707976,0.1602272404476104,0.1701791098169427,0.12003597887089429,0.1701791098169427,0.12003597887089429,0.1017345467859196,0.1412331123905303,-0.1754270493589276,-0.1811316160054641,0.0071742832659485,0.0110724560148205,0.0148548991109717,0.0180633527423829,1.0,1.0,1.0,1.0
2021-02-09,60.8,61.34,60.05,61.09,456449.0,328437.0,-0.2160139234265132,0.0001629374199767,0.0127646942766659,0.0214736923940908,1.0,train,0.518229,0.1740087653950641,0.27309005348034554,0.1740087653950641,0.27309005348034554,-0.0999746954708862,-0.07180530803177976,-0.0999746954708862,-0.07180530803177976,0.7503164302798649,0.48314319773239256,0.7503164302798649,0.48314319773239256,0.0324850606343118,0.1662690758496322,0.0324850606343118,0.1662690758496322,0.3868547245974585,0.27087015471743675,0.3868547245974585,0.27087015471743675,-0.3937079503228423,-0.13025805668936205,-0.3937079503228423,-0.13025805668936205,0.0784615057683915,0.1017345467859196,0.1412331123905303,-0.1754270493589276,0.0128964415192806,0.0071742832659485,0.0110724560148205,0.0148548991109717,1.0,1.0,1.0,1.0
2021-02-10,61.21,61.69,60.87,61.47,430805.0,336151.0,-0.1911754719995579,6.458292341673571e-05,0.0080363501302976,0.0203148104433471,1.0,train,0.346866,0.350271385732393,0.3110886481407788,0.350271385732393,0.3110886481407788,0.1387215783301663,0.030771865130350084,0.1387215783301663,0.030771865130350084,0.6156313115453526,0.547986947670893,0.6156313115453526,0.547986947670893,0.0775903894464759,0.12356739873778391,0.0775903894464759,0.12356739873778391,0.4942633783444332,0.3802610057029623,0.4942633783444332,0.3802610057029623,-0.3497355482405004,-0.2374213799986456,-0.3497355482405004,-0.2374213799986456,-0.2160139234265132,0.0784615057683915,0.1017345467859196,0.1412331123905303,0.0127646942766659,0.0128964415192806,0.0071742832659485,0.0110724560148205,1.0,1.0,1.0,1.0
2021-02-11,61.01,61.5,60.72,61.14,426886.0,346578.0,0.0939045603649439,5.8761243545859785e-05,0.00766558827135,0.0197778553778865,1.0,train,0.199176,0.0578369828058329,0.18789658392844766,0.0578369828058329,0.18789658392844766,-0.2413420162360921,-0.1018441364480867,-0.2413420162360921,-0.1018441364480867,0.5048064347813501,0.5272132251565442,0.5048064347813501,0.5272132251565442,-0.0317111222838888,0.04799186675120882,-0.0317111222838888,0.04799186675120882,0.1619020149667825,0.27464030096335185,0.1619020149667825,0.27464030096335185,-0.0031418514362895,-0.1235061847863687,-0.0031418514362895,-0.1235061847863687,-0.1911754719995579,-0.2160139234265132,0.0784615057683915,0.1017345467859196,0.0080363501302976,0.0127646942766659,0.0128964415192806,0.0071742832659485,1.0,1.0,1.0,1.0
2021-02-12,60.82,62.83,60.35,62.43,415893.0,359299.0,0.0983903632002318,0.0005849447946755,0.0241856319883423,0.018016950363831,1.0,train,-0.147271,-0.1768999673112071,0.010174909716966758,-0.1768999673112071,0.010174909716966758,0.2266528299574087,0.058133827167526984,0.2266528299574087,0.058133827167526984,-0.2300731644294612,0.15858334919145067,-0.2300731644294612,0.15858334919145067,-0.4465644137054351,-0.1929815165186972,-0.4465644137054351,-0.1929815165186972,-0.1294346199867614,0.07774948312825179,-0.1294346199867614,0.07774948312825179,,-0.06308502219363923,0.0,-0.06308502219363923,0.0939045603649439,-0.1911754719995579,-0.2160139234265132,0.0784615057683915,0.00766558827135,0.0080363501302976,0.0127646942766659,0.0128964415192806,1.0,1.0,1.0,1.0
2021-03-01,64.85,65.93,63.17,63.69,663221.0,313963.0,0.1224453238974891,0.0006595877403647,0.0256824403117138,0.0390892846968061,1.0,train,0.328386,,0.021121746651159155,0.0,0.021121746651159155,0.6458250759233257,0.326425638105162,0.6458250759233257,0.326425638105162,0.4431164410966063,0.29311323577146275,0.4431164410966063,0.29311323577146275,,-0.08578891335782866,0.0,-0.08578891335782866,-0.0012844121957298,-0.04261853875757682,-0.0012844121957298,-0.04261853875757682,0.1766849549624301,-0.05078745563803053,0.1766849549624301,-0.05078745563803053,0.0983903632002318,0.0939045603649439,-0.1911754719995579,-0.2160139234265132,0.0241856319883423,0.00766558827135,0.0080363501302976,0.0127646942766659,1.0,1.0,1.0,1.0
2021-03-02,63.12,64.13,62.38,62.7,627917.0,325394.0,0.0872723940877318,0.0002760935943504,0.0166160643460022,0.0361100719614701,0.0,train,0.337653,0.1551177574435562,0.08647909480211936,0.1551177574435562,0.08647909480211936,-0.5435067304845633,-0.09704794751224362,-0.5435067304845633,-0.09704794751224362,0.7010988539042735,0.4921152079188142,0.7010988539042735,0.4921152079188142,,-0.04389419274539292,0.0,-0.04389419274539292,0.1563087059118741,0.05403711411434834,0.1563087059118741,0.05403711411434834,,-0.026036346978660474,0.0,-0.026036346978660474,0.1224453238974891,0.0983903632002318,0.0939045603649439,-0.1911754719995579,0.0256824403117138,0.0241856319883423,0.00766558827135,0.0080363501302976,1.0,1.0,1.0,1.0
2021-03-03,62.38,64.7,62.38,64.07,609519.0,337309.0,0.0916334759678303,0.0004809418920016,0.0219303874111154,0.0355983894465544,0.0,train,-0.032772,-0.5691948605078812,-0.23295740306538187,-0.5691948605078812,-0.23295740306538187,0.0638112519992879,-0.018578526484667915,0.0638112519992879,-0.018578526484667915,0.0283001606192406,0.2663886402758959,0.0283001606192406,0.2663886402758959,-0.4784084719110862,-0.2558240301311424,-0.4784084719110862,-0.2558240301311424,-0.2433868375537237,-0.09086468265545583,-0.2433868375537237,-0.09086468265545583,0.0514882387556893,0.011797029131898201,0.0514882387556893,0.011797029131898201,0.0872723940877318,0.1224453238974891,0.0983903632002318,0.0939045603649439,0.0166160643460022,0.0256824403117138,0.0241856319883423,0.00766558827135,0.0,1.0,1.0,1.0
2021-03-04,64.1,67.75,63.33,66.74,583449.0,347746.0,0.1259825775899905,0.0016416311273246,0.0405170473668138,0.033925056508277,1.0,train,0.144083,-0.0421253457897233,-0.14026715280354798,-0.0421253457897233,-0.14026715280354798,0.5602096142853078,0.2632920794673034,0.5602096142853078,0.2632920794673034,0.5665434586293508,0.4127152420276474,0.5665434586293508,0.4127152420276474,-0.1959022821225451,-0.22694954334549092,-0.1959022821225451,-0.22694954334549092,-0.0105051177127432,-0.05196998846304125,-0.0105051177127432,-0.05196998846304125,0.4520194195136169,0.22599176524013995,0.4520194195136169,0.22599176524013995,0.0916334759678303,0.0872723940877318,0.1224453238974891,0.0983903632002318,0.0219303874111154,0.0166160643460022,0.0256824403117138,0.0241856319883423,0.0,0.0,1.0,1.0
2021-03-05,67.16,69.69,66.67,69.36,569041.0,357956.0,0.1560267176096106,0.0007078748531446,0.0266059176339528,0.0271714004320109,1.0,train,0.274358,0.2150303734396237,0.03246370586908073,0.2150303734396237,0.03246370586908073,0.8146959724211995,0.532338743282811,0.8146959724211995,0.532338743282811,,0.21168795626812809,0.0,0.21168795626812809,-0.0270764016672331,-0.12974304848032098,-0.0270764016672331,-0.12974304848032098,0.1189439131289332,0.031056730484231878,0.1189439131289332,0.031056730484231878,,0.1161012758798917,0.0,0.1161012758798917,0.1259825775899905,0.0916334759678303,0.0872723940877318,0.1224453238974891,0.0405170473668138,0.0219303874111154,0.0166160643460022,0.0256824403117138,1.0,0.0,0.0,1.0
2021-03-08,69.97,71.38,67.8,68.24,550474.0,368041.0,0.1193962940542299,0.0009549454045848,0.0309021909350267,0.0218065774480535,1.0,train,0.299693,0.2828234238524916,0.23239362253264295,0.2828234238524916,0.23239362253264295,0.2082703584060797,0.21998541661454418,0.2082703584060797,0.21998541661454418,0.4856658767453548,0.4724903527980333,0.4856658767453548,0.4724903527980333,-0.1615143288451384,-0.10705542963103304,-0.1615143288451384,-0.10705542963103304,0.2585570741545536,0.25269735430895235,0.2585570741545536,0.25269735430895235,0.2130443264030055,0.1226880227993367,0.2130443264030055,0.1226880227993367,0.1560267176096106,0.1259825775899905,0.0916334759678303,0.0872723940877318,0.0266059176339528,0.0405170473668138,0.0219303874111154,0.0166160643460022,1.0,1.0,0.0,0.0
2021-03-09,68.13,69.33,67.12,67.52,517217.0,377583.0,0.1000756636260264,0.0003785192452246,0.0194555710588167,0.0208988011251315,1.0,train,0.265163,0.1755583726856131,0.20494498045405507,0.1755583726856131,0.20494498045405507,,0.1131750828630968,0.0,0.1131750828630968,0.6303015312806746,0.5494475984741554,0.6303015312806746,0.5494475984741554,0.2837105038907276,0.08321934445418264,0.2837105038907276,0.08321934445418264,0.405288202472191,0.32723749005149116,0.405288202472191,0.32723749005149116,,0.06323226905777367,0.0,0.06323226905777367,0.1193962940542299,0.1560267176096106,0.1259825775899905,0.0916334759678303,0.0309021909350267,0.0266059176339528,0.0405170473668138,0.0219303874111154,1.0,1.0,1.0,0.0
2021-03-10,67.46,68.42,66.5,67.9,475808.0,386191.0,0.099486783645732,0.000292201855613,0.0170939128233708,0.020250681592137,1.0,train,0.168191,-0.1136024653896589,0.049854699588947796,-0.1136024653896589,0.049854699588947796,,0.05791210723083722,0.0,0.05791210723083722,0.7107485261548876,0.6283909084441155,0.7107485261548876,0.6283909084441155,-0.3984740769381655,-0.15120199628937742,-0.3984740769381655,-0.15120199628937742,-0.0580930985992584,0.1397411034344533,-0.0580930985992584,0.1397411034344533,0.0145915169165149,0.03968048810421323,0.0145915169165149,0.03968048810421323,0.1000756636260264,0.1193962940542299,0.1560267176096106,0.1259825775899905,0.0194555710588167,0.0309021909350267,0.0266059176339528,0.0405170473668138,1.0,1.0,1.0,1.0
2021-03-11,68.45,69.84,67.99,69.63,466775.0,398170.0,0.1300291924917669,0.0002599457066639,0.0161228318438161,0.019750939117867,1.0,train,-0.096372,-0.2772240313642088,-0.10946809908533742,-0.2772240313642088,-0.10946809908533742,-0.3708942610418215,-0.15136812821963141,-0.3708942610418215,-0.15136812821963141,0.432029605167861,0.5328379856046509,0.432029605167861,0.5328379856046509,-0.3527913186130106,-0.24951065103446363,-0.3527913186130106,-0.24951065103446363,-0.029374521167831,0.05743491886349976,-0.029374521167831,0.05743491886349976,-0.6512693447496526,-0.2970372294142009,-0.6512693447496526,-0.2970372294142009,0.099486783645732,0.1000756636260264,0.1193962940542299,0.1560267176096106,0.0170939128233708,0.0194555710588167,0.0309021909350267,0.0266059176339528,1.0,1.0,1.0,1.0
2021-03-12,69.59,69.9,69.03,69.22,428150.0,410488.0,0.1032439091335453,5.657601142674187e-05,0.0075217026946524,0.0182620300437184,1.0,train,0.212657,-0.3672657050356415,-0.2352318947802559,-0.3672657050356415,-0.2352318947802559,-0.6103990740430046,-0.37476620361112384,-0.6103990740430046,-0.37476620361112384,0.4989194986992022,0.5162084730818377,0.4989194986992022,0.5162084730818377,-0.2748606670858856,-0.2620159569824034,-0.2748606670858856,-0.2620159569824034,0.2578719808192148,0.155027134290667,0.2578719808192148,0.155027134290667,-0.2517951950364606,-0.27517935078567285,-0.2517951950364606,-0.27517935078567285,0.1300291924917669,0.099486783645732,0.1000756636260264,0.1193962940542299,0.0161228318438161,0.0170939128233708,0.0194555710588167,0.0309021909350267,1.0,1.0,1.0,1.0
2021-04-01,63.12,65.17,62.38,64.86,553818.0,255960.0,0.0182035364958972,0.0006904950622723,0.0262772727327697,0.039127891752726,0.0,train,0.148519,-0.0991189503557845,-0.05759906191957485,-0.0991189503557845,-0.05759906191957485,0.5189095829519124,0.3439726309523117,0.5189095829519124,0.3439726309523117,-0.2485814023382347,-0.12983778806845564,-0.2485814023382347,-0.12983778806845564,-0.2679518383375727,-0.2539892631381377,-0.2679518383375727,-0.2539892631381377,-0.1138896634179711,-0.04826942630364896,-0.1138896634179711,-0.04826942630364896,0.4718682326953913,0.3220917444547158,0.4718682326953913,0.3220917444547158,0.1032439091335453,0.1300291924917669,0.099486783645732,0.1000756636260264,0.0075217026946524,0.0161228318438161,0.0170939128233708,0.0194555710588167,1.0,1.0,1.0,1.0
2021-04-05,64.57,64.81,61.25,62.15,542134.0,263559.0,-0.1097595145155665,0.0011512003603594,0.0339293436476368,0.027327059329487,1.0,train,0.392491,0.1208536821575956,0.12773459334590687,0.1208536821575956,0.12773459334590687,0.5986516484196184,0.48871621360214906,0.5986516484196184,0.48871621360214906,0.3552409540352165,0.19230697247018735,0.3552409540352165,0.19230697247018735,-0.4370666957056832,-0.3353283343392474,-0.4370666957056832,-0.3353283343392474,0.115337249911351,0.041048988161817984,0.115337249911351,0.041048988161817984,0.6553238907063269,0.47152106432406476,0.6553238907063269,0.47152106432406476,0.0182035364958972,0.1032439091335453,0.1300291924917669,0.099486783645732,0.0262772727327697,0.0075217026946524,0.0161228318438161,0.0170939128233708,0.0,1.0,1.0,1.0
2021-04-06,62.32,64.28,62.08,62.74,529718.0,271593.0,0.1444749758226424,0.0004374097327312,0.0209143427515965,0.0265417482536102,1.0,train,0.065823,-0.507470577420981,-0.18198357832325462,-0.507470577420981,-0.18198357832325462,0.3556295625902836,0.42386236463015625,0.3556295625902836,0.42386236463015625,-0.1244221275191,0.03811486894825827,-0.1244221275191,0.03811486894825827,0.0456528233450529,-0.14992111887806156,0.0456528233450529,-0.14992111887806156,-0.7026100744591284,-0.3210301239383901,-0.7026100744591284,-0.3210301239383901,0.5081197711993981,0.48928499526017,0.5081197711993981,0.48928499526017,-0.1097595145155665,0.0182035364958972,0.1032439091335453,0.1300291924917669,0.0339293436476368,0.0262772727327697,0.0075217026946524,0.0161228318438161,1.0,0.0,1.0,1.0
2021-04-07,62.6,63.55,61.6,63.16,515507.0,279120.0,0.1496747501831161,0.0003503098527085,0.018716566263835,0.0238362907595495,1.0,train,0.291912,-0.0566507865331377,-0.12121100011871756,-0.0566507865331377,-0.12121100011871756,0.3245190964627665,0.3754768545652021,0.3245190964627665,0.3754768545652021,0.5789611954078334,0.30164040646503043,0.5789611954078334,0.30164040646503043,-0.4418398515189672,-0.29200000463806747,-0.4418398515189672,-0.29200000463806747,0.0943217757826587,-0.11879553039017274,0.0943217757826587,-0.11879553039017274,0.6949238128443749,0.5896145713321447,0.6949238128443749,0.5896145713321447,0.1444749758226424,-0.1097595145155665,0.0182035364958972,0.1032439091335453,0.0209143427515965,0.0339293436476368,0.0262772727327697,0.0075217026946524,1.0,1.0,0.0,1.0
2021-04-08,63.02,63.43,62.38,63.2,513894.0,287707.0,-0.0767266020306118,0.0001004946587978,0.0100247024293922,0.0220042910861961,1.0,train,0.17045,-0.1009457168302214,-0.11165793423311896,-0.1009457168302214,-0.11165793423311896,0.3591115915601292,0.36745016919930423,0.3591115915601292,0.36745016919930423,0.2476035635026162,0.27550052559676863,0.2476035635026162,0.27550052559676863,-0.4068622305010297,-0.3481422645652057,-0.4068622305010297,-0.3481422645652057,-0.0305960441765569,-0.07589814078112223,-0.0305960441765569,-0.07589814078112223,0.1909855522265255,0.39548734932735086,0.1909855522265255,0.39548734932735086,0.1496747501831161,0.1444749758226424,-0.1097595145155665,0.0182035364958972,0.018716566263835,0.0209143427515965,0.0339293436476368,0.0262772727327697,1.0,1.0,1.0,0.0
2021-04-09,63.28,63.49,62.57,62.95,490452.0,298824.0,-0.0700830897973459,7.684418510542388e-05,0.0087660815137337,0.0209196191173887,1.0,train,0.0,,-0.057148071640439134,-0.1009457168302214,-0.10632911882003447,,0.18871475382961106,0.3591115915601292,0.3636749669207993,,0.14144668614385783,0.2476035635026162,0.26207986326953053,,-0.17874219848655037,-0.4068622305010297,-0.37696666191297595,,-0.039357965012084356,-0.0305960441765569,-0.054264446826335376,,0.20317995694846705,0.1909855522265255,0.2962286741166407,-0.0767266020306118,0.1496747501831161,0.1444749758226424,-0.1097595145155665,0.0100247024293922,0.018716566263835,0.0209143427515965,0.0339293436476368,1.0,1.0,1.0,1.0
2021-04-12,63.03,64.31,62.41,63.28,475944.0,313618.0,-0.0897205147477997,0.0003243818214199,0.0180106030276611,0.0179623706849172,1.0,train,0.289308,0.2140829272275476,0.05712553370588034,0.2140829272275476,0.05046960275595659,0.6060789356361378,0.453881787569409,0.6060789356361378,0.4775600775632431,0.5530887474240029,0.2782600037592368,0.5530887474240029,0.29458592895327224,-0.4982202725891346,-0.45428118308922777,-0.4982202725891346,-0.48110794699146864,0.3752579957710115,0.18796290550395756,0.3752579957710115,0.18594553256556448,0.6046055754291402,0.5212435957727104,0.6046055754291402,0.5338363702654686,-0.0700830897973459,-0.0767266020306118,0.1496747501831161,0.1444749758226424,0.0087660815137337,0.0100247024293922,0.018716566263835,0.0209143427515965,1.0,1.0,1.0,1.0
2021-05-03,66.7,67.82,66.1,67.56,624820.0,322379.0,0.0530398562886693,0.0002380062240284,0.0154274503411441,0.0356734563251522,0.0,train,0.148092,-0.2981229066777288,-0.2565283524939657,-0.2981229066777288,-0.2565283524939657,-0.0247746644738911,0.2193188924822,-0.0247746644738911,0.2193188924822,0.0631391658459726,0.048942123323607666,0.0631391658459726,0.048942123323607666,,-0.19950693513797327,0.0,-0.19950693513797327,-0.8554875694368224,-0.6677116991816079,-0.8554875694368224,-0.6677116991816079,-0.3744314314184411,-0.06933354150586772,-0.3744314314184411,-0.06933354150586772,-0.0897205147477997,-0.0700830897973459,-0.0767266020306118,0.1496747501831161,0.0180106030276611,0.0087660815137337,0.0100247024293922,0.018716566263835,1.0,1.0,1.0,1.0
2021-05-04,67.75,69.5,67.37,68.88,615626.0,331674.0,0.0315613867962474,0.0003494518449379,0.0186936311330345,0.0342772433990787,0.0,train,-0.069137,-0.2763426562291077,-0.26632013549698585,-0.2763426562291077,-0.26632013549698585,0.1997364964162545,0.20968927474518637,0.1997364964162545,0.20968927474518637,-0.1168051995135511,-0.031837886870895796,-0.1168051995135511,-0.031837886870895796,-0.0862306176751381,-0.1441694219617869,-0.0862306176751381,-0.1441694219617869,-0.3354285494421641,-0.5058811016343595,-0.3354285494421641,-0.5058811016343595,-0.3536674423708195,-0.2079866658070983,-0.3536674423708195,-0.2079866658070983,0.0530398562886693,-0.0897205147477997,-0.0700830897973459,-0.0767266020306118,0.0154274503411441,0.0180106030276611,0.0087660815137337,0.0100247024293922,0.0,1.0,1.0,1.0
2021-05-05,69.35,69.95,68.35,68.96,605749.0,340763.0,0.103975808398717,0.000193111838183,0.0138964685507873,0.0276595640969121,1.0,train,0.203149,0.2238404045146503,-0.028040419464879084,0.2238404045146503,-0.028040419464879084,0.1345185446252668,0.17269647748114675,0.1345185446252668,0.17269647748114675,0.322096363778596,0.1405610887331782,0.322096363778596,0.1405610887331782,0.3098570698682011,0.07703494221209858,0.3098570698682011,0.07703494221209858,-0.5307007908365952,-0.518286988396753,-0.5307007908365952,-0.518286988396753,-0.0002747073704123,-0.10696016416703727,-0.0002747073704123,-0.10696016416703727,0.0315613867962474,0.0530398562886693,-0.0897205147477997,-0.0700830897973459,0.0186936311330345,0.0154274503411441,0.0180106030276611,0.0087660815137337,0.0,0.0,1.0,1.0
2021-05-06,68.47,69.37,67.93,68.09,602062.0,350850.0,0.0818311567323428,0.000158704886129,0.0125978127517847,0.026323752597687,1.0,train,0.20937,0.2202468176047274,0.09276262712491448,0.2202468176047274,0.09276262712491448,0.4510317302819976,0.30807218864816976,0.4510317302819976,0.30807218864816976,0.3935012110184736,0.2638664695171272,0.3935012110184736,0.2638664695171272,0.1756437602262029,0.1252889661881682,0.1756437602262029,0.1252889661881682,-0.3427421705165552,-0.4332964551582234,-0.3427421705165552,-0.4332964551582234,0.5879172239566599,0.2315036433353167,0.5879172239566599,0.2315036433353167,0.103975808398717,0.0315613867962474,0.0530398562886693,-0.0897205147477997,0.0138964685507873,0.0186936311330345,0.0154274503411441,0.0180106030276611,1.0,0.0,0.0,1.0
2021-05-07,68.26,68.65,67.39,68.28,578276.0,361901.0,0.0779457085387989,0.0001237676715748,0.0111250919805101,0.0237741982977065,1.0,train,-0.102895,-0.3171991813598106,-0.10673940083791858,-0.3171991813598106,-0.10673940083791858,0.0644210813122171,0.1892356709028157,0.0644210813122171,0.1892356709028157,-0.1469723456713043,0.06406218263354681,-0.1469723456713043,0.06406218263354681,-0.4334737438540799,-0.14688280322326583,-0.4334737438540799,-0.14688280322326583,-0.4637499637790983,-0.44835461730670845,-0.4637499637790983,-0.44835461730670845,-0.2977469232379119,-0.02633049281801882,-0.2977469232379119,-0.02633049281801882,0.0818311567323428,0.103975808398717,0.0315613867962474,0.0530398562886693,0.0125978127517847,0.0138964685507873,0.0186936311330345,0.0154274503411441,1.0,1.0,0.0,0.0
2021-05-10,68.74,69.2,67.41,68.32,543161.0,371209.0,0.0061665149156642,0.0002477224296163,0.0157392004122312,0.0201728638936808,0.0,train,0.338501,0.501896431697678,0.3967969393714161,0.501896431697678,0.3967969393714161,0.4172273140258803,0.36390335957871583,0.4172273140258803,0.36390335957871583,0.1767092684669289,0.219372543011992,0.1767092684669289,0.219372543011992,-0.2744007597416948,-0.294334518919002,-0.2744007597416948,-0.294334518919002,,-0.0319035682152362,0.0,-0.0319035682152362,0.2863234426094603,0.21015773492596165,0.2863234426094603,0.21015773492596165,0.0779457085387989,0.0818311567323428,0.103975808398717,0.0315613867962474,0.0111250919805101,0.0125978127517847,0.0138964685507873,0.0186936311330345,1.0,1.0,1.0,0.0
2021-05-11,68.29,68.75,67.13,68.55,517290.0,381110.0,-0.0156321029461325,0.000205085354698,0.0143208014684239,0.0191591102531757,0.0,train,0.374882,0.5410141298229859,0.46770052430646364,0.5410141298229859,0.46770052430646364,0.6053373642360348,0.4815752784382925,0.6053373642360348,0.4815752784382925,0.0822411520836941,0.1527131560534502,0.0822411520836941,0.1527131560534502,0.3316217564896493,0.010857841138317819,0.3316217564896493,0.010857841138317819,-0.4814227299976254,-0.2506167433028468,-0.4814227299976254,-0.2506167433028468,0.0930920927754471,0.153357671047538,0.0930920927754471,0.153357671047538,0.0061665149156642,0.0779457085387989,0.0818311567323428,0.103975808398717,0.0157392004122312,0.0111250919805101,0.0125978127517847,0.0138964685507873,0.0,1.0,1.0,1.0
2021-05-12,68.78,69.9,68.18,69.32,476707.0,389903.0,0.0911641413880062,0.000223879745262,0.0149626115789348,0.0175745967703402,1.0,train,-0.125292,-0.2403299398848732,0.1230360092401311,-0.2403299398848732,0.1230360092401311,0.0027596384424911,0.24825359757730867,0.0027596384424911,0.24825359757730867,-0.0097601680120689,0.07375949697656826,-0.0097601680120689,0.07375949697656826,-0.2263098552759282,-0.1044567444375826,-0.2263098552759282,-0.1044567444375826,0.338638679080764,0.036755272358880015,0.338638679080764,0.036755272358880015,-0.272648700599925,-0.05429593433023586,-0.272648700599925,-0.05429593433023586,-0.0156321029461325,0.0061665149156642,0.0779457085387989,0.0818311567323428,0.0143208014684239,0.0157392004122312,0.0111250919805101,0.0125978127517847,0.0,0.0,1.0,1.0
2021-06-01,69.39,71.34,69.29,70.25,548775.0,313712.0,0.0798292073346838,0.0003066110745981,0.017510313378069,0.039139108220227,0.0,train,0.283789,-0.2018967851075226,-0.11351504663086004,-0.2018967851075226,-0.11351504663086004,0.656684862473952,0.5503187614703566,0.656684862473952,0.5503187614703566,0.4468272076120988,0.3240334331533544,0.4468272076120988,0.3240334331533544,-0.3474284389754523,-0.20060742999955947,-0.3474284389754523,-0.20060742999955947,0.3371795231677043,0.23400642426440535,0.3371795231677043,0.23400642426440535,0.4372278597290705,0.37925626483746744,0.4372278597290705,0.37925626483746744,0.0911641413880062,-0.0156321029461325,0.0061665149156642,0.0779457085387989,0.0149626115789348,0.0143208014684239,0.0157392004122312,0.0111250919805101,1.0,0.0,0.0,1.0
2021-06-02,70.55,71.48,70.35,71.35,536400.0,317691.0,0.1292358962839701,9.158273294681396e-05,0.0095698867781606,0.0361521091197948,1.0,train,0.186315,-0.5714219874328628,-0.3367670564677058,-0.5714219874328628,-0.3367670564677058,0.0951785516153474,0.32861463423037424,0.0951785516153474,0.32861463423037424,0.7709137800411698,0.5417798579536809,0.7709137800411698,0.5417798579536809,-0.4393293454625386,-0.3170378251423097,-0.4393293454625386,-0.3170378251423097,-0.3765338654311633,-0.06330549147144914,-0.3765338654311633,-0.06330549147144914,0.4560322681900247,0.4166773881030637,0.4560322681900247,0.4166773881030637,0.0798292073346838,0.0911641413880062,-0.0156321029461325,0.0061665149156642,0.017510313378069,0.0149626115789348,0.0143208014684239,0.0157392004122312,0.0,1.0,0.0,0.0
2021-06-03,71.27,71.99,70.66,71.31,524449.0,323355.0,0.0540204781006128,0.0001254178749978,0.0111990122331327,0.0348823912554298,0.0,train,0.348743,-0.2672510656631331,-0.30331145364687123,-0.2672510656631331,-0.30331145364687123,0.0408707883212952,0.18828668949457042,0.0408707883212952,0.18828668949457042,0.6152755485038155,0.5777943912169603,0.6152755485038155,0.5777943912169603,0.3056630026875179,-0.013968807895921191,0.3056630026875179,-0.013968807895921191,-0.0175202447128475,-0.0408530699117046,-0.0175202447128475,-0.0408530699117046,0.1065531802742547,0.2657558611950453,0.1065531802742547,0.2657558611950453,0.1292358962839701,0.0798292073346838,0.0911641413880062,-0.0156321029461325,0.0095698867781606,0.017510313378069,0.0149626115789348,0.0143208014684239,1.0,0.0,1.0,0.0
2021-06-04,71.25,72.17,70.73,71.89,518313.0,330666.0,0.0427713128763054,0.0001465090550562,0.0121040924920574,0.0301817429221685,0.0,train,-0.002434,0.3755246808890674,0.026862654549025092,0.3755246808890674,0.026862654549025092,0.2724428921162067,0.22901516945763806,0.2724428921162067,0.22901516945763806,0.2495514629784694,0.4181157818107586,0.2495514629784694,0.4181157818107586,-0.0176476665145624,-0.015832644684669057,-0.0176476665145624,-0.015832644684669057,0.4397719978538384,0.19286657034459884,0.4397719978538384,0.19286657034459884,0.175854069574802,0.22171395537116018,0.175854069574802,0.22171395537116018,0.0540204781006128,0.1292358962839701,0.0798292073346838,0.0911641413880062,0.0111990122331327,0.0095698867781606,0.017510313378069,0.0149626115789348,0.0,1.0,0.0,1.0
2021-06-07,71.82,72.27,71.1,71.49,498201.0,338323.0,0.04594068185252,9.608353534865664e-05,0.0098022209395961,0.0237674897328134,0.0,train,0.317704,,0.0319084576851438,0.0,0.0319084576851438,0.0716497200000008,0.11335907564438366,0.0716497200000008,0.11335907564438366,0.0260824092396619,0.20458247961591264,0.0260824092396619,0.20458247961591264,,-0.14650277031371628,0.0,-0.14650277031371628,0.8791647429232741,0.5575523793728159,0.8791647429232741,0.5575523793728159,0.2841239280426819,0.22458133282271744,0.2841239280426819,0.22458133282271744,0.0427713128763054,0.0540204781006128,0.1292358962839701,0.0798292073346838,0.0121040924920574,0.0111990122331327,0.0095698867781606,0.017510313378069,0.0,0.0,1.0,0.0
2021-06-08,71.42,72.42,70.71,72.22,481405.0,346484.0,0.1334127146965,0.0002059428629142,0.0143507094916682,0.0217915260635857,1.0,train,-0.188633,-0.3405063494609917,-0.1495753314518,-0.3405063494609917,-0.1495753314518,-0.1318320801024815,-0.006146373113413879,-0.1318320801024815,-0.006146373113413879,0.0640616664268363,0.13588339961425863,0.0640616664268363,0.13588339961425863,-0.4353126682982441,-0.28737821530983937,-0.4353126682982441,-0.28737821530983937,-0.1848350833100186,0.19639494235615776,-0.1848350833100186,0.19639494235615776,-0.8500597411020591,-0.298878751501753,-0.8500597411020591,-0.298878751501753,0.04594068185252,0.0427713128763054,0.0540204781006128,0.1292358962839701,0.0098022209395961,0.0121040924920574,0.0111990122331327,0.0095698867781606,0.0,0.0,0.0,1.0
2021-06-09,72.17,72.87,71.82,72.22,450265.0,354422.0,0.1373762553589559,7.597861130871058e-05,0.0087165710751826,0.0208400969414539,1.0,train,-0.09306,-0.2525659230812206,-0.1999877199951215,-0.2525659230812206,-0.1999877199951215,0.0621590462696677,0.026732119222815588,0.0621590462696677,0.026732119222815588,0.0022575211356113,0.07070891390489906,0.0022575211356113,0.07070891390489906,-0.2644375456482771,-0.276379637622363,-0.2644375456482771,-0.276379637622363,0.2578597987182764,0.2262732980029994,0.2578597987182764,0.2262732980029994,-0.0032289133137768,-0.15532003895596824,-0.0032289133137768,-0.15532003895596824,0.1334127146965,0.04594068185252,0.0427713128763054,0.0540204781006128,0.0143507094916682,0.0098022209395961,0.0121040924920574,0.0111990122331327,1.0,0.0,0.0,0.0
2021-06-10,72.03,72.93,70.95,72.52,429331.0,365241.0,0.0596598364063361,0.0002732491981786,0.0165302510016826,0.0201768772220275,0.0,train,0.119967,-0.2945760657831636,-0.2460918701988148,-0.2945760657831636,-0.2460918701988148,0.0817095844949192,0.05324877761390744,0.0817095844949192,0.05324877761390744,0.4561506558521043,0.2584673109809034,0.4561506558521043,0.2584673109809034,-0.4378486900551052,-0.3551361369747879,-0.4378486900551052,-0.3551361369747879,-0.3194670783543726,-0.03962267938935358,-0.3194670783543726,-0.03962267938935358,-0.2199556775550558,-0.18713495596802615,-0.2199556775550558,-0.18713495596802615,0.1373762553589559,0.1334127146965,0.04594068185252,0.0427713128763054,0.0087165710751826,0.0143507094916682,0.0098022209395961,0.0121040924920574,1.0,1.0,0.0,0.0
2021-06-11,72.41,73.09,71.88,72.69,417207.0,376900.0,0.0586404174882213,0.0001005099767336,0.0100254664097825,0.0190962142196478,1.0,train,0.03296,-0.4109732015090201,-0.3264499372427988,-0.4109732015090201,-0.3264499372427988,0.3640792899959014,0.2043121593266951,0.3640792899959014,0.2043121593266951,0.1694564912532295,0.2149841914673784,0.1694564912532295,0.2149841914673784,-0.1109357333654467,-0.23616576826952715,-0.1109357333654467,-0.23616576826952715,0.1307919466517367,0.043170193635178405,0.1307919466517367,0.043170193635178405,-0.3078405655541961,-0.246330204671022,-0.3078405655541961,-0.246330204671022,0.0596598364063361,0.1373762553589559,0.1334127146965,0.04594068185252,0.0165302510016826,0.0087165710751826,0.0143507094916682,0.0098022209395961,0.0,1.0,1.0,0.0
2021-07-01,74.69,76.74,74.55,75.84,646528.0,281085.0,0.0765655497329111,0.0003023451431674,0.0173880747401054,0.0382597617888131,0.0,train,0.026727,-0.0313591158405943,-0.11350235355860239,-0.0313591158405943,-0.11350235355860239,0.0204889961549665,0.009945408325905644,0.0204889961549665,0.009945408325905644,0.2509057266525198,0.26705916530216506,0.2509057266525198,0.26705916530216506,-0.2211095984740337,-0.15925145951430597,-0.2211095984740337,-0.15925145951430597,0.0668190811031633,0.09259281548534033,0.0668190811031633,0.09259281548534033,0.2803677378342695,0.255902095549531,0.2803677378342695,0.255902095549531,0.0586404174882213,0.0596598364063361,0.1373762553589559,0.1334127146965,0.0100254664097825,0.0165302510016826,0.0087165710751826,0.0143507094916682,1.0,0.0,1.0,1.0
2021-07-02,75.64,76.43,75.21,76.17,621980.0,294737.0,0.0653703404618513,9.338677761692932e-05,0.0096636834393997,0.0361340149854869,0.0,train,0.089998,-0.301454720382492,-0.2052245996755021,-0.301454720382492,-0.2052245996755021,0.2184765373539983,0.1115129762990408,0.2184765373539983,0.1115129762990408,0.38195999193826,0.3229431710408686,0.38195999193826,0.3229431710408686,-0.4300755633806038,-0.29094807417587815,-0.4300755633806038,-0.29094807417587815,0.0717459743991585,0.0824935842111856,0.0717459743991585,0.0824935842111856,0.6582177956495614,0.4519221592272693,0.6582177956495614,0.4519221592272693,0.0765655497329111,0.0586404174882213,0.0596598364063361,0.1373762553589559,0.0173880747401054,0.0100254664097825,0.0165302510016826,0.0087165710751826,0.0,1.0,0.0,1.0
2021-07-05,76.23,77.26,75.7,77.16,620623.0,309464.0,0.1123545616820909,0.0001500714581788,0.0122503656344944,0.0276219886293288,1.0,train,0.135126,-0.0993019376465324,-0.2181843102111783,-0.0993019376465324,-0.2181843102111783,0.7427187781982716,0.37143190180001223,0.7427187781982716,0.37143190180001223,,0.13136895069404414,0.0,0.13136895069404414,-0.4294839178232371,-0.3573385678532354,-0.4294839178232371,-0.3573385678532354,-0.214094108140941,-0.19061815954147074,-0.214094108140941,-0.19061815954147074,0.5081947967561832,0.1721556532110483,0.5081947967561832,0.1721556532110483,0.0653703404618513,0.0765655497329111,0.0586404174882213,0.0596598364063361,0.0096636834393997,0.0173880747401054,0.0100254664097825,0.0165302510016826,0.0,0.0,1.0,0.0
2021-07-06,77.06,77.84,74.13,74.53,607309.0,323806.0,0.0903713693987278,0.0008601599745904,0.0293284840145286,0.0261519574976528,1.0,train,0.291328,0.4265180871355624,0.09572317138483541,0.4265180871355624,0.09572317138483541,0.8518127049649267,0.6057267704533614,0.8518127049649267,0.6057267704533614,,0.0671613065733688,0.0,0.0671613065733688,,-0.18352941734286238,0.0,-0.18352941734286238,0.1318642582440962,-0.03382623387452872,0.1318642582440962,-0.03382623387452872,0.7043327008467153,0.4311536659452613,0.7043327008467153,0.4311536659452613,0.1123545616820909,0.0653703404618513,0.0765655497329111,0.0586404174882213,0.0122503656344944,0.0096636834393997,0.0173880747401054,0.0100254664097825,1.0,0.0,0.0,1.0
2021-07-07,74.69,75.99,72.6,73.43,608890.0,338965.0,0.0267749916847588,0.0007511825729548,0.0274077101005322,0.0236407570601388,0.0,train,0.369637,0.4084999260492548,0.24816826834332814,0.4084999260492548,0.24816826834332814,0.7686046956718958,0.6854135450318358,0.7686046956718958,0.6854135450318358,0.6182438089174006,0.33538600037217847,0.6182438089174006,0.33538600037217847,0.1510556974370648,-0.020596779976575042,0.1510556974370648,-0.020596779976575042,0.349227290881671,0.15252118883883112,0.349227290881671,0.15252118883883112,0.7160022904240453,0.5700215898203773,0.7160022904240453,0.5700215898203773,0.0903713693987278,0.1123545616820909,0.0653703404618513,0.0765655497329111,0.0293284840145286,0.0122503656344944,0.0096636834393997,0.0173880747401054,1.0,1.0,0.0,0.0
2021-07-08,73.35,74.4,72.11,74.12,574814.0,354654.0,0.0259683855678476,0.0003525183337098,0.018775471597536,0.0216054330711197,0.0,train,0.121184,0.2276816985618048,0.2383410238849435,0.2276816985618048,0.2383410238849435,0.4938829080525838,0.5925188902999792,0.4938829080525838,0.5925188902999792,0.2720219092841325,0.30473300943888687,0.2720219092841325,0.30473300943888687,-0.6801063116187985,-0.34188492123389674,-0.6801063116187985,-0.34188492123389674,-0.4171920735285731,-0.12509909265466393,-0.4171920735285731,-0.12509909265466393,0.5580471694279856,0.5644465728056504,0.5580471694279856,0.5644465728056504,0.0267749916847588,0.0903713693987278,0.1123545616820909,0.0653703404618513,0.0274077101005322,0.0293284840145286,0.0122503656344944,0.0096636834393997,0.0,1.0,1.0,0.0
2021-07-09,74.39,75.8,73.8,75.55,541887.0,369590.0,0.0450776728694366,0.0002578832262348,0.016058742984269,0.0208338563841461,0.0,train,-0.050613,-0.2235718657697472,0.013818661026123358,-0.2235718657697472,0.013818661026123358,0.4530648693622559,0.5249214153335097,0.4530648693622559,0.5249214153335097,-0.024829260643063,0.1443279988702913,-0.024829260643063,0.1443279988702913,-0.2276511370962767,-0.2862150652122026,-0.2276511370962767,-0.2862150652122026,-0.4021767616158249,-0.25992151931839463,-0.4021767616158249,-0.25992151931839463,0.5806760193625471,0.5726867512546652,0.5806760193625471,0.5726867512546652,0.0259683855678476,0.0267749916847588,0.0903713693987278,0.1123545616820909,0.018775471597536,0.0274077101005322,0.0293284840145286,0.0122503656344944,0.0,0.0,1.0,1.0
2021-07-12,75.79,75.84,74.23,75.16,494746.0,383157.0,0.0808857096978599,0.0001660626070041,0.0128865281206439,0.0175891799152595,1.0,train,0.190297,0.2718911299348899,0.18482668568641358,0.2718911299348899,0.18482668568641358,-0.0446757399948846,0.1040630962683703,-0.0446757399948846,0.1040630962683703,0.0567400884349701,0.1107367321418504,0.0567400884349701,0.1107367321418504,0.1796160298026927,0.05354664709542131,0.1796160298026927,0.05354664709542131,-0.2370853673632719,-0.15087007171477457,-0.2370853673632719,-0.15087007171477457,0.3042443076223486,0.2619173555647204,0.3042443076223486,0.2619173555647204,0.0450776728694366,0.0259683855678476,0.0267749916847588,0.0903713693987278,0.016058742984269,0.018775471597536,0.0274077101005322,0.0293284840145286,0.0,0.0,0.0,1.0
2021-08-02,75.39,75.39,72.31,72.89,533627.0,279652.0,-0.044016228990575,0.0006275392687508,0.0250507338964512,0.0356966378552069,0.0,train,0.198766,,-0.010981328269308938,0.0,-0.010981328269308938,0.4372657071780984,0.4253095479535918,0.4372657071780984,0.4253095479535918,0.270557666784288,0.23652423676039752,0.270557666784288,0.23652423676039752,0.0339553200593854,-0.03139899513438827,0.0339553200593854,-0.03139899513438827,0.1636965644994327,0.07652634540003132,0.1636965644994327,0.07652634540003132,0.3149224444530339,0.33752824821817723,0.3149224444530339,0.33752824821817723,0.0808857096978599,0.0450776728694366,0.0259683855678476,0.0267749916847588,0.0128865281206439,0.016058742984269,0.018775471597536,0.0274077101005322,1.0,0.0,0.0,0.0
2021-08-03,73.08,73.55,71.05,72.41,516069.0,283058.0,0.0153078413605172,0.00043132489523,0.0207683628442402,0.0344722403987754,0.0,train,-0.117869,-0.6389784815055078,-0.3167228292580605,-0.6389784815055078,-0.3167228292580605,0.0084068606981509,0.22253452391190667,0.0084068606981509,0.22253452391190667,-0.1676170902502144,0.039726489632390095,-0.1676170902502144,0.039726489632390095,-0.207436005137041,-0.11689443658281713,-0.207436005137041,-0.11689443658281713,-0.5218231503055001,-0.2147838620890203,-0.5218231503055001,-0.2147838620890203,-0.1539514412468758,0.09844526066740178,-0.1539514412468758,0.09844526066740178,-0.044016228990575,0.0808857096978599,0.0450776728694366,0.0259683855678476,0.0250507338964512,0.0128865281206439,0.016058742984269,0.018775471597536,0.0,1.0,0.0,0.0
2021-08-04,72.33,72.83,70.11,70.38,495415.0,287796.0,-0.0212280411023408,0.0005225280958866,0.022858873460577,0.0277371077833025,0.0,train,0.032133,-0.1221382452736737,-0.22232151395723168,-0.1221382452736737,-0.22232151395723168,0.3546901469642651,0.28695099763496473,0.3546901469642651,0.28695099763496473,-0.0455865566447745,-0.0018761961699568762,-0.0455865566447745,-0.0018761961699568762,0.1087814056931272,-0.007004588799934317,0.1087814056931272,-0.007004588799934317,-0.4082347147691457,-0.3095555768938612,-0.4082347147691457,-0.3095555768938612,-0.1204682750907023,-0.008308121385051584,-0.1204682750907023,-0.008308121385051584,0.0153078413605172,-0.044016228990575,0.0808857096978599,0.0450776728694366,0.0207683628442402,0.0250507338964512,0.0128865281206439,0.016058742984269,0.0,0.0,1.0,0.0
2021-08-05,70.27,71.5,69.75,71.29,486593.0,294526.0,-0.0791251229079907,0.0002214716637344,0.0148819240602303,0.0268125526229945,0.0,train,-0.194725,-0.4487318076697654,-0.33276711453631497,-0.4487318076697654,-0.33276711453631497,0.4343010756667206,0.3588715227188144,0.4343010756667206,0.3588715227188144,-0.2148118247018502,-0.10569947137866413,-0.2148118247018502,-0.10569947137866413,-0.7631861893332895,-0.3751346238437073,-0.7631861893332895,-0.3751346238437073,-0.6702071988726049,-0.4852989449367799,-0.6702071988726049,-0.4852989449367799,-0.0089357663543555,-0.008824688224075271,-0.0089357663543555,-0.008824688224075271,-0.0212280411023408,0.0153078413605172,-0.044016228990575,0.0808857096978599,0.022858873460577,0.0207683628442402,0.0250507338964512,0.0128865281206439,0.0,0.0,0.0,1.0
2021-08-06,71.2,72.43,70.28,70.7,466014.0,301295.0,-0.0527561559910756,0.0003274977853282,0.0180968998817007,0.0263784872752518,0.0,train,0.022165,-0.0896350190911466,-0.21440835408218273,-0.0896350190911466,-0.21440835408218273,0.1236949278723048,0.24439372051562708,0.1236949278723048,0.24439372051562708,-0.0286633760686406,-0.06794837015592295,-0.0286633760686406,-0.06794837015592295,-0.4503613536993534,-0.41168641927880295,-0.4503613536993534,-0.41168641927880295,0.3296678768602349,-0.08857941824237253,0.3296678768602349,-0.08857941824237253,0.3433197732482668,0.1629571640150046,0.3433197732482668,0.1629571640150046,-0.0791251229079907,-0.0212280411023408,0.0153078413605172,-0.044016228990575,0.0148819240602303,0.022858873460577,0.0207683628442402,0.0250507338964512,0.0,0.0,0.0,0.0
2021-08-09,70.26,70.26,67.6,69.04,439756.0,309164.0,-0.0901086419435754,0.000537240904509,0.0231784577681309,0.0208995497394607,1.0,train,0.153167,,-0.03014024183849875,0.0,-0.03014024183849875,0.1499334337346347,0.23287950884390862,0.1499334337346347,0.23287950884390862,0.0209770990574059,-0.03197558153975628,0.0209770990574059,-0.03197558153975628,-0.6567144665614988,-0.4183230602626065,-0.6567144665614988,-0.4183230602626065,-0.5390512587007322,-0.3386973846971071,-0.5390512587007322,-0.3386973846971071,-0.0698887102183084,0.028515110357136265,-0.0698887102183084,0.028515110357136265,-0.0527561559910756,-0.0791251229079907,-0.0212280411023408,0.0153078413605172,0.0180968998817007,0.0148819240602303,0.022858873460577,0.0207683628442402,0.0,0.0,0.0,0.0
2021-08-10,69.35,71.24,68.94,70.63,413188.0,316971.0,-0.0264074024658196,0.0003884508281748,0.0197091559478044,0.0202378415306355,0.0,train,-0.208627,-0.9199323629065864,-0.4635677895355995,-0.9199323629065864,-0.4635677895355995,0.5138258539782828,0.3696663320080858,0.5138258539782828,0.3696663320080858,-0.510494154183967,-0.2652609132674791,-0.510494154183967,-0.2652609132674791,-0.2950362331708501,-0.35851684086895,-0.2950362331708501,-0.35851684086895,0.1680264015769936,-0.09208165292780747,0.1680264015769936,-0.09208165292780747,0.1077585242365373,0.0670433206402894,0.1077585242365373,0.0670433206402894,-0.0901086419435754,-0.0527561559910756,-0.0791251229079907,-0.0212280411023408,0.0231784577681309,0.0180968998817007,0.0148819240602303,0.022858873460577,1.0,0.0,0.0,0.0
2021-08-11,70.83,71.72,69.07,71.44,384896.0,324776.0,-0.0173458869283003,0.000511240510257,0.0226106282587866,0.0190761302736509,0.0,train,0.051274,0.173308210482272,-0.15356737418326583,0.173308210482272,-0.15356737418326583,0.1987410414243927,0.28634645153335136,0.1987410414243927,0.28634645153335136,0.02367749533263,-0.12483097857497019,0.02367749533263,-0.12483097857497019,0.0454552094879968,-0.16180663558060476,0.0454552094879968,-0.16180663558060476,-0.0949514817687263,-0.09348858594740077,-0.0949514817687263,-0.09348858594740077,0.5272484323665201,0.2909234268527489,0.5272484323665201,0.2909234268527489,-0.0264074024658196,-0.0901086419435754,-0.0527561559910756,-0.0791251229079907,0.0197091559478044,0.0231784577681309,0.0180968998817007,0.0148819240602303,0.0,1.0,0.0,0.0
2021-08-12,71.57,71.9,70.67,71.31,371354.0,333454.0,-0.0525826045050523,0.0001073865804763,0.010362749658094,0.0175967545086717,0.0,train,-0.101733,-0.398176213143791,-0.27283672930807473,-0.398176213143791,-0.27283672930807473,-0.3171488561907488,-0.007771794285334085,-0.3171488561907488,-0.007771794285334085,-0.0244602320353345,-0.07617521177034084,-0.0244602320353345,-0.07617521177034084,-0.1792462364672658,-0.17042463837459926,-0.1792462364672658,-0.17042463837459926,-0.6659701142148728,-0.37256271624472626,-0.6659701142148728,-0.37256271624472626,0.22670967311285,0.2596234189168034,0.22670967311285,0.2596234189168034,-0.0173458869283003,-0.0264074024658196,-0.0901086419435754,-0.0527561559910756,0.0226106282587866,0.0197091559478044,0.0231784577681309,0.0180968998817007,0.0,0.0,1.0,0.0
2021-09-01,71.68,72.38,70.42,71.59,569337.0,257237.0,-0.0576704585386727,0.0002718221326176,0.0164870292235339,0.03695102432491,0.0,train,-0.248089,-0.3821641558209379,-0.14840532735799225,-0.3821641558209379,-0.14840532735799225,0.2663435452329422,0.24595884445448,0.2663435452329422,0.24595884445448,-0.4875600787503905,-0.1350309362445101,-0.4875600787503905,-0.1350309362445101,-0.4000681491765732,-0.1687466583007117,-0.4000681491765732,-0.1687466583007117,-0.3650898892420008,-0.2793663594836442,-0.3650898892420008,-0.2793663594836442,-0.4260676756528505,-0.1371778703730124,-0.4260676756528505,-0.1371778703730124,-0.0525826045050523,-0.0173458869283003,-0.0264074024658196,-0.0901086419435754,0.010362749658094,0.0226106282587866,0.0197091559478044,0.0231784577681309,0.0,0.0,0.0,1.0
2021-09-02,71.31,73.47,70.92,73.03,562386.0,269972.0,0.0019188602378967,0.0004500605863046,0.0212146314204293,0.0351466553080055,0.0,train,-0.125838,-0.4898184252968109,-0.3147737765726067,-0.4898184252968109,-0.3147737765726067,0.2737012604150871,0.25947557149632816,0.2737012604150871,0.25947557149632816,0.1811034010253218,0.018890844863337246,0.1811034010253218,0.018890844863337246,-0.4383256791677016,-0.30023315261467065,-0.4383256791677016,-0.30023315261467065,-0.2934342164399274,-0.28629364758742165,-0.2934342164399274,-0.28629364758742165,-0.2861701564940959,-0.20991465364981504,-0.2861701564940959,-0.20991465364981504,-0.0576704585386727,-0.0525826045050523,-0.0173458869283003,-0.0264074024658196,0.0164870292235339,0.010362749658094,0.0226106282587866,0.0197091559478044,0.0,0.0,0.0,0.0
2021-09-03,72.86,73.69,72.4,72.61,550789.0,283337.0,0.002758241991426,0.0001124956054332,0.0106063945539134,0.03429794877672,0.0,train,-0.098548,-0.5255716483110241,-0.41766113631333057,-0.5255716483110241,-0.41766113631333057,0.1975611218458394,0.22942728045130656,0.1975611218458394,0.22942728045130656,0.3614115858380204,0.18582531382139872,0.3614115858380204,0.18582531382139872,-0.2988770728065935,-0.2995847085893283,-0.2988770728065935,-0.2995847085893283,-0.5509350405407217,-0.41523546149127655,-0.5509350405407217,-0.41523546149127655,-0.0827697038494727,-0.14761282691248387,-0.0827697038494727,-0.14761282691248387,0.0019188602378967,-0.0576704585386727,-0.0525826045050523,-0.0173458869283003,0.0212146314204293,0.0164870292235339,0.010362749658094,0.0226106282587866,0.0,0.0,0.0,0.0
2021-09-06,72.57,72.78,71.51,72.22,551421.0,297761.0,0.0212714429467846,0.0001117717227288,0.0105722146558231,0.0249062670821509,0.0,train,0.02935,-0.5752807739520163,-0.23722259903621518,-0.5752807739520163,-0.23722259903621518,-0.1292516830965389,0.03066617760944606,-0.1292516830965389,0.03066617760944606,0.1068348468586861,0.05263151595206315,0.1068348468586861,0.05263151595206315,-0.5111691898484303,-0.39213997392684186,-0.5111691898484303,-0.39213997392684186,-0.5933970345941985,-0.24535809029777322,-0.5933970345941985,-0.24535809029777322,-0.0521937470759237,0.05829387584321762,-0.0521937470759237,0.05829387584321762,0.002758241991426,0.0019188602378967,-0.0576704585386727,-0.0525826045050523,0.0106063945539134,0.0212146314204293,0.0164870292235339,0.010362749658094,0.0,0.0,0.0,0.0
2021-09-07,72.29,72.81,71.1,71.69,535156.0,311975.0,-0.0239813035987381,0.000203716260345,0.0142729205261245,0.0221797253571403,0.0,train,-0.278716,-0.3537749594703493,-0.29457545214767544,-0.3537749594703493,-0.29457545214767544,-0.5075352134804836,-0.2318082986987565,-0.5075352134804836,-0.2318082986987565,-0.4871238248765557,-0.2105509956915813,-0.4871238248765557,-0.2105509956915813,-0.4142202851987585,-0.40287928590176714,-0.4142202851987585,-0.40287928590176714,-0.6738252541206109,-0.4542371072004398,-0.6738252541206109,-0.4542371072004398,-0.1765323791639995,-0.05622821438732775,-0.1765323791639995,-0.05622821438732775,0.0212714429467846,0.002758241991426,0.0019188602378967,-0.0576704585386727,0.0105722146558231,0.0106063945539134,0.0212146314204293,0.0164870292235339,0.0,0.0,0.0,0.0
2021-09-08,71.64,72.95,71.55,72.6,521625.0,326083.0,-0.0207204795864095,0.0001354322504093,0.0116375362688756,0.0216231325014631,0.0,train,-0.1924,-0.3743748001032307,-0.3335667802386338,-0.3743748001032307,-0.3335667802386338,-0.031937004339451,-0.13468287506541538,-0.031937004339451,-0.13468287506541538,-0.4476909802660284,-0.32635131854104943,-0.4476909802660284,-0.32635131854104943,-0.5836636984860649,-0.4910198000329291,-0.5836636984860649,-0.4910198000329291,-0.5097281165780065,-0.48162322220485737,-0.5097281165780065,-0.48162322220485737,-0.1124801743730225,-0.08362854067129934,-0.1124801743730225,-0.08362854067129934,-0.0239813035987381,0.0212714429467846,0.002758241991426,0.0019188602378967,0.0142729205261245,0.0105722146558231,0.0106063945539134,0.0212146314204293,0.0,0.0,0.0,0.0
2021-09-09,72.61,73.2,70.88,71.45,485786.0,339064.0,0.0343118576007031,0.0003741262550317,0.0193423435765104,0.0208635137638613,0.0,train,0.040276,0.25396630600545,-0.04765947971777495,0.25396630600545,-0.04765947971777495,-0.3361931028170128,-0.23303001103452467,-0.3361931028170128,-0.23303001103452467,-0.4020445711186333,-0.36353263189525825,-0.4020445711186333,-0.36353263189525825,0.3568275944249307,-0.07817287916748336,0.3568275944249307,-0.07817287916748336,-0.8069152549023672,-0.6400009639918722,-0.8069152549023672,-0.6400009639918722,,-0.04311013721272207,0.0,-0.04311013721272207,-0.0207204795864095,-0.0239813035987381,0.0212714429467846,0.002758241991426,0.0116375362688756,0.0142729205261245,0.0105722146558231,0.0106063945539134,0.0,0.0,0.0,0.0
2021-09-10,71.37,73.15,70.94,72.92,449217.0,351868.0,0.0319079663896308,0.0003394372657313,0.0184238233201298,0.0202201795747433,0.0,train,0.259399,0.0348724513300764,-0.007481266034042292,0.0348724513300764,-0.007481266034042292,0.7669243741091346,0.2538214666783592,0.7669243741091346,0.2538214666783592,0.1505707138268502,-0.11340691070863422,0.1505707138268502,-0.11340691070863422,-0.2070743043995269,-0.14123678447060511,-0.2070743043995269,-0.14123678447060511,,-0.3285366670238696,0.0,-0.3285366670238696,,-0.02220800597168883,0.0,-0.02220800597168883,0.0343118576007031,-0.0207204795864095,-0.0239813035987381,0.0212714429467846,0.0193423435765104,0.0116375362688756,0.0142729205261245,0.0105722146558231,0.0,0.0,0.0,0.0
2021-10-01,78.49,79.41,77.55,79.28,607001.0,286245.0,0.1020304906136386,0.0002026110407164,0.0142341505091263,0.0358511382116255,0.0,train,0.004833,-0.4661727105450139,-0.3258018740497273,-0.4661727105450139,-0.3258018740497273,-0.4707905317626237,-0.37520225292632975,-0.4707905317626237,-0.37520225292632975,0.1662604326979954,0.15990009859482968,0.1662604326979954,0.15990009859482968,-0.4436981943683962,-0.38730010081144783,-0.4436981943683962,-0.38730010081144783,-0.4101960116811593,-0.25064021443738,-0.4101960116811593,-0.25064021443738,0.393886051435004,0.22747988318813153,0.393886051435004,0.22747988318813153,0.0319079663896308,0.0343118576007031,-0.0207204795864095,-0.0239813035987381,0.0184238233201298,0.0193423435765104,0.0116375362688756,0.0142729205261245,0.0,0.0,0.0,0.0
2021-10-04,79.49,82.0,78.75,81.26,601860.0,298108.0,0.1437447586661413,0.0005898718427705,0.0242872773848889,0.0277261736266543,1.0,train,0.336751,0.1676911611652777,-0.05944411583041729,0.1676911611652777,-0.05944411583041729,0.2133348016230987,0.05988466955117127,0.2133348016230987,0.05988466955117127,0.4620208692111229,0.31468653617461917,0.4620208692111229,0.31468653617461917,-0.3428804199827835,-0.30432034042982503,-0.3428804199827835,-0.30432034042982503,0.281829408372784,0.26682125376001664,0.281829408372784,0.26682125376001664,0.074229406035265,0.14950895813529164,0.074229406035265,0.14950895813529164,0.1020304906136386,0.0319079663896308,0.0343118576007031,-0.0207204795864095,0.0142341505091263,0.0184238233201298,0.0193423435765104,0.0116375362688756,0.0,0.0,0.0,0.0
2021-10-05,81.27,83.13,81.19,82.56,597896.0,311525.0,0.1467692366037152,0.0002011117779492,0.0141813884351719,0.0266533291041539,1.0,train,0.174725,0.1081678495008608,0.022060847232897075,0.1081678495008608,0.022060847232897075,,0.030623193072500665,0.0,0.030623193072500665,,0.161324867180797,0.0,0.161324867180797,,-0.15608175726654244,0.0,-0.15608175726654244,0.2609258979564426,0.26402233466386227,0.2609258979564426,0.26402233466386227,,0.07676495910512093,0.0,0.07676495910512093,0.1437447586661413,0.1020304906136386,0.0319079663896308,0.0343118576007031,0.0242872773848889,0.0142341505091263,0.0184238233201298,0.0193423435765104,1.0,0.0,0.0,0.0
2021-10-06,82.57,83.47,80.6,81.08,576779.0,324494.0,0.1157193057344869,0.0004415385029222,0.0210128175864703,0.0243504941541581,1.0,train,0.25489,0.0679783852049186,0.04441231027321417,0.0679783852049186,0.04441231027321417,-0.3078921567666901,-0.13454610878492107,-0.3078921567666901,-0.13454610878492107,0.4828676877646823,0.3179674051924444,0.4828676877646823,0.3179674051924444,-0.1957418507474956,-0.1752945257546454,-0.1957418507474956,-0.1752945257546454,0.3345539248494086,0.2981944324966652,0.3345539248494086,0.2981944324966652,,0.03948241549043616,0.0,0.03948241549043616,0.1467692366037152,0.1437447586661413,0.1020304906136386,0.0319079663896308,0.0141813884351719,0.0242872773848889,0.0142341505091263,0.0184238233201298,1.0,1.0,0.0,0.0
2021-10-07,80.98,82.5,79.08,81.95,556054.0,336846.0,0.1337580373250579,0.0006465189778652,0.0254267374601086,0.0219813310530269,1.0,train,0.090988,0.0951250200901987,0.0693036000381372,0.0951250200901987,0.0693036000381372,0.5487095593719095,0.19803684815244402,0.5487095593719095,0.19803684815244402,0.1764521003597909,0.2490896258550549,0.1764521003597909,0.2490896258550549,-0.2846104538411083,-0.22828615788872145,-0.2846104538411083,-0.22828615788872145,0.3448792179730446,0.32125351090634047,0.3448792179730446,0.32125351090634047,-0.3065783623939687,-0.1288394519399924,-0.3065783623939687,-0.1288394519399924,0.1157193057344869,0.1467692366037152,0.1437447586661413,0.1020304906136386,0.0210128175864703,0.0141813884351719,0.0242872773848889,0.0142341505091263,1.0,1.0,1.0,0.0
2021-10-08,82.38,83.43,81.96,82.39,540673.0,349398.0,0.126499148496749,0.0001139760461396,0.0106759564508117,0.0215587100177599,1.0,train,0.001009,-0.4602841933169635,-0.18867248206159007,-0.4602841933169635,-0.18867248206159007,-0.2669607237430988,-0.02803107310683204,-0.2669607237430988,-0.02803107310683204,0.3606763176848522,0.3034149461513686,0.3606763176848522,0.3034149461513686,-0.2810557972878546,-0.254093943255779,-0.2810557972878546,-0.254093943255779,-0.7089913951222427,-0.18015471344679657,-0.7089913951222427,-0.18015471344679657,-0.3589780269794212,-0.2406605588849547,-0.3589780269794212,-0.2406605588849547,0.1337580373250579,0.1157193057344869,0.1467692366037152,0.1437447586661413,0.0254267374601086,0.0210128175864703,0.0141813884351719,0.0242872773848889,1.0,1.0,1.0,1.0
2021-10-11,82.65,84.6,82.54,83.65,519045.0,363212.0,0.1577834908645892,0.0002191755818143,0.0148045797581153,0.0190711986983027,1.0,train,0.202948,-0.2167352852311796,0.026844624701784215,-0.2167352852311796,0.026844624701784215,-0.0272738945992831,0.05791196746616787,-0.0272738945992831,0.05791196746616787,-0.0005581021135563,0.154706372347797,-0.0005581021135563,0.154706372347797,-0.4620877603223374,-0.25633909268821353,-0.4620877603223374,-0.25633909268821353,-0.6551432943624808,-0.3032170440327291,-0.6551432943624808,-0.3032170440327291,0.475826068156122,0.25573111705495477,0.475826068156122,0.25573111705495477,0.126499148496749,0.1337580373250579,0.1157193057344869,0.1467692366037152,0.0106759564508117,0.0254267374601086,0.0210128175864703,0.0141813884351719,1.0,1.0,1.0,1.0
2021-10-12,83.49,84.23,82.72,83.42,497732.0,377444.0,0.1568515187285868,0.0001180264304408,0.0108639969827318,0.017542643791178,1.0,train,0.547814,0.4757619486670004,0.24590624365719216,0.4757619486670004,0.24590624365719216,-0.0193471709919463,0.020294973687763496,-0.0193471709919463,0.020294973687763496,0.8694582535771789,0.5031084405195682,0.8694582535771789,0.5031084405195682,0.3473181410254461,0.03787452483889668,0.3473181410254461,0.03787452483889668,-0.01780297019861,-0.1641970891062239,-0.01780297019861,-0.1641970891062239,0.3372099252158063,0.2954884918100989,0.3372099252158063,0.2954884918100989,0.1577834908645892,0.126499148496749,0.1337580373250579,0.1157193057344869,0.0148045797581153,0.0106759564508117,0.0254267374601086,0.0210128175864703,1.0,1.0,1.0,1.0
2021-11-01,83.63,85.12,83.03,84.71,576332.0,323325.0,0.0662477684217268,0.000222904122261,0.0149299739537964,0.0358560111834918,0.0,train,0.338987,0.3999793231041349,0.09509329223515259,0.3999793231041349,0.09509329223515259,0.1837773087575289,0.03165936941213843,0.1837773087575289,0.03165936941213843,0.3404484715308351,0.2686054639674761,0.3404484715308351,0.2686054639674761,-0.1261167364947845,-0.2620622120320236,-0.1261167364947845,-0.2620622120320236,0.576895778436397,0.4245050601371681,0.576895778436397,0.4245050601371681,-0.5034970899374294,-0.2705432079816315,-0.5034970899374294,-0.2705432079816315,0.1568515187285868,0.1577834908645892,0.126499148496749,0.1337580373250579,0.0108639969827318,0.0148045797581153,0.0106759564508117,0.0254267374601086,1.0,1.0,1.0,1.0
2021-11-02,84.45,85.23,83.76,84.72,554606.0,327117.0,0.1484813856611326,0.0001091714567436,0.0104485145711536,0.035207883386738,1.0,train,0.143655,-0.4484910508870691,-0.16946282876964353,-0.4484910508870691,-0.16946282876964353,-0.3003280562827741,-0.13003756992170845,-0.3003280562827741,-0.13003756992170845,0.4082601514489567,0.3366094247177438,0.4082601514489567,0.3366094247177438,-0.3293724966408671,-0.2947741375901433,-0.3293724966408671,-0.2947741375901433,0.0282257333888638,0.23179384473856293,0.0282257333888638,0.23179384473856293,-0.5983802194999759,-0.4307336430317246,-0.5983802194999759,-0.4307336430317246,0.0662477684217268,0.1568515187285868,0.1577834908645892,0.126499148496749,0.0149299739537964,0.0108639969827318,0.0148045797581153,0.0106759564508117,0.0,1.0,1.0,1.0
2021-11-03,84.07,84.2,81.1,81.99,545135.0,331456.0,0.1214946352159307,0.0005075210547009,0.0225282279529699,0.0339538405317798,1.0,train,0.064202,-0.3706860336272107,-0.2674400288409795,-0.3706860336272107,-0.2674400288409795,0.6909554704908014,0.26994450673513476,0.6909554704908014,0.26994450673513476,0.3357545404103668,0.33617093255272484,0.3357545404103668,0.33617093255272484,-0.5641438067729796,-0.42601621786003363,-0.5641438067729796,-0.42601621786003363,-0.1360793408254874,0.053103857340249305,-0.1360793408254874,0.053103857340249305,-0.0234817296146145,-0.23272352401611748,-0.0234817296146145,-0.23272352401611748,0.1484813856611326,0.0662477684217268,0.1568515187285868,0.1577834908645892,0.0104485145711536,0.0149299739537964,0.0108639969827318,0.0148045797581153,1.0,0.0,1.0,1.0
2021-11-04,81.58,84.49,80.2,80.54,538097.0,337017.0,-0.0088999351362728,0.0009793798885388,0.031295045750707,0.0277588591547059,0.0,train,-0.316117,-0.6551659909235671,-0.4565079217800836,-0.6551659909235671,-0.4565079217800836,0.2808175328926308,0.2752922342601985,0.2808175328926308,0.2752922342601985,-0.046708112740421,0.1495750465016197,-0.046708112740421,0.1495750465016197,-0.8355824251336194,-0.6259345028925001,-0.8355824251336194,-0.6259345028925001,-0.2326255305655192,-0.08586803096115543,-0.2326255305655192,-0.08586803096115543,-0.5815101398352935,-0.4028043879687746,-0.5815101398352935,-0.4028043879687746,0.1214946352159307,0.1484813856611326,0.0662477684217268,0.1568515187285868,0.0225282279529699,0.0104485145711536,0.0149299739537964,0.0108639969827318,1.0,1.0,0.0,1.0
2021-11-05,81.25,83.16,80.26,82.74,508370.0,342212.0,0.002177859300013,0.0004544135892373,0.0213169788956452,0.0264382112744851,0.0,train,-0.083784,-0.3508866130683487,-0.4056228674217069,-0.3508866130683487,-0.4056228674217069,0.3857159880089413,0.3288366063981795,0.3857159880089413,0.3288366063981795,-0.0673225275528988,0.04366523726689453,-0.0673225275528988,0.04366523726689453,-0.693476759407688,-0.6594136952364066,-0.693476759407688,-0.6594136952364066,0.0063714447775908,-0.041246520014978985,0.0063714447775908,-0.041246520014978985,-0.8875826540965517,-0.6394386795726282,-0.8875826540965517,-0.6394386795726282,-0.0088999351362728,0.1214946352159307,0.1484813856611326,0.0662477684217268,0.031295045750707,0.0225282279529699,0.0104485145711536,0.0149299739537964,0.0,1.0,1.0,0.0
2021-11-08,82.58,84.0,82.53,83.43,486170.0,348381.0,0.0125438865864841,0.0001124208346456,0.0106028691704505,0.0214976093908577,0.0,train,0.094788,-0.3824058711688177,-0.28765487348165375,-0.3824058711688177,-0.28765487348165375,0.1274146096314437,0.16767359674937485,0.1274146096314437,0.16767359674937485,-0.0087291671422936,0.09665154039460469,-0.0087291671422936,0.09665154039460469,-0.2661142322288263,-0.317605754955818,-0.2661142322288263,-0.317605754955818,-0.1289016873839051,-0.08653907481204957,-0.1289016873839051,-0.08653907481204957,0.14128938449703,-0.02364959855323795,0.14128938449703,-0.02364959855323795,0.002177859300013,-0.0088999351362728,0.1214946352159307,0.1484813856611326,0.0213169788956452,0.031295045750707,0.0225282279529699,0.0104485145711536,0.0,0.0,1.0,1.0
2021-11-09,83.47,85.3,83.16,84.78,466287.0,354506.0,0.1710617615486152,0.0002328387283996,0.01525905398115,0.020833161891248,1.0,train,0.298092,-0.0156131772328496,-0.15508473032306447,-0.0156131772328496,-0.15508473032306447,0.5821700477989429,0.3696197704681682,0.5821700477989429,0.3696197704681682,0.4513845071086186,0.2694594691335496,0.4513845071086186,0.2694594691335496,0.0128852978964542,-0.15658228064957477,0.0128852978964542,-0.15658228064957477,0.3219883704127673,0.11247886578674056,0.3219883704127673,0.11247886578674056,-0.0996987732326277,-0.060348739782140656,-0.0996987732326277,-0.060348739782140656,0.0125438865864841,0.002177859300013,-0.0088999351362728,0.1214946352159307,0.0106028691704505,0.0213169788956452,0.031295045750707,0.0225282279529699,0.0,0.0,0.0,1.0
2021-11-10,84.99,85.5,82.08,82.64,434747.0,360783.0,0.125130875000921,0.0006010394629555,0.024516106194818,0.0203134936197551,1.0,train,0.108878,-0.0546447962048609,-0.10624625927748178,-0.0546447962048609,-0.10624625927748178,0.0397639092172934,0.20933308804081896,0.0397639092172934,0.20933308804081896,0.4052980677192414,0.3356648830912338,0.4052980677192414,0.3356648830912338,-0.0632742023241595,-0.11097923134815776,-0.0632742023241595,-0.11097923134815776,0.1019077028616258,0.10705315373290791,0.1019077028616258,0.10705315373290791,-0.255231861813844,-0.15561733035128078,-0.255231861813844,-0.15561733035128078,0.1710617615486152,0.0125438865864841,0.002177859300013,-0.0088999351362728,0.01525905398115,0.0106028691704505,0.0213169788956452,0.031295045750707,1.0,0.0,0.0,0.0
2021-11-11,82.85,83.44,81.66,82.87,417507.0,367801.0,-0.0093683125718824,0.0001677081054673,0.0129502164255041,0.0189085258223428,0.0,train,-0.015782,-0.0914680950485839,-0.0993601701334814,-0.0914680950485839,-0.0993601701334814,0.0399390919333429,0.12681968525812906,0.0399390919333429,0.12681968525812906,0.146830216845272,0.2436611178632566,0.146830216845272,0.2436611178632566,-0.2597076492108073,-0.18343076388649793,-0.2597076492108073,-0.18343076388649793,0.3995689769713389,0.2492763976376193,0.3995689769713389,0.2492763976376193,0.4333006281837566,0.13152091009256783,0.4333006281837566,0.13152091009256783,0.125130875000921,0.1710617615486152,0.0125438865864841,0.002177859300013,0.024516106194818,0.01525905398115,0.0106028691704505,0.0213169788956452,1.0,1.0,0.0,0.0
2021-11-12,82.83,82.87,81.26,82.17,400424.0,375009.0,-0.0150978168257029,0.0001388283661041,0.0117825449756917,0.0175031310168309,0.0,train,0.011231,0.1398655363741578,0.01740776260111003,0.1398655363741578,0.01740776260111003,0.0042405234990927,0.06736360551157623,0.0042405234990927,0.06736360551157623,0.0815668406425876,0.16458625751941378,0.0815668406425876,0.16458625751941378,-0.0610439238272213,-0.12371305065313858,-0.0610439238272213,-0.12371305065313858,-0.017517917174838,0.11943048883390604,-0.017517917174838,0.11943048883390604,0.1379300231235208,0.13509600987342266,0.1379300231235208,0.13509600987342266,-0.0093683125718824,0.125130875000921,0.1710617615486152,0.0125438865864841,0.0129502164255041,0.024516106194818,0.01525905398115,0.0106028691704505,0.0,1.0,1.0,0.0
2021-12-01,69.8,72.87,68.14,68.87,513160.0,262647.0,-0.2070129888868521,0.0016245120140708,0.040305235566498,0.0358775701037214,1.0,train,-0.199053,-0.6166880718179251,-0.44741444029021676,-0.6166880718179251,-0.44741444029021676,0.1375641449564301,-0.017390961311647538,0.1375641449564301,-0.017390961311647538,0.0008707094356242,0.017022925552591692,0.0008707094356242,0.017022925552591692,-0.2721054639884461,-0.35241944575680934,-0.2721054639884461,-0.35241944575680934,-0.1432645350599279,-0.1952570772934633,-0.1432645350599279,-0.1952570772934633,0.1394977788417831,0.12671207546618776,0.1394977788417831,0.12671207546618776,-0.0150978168257029,-0.0093683125718824,0.125130875000921,0.1710617615486152,0.0117825449756917,0.0129502164255041,0.024516106194818,0.01525905398115,0.0,0.0,1.0,1.0
2021-12-02,69.72,70.7,65.72,69.67,490969.0,267544.0,-0.1955818922511234,0.0019242574947614,0.0438663594883534,0.0351885591603109,1.0,train,0.152832,0.0986520915571214,-0.1815799810403419,0.0986520915571214,-0.1815799810403419,0.2353612642674133,0.10556818531139846,0.2353612642674133,0.10556818531139846,0.2287859980176716,0.12020066584916206,0.2287859980176716,0.12020066584916206,-0.155055492820843,-0.25642399097284396,-0.155055492820843,-0.25642399097284396,0.3618714846616305,0.07618845951416235,0.3618714846616305,0.07618845951416235,0.612150137026346,0.36332461710639863,0.612150137026346,0.36332461710639863,-0.2070129888868521,-0.0150978168257029,-0.0093683125718824,0.125130875000921,0.040305235566498,0.0117825449756917,0.0129502164255041,0.024516106194818,1.0,0.0,0.0,1.0
2021-12-03,70.22,72.62,69.24,69.88,481079.0,272921.0,-0.1598178033422304,0.0008193178805418,0.0286237293262397,0.0340535626326384,1.0,train,-0.163013,-0.3054465252409246,-0.24192903625909706,-0.3054465252409246,-0.24192903625909706,0.4457832012568018,0.2714117523986866,0.4457832012568018,0.2714117523986866,,0.0615755875631499,0.0,0.0615755875631499,-0.0224835965614229,-0.1423535965487852,-0.0224835965614229,-0.1423535965487852,-0.2106757904320121,-0.0636763136113295,-0.2106757904320121,-0.0636763136113295,-0.5287289956969097,-0.07101393928016968,-0.5287289956969097,-0.07101393928016968,-0.1955818922511234,-0.2070129888868521,-0.0150978168257029,-0.0093683125718824,0.0438663594883534,0.040305235566498,0.0117825449756917,0.0129502164255041,1.0,1.0,0.0,0.0
2021-12-06,70.24,73.8,70.24,73.08,462716.0,277689.0,-0.1038815900739926,0.0008816276762608,0.0296922157519592,0.0236830615965005,1.0,train,0.027622,-0.0377642205488258,-0.14021113108907984,-0.0377642205488258,-0.14021113108907984,-0.0805344964562751,-0.03401480488014483,-0.0805344964562751,-0.03401480488014483,-0.0079408440462607,-0.02473141568973204,-0.0079408440462607,-0.02473141568973204,-0.152430067037041,-0.23566293866834626,-0.152430067037041,-0.23566293866834626,0.0655605245090016,-0.0646207032396146,0.0655605245090016,-0.0646207032396146,0.104781306821016,0.15312915180156647,0.104781306821016,0.15312915180156647,-0.1598178033422304,-0.1955818922511234,-0.2070129888868521,-0.0150978168257029,0.0286237293262397,0.0438663594883534,0.040305235566498,0.0117825449756917,1.0,1.0,1.0,0.0
2021-12-07,73.6,76.27,73.2,75.44,427361.0,281727.0,-0.0827716668646365,0.0006087870200615,0.0246736097898443,0.0216668101634468,1.0,train,0.17459,-0.1256359964910678,-0.1327177788143506,-0.1256359964910678,-0.1327177788143506,0.514016233061115,0.2330639753613291,0.514016233061115,0.2330639753613291,0.1135740642549922,0.042916945497775756,0.1135740642549922,0.042916945497775756,-0.0826504156248102,-0.16091522572457267,-0.0826504156248102,-0.16091522572457267,-0.0114947730805555,-0.03828028280612286,-0.0114947730805555,-0.03828028280612286,0.7940338053347985,0.465776350298494,0.7940338053347985,0.465776350298494,-0.1038815900739926,-0.1598178033422304,-0.1955818922511234,-0.2070129888868521,0.0296922157519592,0.0286237293262397,0.0438663594883534,0.040305235566498,1.0,1.0,1.0,1.0
2021-12-08,75.44,76.37,74.38,75.82,403483.0,286041.0,-0.0956458468257945,0.0002514296591802,0.0158565336432734,0.0214626195843078,1.0,train,0.232506,0.4267514108584052,0.1400670677344095,0.4267514108584052,0.1400670677344095,-0.0413700708467939,0.09950341579983639,-0.0413700708467939,0.09950341579983639,0.0563674305932731,0.04967409870884917,0.0563674305932731,0.04967409870884917,0.0525793770396382,-0.056733700747895605,0.0525793770396382,-0.056733700747895605,0.2905930214976319,0.12232497437551794,0.2905930214976319,0.12232497437551794,0.8023191053192373,0.6301156670015396,0.8023191053192373,0.6301156670015396,-0.0827716668646365,-0.1038815900739926,-0.1598178033422304,-0.1955818922511234,0.0246736097898443,0.0296922157519592,0.0286237293262397,0.0438663594883534,1.0,1.0,1.0,1.0
2021-12-09,75.94,76.7,73.84,74.42,376356.0,290591.0,-0.130334943006015,0.0005208435608359,0.0228219973016376,0.0208825706171729,1.0,train,0.061768,-0.011440090940948,0.06661286200645995,-0.011440090940948,0.06661286200645995,0.5137556683319424,0.30158382329246225,0.5137556683319424,0.30158382329246225,-0.1658353099167339,-0.055187726913326136,-0.1658353099167339,-0.055187726913326136,-0.1789359682204272,-0.1160589905851474,-0.1789359682204272,-0.1160589905851474,-0.1020064970159563,0.01330755512665308,-0.1020064970159563,0.01330755512665308,0.2616740887263497,0.45107500673662165,0.2616740887263497,0.45107500673662165,-0.0956458468257945,-0.0827716668646365,-0.1038815900739926,-0.1598178033422304,0.0158565336432734,0.0246736097898443,0.0296922157519592,0.0286237293262397,1.0,1.0,1.0,1.0
2021-12-10,73.99,75.71,73.8,75.15,355078.0,296333.0,-0.0950077086123997,0.0002354767568208,0.0153452519308361,0.0203518221095166,1.0,train,0.03841,-0.110573032230401,-0.01963254036470662,-0.110573032230401,-0.01963254036470662,-0.4090813151857461,-0.04437191093527754,-0.4090813151857461,-0.04437191093527754,0.0852099888783787,0.012982182278286755,0.0852099888783787,0.012982182278286755,-0.1940645687205695,-0.15388253472640603,-0.1940645687205695,-0.15388253472640603,-0.4773266365235166,-0.22572344109309503,-0.4773266365235166,-0.22572344109309503,0.5046890831224626,0.4771963163690889,0.5046890831224626,0.4771963163690889,-0.130334943006015,-0.0956458468257945,-0.0827716668646365,-0.1038815900739926,0.0228219973016376,0.0158565336432734,0.0246736097898443,0.0296922157519592,1.0,1.0,1.0,1.0
2022-01-03,78.11,79.28,77.04,78.98,536598.0,235372.0,-0.0801400985714595,0.000296279047158,0.017212758266997,0.0198969409944245,1.0,train,0.193289,-0.2437531694349093,-0.11346177568727807,-0.2437531694349093,-0.11346177568727807,0.609257392825523,0.34769805083940125,0.609257392825523,0.34769805083940125,0.2628353121138564,0.27997504515339394,0.2628353121138564,0.27997504515339394,-0.5556171940561403,-0.2803199777128708,-0.5556171940561403,-0.2803199777128708,-0.4329493533748096,-0.38477011005297007,-0.4329493533748096,-0.38477011005297007,-0.3461161347777045,-0.038127591136291696,-0.3461161347777045,-0.038127591136291696,-0.0950077086123997,-0.130334943006015,-0.0956458468257945,-0.0827716668646365,0.0153452519308361,0.0228219973016376,0.0158565336432734,0.0246736097898443,1.0,1.0,1.0,1.0
2022-01-04,78.91,80.55,78.62,80.0,526516.0,249425.0,-0.1683705254669183,0.0002121335184913,0.0145648041006857,0.0218093977950341,1.0,train,0.229012,0.1756012605915786,0.02745520482386834,0.1756012605915786,0.02745520482386834,0.8147243158910693,0.5755145007416603,0.8147243158910693,0.5755145007416603,0.3511801008382396,0.3147359268845644,0.3511801008382396,0.3147359268845644,0.4083999034085172,0.05541880265010195,0.4083999034085172,0.05541880265010195,0.0943975123967039,-0.1509874085784047,0.0943975123967039,-0.1509874085784047,0.5185785604396549,0.23296159980256928,0.5185785604396549,0.23296159980256928,-0.0801400985714595,-0.0950077086123997,-0.130334943006015,-0.0956458468257945,0.017212758266997,0.0153452519308361,0.0228219973016376,0.0158565336432734,1.0,1.0,1.0,1.0
2022-01-05,80.07,81.5,79.51,80.8,519225.0,264043.0,-0.1987899901502974,0.0002204038732579,0.0148460052963074,0.0236738136961179,1.0,train,0.132636,-0.2115734630489514,-0.08898323510687711,-0.2115734630489514,-0.08898323510687711,-0.3290144247343612,0.13562174810279334,-0.3290144247343612,0.13562174810279334,0.6059342526333975,0.4568289242333181,0.6059342526333975,0.4568289242333181,-0.1544610357608979,-0.04660530222854313,-0.1544610357608979,-0.04660530222854313,0.0605442723898234,-0.04793005286607623,0.0605442723898234,-0.04793005286607623,0.5410494790016411,0.38308122845271547,0.5410494790016411,0.38308122845271547,-0.1683705254669183,-0.0801400985714595,-0.0950077086123997,-0.130334943006015,0.0145648041006857,0.017212758266997,0.0153452519308361,0.0228219973016376,1.0,1.0,1.0,1.0
2022-01-06,80.22,82.83,79.61,81.99,515259.0,279601.0,-0.0083804462054812,0.0005670405377721,0.0238126129975727,0.0263944654626233,0.0,train,-0.015901,-0.4890468291378903,-0.2837347735362164,-0.4890468291378903,-0.2837347735362164,-0.052511949953439,0.04407347222381016,-0.052511949953439,0.04407347222381016,0.0502043140606105,0.25901136826165316,0.0502043140606105,0.25901136826165316,-0.0362320122479432,-0.041291476329057906,-0.0362320122479432,-0.041291476329057906,-0.2340693494287779,-0.138188323093121,-0.2340693494287779,-0.138188323093121,0.5406590222398009,0.4596916834062717,0.5406590222398009,0.4596916834062717,-0.1987899901502974,-0.1683705254669183,-0.0801400985714595,-0.0950077086123997,0.0148460052963074,0.0145648041006857,0.017212758266997,0.0153452519308361,1.0,1.0,1.0,1.0
2022-01-07,82.0,83.0,81.42,81.75,483133.0,294352.0,0.0297973628049446,0.0001332312683284,0.0115425849933372,0.028089900988064,0.0,train,-0.07976,0.0220514842730465,-0.13483021212639515,0.0220514842730465,-0.13483021212639515,0.5759542596502178,0.30308304208819925,0.5759542596502178,0.30308304208819925,0.1025084648338774,0.18301287191870444,0.1025084648338774,0.18301287191870444,-0.3068983051644746,-0.17069468573090962,-0.3068983051644746,-0.17069468573090962,-0.3736569156764695,-0.2532602982440462,-0.3736569156764695,-0.2532602982440462,0.636994231828207,0.5460887732573498,0.636994231828207,0.5460887732573498,-0.0083804462054812,-0.1987899901502974,-0.1683705254669183,-0.0801400985714595,0.0238126129975727,0.0148460052963074,0.0145648041006857,0.017212758266997,0.0,1.0,1.0,1.0
2022-01-10,81.76,82.3,80.5,80.87,459239.0,310015.0,0.0607946622400907,0.0001763787026761,0.0132807643859879,0.0359428200915426,0.0,train,0.174773,0.4832797908269056,0.20838346710055847,0.4832797908269056,0.20838346710055847,0.4811057591179263,0.36590626768755397,0.4811057591179263,0.36590626768755397,0.1102944674506196,0.09005364536509576,0.1102944674506196,0.09005364536509576,-0.1170127152440057,-0.19717741275142675,-0.1170127152440057,-0.19717741275142675,0.6775457695659336,0.3513244363319958,0.6775457695659336,0.3513244363319958,-0.0630845970325519,0.07512099958832703,-0.0630845970325519,0.07512099958832703,0.0297973628049446,-0.0083804462054812,-0.1987899901502974,-0.1683705254669183,0.0115425849933372,0.0238126129975727,0.0148460052963074,0.0145648041006857,0.0,0.0,1.0,1.0
2022-01-11,81.08,83.98,80.89,83.72,435141.0,325547.0,-0.1123000696432399,0.0005068855826588,0.0225141196287754,0.0356578379994667,1.0,train,-0.11472,-0.0521227235992128,0.0815932966211211,-0.0521227235992128,0.0815932966211211,0.2248273980929322,0.2970796405012459,0.2248273980929322,0.2970796405012459,0.0040740310218322,0.04805317685931397,0.0040740310218322,0.04805317685931397,-0.464808981618989,-0.3276905484971267,-0.464808981618989,-0.3276905484971267,-0.0562467420725811,0.15285635021436778,-0.0562467420725811,0.15285635021436778,-0.3714547974398607,-0.1427693750790004,-0.3714547974398607,-0.1427693750790004,0.0607946622400907,0.0297973628049446,-0.0083804462054812,-0.1987899901502974,0.0132807643859879,0.0115425849933372,0.0238126129975727,0.0148460052963074,0.0,0.0,0.0,1.0
2022-01-12,83.78,85.21,83.52,84.67,407459.0,341201.0,-0.1254826717212598,0.0001447412710631,0.0120308466478131,0.0356995963272881,1.0,train,0.187703,-0.0091513669898869,0.03743282263860478,-0.0091513669898869,0.03743282263860478,-0.1641832754012028,0.07248079934377631,-0.1641832754012028,0.07248079934377631,0.2616254689075257,0.15191373083032894,0.2616254689075257,0.15191373083032894,-0.1970746945356665,-0.26425730237552875,-0.1970746945356665,-0.26425730237552875,-0.0503875763388109,0.054383606140576975,-0.0503875763388109,0.054383606140576975,0.2213382884860971,0.03446606578940044,0.2213382884860971,0.03446606578940044,-0.1123000696432399,0.0607946622400907,0.0297973628049446,-0.0083804462054812,0.0225141196287754,0.0132807643859879,0.0115425849933372,0.0238126129975727,1.0,0.0,0.0,0.0
2022-02-01,89.62,89.96,87.72,89.16,482096.0,271612.0,0.0816422365745719,0.0002293187173905,0.0151432730078599,0.0173522287235231,1.0,train,0.363797,0.6596927507834501,0.3824633763838111,0.6596927507834501,0.3824633763838111,0.19641179715477,0.17789200382564677,0.19641179715477,0.17789200382564677,0.4270618994582506,0.2642924329595214,0.4270618994582506,0.2642924329595214,0.241807797620383,0.13216875090451152,0.241807797620383,0.13216875090451152,0.2608117774399169,0.21238348419307346,0.2608117774399169,0.21238348419307346,0.6590515722146696,0.4961449089554432,0.6590515722146696,0.4961449089554432,-0.1254826717212598,-0.1123000696432399,0.0607946622400907,0.0297973628049446,0.0120308466478131,0.0225141196287754,0.0132807643859879,0.0115425849933372,1.0,1.0,0.0,0.0
2022-02-02,89.48,90.52,88.28,89.47,474215.0,276062.0,0.0293755173738796,0.0002264545188942,0.0150484058589009,0.0188954495564742,0.0,train,0.135896,-0.0402611830909254,0.17674569218585726,-0.0402611830909254,0.17674569218585726,0.1229981537947033,0.15134794455214523,0.1229981537947033,0.15134794455214523,0.3915370070850441,0.3264315239449897,0.3915370070850441,0.3264315239449897,-0.3632765459647355,-0.10909599828226722,-0.3632765459647355,-0.10909599828226722,-0.0249842956298766,0.09655702605331314,-0.0249842956298766,0.09655702605331314,0.5172468970976084,0.5067798401374831,0.5172468970976084,0.5067798401374831,0.0816422365745719,-0.1254826717212598,-0.1123000696432399,0.0607946622400907,0.0151432730078599,0.0120308466478131,0.0225141196287754,0.0132807643859879,1.0,1.0,1.0,0.0
2022-02-03,89.07,91.3,88.02,91.11,468513.0,280871.0,0.1428729118672631,0.0004827937604347,0.0219725683622737,0.0199512975766132,1.0,train,0.084758,-0.1312144807546455,0.026725628404496826,-0.1312144807546455,0.026725628404496826,-0.108479276186742,0.025001747380876065,-0.108479276186742,0.025001747380876065,0.2863589845796561,0.30692619519955955,0.2863589845796561,0.30692619519955955,0.1905415926473233,0.036706257168428215,0.1905415926473233,0.036706257168428215,0.0880886193717526,0.09219216706230403,0.0880886193717526,0.09219216706230403,0.0202305488255921,0.2699794259383657,0.0202305488255921,0.2699794259383657,0.0293755173738796,0.0816422365745719,-0.1254826717212598,-0.1123000696432399,0.0150484058589009,0.0151432730078599,0.0120308466478131,0.0225141196287754,0.0,1.0,1.0,1.0
2022-02-04,91.3,93.7,91.2,93.27,457487.0,285839.0,0.1534718780648907,0.0002637750219518,0.0162411521128241,0.0217943776351583,1.0,train,-0.002536,-0.2554785534317411,-0.11095542090619968,-0.2554785534317411,-0.11095542090619968,-0.1407698996875426,-0.055655321161600206,-0.1407698996875426,-0.055655321161600206,0.0103410921982442,0.1623664059983016,0.0103410921982442,0.1623664059983016,-0.0998402364390291,-0.029908564662280767,-0.0998402364390291,-0.029908564662280767,-0.3045310508145355,-0.101240916021301,-0.3045310508145355,-0.101240916021301,-0.0557145381629284,0.11146777383737067,-0.0557145381629284,0.11146777383737067,0.1428729118672631,0.0293755173738796,0.0816422365745719,-0.1254826717212598,0.0219725683622737,0.0150484058589009,0.0151432730078599,0.0120308466478131,1.0,0.0,1.0,1.0
2022-02-07,92.75,94.0,92.13,92.69,427059.0,289391.0,0.1255947821103786,0.0001456311311782,0.0120677724198906,0.0280796710017572,1.0,train,0.182776,,0.06632643113337588,0.0,0.06632643113337588,0.442409235050169,0.24609532986120777,0.442409235050169,0.24609532986120777,0.1349811089682895,0.2444457553728807,0.1349811089682895,0.2444457553728807,-0.1620347050336643,-0.1437270486093506,-0.1620347050336643,-0.1437270486093506,0.2445860650004577,0.01792102083103295,0.2445860650004577,0.01792102083103295,0.7828697706351775,0.3971984073730113,0.7828697706351775,0.3971984073730113,0.1534718780648907,0.1428729118672631,0.0293755173738796,0.0816422365745719,0.0162411521128241,0.0219725683622737,0.0150484058589009,0.0151432730078599,1.0,1.0,0.0,1.0
2022-02-08,92.63,92.93,89.93,90.78,404008.0,293577.0,0.1624282165588075,0.0003883806242468,0.0197073748694956,0.0319699369810435,1.0,train,0.072513,-0.260043943361012,-0.09270671438150396,-0.260043943361012,-0.09270671438150396,-0.4570910585040016,-0.09636721246436823,-0.4570910585040016,-0.09636721246436823,0.2885827574888043,0.26586393027901556,0.2885827574888043,0.26586393027901556,-0.2611606027982125,-0.20115150329694736,-0.2611606027982125,-0.20115150329694736,-0.1265981235020725,-0.05283291674080502,-0.1265981235020725,-0.05283291674080502,-0.335856835192176,0.04031820756348724,-0.335856835192176,0.04031820756348724,0.1255947821103786,0.1534718780648907,0.1428729118672631,0.0293755173738796,0.0120677724198906,0.0162411521128241,0.0219725683622737,0.0150484058589009,1.0,1.0,1.0,0.0
2022-02-09,91.08,92.09,90.05,91.55,380475.0,297534.0,0.1841801917793493,0.0001809924800677,0.0134533445680883,0.0319160652885349,1.0,train,-0.132102,-0.4202948013694213,-0.25215284338755434,-0.4202948013694213,-0.25215284338755434,-0.2649967810324837,-0.178638662645064,-0.2649967810324837,-0.178638662645064,0.1515372959192353,0.21027202571187337,0.1515372959192353,0.21027202571187337,-0.3022828330478652,-0.2503878028243041,-0.3022828330478652,-0.2503878028243041,-0.1421797601833776,-0.096395717072215,-0.1421797601833776,-0.096395717072215,-0.6674611162248315,-0.30473065520854975,-0.6674611162248315,-0.30473065520854975,0.1624282165588075,0.1255947821103786,0.1534718780648907,0.1428729118672631,0.0197073748694956,0.0120677724198906,0.0162411521128241,0.0219725683622737,1.0,1.0,1.0,1.0
2022-02-10,91.75,93.1,90.88,91.41,366798.0,302230.0,0.1225119545579964,0.0002100784078519,0.014494081821624,0.0359150104699734,1.0,train,0.098283,-0.147717556536935,-0.20167684082055695,-0.147717556536935,-0.20167684082055695,-0.2502396432637614,-0.2137585081757599,-0.2502396432637614,-0.2137585081757599,0.2563476253307248,0.2328448703137939,0.2563476253307248,0.2328448703137939,-0.0222508903016271,-0.139510139241619,-0.0222508903016271,-0.139510139241619,0.3407990727713539,0.11645011960025127,0.3407990727713539,0.11645011960025127,-0.7213485246268835,-0.5081742701747759,-0.7213485246268835,-0.5081742701747759,0.1841801917793493,0.1624282165588075,0.1255947821103786,0.1534718780648907,0.0134533445680883,0.0197073748694956,0.0120677724198906,0.0162411521128241,1.0,1.0,1.0,1.0
2022-02-11,91.17,95.66,90.51,94.44,362403.0,308614.0,0.1204868146395128,0.00110456488207,0.0332349948408304,0.0357266559476115,1.0,train,-0.031857,-0.1760870778423451,-0.189743509541463,-0.1760870778423451,-0.189743509541463,-0.4195556544988931,-0.31427779537810835,-0.4195556544988931,-0.31427779537810835,0.2192468519675031,0.22609945562177858,0.2192468519675031,0.22609945562177858,-0.2635360598351149,-0.20017235780222425,-0.2635360598351149,-0.20017235780222425,0.2571510556162203,0.18491051664108832,0.2571510556162203,0.18491051664108832,-0.513020290976591,-0.5112589817026197,-0.513020290976591,-0.5112589817026197,0.1225119545579964,0.1841801917793493,0.1624282165588075,0.1255947821103786,0.014494081821624,0.0134533445680883,0.0197073748694956,0.0120677724198906,1.0,1.0,1.0,1.0
2022-03-01,98.43,107.67,98.3,104.97,462740.0,256475.0,0.1632420865300385,0.0029898232197712,0.0546792759623904,0.0172877086916235,1.0,train,0.35502,0.4199461934873485,0.2732904932292002,0.4199461934873485,0.2732904932292002,0.5578107370497287,0.4168696566061588,0.5578107370497287,0.4168696566061588,0.3537956094703823,0.304719335088472,0.3537956094703823,0.304719335088472,-0.2448201847238305,-0.23875651729426672,-0.2448201847238305,-0.23875651729426672,-0.3338068887348934,0.06675979566118335,-0.3338068887348934,0.06675979566118335,0.4812458392591489,0.25034694445014394,0.4812458392591489,0.25034694445014394,0.1204868146395128,0.1225119545579964,0.1841801917793493,0.1624282165588075,0.0332349948408304,0.014494081821624,0.0134533445680883,0.0197073748694956,1.0,1.0,1.0,1.0
2022-03-02,107.34,115.11,106.83,112.93,436016.0,260178.0,0.2328647841760744,0.0020098667776257,0.0448315377566475,0.0188407472881966,1.0,train,0.223129,0.104479825419517,0.19147037732832098,0.104479825419517,0.19147037732832098,0.1395495289759105,0.28188396029030816,0.1395495289759105,0.28188396029030816,0.349604107811963,0.32677702262795594,0.349604107811963,0.32677702262795594,-0.2326214757026193,-0.23570542814531723,-0.2326214757026193,-0.23570542814531723,-0.3634017059403706,-0.14245379113675624,-0.3634017059403706,-0.14245379113675624,0.2336626565052312,0.24240098277895242,0.2336626565052312,0.24240098277895242,0.1632420865300385,0.1204868146395128,0.1225119545579964,0.1841801917793493,0.0546792759623904,0.0332349948408304,0.014494081821624,0.0134533445680883,1.0,1.0,1.0,1.0
2022-03-03,115.27,119.84,109.4,110.46,408473.0,262956.0,0.1925858967472749,0.0029963723266278,0.0547391297576777,0.0197531030706926,1.0,train,0.290707,0.3248768825752697,0.2567713148052778,0.3248768825752697,0.2567713148052778,0.5177301820188772,0.3970127038873763,0.5177301820188772,0.3970127038873763,0.2575126706878801,0.29306244376970825,0.2575126706878801,0.29306244376970825,0.4334420461157972,0.09038584217112174,0.4334420461157972,0.09038584217112174,0.0811660775790371,-0.03347609631595074,0.0811660775790371,-0.03347609631595074,0.3979621551244735,0.31838604159680023,0.3979621551244735,0.31838604159680023,0.2328647841760744,0.1632420865300385,0.1204868146395128,0.1225119545579964,0.0448315377566475,0.0546792759623904,0.0332349948408304,0.014494081821624,1.0,1.0,1.0,1.0
2022-03-04,114.23,118.98,109.62,118.11,395912.0,265190.0,0.2361178808849837,0.0024213609210597,0.0492073258881208,0.0218329000181716,1.0,train,0.290733,0.1202978843616159,0.19034907700440162,0.1202978843616159,0.19034907700440162,0.0249133845455877,0.2157901929944724,0.0249133845455877,0.2157901929944724,0.3564481018334973,0.32385836520568867,0.3564481018334973,0.32385836520568867,-0.1520900888498841,-0.027676800519023725,-0.1520900888498841,-0.027676800519023725,0.3945994527829281,0.1751397360691782,0.3945994527829281,0.1751397360691782,-0.5766278166877778,-0.11740726753677226,-0.5766278166877778,-0.11740726753677226,0.1925858967472749,0.2328647841760744,0.1632420865300385,0.1204868146395128,0.0547391297576777,0.0448315377566475,0.0546792759623904,0.0332349948408304,1.0,1.0,1.0,1.0
2022-03-07,122.79,139.13,119.04,123.21,371643.0,267642.0,0.2846296247488356,0.00877163841137,0.0936570254245247,0.0280672591278071,1.0,train,0.230756,0.115542981710208,0.21570384638603582,0.115542981710208,0.21570384638603582,0.0732952924470636,0.08657943157060208,0.0732952924470636,0.08657943157060208,0.0994726352743053,0.24283161375100631,0.0994726352743053,0.24283161375100631,-0.0578319414686167,0.06541630271384975,-0.0578319414686167,0.06541630271384975,-0.2108880833603569,-0.06599806166472641,-0.2108880833603569,-0.06599806166472641,0.1381310584131376,0.02245162415745791,0.1381310584131376,0.02245162415745791,0.2361178808849837,0.1925858967472749,0.2328647841760744,0.1632420865300385,0.0492073258881208,0.0547391297576777,0.0448315377566475,0.0546792759623904,1.0,1.0,1.0,1.0
2022-03-08,124.56,133.15,121.31,127.98,346114.0,269665.0,0.3434350046829948,0.0031279970005243,0.0559284990011746,0.0320113714537948,1.0,train,0.437198,0.642331256355633,0.4234981519823663,0.642331256355633,0.4234981519823663,0.2198714406750382,0.151380068296195,0.2198714406750382,0.151380068296195,0.4897717124174811,0.3630622888647028,0.4897717124174811,0.3630622888647028,0.1195292631250038,0.09165313925007637,0.1195292631250038,0.09165313925007637,0.3673475164835436,0.14512128036098956,0.3673475164835436,0.14512128036098956,,0.011720851266099458,0.0,0.011720851266099458,0.2846296247488356,0.2361178808849837,0.1925858967472749,0.2328647841760744,0.0936570254245247,0.0492073258881208,0.0547391297576777,0.0448315377566475,1.0,1.0,1.0,1.0
2022-03-09,130.28,131.64,105.6,111.14,319668.0,271902.0,0.1939053967312549,0.0175221420484895,0.1323712281747418,0.0319041928726447,1.0,train,0.36316,0.3995630487553367,0.4121023820732538,0.3995630487553367,0.4121023820732538,0.207137372299639,0.1782519913149893,0.207137372299639,0.1782519913149893,0.5752931461391011,0.4665600570916078,0.5752931461391011,0.4665600570916078,0.1308477566766867,0.11095936932398252,0.1308477566766867,0.11095936932398252,0.1487300147998424,0.1467122822885663,0.1487300147998424,0.1467122822885663,0.2035371818309339,0.1053951757611771,0.2035371818309339,0.1053951757611771,0.3434350046829948,0.2846296247488356,0.2361178808849837,0.1925858967472749,0.0559284990011746,0.0936570254245247,0.0492073258881208,0.0547391297576777,1.0,1.0,1.0,1.0
2022-03-10,112.65,118.36,109.0,109.33,291068.0,273325.0,0.1790159497806662,0.0024478746603615,0.0494760008525498,0.035851676685783,1.0,train,0.101655,0.0283077879311945,0.2252995779326732,0.0283077879311945,0.2252995779326732,0.0313036591685705,0.10667515989553857,0.0313036591685705,0.10667515989553857,0.3406109136452276,0.4053603195590068,0.3406109136452276,0.4053603195590068,-0.1034065199820503,0.006828503617986303,-0.1034065199820503,0.006828503617986303,-0.6154102845663316,-0.2249181446159469,-0.6154102845663316,-0.2249181446159469,-0.2471772293112303,-0.06655436865315513,-0.2471772293112303,-0.06655436865315513,0.1939053967312549,0.3434350046829948,0.2846296247488356,0.2361178808849837,0.1323712281747418,0.0559284990011746,0.0936570254245247,0.0492073258881208,1.0,1.0,1.0,1.0
2022-03-11,110.26,113.91,107.13,112.67,258950.0,273758.0,0.1764984799587621,0.0013582030339197,0.0368538062338173,0.0359222369784275,1.0,train,0.006097,-0.1316859832349207,0.05125448612442652,-0.1316859832349207,0.05125448612442652,,0.05442299337607463,0.0,0.05442299337607463,0.0969753260682105,0.2551462244692899,0.0969753260682105,0.2551462244692899,0.2255863652933081,0.11356400077986507,0.2255863652933081,0.11356400077986507,-0.0230333042900079,-0.12649174816319042,-0.0230333042900079,-0.12649174816319042,0.1734641049722063,0.050043677545084535,0.1734641049722063,0.050043677545084535,0.1790159497806662,0.1939053967312549,0.3434350046829948,0.2846296247488356,0.0494760008525498,0.1323712281747418,0.0559284990011746,0.0936570254245247,1.0,1.0,1.0,1.0
2022-04-01,105.25,106.24,102.35,104.39,409905.0,182499.0,-0.0055407096274997,0.0005018656631566,0.0224023584284488,0.0184771506621133,0.0,train,-0.589776,-0.5518358812505789,-0.27882627235168583,-0.5518358812505789,-0.27619179890398515,0.1640391708965612,0.1184605397570575,0.1640391708965612,0.14955805366034075,,-0.08964544473541985,0.0,-0.08318625666244694,-0.7010524779242026,-0.3837672785837564,-0.7010524779242026,-0.4140753791444712,-0.476561005072501,-0.3219785344225667,-0.476561005072501,-0.3439276328969487,-0.8136235101317142,-0.4844013412157042,-0.8136235101317142,-0.4762065495083527,0.1764984799587621,0.1790159497806662,0.1939053967312549,0.3434350046829948,0.0368538062338173,0.0494760008525498,0.1323712281747418,0.0559284990011746,1.0,1.0,1.0,1.0
2022-04-04,104.08,108.68,102.89,107.53,403018.0,192818.0,-0.0938465152213208,0.0010810366203103,0.0328791213433434,0.02259917884498,1.0,train,-0.008866,-0.5983103073670647,-0.4271294990385379,-0.5983103073670647,-0.426772961828314,0.0345002627651916,0.01484488920486127,0.0345002627651916,0.019053480056916608,0.109035116835972,-0.02545122521172885,0.109035116835972,-0.024577069164394505,-0.7779372128111087,-0.525789860898947,-0.7779372128111087,-0.529891616272695,-0.6189431478817518,-0.43746352084409007,-0.6189431478817518,-0.44043400830290885,-0.0954429704388747,-0.18812995547181652,-0.0954429704388747,-0.18702091101503707,-0.0055407096274997,0.1764984799587621,0.1790159497806662,0.1939053967312549,0.0224023584284488,0.0368538062338173,0.0494760008525498,0.1323712281747418,0.0,1.0,1.0,1.0
2022-04-05,108.51,109.9,104.53,106.64,392446.0,203224.0,0.2774817103434035,0.000905177290415,0.0300861644350864,0.0235678197292876,1.0,train,0.087293,-0.1100867321905572,-0.2729301733307189,-0.1100867321905572,-0.27281454282385076,-0.1411455494722343,-0.06114490245119717,-0.1411455494722343,-0.05936546715643761,0.0841088259475594,0.0279109701908184,0.0841088259475594,0.028426043386652274,-0.2176567108361244,-0.3759924989047656,-0.2176567108361244,-0.37798531785273787,0.2618362951659814,-0.09703385511782434,0.2618362951659814,-0.09819228614411427,-0.4322710587816294,-0.3071928582937837,-0.4322710587816294,-0.3064710113493023,-0.0938465152213208,-0.0055407096274997,0.1764984799587621,0.1790159497806662,0.0328791213433434,0.0224023584284488,0.0368538062338173,0.0494760008525498,1.0,0.0,1.0,1.0
2022-04-06,105.7,108.67,100.54,101.07,379570.0,213715.0,0.2092160574784847,0.0021808624098095,0.0466997046008805,0.0264989409236194,1.0,train,0.051894,0.3775496429543821,0.04352265605845498,0.3775496429543821,0.04358202274016345,0.4613632460066192,0.19283945613083825,0.4613632460066192,0.19375304867337861,-0.0916802963390065,-0.030446323616071743,-0.0916802963390065,-0.030181876219775805,0.0395673435093323,-0.17373594539971207,0.0395673435093323,-0.17475909276273358,-0.0850588988409006,-0.0909154960641377,-0.0850588988409006,-0.09151025438425343,-0.0547117380755282,-0.18454513844337564,-0.0547117380755282,-0.18417452986475755,0.2774817103434035,-0.0938465152213208,-0.0055407096274997,0.1764984799587621,0.0300861644350864,0.0328791213433434,0.0224023584284488,0.0368538062338173,1.0,1.0,0.0,1.0
2022-04-07,101.78,103.59,98.41,100.58,357599.0,223112.0,-0.2029367858927582,0.0009491214015469,0.0308078139689745,0.0304009198636989,1.0,train,-0.205936,-0.357959630621091,-0.152069346568558,-0.357959630621091,-0.15203886669786867,-0.1907593923220339,0.005827726218730249,-0.1907593923220339,0.006296780269890988,-0.1449272076247495,-0.08631032889562724,-0.1449272076247495,-0.0861745570752853,-0.6369420229995507,-0.3992493181348758,-0.6369420229995507,-0.39977461950634413,0.3093607087560079,0.10420064264774184,0.3093607087560079,0.10389528354450736,-0.6970687038204815,-0.43446022694037234,-0.6970687038204815,-0.43426995015164943,0.2092160574784847,0.2774817103434035,-0.0938465152213208,-0.0055407096274997,0.0466997046008805,0.0300861644350864,0.0328791213433434,0.0224023584284488,1.0,1.0,1.0,0.0
2022-04-08,101.42,103.3,99.65,102.78,329147.0,231149.0,-0.219283220147231,0.0004667408557735,0.0216041860706091,0.0320473212406079,1.0,train,-0.080575,0.0692690651532851,-0.04432691556381736,0.0692690651532851,-0.04432691556381736,0.1171942581638749,0.060089438236578814,0.1171942581638749,0.060089438236578814,-0.0560494021269779,-0.07162063232868879,-0.0560494021269779,-0.07162063232868879,-0.0408018815388892,-0.2248602301876954,-0.0408018815388892,-0.2248602301876954,-0.1229005145793339,-0.006379094822737391,-0.1229005145793339,-0.006379094822737391,-0.7440444982539705,-0.5855599641535776,-0.7440444982539705,-0.5855599641535776,-0.2029367858927582,0.2092160574784847,0.2774817103434035,-0.0938465152213208,0.0308078139689745,0.0466997046008805,0.0300861644350864,0.0328791213433434,1.0,1.0,1.0,1.0
2022-04-11,103.21,103.3,97.57,98.48,301860.0,238099.0,-0.134609710299876,0.0011745981301748,0.0342724106268416,0.0356747503343094,1.0,train,0.146768,0.0022606965185709,-0.03310400397140676,0.0022606965185709,-0.03310400397140676,0.2096683229593177,0.37752359856688,0.2096683229593177,0.37752359856688,0.0794488650763844,0.03367840493941484,0.0794488650763844,0.03367840493941484,-0.109860386713056,-0.21819798829643594,-0.109860386713056,-0.21819798829643594,-0.0250853266411395,-0.16999736811131355,-0.0250853266411395,-0.16999736811131355,0.0067287733292933,-0.0332818349569274,0.0067287733292933,-0.0332818349569274,-0.219283220147231,-0.2029367858927582,0.2092160574784847,0.2774817103434035,0.0216041860706091,0.0308078139689745,0.0466997046008805,0.0300861644350864,1.0,1.0,1.0,1.0
2022-04-12,99.35,105.6,98.9,104.64,279813.0,244275.0,0.2117645400547028,0.0015497029025074,0.0393662660473084,0.0356819300845878,1.0,train,-0.484396,-0.4934708997970945,-0.2569454798277529,-0.4934708997970945,-0.2569454798277529,0.0964997922875019,0.2407981376140952,0.0964997922875019,0.2407981376140952,-0.757286626077737,-0.35134115627288437,-0.757286626077737,-0.35134115627288437,-0.3890251428053246,-0.30110287139360453,-0.3890251428053246,-0.30110287139360453,-0.3766791313909924,-0.27039693932592274,-0.3766791313909924,-0.27039693932592274,-0.7784182589847023,-0.39596747361717727,-0.7784182589847023,-0.39596747361717727,-0.134609710299876,-0.219283220147231,-0.2029367858927582,0.2092160574784847,0.0342724106268416,0.0216041860706091,0.0308078139689745,0.0466997046008805,1.0,1.0,1.0,1.0
2022-05-02,106.3,108.46,103.1,107.58,468811.0,199336.0,-0.0485334008904825,0.0009264519512506,0.0304376732233366,0.0196572821996973,0.0,train,0.013073,-0.3311065296611216,-0.14854241465843865,-0.3311065296611216,-0.14854241465843865,0.0033482273215728,0.08916803627681714,0.0033482273215728,0.08916803627681714,-0.2367892721701008,-0.11836180323216068,-0.2367892721701008,-0.11836180323216068,-0.1982686396717728,-0.14520132838720215,-0.1982686396717728,-0.14520132838720215,,-0.2605054032759168,0.0,-0.2605054032759168,0.086896934070901,-0.03007529476340284,0.086896934070901,-0.03007529476340284,0.2117645400547028,-0.134609710299876,-0.219283220147231,-0.2029367858927582,0.0393662660473084,0.0342724106268416,0.0216041860706091,0.0308078139689745,1.0,1.0,1.0,1.0
2022-05-03,107.61,108.32,104.62,104.97,461554.0,209982.0,-0.050978869425335,0.0004356632362825,0.0208725474315561,0.0209391907369548,0.0,train,-0.081736,-0.3930506354358392,-0.26774570291193034,-0.3930506354358392,-0.26774570291193034,-0.4844816207237379,-0.19000829241635267,-0.4844816207237379,-0.19000829241635267,-0.1888859739554074,-0.15246583699423807,-0.1888859739554074,-0.15246583699423807,0.2371883010598615,0.04110812439142568,0.2371883010598615,0.04110812439142568,-0.0392835063484258,-0.15316954354948276,-0.0392835063484258,-0.15316954354948276,-0.1426016208296955,-0.08470697279872298,-0.1426016208296955,-0.08470697279872298,-0.0485334008904825,0.2117645400547028,-0.134609710299876,-0.219283220147231,0.0304376732233366,0.0393662660473084,0.0342724106268416,0.0216041860706091,0.0,1.0,1.0,1.0
2022-05-04,105.91,111.0,105.46,110.14,453309.0,221548.0,0.0239824054319006,0.0009454280123223,0.0307478131307309,0.0229664848214554,0.0,train,-0.145069,-0.2737937003426119,-0.27072750030166576,-0.2737937003426119,-0.27072750030166576,-0.7760689057746131,-0.47544333079174816,-0.7760689057746131,-0.47544333079174816,-0.5366798490194724,-0.33956295335826964,-0.5366798490194724,-0.33956295335826964,0.1217659112662116,0.0805033662207488,0.1217659112662116,0.0805033662207488,-0.4604425153455163,-0.3030253174565763,-0.4604425153455163,-0.3030253174565763,-0.0206745635522573,-0.05344559456473212,-0.0206745635522573,-0.05344559456473212,-0.050978869425335,-0.0485334008904825,0.2117645400547028,-0.134609710299876,0.0208725474315561,0.0304376732233366,0.0393662660473084,0.0342724106268416,0.0,0.0,1.0,1.0
2022-05-05,110.55,114.0,109.2,110.9,433225.0,233340.0,0.0391702184858679,0.0006674251412029,0.0258345725957085,0.0238631941053338,0.0,train,0.083584,0.0904672083126383,-0.09500946550496507,0.0904672083126383,-0.09500946550496507,-0.6556816951501651,-0.56357233679547,-0.6556816951501651,-0.56357233679547,-0.1133057661955961,-0.22952358924771543,-0.1133057661955961,-0.22952358924771543,-0.1255586504145877,-0.019569225288724356,-0.1255586504145877,-0.019569225288724356,-0.2997265693528627,-0.30169983879268375,-0.2997265693528627,-0.30169983879268375,0.2224456663338422,0.0807017497635091,0.2224456663338422,0.0807017497635091,0.0239824054319006,-0.050978869425335,-0.0485334008904825,0.2117645400547028,0.0307478131307309,0.0208725474315561,0.0304376732233366,0.0393662660473084,0.0,0.0,0.0,1.0
2022-05-06,111.27,113.5,109.87,112.39,407120.0,244259.0,0.106161619443605,0.0003810786107476,0.0195212348673851,0.0271061287324009,1.0,train,0.00368,-0.1313180103789422,-0.11246167413037432,-0.1313180103789422,-0.11246167413037432,,-0.2888685395584609,0.0,-0.2888685395584609,0.2357636719319721,-0.0026552410568333727,0.2357636719319721,-0.0026552410568333727,0.0185197597502616,-0.0012082097224321974,0.0185197597502616,-0.0012082097224321974,-0.362982341840955,-0.3316348810236086,-0.362982341840955,-0.3316348810236086,-0.3032733490084217,-0.10627705848546246,-0.3032733490084217,-0.10627705848546246,0.0391702184858679,0.0239824054319006,-0.050978869425335,-0.0485334008904825,0.0258345725957085,0.0307478131307309,0.0208725474315561,0.0304376732233366,0.0,0.0,0.0,0.0
2022-05-09,112.94,113.2,105.0,105.94,374501.0,253386.0,-0.0479177717353946,0.0020393975637756,0.0451596895890089,0.0357269568258476,0.0,train,0.256899,-0.1026235579837768,0.02906762751749485,-0.1026235579837768,0.02906762751749485,0.6137126923146476,0.1449074325858813,0.6137126923146476,0.1449074325858813,0.2270551954648367,0.13574718517170462,0.2270551954648367,0.13574718517170462,-0.1513805239372819,0.12974534222536163,-0.1513805239372819,0.12974534222536163,-0.6693698360421576,-0.42868425206935845,-0.6693698360421576,-0.42868425206935845,0.2404152951734354,0.1041405958673222,0.2404152951734354,0.1041405958673222,0.106161619443605,0.0391702184858679,0.0239824054319006,-0.050978869425335,0.0195212348673851,0.0258345725957085,0.0307478131307309,0.0208725474315561,1.0,0.0,0.0,0.0
2022-05-10,105.5,106.96,101.54,102.46,341218.0,261301.0,-0.0648983529353373,0.000975341493442,0.0312304577847022,0.0357239568554606,0.0,train,-0.282731,-0.1170985103048636,-0.04221773341909854,-0.1170985103048636,-0.04221773341909854,-0.3191079043271261,-0.08119926526712781,-0.3191079043271261,-0.08119926526712781,-0.519446417215814,-0.1835350363200887,-0.519446417215814,-0.1835350363200887,0.4461161457531182,0.28384124033090463,0.4461161457531182,0.28384124033090463,-0.4402324888454932,-0.4342499461542645,-0.4402324888454932,-0.4342499461542645,-0.1950150237835093,-0.04165641888114782,-0.1950150237835093,-0.04165641888114782,-0.0479177717353946,0.106161619443605,0.0391702184858679,0.0239824054319006,0.0451596895890089,0.0195212348673851,0.0258345725957085,0.0307478131307309,0.0,1.0,0.0,0.0
2022-05-11,101.51,108.29,101.3,107.51,315779.0,269121.0,0.0877303846209383,0.0016058684577404,0.0400732885815531,0.0356965988563763,0.0,train,-0.297175,-0.6306040021079056,-0.32886984362502125,-0.6306040021079056,-0.32886984362502125,0.1211338541651377,0.01714451521715341,0.1211338541651377,0.01714451521715341,-0.3151947953880216,-0.2477220912092875,-0.3151947953880216,-0.2477220912092875,-0.3089096475866849,-0.004627256521807149,-0.3089096475866849,-0.004627256521807149,-0.2193692820549879,-0.3294314397936252,-0.2193692820549879,-0.3294314397936252,-0.5824503426842158,-0.30482159375066253,-0.5824503426842158,-0.30482159375066253,-0.0648983529353373,-0.0479177717353946,0.106161619443605,0.0391702184858679,0.0312304577847022,0.0451596895890089,0.0195212348673851,0.0258345725957085,0.0,0.0,1.0,0.0
2022-05-12,107.67,108.71,104.69,107.45,301664.0,277304.0,0.0264997353796312,0.000512083254971,0.0226292566155208,0.0358321395969636,0.0,train,0.139516,-0.0481926275214282,-0.19212169983182642,-0.0481926275214282,-0.19212169983182642,0.1778608375178069,0.09545452955036175,0.1778608375178069,0.09545452955036175,0.0675837392647534,-0.09411095116109551,0.0675837392647534,-0.09411095116109551,-0.3193051295743275,-0.15781916893140893,-0.3193051295743275,-0.15781916893140893,-0.069516665272512,-0.20300446248124684,-0.069516665272512,-0.20300446248124684,0.4308177578789329,0.05334116285402555,0.4308177578789329,0.05334116285402555,0.0877303846209383,-0.0648983529353373,-0.0479177717353946,0.106161619443605,0.0400732885815531,0.0312304577847022,0.0451596895890089,0.0195212348673851,0.0,0.0,0.0,1.0
2022-06-01,116.08,118.57,115.4,116.29,411608.0,228677.0,0.1079531858847451,0.0002648657884579,0.0162746977992815,0.0186312759325342,1.0,train,0.338161,0.3575323054156099,0.31659340310867107,0.3575323054156099,0.31659340310867107,,0.2388704395511938,0.0,0.2388704395511938,0.4489370344749096,0.3919607135226551,0.4489370344749096,0.3919607135226551,0.148722644068932,0.06701568531065917,0.148722644068932,0.06701568531065917,-0.2661152628992991,-0.2535627741177085,-0.2661152628992991,-0.2535627741177085,0.7451520622731606,0.4648461174135292,0.7451520622731606,0.4648461174135292,0.0264997353796312,0.0877303846209383,-0.0648983529353373,-0.0479177717353946,0.0226292566155208,0.0400732885815531,0.0312304577847022,0.0451596895890089,0.0,0.0,0.0,0.0
2022-06-02,115.02,118.46,112.45,117.61,403485.0,235465.0,0.0891393090178489,0.0009777643390066,0.0312692235114124,0.0200062044645381,1.0,train,0.097345,0.0525553152807338,0.18814957556733244,0.0525553152807338,0.18814957556733244,-0.1094963806469117,0.06913226716651784,-0.1094963806469117,0.06913226716651784,0.3670627176971313,0.37997571837096755,0.3670627176971313,0.37997571837096755,-0.0601372222188211,0.005087906233778477,-0.0601372222188211,0.005087906233778477,-0.0550062929180498,-0.15713533518657405,-0.0550062929180498,-0.15713533518657405,0.6899901205563427,0.5747901117532401,0.6899901205563427,0.5747901117532401,0.1079531858847451,0.0264997353796312,0.0877303846209383,-0.0648983529353373,0.0162746977992815,0.0226292566155208,0.0400732885815531,0.0312304577847022,1.0,0.0,0.0,0.0
2022-06-03,118.22,121.45,116.02,119.72,396588.0,242770.0,0.1314810879367911,0.0007545849000081,0.0274697087718125,0.0210304156308915,1.0,train,-0.385883,-0.5951767734410214,-0.19371453049858894,-0.5951767734410214,-0.19371453049858894,,0.035525787101104704,0.0,0.035525787101104704,,0.19501351778819648,0.0,0.19501351778819648,-0.024506409302248,-0.009321904528993499,-0.024506409302248,-0.009321904528993499,-0.5212345389218873,-0.334758476266942,-0.5212345389218873,-0.334758476266942,,0.29479886893627355,0.0,0.29479886893627355,0.0891393090178489,0.1079531858847451,0.0264997353796312,0.0877303846209383,0.0312692235114124,0.0162746977992815,0.0226292566155208,0.0400732885815531,1.0,1.0,0.0,0.0
2022-06-06,121.55,121.95,118.77,119.51,394876.0,250549.0,0.0614250843486132,0.0002517995561373,0.0158681932222075,0.0272050394408374,0.0,train,0.142785,0.0083327857344077,-0.05647626357844734,0.0083327857344077,-0.05647626357844734,0.45401099353933,0.2931624043885353,0.45401099353933,0.2931624043885353,0.1769909600000994,0.15607227878253807,0.1769909600000994,0.15607227878253807,-0.0731307907479494,0.04474398116196829,-0.0731307907479494,0.04474398116196829,0.0605803450729265,-0.11475731621658322,0.0605803450729265,-0.11475731621658322,0.0419191925579433,0.1750592214542212,0.0419191925579433,0.1750592214542212,0.1314810879367911,0.0891393090178489,0.1079531858847451,0.0264997353796312,0.0274697087718125,0.0312692235114124,0.0162746977992815,0.0226292566155208,1.0,1.0,1.0,0.0
2022-06-07,119.94,121.37,118.55,120.57,376862.0,257851.0,0.1812770663854008,0.0001993332980223,0.0141185444725155,0.0306446028700169,1.0,train,0.233156,-0.0185344059100548,-0.037983927996929456,-0.0185344059100548,-0.037983927996929456,-0.4921737268259155,-0.08937865387147889,-0.4921737268259155,-0.08937865387147889,0.3261095594283639,0.23892928940770428,0.3261095594283639,0.23892928940770428,-0.0584774372042463,-0.005589545080669947,-0.0584774372042463,-0.005589545080669947,0.0456223380388331,-0.036413783723536874,0.0456223380388331,-0.036413783723536874,-0.16435730886487,0.009768778571651714,-0.16435730886487,0.009768778571651714,0.0614250843486132,0.1314810879367911,0.0891393090178489,0.1079531858847451,0.0158681932222075,0.0274697087718125,0.0312692235114124,0.0162746977992815,0.0,1.0,1.0,1.0
2022-06-08,120.65,124.4,120.45,123.58,364741.0,264456.0,0.1842979380687506,0.0003755293388612,0.0193785793819156,0.0320381863600662,1.0,train,0.115826,0.1147241958826957,0.03618256508386162,0.1147241958826957,0.03618256508386162,-0.2681902049613038,-0.17677654878350935,-0.2681902049613038,-0.17677654878350935,0.1963389369163192,0.21823948069178903,0.1963389369163192,0.21823948069178903,-0.134470625823976,-0.06838424859325312,-0.134470625823976,-0.06838424859325312,0.1346580965286309,0.046961551589726605,0.1346580965286309,0.046961551589726605,0.2025359124355881,0.10377233533486564,0.2025359124355881,0.10377233533486564,0.1812770663854008,0.0614250843486132,0.1314810879367911,0.0891393090178489,0.0141185444725155,0.0158681932222075,0.0274697087718125,0.0312692235114124,1.0,0.0,1.0,1.0
2022-06-09,123.6,124.34,122.5,123.07,349020.0,270521.0,0.1498804030678648,8.016691987404342e-05,0.0089535981523655,0.0359856157037511,1.0,train,0.318125,0.167691412013638,0.10029899531780707,0.167691412013638,0.10029899531780707,0.0413167508682553,-0.07084277181308422,0.0413167508682553,-0.07084277181308422,0.4473846436756291,0.32992772521187297,0.4473846436756291,0.32992772521187297,0.0574884031406196,-0.007063602993148015,0.0574884031406196,-0.007063602993148015,0.1330472724180058,0.0894653657779605,0.1330472724180058,0.0894653657779605,-0.3110465428741069,-0.09810755565836107,-0.3110465428741069,-0.09810755565836107,0.1842979380687506,0.1812770663854008,0.0614250843486132,0.1314810879367911,0.0193785793819156,0.0141185444725155,0.0158681932222075,0.0274697087718125,1.0,1.0,0.0,1.0
2022-06-10,122.89,124.33,119.81,122.01,327032.0,275646.0,0.1746305300761861,0.0004946212652588,0.0222400824022485,0.0358496266511959,1.0,train,0.020933,-0.0872233671912437,0.008700089732218001,-0.0872233671912437,0.008700089732218001,0.0451266088633769,-0.01478091023711855,0.0451266088633769,-0.01478091023711855,0.1762130621287183,0.2548834051729374,0.1762130621287183,0.2548834051729374,-0.111654971579484,-0.05802520197603101,-0.111654971579484,-0.05802520197603101,0.2239046544473648,0.15502004997693908,0.2239046544473648,0.15502004997693908,0.3002430556641366,0.09557130673366357,0.3002430556641366,0.09557130673366357,0.1498804030678648,0.1842979380687506,0.1812770663854008,0.0614250843486132,0.0089535981523655,0.0193785793819156,0.0141185444725155,0.0158681932222075,1.0,1.0,1.0,0.0
2022-07-01,109.49,112.45,108.03,111.63,419711.0,205513.0,-0.0408972402783112,0.0005799586847174,0.024082331380443,0.0183630845204545,0.0,train,-0.307436,-0.5025102008894917,-0.20720501677975714,-0.5025102008894917,-0.20720501677975714,0.0129006205201602,0.040074863686516915,0.0129006205201602,0.040074863686516915,-0.3350172106193528,-0.3057670873660414,-0.3350172106193528,-0.3057670873660414,-0.3837051972892865,-0.1691538373733836,-0.3837051972892865,-0.1691538373733836,-0.3789777690402429,-0.3486913872864341,-0.3789777690402429,-0.3486913872864341,0.2917445696772498,0.29915906908228374,0.2917445696772498,0.29915906908228374,0.1746305300761861,0.1498804030678648,0.1842979380687506,0.1812770663854008,0.0222400824022485,0.0089535981523655,0.0193785793819156,0.0141185444725155,1.0,1.0,1.0,1.0
2022-07-04,111.65,114.0,110.4,113.5,412777.0,211646.0,0.030050553087122,0.0003713713189759,0.0192709968339977,0.0232798249221159,0.0,train,0.0458,-0.0460884355448192,0.05063173852866133,-0.0460884355448192,0.05063173852866133,0.4200301111825978,0.2543576248098685,0.4200301111825978,0.2543576248098685,0.1174351277262589,-0.04252474634851621,0.1174351277262589,-0.04252474634851621,-0.0713908133089578,0.020913593370785934,-0.0713908133089578,0.020913593370785934,-0.1572641952166897,-0.2314148086536747,-0.1572641952166897,-0.2314148086536747,0.3888081222883466,0.21903464418356636,0.3888081222883466,0.21903464418356636,-0.0408972402783112,0.1746305300761861,0.1498804030678648,0.1842979380687506,0.024082331380443,0.0222400824022485,0.0089535981523655,0.0193785793819156,0.0,1.0,1.0,1.0
2022-07-05,113.54,114.75,101.1,102.77,378943.0,216791.0,-0.0761354127193394,0.0057848966216348,0.0760585078846199,0.0239938690989039,1.0,train,-0.219912,-0.0751455220994426,-0.01067439966464045,-0.0751455220994426,-0.01067439966464045,0.4228941121139054,0.3363136178926031,0.4228941121139054,0.3363136178926031,-0.3327412861175374,-0.1837337327953267,-0.3327412861175374,-0.1837337327953267,-0.4406651080795191,-0.20413394467414406,-0.4406651080795191,-0.20413394467414406,-0.356618973169216,-0.2926105951181636,-0.356618973169216,-0.2926105951181636,-0.297620671062695,-0.03222337729122685,-0.297620671062695,-0.03222337729122685,0.030050553087122,-0.0408972402783112,0.1746305300761861,0.1498804030678648,0.0192709968339977,0.024082331380443,0.0222400824022485,0.0089535981523655,0.0,0.0,1.0,1.0
2022-07-06,104.88,105.85,98.5,100.69,369819.0,222134.0,-0.1713535599512656,0.0018679906608962,0.0432202575292681,0.0272025440318011,1.0,train,-0.31459,0.1572142130412012,0.07094380735779411,0.1572142130412012,0.07094380735779411,0.2572470485173344,0.297918453807507,0.2572470485173344,0.297918453807507,-0.677267239206111,-0.4240836174485107,-0.677267239206111,-0.4240836174485107,-0.0915026216024561,-0.14938075351970062,-0.0915026216024561,-0.14938075351970062,0.3418918693302428,0.016648662017800662,0.3418918693302428,0.016648662017800662,0.5376132325741475,0.2452918164298663,0.5376132325741475,0.2452918164298663,-0.0761354127193394,0.030050553087122,-0.0408972402783112,0.1746305300761861,0.0760585078846199,0.0192709968339977,0.024082331380443,0.0222400824022485,1.0,0.0,0.0,1.0
2022-07-07,100.14,106.35,98.5,104.65,354363.0,227822.0,-0.1416090482372105,0.0021206419805916,0.0460504286689242,0.0306105789393866,1.0,train,-0.249644,0.0509830545345021,0.061262857811627276,0.0509830545345021,0.061262857811627276,-0.1683968005854351,0.0705698759946896,-0.1683968005854351,0.0705698759946896,-0.6590515931602542,-0.5387345824953039,-0.6590515931602542,-0.5387345824953039,0.1787682498135093,0.010282943186116634,0.1787682498135093,0.010282943186116634,0.3065649439754329,0.15819286146795183,0.3065649439754329,0.15819286146795183,-0.0870190565245403,0.08345300789699835,-0.0870190565245403,0.08345300789699835,-0.1713535599512656,-0.0761354127193394,0.030050553087122,-0.0408972402783112,0.0432202575292681,0.0760585078846199,0.0192709968339977,0.024082331380443,1.0,1.0,0.0,0.0
2022-07-08,104.65,107.47,103.67,107.02,336296.0,234199.0,-0.1438729867496748,0.000467406225807,0.0216195796861801,0.0320669577251889,1.0,train,-0.034594,0.1097499219640428,0.0846987736268894,0.1097499219640428,0.0846987736268894,-0.1955384829983392,-0.05896668789866822,-0.1955384829983392,-0.05896668789866822,-0.2917941428561426,-0.4186640079649715,-0.2917941428561426,-0.4186640079649715,-0.0991139566842467,-0.04301265614107616,-0.0991139566842467,-0.04301265614107616,-0.2316636234109315,-0.03146141051560103,-0.2316636234109315,-0.03146141051560103,-0.1103660889787499,-0.010822076259895853,-0.1103660889787499,-0.010822076259895853,-0.1416090482372105,-0.1713535599512656,-0.0761354127193394,0.030050553087122,0.0460504286689242,0.0432202575292681,0.0760585078846199,0.0192709968339977,1.0,1.0,1.0,0.0
2022-07-11,107.0,107.7,103.64,107.1,313648.0,240257.0,-0.0038208890434336,0.0005325618698742,0.0230773020492917,0.0358504464500795,0.0,train,0.177699,0.3930041164991368,0.18771560268071624,0.3930041164991368,0.18771560268071624,0.3445641353749714,0.06563117855328271,0.3445641353749714,0.06563117855328271,-0.034636258016536,-0.10590147370413945,-0.034636258016536,-0.10590147370413945,-0.3617114760983464,-0.27900648681852874,-0.3617114760983464,-0.27900648681852874,-0.2828062185790518,-0.07859919028339098,-0.2828062185790518,-0.07859919028339098,0.6262601516164976,0.41858427451363656,0.6262601516164976,0.41858427451363656,-0.1438729867496748,-0.1416090482372105,-0.1713535599512656,-0.0761354127193394,0.0216195796861801,0.0460504286689242,0.0432202575292681,0.0760585078846199,1.0,1.0,1.0,1.0
2022-07-12,106.25,106.56,98.9,99.49,291795.0,246236.0,-0.0769684864872513,0.0020071516580902,0.0448012461667108,0.0357959941426284,0.0,train,-0.328958,-0.3843376741431093,-0.0911174342527548,-0.3843376741431093,-0.0911174342527548,0.2273749586388904,0.14429746138486613,0.2273749586388904,0.14429746138486613,-0.4984855880495521,-0.29705983166251687,-0.4984855880495521,-0.29705983166251687,-0.7070981589588888,-0.48804019643334134,-0.7070981589588888,-0.48804019643334134,-0.5196172400612548,-0.29342575107471025,-0.5196172400612548,-0.29342575107471025,0.5744412483653286,0.49477778118988325,0.5744412483653286,0.49477778118988325,-0.0038208890434336,-0.1438729867496748,-0.1416090482372105,-0.1713535599512656,0.0230773020492917,0.0216195796861801,0.0460504286689242,0.0432202575292681,0.0,1.0,1.0,1.0
2022-08-01,103.92,104.43,99.09,100.03,388342.0,212845.0,-0.1097196900295518,0.0009936701629004,0.0315225342080936,0.018477298362094,1.0,train,0.088685,-0.1931612804370791,-0.05112688926088162,-0.1931612804370791,-0.0533596146723227,0.2870722005602094,-0.03725457762990478,0.2870722005602094,-0.03739000517593433,0.0387603143079164,0.0477548953233428,0.0387603143079164,0.04679815610116794,-0.1350296072044529,-0.05690563927758899,-0.1350296072044529,-0.056757600369464596,-0.1457745765162584,0.14274473414738714,-0.1457745765162584,0.14387640293550533,0.0084028014886868,0.18085120193273035,0.0084028014886868,0.17909904027813525,-0.0769684864872513,-0.0038208890434336,-0.1438729867496748,-0.1416090482372105,0.0448012461667108,0.0230773020492917,0.0216195796861801,0.0460504286689242,0.0,0.0,1.0,1.0
2022-08-02,99.87,102.41,98.49,100.54,374971.0,218390.0,-0.1568184075985161,0.0005494106188535,0.0234395097827057,0.0201003626794253,1.0,train,-0.177018,-0.2381710082748842,-0.14224901253971411,-0.2381710082748842,-0.14339533198804705,0.2502461521981068,0.10252567241688218,0.2502461521981068,0.10245614159636203,-0.4666078529788223,-0.20258392242740747,-0.4666078529788223,-0.20307512872252198,-0.0059590801958686,-0.03228258665863569,-0.0059590801958686,-0.03220658094892173,-0.2802597920992626,-0.0634044259783379,-0.2802597920992626,-0.06282340784944315,0.3616551636031949,0.2693299822182887,0.3616551636031949,0.26843039242950706,-0.1097196900295518,-0.0769684864872513,-0.0038208890434336,-0.1438729867496748,0.0315225342080936,0.0448012461667108,0.0230773020492917,0.0216195796861801,1.0,0.0,0.0,1.0
2022-08-03,99.73,102.41,96.5,96.78,353650.0,223728.0,-0.2127153216193251,0.0012743594980942,0.0356981721954254,0.0211891361562087,1.0,train,-0.214007,-0.2701337192176122,-0.20434084627212806,-0.2701337192176122,-0.2049293863007822,-0.2742153894650426,-0.08094177274005421,-0.2742153894650426,-0.08097747105360964,-0.3792827827534496,-0.28866824941766706,-0.3792827827534496,-0.2889204431385554,0.0313287945047399,-0.0013309876169487853,0.0313287945047399,-0.0012919649844374194,-0.1631293250043232,-0.11218315458773426,-0.1631293250043232,-0.11188484993389142,,0.13851575283341397,0.0,0.13805388803574659,-0.1568184075985161,-0.1097196900295518,-0.0769684864872513,-0.0038208890434336,0.0234395097827057,0.0315225342080936,0.0448012461667108,0.0230773020492917,1.0,1.0,0.0,0.0
2022-08-04,97.1,97.66,93.2,94.12,358931.0,229557.0,-0.1872322730622961,0.0007880840813559,0.0280728352924313,0.0233204141604887,1.0,train,-0.502574,-0.7759887584426034,-0.4829760712784756,-0.7759887584426034,-0.4829760712784756,,-0.041556891769589425,0.0,-0.041556891769589425,-0.7228679443616328,-0.5003905883562743,-0.7228679443616328,-0.5003905883562743,-0.5144559130093631,-0.251327770670112,-0.5144559130093631,-0.251327770670112,-0.5952597580959321,-0.3476090394905265,-0.5952597580959321,-0.3476090394905265,-0.274719430424159,-0.06272774768712588,-0.274719430424159,-0.06272774768712588,-0.2127153216193251,-0.1568184075985161,-0.1097196900295518,-0.0769684864872513,0.0356981721954254,0.0234395097827057,0.0315225342080936,0.0448012461667108,1.0,1.0,1.0,0.0
2022-08-05,93.65,96.4,92.78,94.92,339691.0,234973.0,-0.0794590500694187,0.0005283810915701,0.0229865415312992,0.0258455410248843,1.0,train,-0.189587,-0.486262905170643,-0.4848034047072757,-0.486262905170643,-0.4848034047072757,0.2308056105819016,0.0916061131880353,0.2308056105819016,0.0916061131880353,-0.2933203129316191,-0.39959104942092727,-0.2933203129316191,-0.39959104942092727,-0.1405532300559296,-0.19748688120670052,-0.1405532300559296,-0.19748688120670052,-0.6519514906559583,-0.4965601403773536,-0.6519514906559583,-0.4965601403773536,0.0351806002277085,-0.014845041586062912,0.0351806002277085,-0.014845041586062912,-0.1872322730622961,-0.2127153216193251,-0.1568184075985161,-0.1097196900295518,0.0280728352924313,0.0356981721954254,0.0234395097827057,0.0315225342080936,1.0,1.0,1.0,1.0
2022-08-08,94.51,96.82,93.01,96.65,325129.0,239451.0,-0.1019195272288193,0.0005813148883156,0.0241104725859047,0.032037695039342,1.0,train,0.098759,-0.0380445636703371,-0.20261206113725952,-0.0380445636703371,-0.20261206113725952,-0.2833435964450474,-0.12532721350686896,-0.2833435964450474,-0.12532721350686896,-0.1183054307146743,-0.20271210884761545,-0.1183054307146743,-0.20271210884761545,-0.4600641690522596,-0.33680185191741896,-0.4600641690522596,-0.33680185191741896,-0.5479229705428891,-0.42588475678591214,-0.5479229705428891,-0.42588475678591214,-0.242639951144594,-0.1767127054910764,-0.242639951144594,-0.1767127054910764,-0.0794590500694187,-0.1872322730622961,-0.2127153216193251,-0.1568184075985161,0.0229865415312992,0.0280728352924313,0.0356981721954254,0.0234395097827057,1.0,1.0,1.0,1.0
2022-08-09,96.36,98.4,94.9,96.31,308170.0,243543.0,-0.2451811436114725,0.0004730879156579,0.021750584260151,0.0357771516556659,1.0,train,0.031678,0.2278240974035743,0.006516353666817998,0.2278240974035743,0.006516353666817998,0.5145464442123593,0.18633474581359985,0.5145464442123593,0.18633474581359985,-0.1492670073633917,-0.17694107466522052,-0.1492670073633917,-0.17694107466522052,0.1237721619450877,-0.11268034180719784,0.1237721619450877,-0.11268034180719784,0.3518295003088017,-0.047699362522468584,0.3518295003088017,-0.047699362522468584,0.0186654162972127,-0.08187066965617927,0.0186654162972127,-0.08187066965617927,-0.1019195272288193,-0.0794590500694187,-0.1872322730622961,-0.2127153216193251,0.0241104725859047,0.0229865415312992,0.0280728352924313,0.0356981721954254,1.0,1.0,1.0,1.0
2022-08-10,96.34,97.97,93.63,97.4,295855.0,246833.0,-0.2252767979387533,0.0007404770019429,0.0272117070751354,0.0357891464523019,1.0,train,-0.142167,-0.0839476768483782,-0.037472113939918755,-0.0839476768483782,-0.037472113939918755,0.2055497655454076,0.1962351228317217,0.2055497655454076,0.1962351228317217,0.048194497844249,-0.06738310434922286,0.048194497844249,-0.06738310434922286,-0.3929609891258069,-0.24930375461219154,-0.3929609891258069,-0.24930375461219154,-0.5401093605139707,-0.2878709291057198,-0.5401093605139707,-0.2878709291057198,-0.7349805805556938,-0.4004317014880144,-0.7349805805556938,-0.4004317014880144,-0.2451811436114725,-0.1019195272288193,-0.0794590500694187,-0.1872322730622961,0.021750584260151,0.0241104725859047,0.0229865415312992,0.0280728352924313,1.0,1.0,1.0,1.0
2022-08-11,97.04,100.17,96.63,99.6,282667.0,250252.0,-0.0726008128631505,0.0004669007467093,0.0216078862156712,0.0358878951716544,0.0,train,-0.276987,-0.5880347320083761,-0.30561129253172165,-0.5880347320083761,-0.30561129253172165,-0.2814585523429853,-0.03655494848554089,-0.2814585523429853,-0.03655494848554089,-0.267951604637175,-0.165166473915873,-0.267951604637175,-0.165166473915873,-0.3865625170869469,-0.3162474768701001,-0.3865625170869469,-0.3162474768701001,-0.5063131199564376,-0.39438470469001347,-0.5063131199564376,-0.39438470469001347,-0.6777994151668121,-0.5358195492708702,-0.6777994151668121,-0.5358195492708702,-0.2252767979387533,-0.2451811436114725,-0.1019195272288193,-0.0794590500694187,0.0272117070751354,0.021750584260151,0.0241104725859047,0.0229865415312992,1.0,1.0,1.0,1.0
2022-08-12,99.33,100.38,96.94,98.15,271289.0,254372.0,-0.0135602158787984,0.00043856828151,0.0209420219059676,0.0349054548831556,0.0,train,-0.042404,-0.3738089168887133,-0.3388791887601834,-0.3738089168887133,-0.3388791887601834,-0.1163394486497904,-0.07560401482973407,-0.1163394486497904,-0.07560401482973407,-0.0760755797151611,-0.12157422787329987,-0.0760755797151611,-0.12157422787329987,-0.3788004486167489,-0.3469158552425447,-0.3788004486167489,-0.3469158552425447,-0.453422281532772,-0.42321874500858436,-0.453422281532772,-0.42321874500858436,-0.6184368669552907,-0.5766274090652153,-0.6184368669552907,-0.5766274090652153,-0.0726008128631505,-0.2252767979387533,-0.2451811436114725,-0.1019195272288193,0.0216078862156712,0.0272117070751354,0.021750584260151,0.0241104725859047,0.0,1.0,1.0,1.0
2022-09-01,95.18,95.68,91.81,92.36,391247.0,180383.0,-0.0797761565107944,0.0006148421452499,0.0247960106720809,0.0188708468834346,1.0,train,-0.297913,-0.2564647479490224,-0.09190070252412584,-0.2564647479490224,-0.09190070252412584,0.7595669344868525,0.6529067611994356,0.7595669344868525,0.6529067611994356,-0.5603390112142235,-0.4357154009202072,-0.5603390112142235,-0.4357154009202072,-0.4275988380307341,-0.08170374983205621,-0.4275988380307341,-0.08170374983205621,-0.6216053887874066,-0.16036977684713746,-0.6216053887874066,-0.16036977684713746,-0.3865687223578012,-0.20916353616776698,-0.3865687223578012,-0.20916353616776698,-0.0135602158787984,-0.0726008128631505,-0.2252767979387533,-0.2451811436114725,0.0209420219059676,0.0216078862156712,0.0272117070751354,0.021750584260151,0.0,0.0,1.0,1.0
2022-09-02,92.66,95.32,92.65,93.02,385625.0,188006.0,-0.0777411344684786,0.0002911242621589,0.017062363908877,0.0202431754546129,1.0,train,-0.02251,0.2976150059442068,0.09790122814384161,0.2976150059442068,0.09790122814384161,0.8484387265901756,0.7484958867344756,0.8484387265901756,0.7484958867344756,-0.8412278593351633,-0.6332592198781799,-0.8412278593351633,-0.6332592198781799,,-0.04175060072329263,0.0,-0.04175060072329263,-0.3374442500028068,-0.24688730053988386,-0.3374442500028068,-0.24688730053988386,-0.0481737318354801,-0.13051173557512138,-0.0481737318354801,-0.13051173557512138,-0.0797761565107944,-0.0135602158787984,-0.0726008128631505,-0.2252767979387533,0.0247960106720809,0.0209420219059676,0.0216078862156712,0.0272117070751354,1.0,0.0,0.0,1.0
2022-09-05,93.02,96.99,93.02,95.74,388416.0,195861.0,0.0086017523967996,0.0006299833230504,0.0250994685810371,0.0259276722652106,0.0,train,0.108205,-0.1475059155889038,-0.04829199247032953,-0.1475059155889038,-0.04829199247032953,0.1077564578734663,0.31881336421507595,0.1077564578734663,0.31881336421507595,-0.0951958787390948,-0.17414824168866955,-0.0951958787390948,-0.17414824168866955,-0.2446892672565363,-0.21282464310186128,-0.2446892672565363,-0.21282464310186128,0.104595918458275,0.2517122504690151,0.104595918458275,0.2517122504690151,0.1775714654284259,0.15824953425907942,0.1775714654284259,0.15824953425907942,-0.0777411344684786,-0.0797761565107944,-0.0135602158787984,-0.0726008128631505,0.017062363908877,0.0247960106720809,0.0209420219059676,0.0216078862156712,1.0,1.0,0.0,0.0
2022-09-06,95.19,95.94,92.3,92.83,362798.0,202714.0,-0.0812766265156827,0.0005395873461032,0.0232290194821736,0.0277072822600614,0.0,train,0.251534,0.4627179043903129,0.20043595146997373,0.4627179043903129,0.20043595146997373,,0.1634856706707129,0.0,0.1634856706707129,,-0.08953098791059637,0.0,-0.08953098791059637,-0.171042780464733,-0.19276394893626714,-0.171042780464733,-0.19276394893626714,0.3709099116618196,0.30973598969191257,0.3709099116618196,0.30973598969191257,0.7524679455553456,0.447656153509187,0.7524679455553456,0.447656153509187,0.0086017523967996,-0.0777411344684786,-0.0797761565107944,-0.0135602158787984,0.0250994685810371,0.017062363908877,0.0247960106720809,0.0209420219059676,0.0,1.0,1.0,0.0
2022-09-07,92.81,93.8,87.4,88.0,351728.0,210393.0,-0.1732846344138021,0.001801272780744,0.0424414040854452,0.0311226645216405,1.0,train,-0.027461,0.2319596495223335,0.2157048079532634,0.2319596495223335,0.2157048079532634,-0.1255602205782464,0.022463897720883263,-0.1255602205782464,0.022463897720883263,-0.4104976372082127,-0.24580554169553992,-0.4104976372082127,-0.24580554169553992,-0.4005566189058818,-0.29425469456657144,-0.4005566189058818,-0.29425469456657144,0.0400290732720394,0.17815653180797794,0.0400290732720394,0.17815653180797794,0.1018379231636439,0.27935612439895396,0.1018379231636439,0.27935612439895396,-0.0812766265156827,0.0086017523967996,-0.0777411344684786,-0.0797761565107944,0.0232290194821736,0.0250994685810371,0.017062363908877,0.0247960106720809,0.0,0.0,1.0,1.0
2022-09-08,87.7,89.83,87.24,89.15,329021.0,218362.0,-0.0807758613451898,0.0003087066911092,0.0175700509705935,0.0319302570538374,0.0,train,-0.342382,-0.1380609659177694,0.04363126048234092,-0.1380609659177694,0.04363126048234092,0.423823173626198,0.21788905172522374,0.423823173626198,0.21788905172522374,-0.778291855707582,-0.5050229821791403,-0.778291855707582,-0.5050229821791403,0.0331914225368232,-0.1347377763608647,0.0331914225368232,-0.1347377763608647,-0.1683392753647794,0.009002515487143337,-0.1683392753647794,0.009002515487143337,-0.0181377279834858,0.1343740780050655,-0.0181377279834858,0.1343740780050655,-0.1732846344138021,-0.0812766265156827,0.0086017523967996,-0.0777411344684786,0.0424414040854452,0.0232290194821736,0.0250994685810371,0.017062363908877,1.0,0.0,0.0,1.0
2022-09-09,88.62,93.12,88.6,92.84,303541.0,225810.0,-0.0366945741665363,0.0008929458613711,0.0298821997411698,0.0357593698985211,0.0,train,-0.019213,0.0537653660155697,0.048266879644788735,0.0537653660155697,0.048266879644788735,,0.11156737314013343,0.0,0.11156737314013343,-0.1441494713388905,-0.3296161785933041,-0.1441494713388905,-0.3296161785933041,-0.3506009064016096,-0.24043885331498902,-0.3506009064016096,-0.24043885331498902,0.7467301545544379,0.3683713242049179,0.7467301545544379,0.3683713242049179,-0.2236207883678706,-0.04039800852551397,-0.2236207883678706,-0.04039800852551397,-0.0807758613451898,-0.1732846344138021,-0.0812766265156827,0.0086017523967996,0.0175700509705935,0.0424414040854452,0.0232290194821736,0.0250994685810371,0.0,1.0,0.0,0.0
2022-09-12,92.54,95.17,91.21,94.0,264266.0,232050.0,-0.0432021384524663,0.0006514739046574,0.0255239868487948,0.0348840063701453,0.0,train,0.146896,,0.1092690440985269,0.0,0.1092690440985269,0.3719583968809338,0.23257825649330108,0.3719583968809338,0.23257825649330108,0.2329060357083085,0.05592186969329708,0.2329060357083085,0.05592186969329708,-0.425237374457945,-0.190942738746913,-0.425237374457945,-0.190942738746913,0.2688550422506162,0.2609677205576444,0.2688550422506162,0.2609677205576444,0.2514028331624607,0.2681077674991998,0.2514028331624607,0.2681077674991998,-0.0366945741665363,-0.0807758613451898,-0.1732846344138021,-0.0812766265156827,0.0298821997411698,0.0175700509705935,0.0424414040854452,0.0232290194821736,0.0,0.0,1.0,0.0
2022-10-03,86.35,89.82,86.35,88.86,445420.0,175658.0,-0.0853782638574101,0.0005598632060043,0.0236614286551838,0.0216324203879524,1.0,train,0.007936,0.4199250992662985,0.0680053340243614,0.4199250992662985,0.0680053340243614,-0.3026825502666384,-0.12203017087833307,-0.3026825502666384,-0.12203017087833307,-0.1355828158643816,-0.10710446875244856,-0.1355828158643816,-0.10710446875244856,-0.5065990149375356,-0.36600466742754884,-0.5065990149375356,-0.36600466742754884,0.5231925326129006,0.14274199601802015,0.5231925326129006,0.14274199601802015,-0.0290898060273064,-0.08341398184649565,-0.0290898060273064,-0.08341398184649565,-0.0432021384524663,-0.0366945741665363,-0.0807758613451898,-0.1732846344138021,0.0255239868487948,0.0298821997411698,0.0175700509705935,0.0424414040854452,0.0,0.0,0.0,1.0
2022-10-04,88.81,92.4,88.78,91.8,445516.0,188802.0,-0.0249582662327165,0.0005760852705331,0.0240017764036978,0.023409879030675,0.0,train,0.436792,0.6643172623950262,0.3587031900324868,0.6643172623950262,0.3587031900324868,,-0.06279838056686507,0.0,-0.06279838056686507,0.1462316327994139,0.01663305410158802,0.1462316327994139,0.01663305410158802,-0.2616331411245996,-0.3153195872093824,-0.2616331411245996,-0.3153195872093824,0.6076866695088919,0.36926226100219434,0.6076866695088919,0.36926226100219434,,-0.04276461422573944,0.0,-0.04276461422573944,-0.0853782638574101,-0.0432021384524663,-0.0366945741665363,-0.0807758613451898,0.0236614286551838,0.0255239868487948,0.0298821997411698,0.0175700509705935,1.0,0.0,0.0,0.0
2022-10-05,91.89,93.96,90.76,93.37,437941.0,202076.0,-0.0250660894685283,0.0004330455260957,0.0208097459402021,0.0260051866110095,0.0,train,0.0,,0.18436375697503235,0.6643172623950262,0.5080210616135192,,-0.032534816196269155,0.0,-0.032534816196269155,,0.008804352336110547,0.1462316327994139,0.08004882964219599,,-0.1616017887805987,-0.2616331411245996,-0.2890702169758838,,0.18933154306015662,0.6076866695088919,0.48539825794409536,,-0.0221823293798934,0.0,-0.0221823293798934,-0.0249582662327165,-0.0853782638574101,-0.0432021384524663,-0.0366945741665363,0.0240017764036978,0.0236614286551838,0.0255239868487948,0.0298821997411698,0.0,1.0,0.0,0.0
2022-10-06,93.71,94.98,92.72,94.42,428432.0,215988.0,0.0169830517062994,0.0002091726260351,0.014462801458749,0.0278390273967118,0.0,train,0.287736,0.376621670388377,0.2781374650848806,0.376621670388377,0.4443086659862265,,-0.016671131047141883,0.0,-0.016671131047141883,,0.004678699111081926,0.0,0.0412568333965552,,-0.08286833749538274,0.0,-0.14831281066701885,0.3076798247632903,0.24709966974552555,0.3076798247632903,0.3991053895426812,,-0.011481270023352457,0.0,-0.011481270023352457,-0.0250660894685283,-0.0249582662327165,-0.0853782638574101,-0.0432021384524663,0.0208097459402021,0.0240017764036978,0.0236614286551838,0.0255239868487948,0.0,0.0,1.0,0.0
2022-10-07,94.71,98.58,93.94,97.92,423722.0,230571.0,0.106814004285809,0.0008383531829521,0.028954329260961,0.0315574674177483,1.0,train,0.258046,0.3695088032401611,0.3231677135373232,0.3695088032401611,0.4084828527702783,,-0.008347195269975806,0.0,-0.008347195269975806,-0.1600958791916746,-0.07519318547672645,-0.1600958791916746,-0.05641334515229149,-0.2404351350999637,-0.15938679456009322,-0.2404351350999637,-0.1929871074324804,0.3260025780523362,0.2859491923951526,0.3260025780523362,0.3639915311298837,-0.0811869578444,-0.04523847457140813,-0.0811869578444,-0.04523847457140813,0.0169830517062994,-0.0250660894685283,-0.0249582662327165,-0.0853782638574101,0.014462801458749,0.0208097459402021,0.0240017764036978,0.0236614286551838,0.0,0.0,0.0,1.0
2022-10-10,98.75,98.75,95.6,96.19,406234.0,244870.0,-0.0125008084839652,0.0003790553435609,0.0194693436859334,0.0356646177910516,0.0,train,0.23411,0.4998682572068759,0.37980477667177376,0.4998682572068759,0.39135092520423675,0.3282665635753877,0.2171324132683606,0.3282665635753877,0.2171324132683606,0.3696034251502564,0.2168490691157533,0.3696034251502564,0.21939064412519907,0.344122543877975,0.1836016218189862,0.344122543877975,0.17905431395956287,0.5077880764622374,0.35592827209731187,0.5077880764622374,0.36649015411442437,0.298766795301125,0.2553817069887156,0.298766795301125,0.2553817069887156,0.106814004285809,0.0169830517062994,-0.0250660894685283,-0.0249582662327165,0.028954329260961,0.014462801458749,0.0208097459402021,0.0240017764036978,1.0,0.0,0.0,0.0
2022-10-11,95.93,96.46,93.11,94.29,391739.0,259272.0,-0.054787025112966,0.000450625081609,0.0212279316375632,0.0358132372772165,0.0,train,-0.064796,0.16847227387861,0.2772403352418901,0.16847227387861,0.28316832555734966,0.0411035692877084,0.1315495136955079,0.0411035692877084,0.1315495136955079,-0.240134500398597,-0.005577082213940954,-0.240134500398597,-0.00427219409478607,-0.2612587840085442,-0.03276666681047923,-0.2612587840085442,-0.03510133251101861,0.2960311584660237,0.3271880389102893,0.2960311584660237,0.3326106899470773,-0.191971754929952,0.03765148186533038,-0.191971754929952,0.03765148186533038,-0.0125008084839652,0.106814004285809,0.0169830517062994,-0.0250660894685283,0.0194693436859334,0.028954329260961,0.014462801458749,0.0208097459402021,0.0,1.0,0.0,0.0
2022-10-12,93.72,95.17,91.56,92.45,376228.0,273234.0,-0.0166268244368703,0.0005393478835175,0.0232238645259039,0.0348891398115869,0.0,train,-0.111638,-0.0760636163526905,0.10557241075020726,-0.0760636163526905,0.10861594245962361,-0.0200502043313815,0.057783108958221266,-0.0200502043313815,0.057783108958221266,-0.7411048262933709,-0.3639595931365909,-0.7411048262933709,-0.3632896412377945,-0.5970003197614036,-0.3075910633515546,-0.5970003197614036,-0.3087897206894297,0.1470803851537852,0.23980202105814757,0.1470803851537852,0.24258610293097438,0.1986283394155183,0.11615885728045552,0.1986283394155183,0.11615885728045552,-0.054787025112966,-0.0125008084839652,0.106814004285809,0.0169830517062994,0.0212279316375632,0.0194693436859334,0.028954329260961,0.014462801458749,0.0,0.0,1.0,0.0
2022-11-01,92.67,95.55,92.33,94.65,446016.0,274438.0,0.0244918931690376,0.0004238480936409,0.0205875713390603,0.0189472229135784,0.0,train,-0.151385,-0.1948753045349835,-0.12504547907985158,-0.1948753045349835,-0.12504547907985158,-0.2426813577872871,-0.20395934410425365,-0.2426813577872871,-0.20395934410425365,-0.2540944305712962,-0.13197114825648712,-0.2540944305712962,-0.13197114825648712,-0.4225428972317025,-0.30837569437906764,-0.4225428972317025,-0.30837569437906764,0.0122629217049212,0.2426291832706198,0.0122629217049212,0.2426291832706198,-0.0371845018021734,0.1528114841170523,-0.0371845018021734,0.1528114841170523,-0.0166268244368703,-0.054787025112966,-0.0125008084839652,0.106814004285809,0.0232238645259039,0.0212279316375632,0.0194693436859334,0.028954329260961,0.0,0.0,0.0,1.0
2022-11-02,94.85,96.5,94.01,96.16,441657.0,278800.0,0.0331989469909466,0.0002464830974822,0.0156997801730564,0.0200963406426262,0.0,train,0.018042,-0.0714549903266185,-0.09884298066999356,-0.0714549903266185,-0.09884298066999356,-0.0375290580476576,-0.12305036700026845,-0.0375290580476576,-0.12305036700026845,0.0702944489852821,-0.03351740497616826,0.0702944489852821,-0.03351740497616826,0.2725453818747292,-0.0253399346585933,0.2725453818747292,-0.0253399346585933,-0.2335259305937461,0.010754285336041417,-0.2335259305937461,0.010754285336041417,-0.3678486134452026,-0.10079060051689061,-0.3678486134452026,-0.10079060051689061,0.0244918931690376,-0.0166268244368703,-0.054787025112966,-0.0125008084839652,0.0205875713390603,0.0232238645259039,0.0212279316375632,0.0194693436859334,0.0,0.0,0.0,0.0
2022-11-03,95.36,95.98,94.19,94.67,426993.0,283497.0,0.0633350626330369,0.0001278268952374,0.0113060556887648,0.0218035103711652,0.0,train,0.096956,0.2858966702740185,0.08834943840610064,0.2858966702740185,0.08834943840610064,-0.2889555259329942,-0.20410973759398804,-0.2889555259329942,-0.20410973759398804,0.291357976260712,0.12485949249807853,0.291357976260712,0.12485949249807853,0.2045032948941967,0.08664875718386282,0.2045032948941967,0.08664875718386282,0.1960159360759324,0.10072729306573319,0.1960159360759324,0.10072729306573319,-0.2703353450342813,-0.18370472416148828,-0.2703353450342813,-0.18370472416148828,0.0331989469909466,0.0244918931690376,-0.0166268244368703,-0.054787025112966,0.0156997801730564,0.0205875713390603,0.0232238645259039,0.0212279316375632,0.0,0.0,0.0,0.0
2022-11-04,94.58,98.81,94.33,98.57,426884.0,288906.0,0.0711546580509026,0.000776500834158,0.0278657645536245,0.0234816613514148,1.0,train,-0.105936,-0.1276310951171941,-0.01673490548727448,-0.1276310951171941,-0.01673490548727448,0.3444197363741897,0.06322879233845365,0.3444197363741897,0.06322879233845365,-0.2570565618283203,-0.06092101019639533,-0.2570565618283203,-0.06092101019639533,-0.3000350554752892,-0.10139777592166041,-0.3000350554752892,-0.10139777592166041,-0.2438693762231425,-0.06729019050018124,-0.2438693762231425,-0.06729019050018124,-0.0620584627680275,-0.12471875893034032,-0.0620584627680275,-0.12471875893034032,0.0633350626330369,0.0331989469909466,0.0244918931690376,-0.0166268244368703,0.0113060556887648,0.0156997801730564,0.0205875713390603,0.0232238645259039,0.0,0.0,0.0,0.0
2022-11-07,97.31,99.56,96.5,97.92,406555.0,293174.0,0.0,0.0003514875367529,0.0187480008735055,0.0317499059294697,0.0,train,-0.053806,-0.3358984050257407,-0.15772684760108083,-0.3358984050257407,-0.15772684760108083,-0.1073453402833053,0.07044796652263803,-0.1073453402833053,0.07044796652263803,-0.2635264148988089,-0.1840906561695974,-0.2635264148988089,-0.1840906561695974,-0.6076414618057024,-0.458181663174633,-0.6076414618057024,-0.458181663174633,-0.1850981304533372,-0.2698875212574033,-0.1850981304533372,-0.2698875212574033,-0.2272942571888029,-0.05683600692475968,-0.2272942571888029,-0.05683600692475968,0.0711546580509026,0.0633350626330369,0.0331989469909466,0.0244918931690376,0.0278657645536245,0.0113060556887648,0.0156997801730564,0.0205875713390603,1.0,0.0,0.0,0.0
2022-11-08,98.24,98.3,95.0,95.36,386387.0,296386.0,0.06733885900789,0.0004205552944413,0.0205074448540361,0.0318502599354404,0.0,train,-0.086978,-0.4066473712811184,-0.27875106786545034,-0.4066473712811184,-0.27875106786545034,-0.2756377418390132,-0.09788813205346517,-0.2756377418390132,-0.09788813205346517,-0.0669230350800385,-0.12695012031667363,-0.0669230350800385,-0.12695012031667363,-0.4658051546289209,-0.4620540965527268,-0.4658051546289209,-0.4620540965527268,0.565741956797226,0.13709023465092507,0.565741956797226,0.13709023465092507,-0.4004630264197673,-0.2241857763615008,-0.4004630264197673,-0.2241857763615008,0.0,0.0711546580509026,0.0633350626330369,0.0331989469909466,0.0187480008735055,0.0278657645536245,0.0113060556887648,0.0156997801730564,0.0,1.0,0.0,0.0
2022-11-09,95.17,95.65,92.33,92.65,368749.0,299379.0,-0.0020486286748671,0.0004501090449056,0.0212157734929859,0.0358993439428372,0.0,train,-0.407976,-0.5494458024737549,-0.41110314202558135,-0.5494458024737549,-0.41110314202558135,0.0066946999304934,-0.04682938180118141,0.0066946999304934,-0.04682938180118141,-0.4717528968861227,-0.29508203250740245,-0.4717528968861227,-0.29508203250740245,-0.4954360225078893,-0.47878385595351103,-0.4954360225078893,-0.47878385595351103,-0.5331818964159432,-0.18991159121298187,-0.5331818964159432,-0.18991159121298187,0.5517772856761735,0.15351943404583218,0.5517772856761735,0.15351943404583218,0.06733885900789,0.0,0.0711546580509026,0.0633350626330369,0.0205074448540361,0.0187480008735055,0.0278657645536245,0.0113060556887648,0.0,0.0,1.0,0.0
2022-11-10,92.53,94.32,91.73,93.67,360227.0,303376.0,-0.0265474349434846,0.0002796216745459,0.0167218920743429,0.0356223454843689,0.0,train,-0.303954,-0.3786816992814629,-0.39548578011831903,-0.3786816992814629,-0.39548578011831903,0.1517873693240832,0.04996812135906055,0.1517873693240832,0.04996812135906055,-0.3429308379940226,-0.3185614492878057,-0.3429308379940226,-0.3185614492878057,-0.7463200280455077,-0.6091602280340194,-0.7463200280455077,-0.6091602280340194,0.0261719650371338,-0.08507418643086209,0.0261719650371338,-0.08507418643086209,-0.5613241389781443,-0.19496181900856221,-0.5613241389781443,-0.19496181900856221,-0.0020486286748671,0.06733885900789,0.0,0.0711546580509026,0.0212157734929859,0.0205074448540361,0.0187480008735055,0.0278657645536245,0.0,0.0,0.0,1.0
2022-11-11,93.84,96.92,93.69,95.99,347843.0,308266.0,0.0178688798978594,0.0004143538425088,0.0203556832975176,0.0357840322088704,0.0,train,-0.15649,-0.5259865738919689,-0.4591905315375039,-0.5259865738919689,-0.4591905315375039,-0.0422261038722881,0.005232278087673759,-0.0422261038722881,0.005232278087673759,-0.2945005258801936,-0.30687886888478083,-0.2945005258801936,-0.30687886888478083,-0.7477530289929079,-0.676798752734589,-0.7477530289929079,-0.676798752734589,-0.8190961297849332,-0.4427521666171004,-0.8190961297849332,-0.4427521666171004,-0.3984058600507358,-0.29417817501610954,-0.3984058600507358,-0.29417817501610954,-0.0265474349434846,-0.0020486286748671,0.06733885900789,0.0,0.0167218920743429,0.0212157734929859,0.0205074448540361,0.0187480008735055,0.0,0.0,0.0,0.0
2022-12-01,86.78,89.37,86.26,86.88,387539.0,215092.0,-0.0856580214697073,0.0004524688775046,0.0212713158385802,0.0187448018508198,1.0,train,-0.041253,0.2856584142665501,0.12001415635607919,0.2856584142665501,0.12001415635607919,-0.2055966397118733,-0.028600059639073215,-0.2055966397118733,-0.028600059639073215,-0.0370227491048465,-0.16374349313859476,-0.0370227491048465,-0.16374349313859476,0.169305086089986,-0.10128372794137086,0.169305086089986,-0.10128372794137086,0.1180491837778251,0.12659810991721962,0.1180491837778251,0.12659810991721962,0.5017944503918408,0.29944543361623954,0.5017944503918408,0.29944543361623954,0.0178688798978594,-0.0265474349434846,-0.0020486286748671,0.06733885900789,0.0203556832975176,0.0167218920743429,0.0212157734929859,0.0205074448540361,0.0,0.0,0.0,0.0
2022-12-02,86.9,87.91,85.16,85.57,367550.0,216406.0,-0.116678716356934,0.0003643086195945,0.019086870345727,0.0199455385616638,1.0,train,0.112258,0.4105855850128228,0.26198923411077674,0.4105855850128228,0.26198923411077674,0.313087454792728,0.13781111085465292,0.313087454792728,0.13781111085465292,-0.14004021045858,-0.15188165184103902,-0.14004021045858,-0.15188165184103902,0.1682738637536204,0.030387803645891744,0.1682738637536204,0.030387803645891744,0.0377944290168359,0.08360831337728254,0.0377944290168359,0.08360831337728254,0.1170216005240333,0.21060380667806317,0.1170216005240333,0.21060380667806317,-0.0856580214697073,0.0178688798978594,-0.0265474349434846,-0.0020486286748671,0.0212713158385802,0.0203556832975176,0.0167218920743429,0.0212157734929859,1.0,0.0,0.0,0.0
2022-12-05,85.73,88.44,82.52,82.68,356416.0,218553.0,-0.1215923596822667,0.0017313157856423,0.041609082970457,0.0260351659942119,1.0,train,-0.181907,-0.2788363771182972,-0.21152233566393017,-0.2788363771182972,-0.21152233566393017,,0.11178980184658126,0.0,0.11178980184658126,,-0.013386327390822223,0.0,-0.013386327390822223,,-0.0010239773727235679,0.0,-0.0010239773727235679,-0.2074203488954269,-0.19670323340196827,-0.2074203488954269,-0.19670323340196827,-0.802118588129663,-0.40450193249572486,-0.802118588129663,-0.40450193249572486,-0.116678716356934,-0.0856580214697073,0.0178688798978594,-0.0265474349434846,0.019086870345727,0.0212713158385802,0.0203556832975176,0.0167218920743429,1.0,1.0,0.0,0.0
2022-12-06,83.28,83.69,78.7,79.35,353789.0,222726.0,-0.1738844681457223,0.0013631089334982,0.0369203051652911,0.0277484590861879,1.0,train,0.155774,0.3267783963317066,0.0503757611518713,0.3267783963317066,0.0503757611518713,-0.1601283931778485,-0.02075014814575503,-0.1601283931778485,-0.02075014814575503,-0.0263762147994023,-0.01970620860924843,-0.0263762147994023,-0.01970620860924843,,-0.00023968231919964955,0.0,-0.00023968231919964955,0.1571793603272962,-0.024468724359793182,0.1571793603272962,-0.024468724359793182,-0.0217473244750401,-0.21803343388278468,-0.0217473244750401,-0.21803343388278468,-0.1215923596822667,-0.116678716356934,-0.0856580214697073,0.0178688798978594,0.041609082970457,0.019086870345727,0.0212713158385802,0.0203556832975176,1.0,1.0,1.0,0.0
2022-12-07,79.76,80.49,76.91,77.17,342732.0,227909.0,-0.238140038294504,0.000746587902295,0.0273237607641225,0.0318111229755995,1.0,train,-0.333507,-0.0562381627896547,-0.0012951305405065814,-0.0562381627896547,-0.0012951305405065814,-0.0022975504930606,-0.011914745051032285,-0.0022975504930606,-0.011914745051032285,-0.5579881644704933,-0.28191675832522983,-0.5579881644704933,-0.28191675832522983,-0.2872610913462752,-0.13993008551151398,-0.2872610913462752,-0.13993008551151398,0.1903775272143817,0.08021743595278726,0.1903775272143817,0.08021743595278726,-0.3483948865488639,-0.2817240161965667,-0.3483948865488639,-0.2817240161965667,-0.1738844681457223,-0.1215923596822667,-0.116678716356934,-0.0856580214697073,0.0369203051652911,0.041609082970457,0.019086870345727,0.0212713158385802,1.0,1.0,1.0,1.0
2022-12-08,77.46,79.17,75.74,76.15,321966.0,232570.0,-0.224954123975869,0.0007075316095182,0.026599466338974,0.0318493983925672,1.0,train,-0.344362,-0.2100408424286207,-0.10298129917318942,-0.2100408424286207,-0.10298129917318942,0.0998735019329443,0.04254933749877491,0.0998735019329443,0.04254933749877491,-0.4309797775991995,-0.35479022581658015,-0.4309797775991995,-0.35479022581658015,-0.229731449032411,-0.18350721546221224,-0.229731449032411,-0.18350721546221224,-0.6626793804667983,-0.28158388030418385,-0.6626793804667983,-0.28158388030418385,-0.2402521225011904,-0.2618361268580249,-0.2402521225011904,-0.2618361268580249,-0.238140038294504,-0.1738844681457223,-0.1215923596822667,-0.116678716356934,0.0273237607641225,0.0369203051652911,0.041609082970457,0.019086870345727,1.0,1.0,1.0,1.0
2022-12-09,76.63,77.48,75.11,76.1,305101.0,237613.0,-0.196780687863729,0.0003480879085835,0.0186571141547556,0.0359465806623734,1.0,train,-0.090725,0.1810589418319736,0.03553512566914723,0.1810589418319736,0.03553512566914723,0.5005192585319486,0.26576068575953027,0.5005192585319486,0.26576068575953027,-0.3206342632197073,-0.3380043898281916,-0.3206342632197073,-0.3380043898281916,-0.4561667310984255,-0.316310566083382,-0.4561667310984255,-0.316310566083382,0.0603415795197525,-0.11528755060313164,0.0603415795197525,-0.11528755060313164,-0.0743069976524242,-0.17050350115233898,-0.0743069976524242,-0.17050350115233898,-0.224954123975869,-0.238140038294504,-0.1738844681457223,-0.1215923596822667,0.026599466338974,0.0273237607641225,0.0369203051652911,0.041609082970457,1.0,1.0,1.0,1.0
2022-12-12,76.88,78.59,75.26,77.99,285950.0,243377.0,-0.1700873444907271,0.0006760886916824,0.0260017055533379,0.0349145210872137,1.0,train,0.1009,0.2418093975820796,0.30461505853164195,0.2418093975820796,0.30461505853164195,0.173961566404661,0.32392547867530136,0.173961566404661,0.32392547867530136,-0.1778097157173339,-0.2525381234579525,-0.1778097157173339,-0.2525381234579525,-0.1257602777015276,-0.17630523004171877,-0.1257602777015276,-0.17630523004171877,0.0849773046081798,0.12976417006751553,0.0849773046081798,0.12976417006751553,0.1877130923468285,0.2572119108856676,0.1877130923468285,0.2572119108856676,-0.196780687863729,-0.224954123975869,-0.238140038294504,-0.1738844681457223,0.0186571141547556,0.026599466338974,0.0273237607641225,0.0369203051652911,1.0,1.0,1.0,1.0
2023-01-02,,,,85.91,433318.0,201173.0,0.0853725263555853,,,0.033607182977877,0.0,train,0.12714,,-0.023770321218923526,0.0,-0.023770321218923526,0.568314482763164,0.2057191347235325,0.568314482763164,0.2057191347235325,-0.0536632201461104,-0.10229256049452445,-0.0536632201461104,-0.10229256049452445,,-0.10505498374363516,0.0,-0.10505498374363516,,-0.027884595854216532,0.0,-0.027884595854216532,-0.0967894646451069,-0.08704285012667899,-0.0967894646451069,-0.08704285012667899,-0.1700873444907271,-0.196780687863729,-0.224954123975869,-0.238140038294504,0.0260017055533379,0.0186571141547556,0.026599466338974,0.0273237607641225,1.0,1.0,1.0,1.0
2023-01-03,85.96,87.0,81.78,82.1,421266.0,210194.0,-0.0562444762287315,0.001380863145899,0.0371599669792516,,,train,0.034854,0.24421852432784,0.10646016123563082,0.24421852432784,0.10646016123563082,0.2639530111015004,0.2338718110603794,0.2639530111015004,0.2338718110603794,-0.0089633931309694,-0.05690456524435638,-0.0089633931309694,-0.05690456524435638,0.2374372944399649,0.061743225979815575,0.2374372944399649,0.061743225979815575,0.1851172961514395,0.07546737244201222,0.1851172961514395,0.07546737244201222,0.1354155652327474,0.021138783114598256,0.1354155652327474,0.021138783114598256,0.0853725263555853,-0.1700873444907271,-0.196780687863729,-0.224954123975869,,0.0260017055533379,0.0186571141547556,0.026599466338974,0.0,1.0,1.0,1.0
2023-01-04,82.31,82.72,77.72,77.84,402184.0,219871.0,-0.086700862872127,0.0014020727689527,0.0374442621632839,,,train,-0.133568,-0.2388689541185826,-0.06174837398931871,-0.2388689541185826,-0.06174837398931871,0.332978491305721,0.2822373690139936,0.332978491305721,0.2822373690139936,-0.43662508006597,-0.24192524363945309,-0.43662508006597,-0.24192524363945309,-0.3151114907982207,-0.12168453923949815,-0.3151114907982207,-0.12168453923949815,-0.7858672568468469,-0.34413057493198346,-0.7858672568468469,-0.34413057493198346,0.1537304185026715,0.08576395962183418,0.1537304185026715,0.08576395962183418,-0.0562444762287315,0.0853725263555853,-0.1700873444907271,-0.196780687863729,0.0371599669792516,,0.0260017055533379,0.0186571141547556,,0.0,1.0,1.0
2023-01-05,78.16,79.97,77.61,78.69,389299.0,230035.0,0.0084227144182227,0.0003236393343854,0.0179899787210938,,,train,-0.327179,-0.7300660699249718,-0.387392987397018,-0.7300660699249718,-0.387392987397018,0.4278725664992256,0.3531220511882055,0.4278725664992256,0.3531220511882055,-0.6198030565397179,-0.4260644463921634,-0.6198030565397179,-0.4260644463921634,-0.5391443919513557,-0.3251279959822198,-0.5391443919513557,-0.3251279959822198,-0.8330935901123617,-0.5822885053263135,-0.8330935901123617,-0.5822885053263135,,0.04384442149336057,0.0,0.04384442149336057,-0.086700862872127,-0.0562444762287315,0.0853725263555853,-0.1700873444907271,0.0374442621632839,0.0371599669792516,,0.0260017055533379,,,0.0,1.0
2023-01-06,78.8,80.59,78.05,78.57,382520.0,240668.0,0.0175904901569996,0.0003699055099829,0.0192329277538004,,,train,0.037568,-0.0777993007018599,-0.2369067992902921,-0.0777993007018599,-0.2369067992902921,0.3566553117143003,0.3547661826905329,0.3566553117143003,0.3547661826905329,-0.2173934552227452,-0.32476294179676174,-0.2173934552227452,-0.32476294179676174,-0.1412126204631894,-0.23571068225175706,-0.1412126204631894,-0.23571068225175706,-0.5269693902724166,-0.555679455509081,-0.5269693902724166,-0.555679455509081,-0.5970001158362922,-0.2686176353088292,-0.5970001158362922,-0.2686176353088292,0.0084227144182227,-0.086700862872127,-0.0562444762287315,0.0853725263555853,0.0179899787210938,0.0374442621632839,0.0371599669792516,,,,,0.0
2023-01-09,78.42,81.37,78.42,79.65,362478.0,251152.0,0.0490161784092908,0.0004918334634103,0.0221773186704419,,,train,0.179477,,-0.001547535983302556,0.0,-0.001547535983302556,0.6653763661393183,0.31035507368265597,0.6653763661393183,0.31035507368265597,0.0045952009433151,-0.021470700401630217,0.0045952009433151,-0.021470700401630217,-0.6797977012473689,-0.5312093471608488,-0.6797977012473689,-0.5312093471608488,-0.3461924819900721,-0.21367064083852802,-0.3461924819900721,-0.21367064083852802,0.0792207320469182,0.056905972148842084,0.0792207320469182,0.056905972148842084,0.0175904901569996,0.0084227144182227,-0.086700862872127,-0.0562444762287315,0.0192329277538004,0.0179899787210938,0.0374442621632839,0.0371599669792516,,,,
2023-01-10,79.54,80.89,78.81,80.1,344044.0,261480.0,0.0011242272122808,0.0002447600282962,0.0156448083496162,0.0201747769270186,0.0,train,0.626702,,-0.0006852471489911775,0.0,-0.0006852471489911775,0.7766329028860253,0.5380133292649268,0.7766329028860253,0.5380133292649268,0.7891386580888913,0.37359388499730667,0.7891386580888913,0.37359388499730667,,-0.27243650100460876,0.0,-0.27243650100460876,,-0.10970216484116477,0.0,-0.10970216484116477,0.4154543214637674,0.23188413970011226,0.4154543214637674,0.23188413970011226,0.0490161784092908,0.0175904901569996,0.0084227144182227,-0.086700862872127,0.0221773186704419,0.0192329277538004,0.0179899787210938,0.0374442621632839,,,,
2023-01-11,79.52,83.0,79.31,82.67,318352.0,270750.0,0.0151130237855436,0.0007459099353486,0.0273113517671429,0.0185375506612401,0.0,train,-0.14513,-0.4148360007014842,-0.20246112510365905,-0.4148360007014842,-0.20246112510365905,0.4028697266915289,0.47249996376290215,0.4028697266915289,0.47249996376290215,-0.1244694431506276,0.1312197511618122,-0.1244694431506276,0.1312197511618122,-0.494698419812726,-0.38086672275661293,-0.494698419812726,-0.38086672275661293,,-0.056322969424389316,0.0,-0.056322969424389316,-0.3778579616933183,-0.06506860044654313,-0.3778579616933183,-0.06506860044654313,0.0011242272122808,0.0490161784092908,0.0175904901569996,0.0084227144182227,0.0156448083496162,0.0221773186704419,0.0192329277538004,0.0179899787210938,0.0,,,
2023-01-12,82.88,84.62,82.37,84.03,302701.0,280432.0,0.1000458786997819,0.0002619456631462,0.0161847354981855,0.0176815315660185,1.0,train,-0.062911,-0.3329323642661729,-0.2661526248901156,-0.3329323642661729,-0.2661526248901156,-0.3192897163593685,0.0866783180638709,-0.3192897163593685,0.0866783180638709,0.0391776700839159,0.08649121440083914,0.0391776700839159,0.08649121440083914,-0.4330254480367569,-0.40651475472657383,-0.4330254480367569,-0.40651475472657383,-0.2300699094770767,-0.14100790652609455,-0.2300699094770767,-0.14100790652609455,-0.4346055780153913,-0.2450884240426764,-0.4346055780153913,-0.2450884240426764,0.0151130237855436,0.0011242272122808,0.0490161784092908,0.0175904901569996,0.0273113517671429,0.0156448083496162,0.0221773186704419,0.0192329277538004,0.0,0.0,,
2023-02-01,85.56,86.21,82.37,82.84,487095.0,226858.0,0.0603304231849772,0.0007488160559673,0.0273645035761176,0.0346617464146979,0.0,train,-0.05993,-0.1745497172831706,-0.09897677463915186,-0.1745497172831706,-0.09897677463915186,0.6101702039328305,0.40383199627876915,0.6101702039328305,0.40383199627876915,-0.2085349356766085,-0.0928829953184308,-0.2085349356766085,-0.0928829953184308,-0.0268169571390553,-0.14088044131655658,-0.0268169571390553,-0.14088044131655658,0.1481501439040814,0.03583916260466037,0.1481501439040814,0.03583916260466037,0.3491516001355956,0.1116710741824204,0.3491516001355956,0.1116710741824204,0.1000458786997819,0.0151130237855436,0.0011242272122808,0.0490161784092908,0.0161847354981855,0.0273113517671429,0.0156448083496162,0.0221773186704419,1.0,0.0,0.0,
2023-02-02,83.34,83.61,81.25,82.17,478407.0,238571.0,-0.0445099647068687,0.0002956836365068,0.0171954539488439,,,train,-0.064186,-0.5458182475027465,-0.3166311281223133,-0.5458182475027465,-0.3166311281223133,0.3022874144944337,0.35459345945040155,0.3022874144944337,0.35459345945040155,-0.0365957462536249,-0.06549739118836272,-0.0365957462536249,-0.06549739118836272,-0.7494245472318939,-0.4371844348489446,-0.7494245472318939,-0.4371844348489446,-0.0023946108177024,0.017748184331999668,-0.0023946108177024,0.017748184331999668,-0.1785829049347624,-0.029627221218365533,-0.1785829049347624,-0.029627221218365533,0.0603304231849772,0.1000458786997819,0.0151130237855436,0.0011242272122808,0.0273645035761176,0.0161847354981855,0.0273113517671429,0.0156448083496162,0.0,1.0,0.0,0.0
2023-02-03,82.27,84.2,79.62,79.94,460107.0,249961.0,-0.0266616631752052,0.0011282310074606,0.0335891501449602,,,train,0.099199,0.0439168568394695,-0.14119831756503928,0.0439168568394695,-0.14119831756503928,0.4600553076240206,0.4062428668896016,0.4600553076240206,0.4062428668896016,0.0532652032192421,-0.00783170098683284,0.0532652032192421,-0.00783170098683284,-0.4719329265349584,-0.4540657873030067,-0.4719329265349584,-0.4540657873030067,0.318520348669922,0.16432419314303626,0.318520348669922,0.16432419314303626,-0.1004183131480958,-0.06447640524160325,-0.1004183131480958,-0.06447640524160325,-0.0445099647068687,0.0603304231849772,0.1000458786997819,0.0151130237855436,0.0171954539488439,0.0273645035761176,0.0161847354981855,0.0273113517671429,,0.0,1.0,0.0
2023-02-06,79.61,81.43,79.1,80.99,447551.0,260970.0,0.0303357430731683,0.0003039729721803,0.0174348206810501,,,train,0.222831,,-0.12225765257416073,0.0,-0.12225765257416073,-0.2452966286068445,-0.09307721814239084,-0.2452966286068445,-0.09307721814239084,,-0.12709989510551548,0.0,-0.12709989510551548,,-0.17836391982153843,0.0,-0.17836391982153843,-0.686494013286749,-0.3004874599386159,-0.686494013286749,-0.3004874599386159,0.3310122256156335,0.15211087670636603,0.3310122256156335,0.15211087670636603,-0.0266616631752052,-0.0445099647068687,0.0603304231849772,0.1000458786997819,0.0335891501449602,0.0171954539488439,0.0273645035761176,0.0161847354981855,,,0.0,1.0
2023-02-07,81.26,84.13,81.19,83.69,430872.0,272328.0,0.1190085443210691,0.0004563625368842,0.0213626434900794,,,train,0.080883,0.1769756754244959,0.023396950339745756,0.1769756754244959,0.023396950339745756,-0.2056514824479821,-0.14811782731713116,-0.2056514824479821,-0.14811782731713116,0.3099599085456818,0.08546374356249974,0.3099599085456818,0.08546374356249974,-0.1289709780700297,-0.15401514298445954,-0.1289709780700297,-0.15401514298445954,0.1892566844922407,-0.061898745894278705,0.1892566844922407,-0.061898745894278705,-0.0263976557679871,0.06513725371174864,-0.0263976557679871,0.06513725371174864,0.0303357430731683,-0.0266616631752052,-0.0445099647068687,0.0603304231849772,0.0174348206810501,0.0335891501449602,0.0171954539488439,0.0273645035761176,,,,0.0
2023-02-08,84.11,85.15,83.51,85.09,421498.0,283545.0,0.1389689791476582,0.0001364160340418,0.0116797274814898,,,train,0.260474,0.634324797441437,0.321105086567202,0.634324797441437,0.321105086567202,0.4370844680971526,0.13686244565746997,0.4370844680971526,0.13686244565746997,0.479206340785623,0.27734890402685103,0.479206340785623,0.27734890402685103,0.2790339849433678,0.05727463682215561,0.2790339849433678,0.05727463682215561,-0.2850855723218203,-0.17067439675356544,-0.2850855723218203,-0.17067439675356544,0.3378603836572416,0.19816212644122552,0.3378603836572416,0.19816212644122552,0.1190085443210691,0.0303357430731683,-0.0266616631752052,-0.0445099647068687,0.0213626434900794,0.0174348206810501,0.0335891501449602,0.0171954539488439,,,,
2023-02-09,84.96,85.5,83.05,84.5,405487.0,294134.0,0.0591094980070705,0.0003048669694758,0.0174604401283555,,,train,0.104287,-0.2704337524619292,0.03310473678705356,-0.2704337524619292,0.03310473678705356,-0.1067157887062714,0.018259341407557573,-0.1067157887062714,0.018259341407557573,0.2226678330034928,0.25105047199458663,0.2226678330034928,0.25105047199458663,-0.1207579063234878,-0.029176345265636842,-0.1207579063234878,-0.029176345265636842,,-0.08762715707384114,0.0,-0.08762715707384114,-0.5068410906392037,-0.1450012795224527,-0.5068410906392037,-0.1450012795224527,0.1389689791476582,0.1190085443210691,0.0303357430731683,-0.0266616631752052,0.0116797274814898,0.0213626434900794,0.0174348206810501,0.0335891501449602,,,,
2023-02-10,84.22,86.9,83.93,86.39,389746.0,304654.0,0.0755960742964791,0.0004361608507927,0.020884464340576,0.020158438368308,1.0,train,-0.030333,0.155584826306521,0.0928078427276252,0.155584826306521,0.0928078427276252,0.3395279302441257,0.1745663958022641,0.3395279302441257,0.1745663958022641,0.3060398907142969,0.2779459018194588,0.3060398907142969,0.2779459018194588,-0.1396025207028136,-0.08299438971975126,-0.1396025207028136,-0.08299438971975126,-0.2907612364895932,-0.18659628616293442,-0.2907612364895932,-0.18659628616293442,0.0522399517146089,-0.04896804255706552,0.0522399517146089,-0.04896804255706552,0.0591094980070705,0.1389689791476582,0.1190085443210691,0.0303357430731683,0.0174604401283555,0.0116797274814898,0.0213626434900794,0.0174348206810501,,,,
2023-03-01,83.05,84.49,82.61,84.31,491516.0,285662.0,0.0175894454072009,0.0001826307859815,0.0135140958255273,0.0347054211397404,0.0,train,0.08084,-0.2446262718610524,-0.08552263567532027,-0.2446262718610524,-0.08552263567532027,-0.0443853840708287,0.058920743005576606,-0.0443853840708287,0.058920743005576606,0.2071069955244305,0.016592166771326387,0.2071069955244305,0.016592166771326387,-0.2428125133669804,-0.22667317001333623,-0.2428125133669804,-0.22667317001333623,,-0.13241512300690655,0.0,-0.13241512300690655,0.1239465901588969,0.08035959683936172,0.1239465901588969,0.08035959683936172,0.0755960742964791,0.0591094980070705,0.1389689791476582,0.1190085443210691,0.020884464340576,0.0174604401283555,0.0116797274814898,0.0213626434900794,1.0,,,
2023-03-02,84.31,85.1,83.83,84.75,484129.0,290905.0,0.0309154743174637,8.15426424632355e-05,0.0090300964813912,,,train,0.212586,-0.1448634679917141,-0.11448668864836506,-0.1448634679917141,-0.11448668864836506,-0.138780468090142,-0.037196959644974055,-0.138780468090142,-0.037196959644974055,0.5197714380475004,0.261648661933705,0.5197714380475004,0.261648661933705,0.0083889528711441,-0.11206488026881468,0.0083889528711441,-0.11206488026881468,0.3946816426766681,0.12430585459966385,0.3946816426766681,0.12430585459966385,0.3187347223905687,0.19646159730215698,0.3187347223905687,0.19646159730215698,0.0175894454072009,0.0755960742964791,0.0591094980070705,0.1389689791476582,0.0135140958255273,0.020884464340576,0.0174604401283555,0.0116797274814898,0.0,1.0,,
2023-03-03,84.61,86.0,82.36,85.83,472464.0,296420.0,0.0710922424469506,0.0006745821371948,0.0259727190951365,,,train,0.050332,-0.4121923876025894,-0.25961436138992666,-0.4121923876025894,-0.25961436138992666,0.3492187803366697,0.15086843022673885,0.3492187803366697,0.15086843022673885,0.3293324879084215,0.2944326960245526,0.3293324879084215,0.2944326960245526,-0.231964086093091,-0.1703785210212864,-0.231964086093091,-0.1703785210212864,-0.4178648200286299,-0.13975834098624423,-0.4178648200286299,-0.13975834098624423,0.1200499340299559,0.159372039748075,0.1200499340299559,0.159372039748075,0.0309154743174637,0.0175894454072009,0.0755960742964791,0.0591094980070705,0.0090300964813912,0.0135140958255273,0.020884464340576,0.0174604401283555,,0.0,1.0,
2023-03-06,85.83,86.35,84.34,86.18,467381.0,302701.0,0.0621124419267937,0.0002000739967681,0.014144751562617,,,train,0.135547,,0.03671218833118761,0.0,0.03671218833118761,0.5933075182630078,0.29648380075697095,0.5933075182630078,0.29648380075697095,0.1661335104206734,0.17232096836645847,0.1661335104206734,0.17232096836645847,-0.5148067145701671,-0.2741596672872311,-0.5148067145701671,-0.2741596672872311,,0.1243703070460961,0.0,0.1243703070460961,-0.5135511612775984,-0.27379532391620814,-0.5135511612775984,-0.27379532391620814,0.0710922424469506,0.0309154743174637,0.0175894454072009,0.0755960742964791,0.0259727190951365,0.0090300964813912,0.0135140958255273,0.020884464340576,,,0.0,1.0
2023-03-07,86.23,86.75,82.83,83.29,455442.0,308836.0,-0.0047910020975328,0.000771173604231,0.0277700126797071,,,train,0.127769,-0.1123409341746876,-0.03594458979319956,-0.1123409341746876,-0.03594458979319956,0.3419014190493066,0.31865546500683045,0.3419014190493066,0.31865546500683045,0.0248990089760784,0.10076952470377006,0.0248990089760784,0.10076952470377006,-0.0617612322669476,-0.17080052119585004,-0.0617612322669476,-0.17080052119585004,0.0403814350875155,0.08352779749657524,0.0403814350875155,0.08352779749657524,-0.0328608347587256,-0.15676495950667324,-0.0328608347587256,-0.15676495950667324,0.0621124419267937,0.0710922424469506,0.0309154743174637,0.0175894454072009,0.014144751562617,0.0259727190951365,0.0090300964813912,0.0135140958255273,,,,0.0
2023-03-08,83.03,83.59,82.06,82.66,428724.0,313835.0,-0.0289737107778798,0.0001230833252788,0.0110942924640925,,,train,0.073282,-0.0886985375215808,-0.06196795316049792,-0.0886985375215808,-0.06196795316049792,0.600142760899074,0.4556725083333738,0.600142760899074,0.4556725083333738,0.0813529387228264,0.091289830173114,0.0813529387228264,0.091289830173114,0.1321679767797416,-0.023067858603955202,0.1321679767797416,-0.023067858603955202,-0.6755328856777691,-0.2862646967994319,-0.6755328856777691,-0.2862646967994319,-0.0198536404972551,-0.09035139559830402,-0.0198536404972551,-0.09035139559830402,-0.0047910020975328,0.0621124419267937,0.0710922424469506,0.0309154743174637,0.0277700126797071,0.014144751562617,0.0259727190951365,0.0090300964813912,,,,
2023-03-09,82.55,84.0,81.42,81.59,407376.0,318751.0,-0.0350448289224187,0.0003510010010939,0.0187350207123961,0.0206781817695815,0.0,train,-0.149654,-0.04699496046308,-0.05471148956442182,-0.04699496046308,-0.05471148956442182,0.041328863267483,0.2538875331021737,0.041328863267483,0.2538875331021737,-0.1938225346741308,-0.04778735627636578,-0.1938225346741308,-0.04778735627636578,-0.0338038287108202,-0.028207176348635413,-0.0338038287108202,-0.028207176348635413,-0.725195288718898,-0.50029045224334,-0.725195288718898,-0.50029045224334,-0.103574174488211,-0.09706189349565271,-0.103574174488211,-0.09706189349565271,-0.0289737107778798,-0.0047910020975328,0.0621124419267937,0.0710922424469506,0.0110942924640925,0.0277700126797071,0.014144751562617,0.0259727190951365,,,,
2023-03-10,81.47,83.11,80.73,82.78,389518.0,324152.0,-0.0426854420502067,0.0003044736231666,0.0174491725639528,0.0197640481480161,0.0,train,-0.242286,-0.1044229035820026,-0.07898890091188868,-0.1044229035820026,-0.07898890091188868,-0.0222573824802086,0.11948584592240231,-0.0222573824802086,0.11948584592240231,-0.3828567708983151,-0.21075635197006673,-0.3828567708983151,-0.21075635197006673,-0.223747510358082,-0.12335379028113233,-0.223747510358082,-0.12335379028113233,-0.1133150179561465,-0.31172859752796306,-0.1133150179561465,-0.31172859752796306,0.2686902497804384,0.08120052549723215,0.2686902497804384,0.08120052549723215,-0.0350448289224187,-0.0289737107778798,-0.0047910020975328,0.0621124419267937,0.0187350207123961,0.0110942924640925,0.0277700126797071,0.014144751562617,0.0,,,
2023-04-03,86.0,86.44,83.5,84.93,509376.0,229950.0,-0.0105412079382105,0.0004318815374632,0.0207817597297055,,,train,0.388724,0.4588728297233474,0.26488321307637946,0.4588728297233474,0.26488321307637946,0.6012950677217522,0.32155331493961326,0.6012950677217522,0.32155331493961326,,0.07559925043636728,0.0,0.07559925043636728,,-0.039151652969887714,0.0,-0.039151652969887714,0.4681305774518884,0.18644846211070432,0.4681305774518884,0.18644846211070432,,0.26266360236577796,0.0,0.26266360236577796,-0.0426854420502067,-0.0350448289224187,-0.0289737107778798,-0.0047910020975328,0.0174491725639528,0.0187350207123961,0.0110942924640925,0.0277700126797071,0.0,0.0,,
2023-04-04,84.89,86.04,83.82,84.94,496641.0,240916.0,0.0872896870073756,0.0002464607170998,0.0156990673958639,,,train,0.290088,0.3824820663265193,0.3226585769692331,0.3824820663265193,0.3226585769692331,,0.16520257320094453,0.0,0.16520257320094453,0.3865303668172125,0.22735586890164503,0.3865303668172125,0.22735586890164503,-0.4864654981392478,-0.2568306325617304,-0.4864654981392478,-0.2568306325617304,0.3233595694703008,0.25354295235470803,0.3233595694703008,0.25354295235470803,,0.13474427067903832,0.0,0.13474427067903832,-0.0105412079382105,-0.0426854420502067,-0.0350448289224187,-0.0289737107778798,0.0207817597297055,0.0174491725639528,0.0187350207123961,0.0110942924640925,,0.0,0.0,
2023-04-05,85.22,85.54,84.01,84.99,497025.0,253394.0,0.0770175199636424,0.0001174858030465,0.0108390868179265,,,train,0.251793,0.2992412630582846,0.31144965172970523,0.2992412630582846,0.31144965172970523,-0.1677592979097747,0.002822849960792943,-0.1677592979097747,0.002822849960792943,0.3316418897716764,0.2784213779673804,0.3316418897716764,0.2784213779673804,-0.2081311120973092,-0.2330433692304884,-0.2081311120973092,-0.2330433692304884,0.3117749975513633,0.282217855941935,0.3117749975513633,0.282217855941935,0.2025063768912126,0.1676570198160399,0.2025063768912126,0.1676570198160399,0.0872896870073756,-0.0105412079382105,-0.0426854420502067,-0.0350448289224187,0.0156990673958639,0.0207817597297055,0.0174491725639528,0.0187350207123961,,,0.0,0.0
2023-04-06,84.89,85.45,84.05,85.12,476677.0,264626.0,-0.0123761065943579,9.842625425554576e-05,0.0099210006680548,,,train,0.007278,0.5599072552532282,0.4327054840010553,0.5599072552532282,0.4327054840010553,0.493368447223209,0.24171293003305822,0.493368447223209,0.24171293003305822,-0.1819476968037454,0.054409182000950324,-0.1819476968037454,0.054409182000950324,0.3172428517063564,0.03526440586676054,0.3172428517063564,0.03526440586676054,0.3328737042682004,0.3070725165387391,0.3328737042682004,0.3070725165387391,0.1993834764546569,0.1831085051361009,0.1993834764546569,0.1831085051361009,0.0770175199636424,0.0872896870073756,-0.0105412079382105,-0.0426854420502067,0.0108390868179265,0.0156990673958639,0.0207817597297055,0.0174491725639528,,,,0.0
2023-04-10,85.1,85.66,84.09,84.18,465689.0,276127.0,0.0167708770218384,0.0001234181538547,0.011109372342972,0.0194136114481274,0.0,train,0.172822,0.37115724267141,0.381870620366591,0.37115724267141,0.381870620366591,-0.0532605251016398,0.21262859976237658,-0.0532605251016398,0.21262859976237658,0.1337175918401789,0.05878693744145683,0.1337175918401789,0.05878693744145683,0.2234980724321307,0.10866172289606223,0.2234980724321307,0.10866172289606223,0.3953874220382377,0.4089372027003089,0.3953874220382377,0.4089372027003089,0.3148622375453485,0.37888904628656006,0.3148622375453485,0.37888904628656006,-0.0123761065943579,0.0770175199636424,0.0872896870073756,-0.0105412079382105,0.0099210006680548,0.0108390868179265,0.0156990673958639,0.0207817597297055,,,,
2023-04-11,84.24,85.67,83.75,85.61,453775.0,288389.0,0.0349453194898101,0.0001853040146417,0.0136126417216392,0.0186433395419209,0.0,train,0.133936,0.5291665394079252,0.45389052575451266,0.5291665394079252,0.45389052575451266,0.2374232501523765,0.224760770286051,0.2374232501523765,0.224760770286051,0.2403832563675089,0.14726108902390828,0.2403832563675089,0.14726108902390828,-0.300503492240704,-0.09066169697069855,-0.300503492240704,-0.09066169697069855,-0.2285949654504188,0.09879911503438847,-0.2285949654504188,0.09879911503438847,0.3525703264978771,0.36593192805185626,0.3525703264978771,0.36593192805185626,0.0167708770218384,-0.0123761065943579,0.0770175199636424,0.0872896870073756,0.011109372342972,0.0099210006680548,0.0108390868179265,0.0156990673958639,0.0,,,
2023-04-12,85.59,87.49,85.39,87.33,451516.0,301689.0,0.0385201684855145,0.000212895432684,0.0145909366623257,0.0176718624580101,0.0,train,0.126533,0.3193011969761803,0.38859963901661726,0.3193011969761803,0.38859963901661726,-0.7388645469443409,-0.24453950596310825,-0.7388645469443409,-0.24453950596310825,0.2459072541413145,0.1953011675575086,0.2459072541413145,0.1953011675575086,-0.3064893837548456,-0.19578814015826845,-0.3064893837548456,-0.19578814015826845,0.1548005330287473,0.12614442745318977,0.1548005330287473,0.12614442745318977,-0.4128076641682833,-0.013602336995003858,-0.4128076641682833,-0.013602336995003858,0.0349453194898101,0.0167708770218384,-0.0123761065943579,0.0770175199636424,0.0136126417216392,0.011109372342972,0.0099210006680548,0.0108390868179265,0.0,0.0,,
2023-05-01,80.11,80.24,78.13,79.31,554395.0,319588.0,-0.0611362578393563,0.0002561208969201,0.0160037775828134,0.0342222500150065,0.0,train,0.218227,,-0.01938411638701273,0.0,-0.01938411638701273,0.5445074680990974,0.33116744360609607,0.5445074680990974,0.33116744360609607,-0.0841721351586227,0.013696870889435298,-0.0841721351586227,0.013696870889435298,-0.1938814738867957,-0.07809489750382688,-0.1938814738867957,-0.07809489750382688,,0.0517816472714516,0.0,0.0517816472714516,0.2340513862271922,0.283089857743354,0.2340513862271922,0.283089857743354,0.0385201684855145,0.0349453194898101,0.0167708770218384,-0.0123761065943579,0.0145909366623257,0.0136126417216392,0.011109372342972,0.0099210006680548,0.0,0.0,0.0,
2023-05-02,79.28,79.78,75.07,75.32,543775.0,325588.0,-0.1179600424716085,0.0013355553891074,0.0365452512524871,,,train,-0.020008,-0.1093968898841577,-0.06325062049052815,-0.1093968898841577,-0.06325062049052815,0.0603107685413015,0.199393892803118,0.0603107685413015,0.199393892803118,-0.4280757218387408,-0.20122958952152756,-0.4280757218387408,-0.20122958952152756,-0.6525121881280594,-0.3578234524770178,-0.6525121881280594,-0.3578234524770178,-0.154330966972804,-0.04854691817729703,-0.154330966972804,-0.04854691817729703,0.1526380863693187,0.21941567745499457,0.1526380863693187,0.21941567745499457,-0.0611362578393563,0.0385201684855145,0.0349453194898101,0.0167708770218384,0.0160037775828134,0.0145909366623257,0.0136126417216392,0.011109372342972,0.0,0.0,0.0,0.0
2023-05-03,75.31,75.58,71.7,72.33,526174.0,330565.0,-0.1605884069307279,0.0010017317541208,0.0316501461943052,,,train,-0.239481,-0.0147731013089549,-0.03967144932421345,-0.0147731013089549,-0.03967144932421345,0.1764689399731205,0.18845537826609687,0.1764689399731205,0.18845537826609687,-0.4947879292808976,-0.3443088071958582,-0.4947879292808976,-0.3443088071958582,0.1569716057201911,-0.10695253572469401,0.1569716057201911,-0.10695253572469401,0.4520222733524484,0.19571667334012477,0.4520222733524484,0.19571667334012477,0.1025292313595892,0.16237300101054786,0.1025292313595892,0.16237300101054786,-0.1179600424716085,-0.0611362578393563,0.0385201684855145,0.0349453194898101,0.0365452512524871,0.0160037775828134,0.0145909366623257,0.0136126417216392,,0.0,0.0,0.0
2023-05-04,71.28,73.72,71.28,72.5,517165.0,335869.0,-0.1583585630244961,0.000408601712666,0.0202138989971273,,,train,-0.133188,0.1895333929284219,0.07152991876435712,0.1895333929284219,0.07152991876435712,0.2461854256637536,0.21664171727352285,0.2461854256637536,0.21664171727352285,-0.3916077836650828,-0.3676817883580782,-0.3916077836650828,-0.3676817883580782,-0.2214398869495245,-0.16270626060640334,-0.2214398869495245,-0.16270626060640334,0.4415658571218601,0.31561646194116616,0.4415658571218601,0.31561646194116616,,0.08331402456219633,0.0,0.08331402456219633,-0.1605884069307279,-0.1179600424716085,-0.0611362578393563,0.0385201684855145,0.0316501461943052,0.0365452512524871,0.0160037775828134,0.0145909366623257,,,0.0,0.0
2023-05-05,72.69,75.75,72.41,75.3,483297.0,340613.0,-0.1210534677046872,0.0007334199244479,0.0270817267626709,,,train,0.045483,-0.2350003420306093,-0.07763351464154511,-0.2350003420306093,-0.07763351464154511,-0.108647397191502,0.05844215333412784,-0.108647397191502,0.05844215333412784,-0.1412396769273791,-0.2573062076822715,-0.1412396769273791,-0.2573062076822715,-0.5309366327632622,-0.3422100530651231,-0.5309366327632622,-0.3422100530651231,-0.644986789895314,-0.15217498011775604,-0.644986789895314,-0.15217498011775604,-0.0622838319539215,0.012069683554273512,-0.0622838319539215,0.012069683554273512,-0.1583585630244961,-0.1605884069307279,-0.1179600424716085,-0.0611362578393563,0.0202138989971273,0.0316501461943052,0.0365452512524871,0.0160037775828134,,,,0.0
2023-05-08,75.23,77.43,74.95,77.01,465447.0,344928.0,-0.0708005255324275,0.0003822070215497,0.0195501156403176,,,train,0.192185,0.4036980445483745,0.18629543540658183,0.4036980445483745,0.18629543540658183,0.6739555929671426,0.38731552600542124,0.6739555929671426,0.38731552600542124,0.1382915383530303,0.042650090723588996,0.1382915383530303,0.042650090723588996,-0.0328604900977827,-0.15878405354110395,-0.0328604900977827,-0.15878405354110395,-0.6314995770277786,-0.39412318266269997,-0.6314995770277786,-0.39412318266269997,0.3040841476936435,0.29176150425809694,0.3040841476936435,0.29176150425809694,-0.1210534677046872,-0.1583585630244961,-0.1605884069307279,-0.1179600424716085,0.0270817267626709,0.0202138989971273,0.0316501461943052,0.0365452512524871,,,,
2023-05-09,76.71,77.5,75.07,77.44,447714.0,350308.0,-0.0522032624723873,0.0003660346909516,0.0191320331107723,0.0207004627332894,0.0,train,0.364144,0.8051540507262278,0.48793548273738097,0.8051540507262278,0.48793548273738097,0.7922757457625713,0.5849524119043479,0.7922757457625713,0.5849524119043479,0.5268159170588718,0.27853189045805155,0.5268159170588718,0.27853189045805155,0.0530935012263286,-0.055791892593501126,0.0530935012263286,-0.055791892593501126,0.8269216682139701,0.20054559680906828,0.8269216682139701,0.20054559680906828,0.7066069024757226,0.49399066762071864,0.7066069024757226,0.49399066762071864,-0.0708005255324275,-0.1210534677046872,-0.1583585630244961,-0.1605884069307279,0.0195501156403176,0.0270817267626709,0.0202138989971273,0.0316501461943052,,,,
2023-05-10,77.36,77.6,75.68,76.41,431085.0,356708.0,-0.0968437856829496,0.0002263869789826,0.0150461616029681,0.019175563696274,1.0,train,-0.18006,0.1400433223526915,0.31875629879186956,0.1400433223526915,0.31875629879186956,0.0851935651566111,0.3415843122965342,0.0851935651566111,0.3415843122965342,-0.5870799805145301,-0.14320740313754224,-0.5870799805145301,-0.14320740313754224,0.2488501784849775,0.09259601881431771,0.2488501784849775,0.09259601881431771,-0.4215048742511183,-0.1024943740742308,-0.4215048742511183,-0.1024943740742308,-0.0404185061626259,0.2336467131588625,-0.0404185061626259,0.2336467131588625,-0.0522032624723873,-0.0708005255324275,-0.1210534677046872,-0.1583585630244961,0.0191320331107723,0.0195501156403176,0.0270817267626709,0.0202138989971273,0.0,,,
2023-05-11,76.62,77.41,74.61,74.98,402825.0,363436.0,-0.1325806874466284,0.0004895390958942,0.0221255304093323,0.0180912860249578,1.0,train,-0.35113,-0.6538419783656828,-0.1548987751576044,-0.6538419783656828,-0.1548987751576044,-0.6988382631626099,-0.16543841465889567,-0.6988382631626099,-0.16543841465889567,-0.2029111618559818,-0.1723318519241892,-0.2029111618559818,-0.1723318519241892,-0.579679419667804,-0.2347609074910684,-0.579679419667804,-0.2347609074910684,,-0.05262236625424039,0.0,-0.05262236625424039,-0.3788516358893521,-0.06476451691738118,-0.3788516358893521,-0.06476451691738118,-0.0968437856829496,-0.0522032624723873,-0.0708005255324275,-0.1210534677046872,0.0150461616029681,0.0191320331107723,0.0195501156403176,0.0270817267626709,1.0,0.0,,
2023-05-12,75.35,75.85,74.03,74.17,390835.0,370871.0,-0.1633342906771746,0.0002127515050215,0.0145860037371974,0.0176195627369071,1.0,train,-0.149283,-0.1329459049687673,-0.14423148545248624,-0.1329459049687673,-0.14423148545248624,-0.1470656064436061,-0.15662710046516204,-0.1470656064436061,-0.15662710046516204,-0.1210765868546473,-0.14720156843386004,-0.1210765868546473,-0.14720156843386004,-0.0105265745467113,-0.12525426884143745,-0.0105265745467113,-0.12525426884143745,-0.509808671264334,-0.2753018028435944,-0.509808671264334,-0.2753018028435944,-0.0347110672049344,-0.05025718503642284,-0.0347110672049344,-0.05025718503642284,-0.1325806874466284,-0.0968437856829496,-0.0522032624723873,-0.0708005255324275,0.0221255304093323,0.0150461616029681,0.0191320331107723,0.0195501156403176,1.0,1.0,0.0,
2023-06-01,72.15,75.25,72.03,74.28,517160.0,273118.0,-0.0655224876107229,0.0006898221796888,0.0262644661032511,0.0341918084857443,0.0,train,-0.197824,0.1141646325572224,0.19209373868016782,0.1141646325572224,0.19209373868016782,0.4947053259120873,0.4030405571493204,0.4947053259120873,0.4030405571493204,-0.285644760239317,-0.15625373797120576,-0.285644760239317,-0.15625373797120576,-0.1922582961336602,-0.08672150073800178,-0.1922582961336602,-0.08672150073800178,-0.10448817807842,0.19887318944021393,-0.10448817807842,0.19887318944021393,0.1861540684167293,0.4145836360819825,0.1861540684167293,0.4145836360819825,-0.1633342906771746,-0.1325806874466284,-0.0968437856829496,-0.0522032624723873,0.0145860037371974,0.0221255304093323,0.0150461616029681,0.0191320331107723,1.0,1.0,1.0,0.0
2023-06-02,74.28,76.5,74.18,76.13,515035.0,281398.0,0.0106967015291692,0.0003420644408481,0.018494984207836,,,train,0.022886,-0.3711160272287515,-0.08227894721332948,-0.3711160272287515,-0.08227894721332948,0.4733155372060347,0.4377836119273958,0.4733155372060347,0.4377836119273958,0.0767380685154397,-0.04281534482942389,0.0767380685154397,-0.04281534482942389,-0.628388464017886,-0.35076002561670844,-0.628388464017886,-0.35076002561670844,-0.2399264924195372,-0.014660123159309996,-0.2399264924195372,-0.014660123159309996,0.0358837419645249,0.22990890694255114,0.0358837419645249,0.22990890694255114,-0.0655224876107229,-0.1633342906771746,-0.1325806874466284,-0.0968437856829496,0.0262644661032511,0.0145860037371974,0.0221255304093323,0.0150461616029681,0.0,1.0,1.0,1.0
2023-06-05,77.68,78.73,76.31,76.71,488601.0,288015.0,0.0185519431653569,0.0003515509687883,0.0187496924985023,,,train,0.256675,0.3566047297567038,0.14407235006474362,0.3566047297567038,0.14407235006474362,0.7928100453299344,0.5712448324906629,0.7928100453299344,0.5712448324906629,,-0.039649715795742446,0.0,-0.039649715795742446,,-0.04753219056106812,0.0,-0.04753219056106812,0.0166432213343303,0.0268304820134289,0.0166432213343303,0.0268304820134289,0.0812018698145541,-0.06316490860589288,0.0812018698145541,-0.06316490860589288,0.0106967015291692,-0.0655224876107229,-0.1633342906771746,-0.1325806874466284,0.018494984207836,0.0262644661032511,0.0145860037371974,0.0221255304093323,,0.0,1.0,1.0
2023-06-06,76.55,76.75,74.72,76.29,476299.0,294769.0,-0.1095201574911959,0.0002591584485708,0.0160983989443318,,,train,0.307895,0.3552337134498572,0.24700846886868388,0.3552337134498572,0.24700846886868388,0.4967626942291832,0.5352555128351304,0.4967626942291832,0.5352555128351304,,-0.02036044343252519,0.0,-0.02036044343252519,,-0.024365379542378933,0.0,-0.024365379542378933,0.4050303055828315,0.21131080725418974,0.4050303055828315,0.21131080725418974,0.3932646440329931,0.1590333187758018,0.3932646440329931,0.1590333187758018,0.0185519431653569,0.0106967015291692,-0.0655224876107229,-0.1633342906771746,0.0187496924985023,0.018494984207836,0.0262644661032511,0.0145860037371974,,,0.0,1.0
2023-06-07,76.22,77.64,75.51,76.95,449314.0,300657.0,-0.0791726336623614,0.0002790973751996,0.0167062076845588,,,train,-0.108491,0.0409045156200204,0.14674717558155534,0.0409045156200204,0.14674717558155534,-0.6362566698830414,-0.03542219664065429,-0.6362566698830414,-0.03542219664065429,-0.4980613052312583,-0.2531587534365131,-0.4980613052312583,-0.2531587534365131,-0.2932617396440406,-0.15545309771666577,-0.2932617396440406,-0.15545309771666577,-0.0075539099453822,0.10447402411424948,-0.0075539099453822,0.10447402411424948,,0.08149841662637995,0.0,0.08149841662637995,-0.1095201574911959,0.0185519431653569,0.0106967015291692,-0.0655224876107229,0.0160983989443318,0.0187496924985023,0.018494984207836,0.0262644661032511,,,,0.0
2023-06-08,76.8,77.68,73.58,75.96,422533.0,304958.0,-0.0137283976070738,0.0010604906653228,0.0325651756531862,,,train,0.027621,0.0497782642852961,0.09959462742044242,0.0497782642852961,0.09959462742044242,-0.4053176381711693,-0.2159629053938796,-0.4053176381711693,-0.2159629053938796,-0.13726463497141,-0.19697182695366913,-0.13726463497141,-0.19697182695366913,-0.0154239331734094,-0.0873587852186725,-0.0154239331734094,-0.0873587852186725,0.2280954209698278,0.1642185962898495,0.2280954209698278,0.1642185962898495,0.5680683031708942,0.3183908922966306,0.5680683031708942,0.3183908922966306,-0.0791726336623614,-0.1095201574911959,0.0185519431653569,0.0106967015291692,0.0167062076845588,0.0160983989443318,0.0187496924985023,0.018494984207836,,,,
2023-06-09,75.53,76.57,74.71,74.79,397082.0,308897.0,-0.034819256764746,0.0002181128067828,0.0147686426858694,0.020814674907713,0.0,train,-0.245419,-0.4195713749803926,-0.15380916758291877,-0.4195713749803926,-0.15380916758291877,-0.3661014546303113,-0.2892666018642023,-0.3661014546303113,-0.2892666018642023,-0.4583532596923204,-0.3245480513649199,-0.4583532596923204,-0.3245480513649199,-0.1507867486267325,-0.11831523883017771,-0.1507867486267325,-0.11831523883017771,-0.2132697281894659,-0.02007912123100041,-0.2132697281894659,-0.02007912123100041,-0.5356459443958556,-0.09797689205793612,-0.5356459443958556,-0.09797689205793612,-0.0137283976070738,-0.0791726336623614,-0.1095201574911959,0.0185519431653569,0.0325651756531862,0.0167062076845588,0.0160983989443318,0.0187496924985023,,,,
2023-06-12,74.87,74.87,71.58,71.84,365124.0,313272.0,-0.0319183317545226,0.000728339281848,0.026987761705041,0.0176645620590884,0.0,train,0.168138,,-0.1019457381497889,0.0,-0.1019457381497889,0.022375861763397,0.019438404518344454,0.022375861763397,0.019438404518344454,-0.1471481174306859,-0.21567686138448616,-0.1471481174306859,-0.21567686138448616,-0.5892199900647571,-0.5716161042297163,-0.5892199900647571,-0.5716161042297163,0.0437115516700905,-0.08949740699800879,0.0437115516700905,-0.08949740699800879,0.0026222584200508,-0.06846054213961528,0.0026222584200508,-0.06846054213961528,-0.034819256764746,-0.0137283976070738,-0.0791726336623614,-0.1095201574911959,0.0147686426858694,0.0325651756531862,0.0167062076845588,0.0160983989443318,0.0,,,
2023-07-03,75.11,76.6,74.56,74.65,530683.0,244248.0,0.0315715431240093,0.0002627930310804,0.0162108923591661,,,train,0.176898,,0.08740657734278279,0.0,0.08740657734278279,,0.08112290659246536,0.0,0.08112290659246536,-0.10442868419594,-0.1630486221671216,-0.10442868419594,-0.1630486221671216,,-0.013965248803265832,0.0,-0.013965248803265832,0.0680711835203876,0.09682326596134062,0.0680711835203876,0.09682326596134062,0.2007293281752471,0.12278095780737558,0.2007293281752471,0.12278095780737558,-0.0319183317545226,-0.034819256764746,-0.0137283976070738,-0.0791726336623614,0.026987761705041,0.0147686426858694,0.0325651756531862,0.0167062076845588,0.0,0.0,,
2023-07-04,74.89,76.29,74.74,76.25,526879.0,255946.0,0.0504308536268922,0.000151964444544,0.0123273859574554,,,train,0.098197,0.1849040265419154,0.13496181326990422,0.1849040265419154,0.13496181326990422,0.2518305599535908,0.16400030121560435,0.2518305599535908,0.16400030121560435,-0.3642332064179632,-0.26084435776819703,-0.3642332064179632,-0.26084435776819703,-0.4275696903368098,-0.21548319596281162,-0.4275696903368098,-0.21548319596281162,0.0733251370349907,0.08543494254126353,0.0733251370349907,0.08543494254126353,0.277216999495237,0.19809877500101644,0.277216999495237,0.19809877500101644,0.0315715431240093,-0.0319183317545226,-0.034819256764746,-0.0137283976070738,0.0162108923591661,0.026987761705041,0.0147686426858694,0.0325651756531862,,0.0,0.0,
2023-07-05,76.03,76.95,75.3,76.65,513089.0,267764.0,-0.0007824726533813,0.0001694579045474,0.0130175997997893,,,train,0.005182,-0.0189715958111728,0.060050103281011076,-0.0189715958111728,0.060050103281011076,-0.0819642065928711,0.044094959224509955,-0.0819642065928711,0.044094959224509955,-0.0348582932336358,-0.1508175604330507,-0.0348582932336358,-0.1508175604330507,0.2053937490297339,-0.010551140225341395,0.2053937490297339,-0.010551140225341395,-0.0107717474952491,0.03890028912957427,-0.0107717474952491,0.03890028912957427,-0.0576365479179235,0.07344829983167091,-0.0576365479179235,0.07344829983167091,0.0504308536268922,0.0315715431240093,-0.0319183317545226,-0.034819256764746,0.0123273859574554,0.0162108923591661,0.026987761705041,0.0147686426858694,,,0.0,0.0
2023-07-06,76.7,77.09,75.03,76.52,497762.0,279431.0,0.0030102764699133,0.0002645997597875,0.0162665226704287,,,train,-0.07847,0.4326062461003371,0.24159777381355343,0.4326062461003371,0.24159777381355343,0.2364893201732615,0.13796969987672628,0.2364893201732615,0.13796969987672628,-0.5118182389850157,-0.32676056748018756,-0.5118182389850157,-0.32676056748018756,0.2995599369149355,0.1405293375248964,0.2995599369149355,0.1405293375248964,0.3107102904551256,0.1713510326294029,0.3107102904551256,0.1713510326294029,0.3609977519216751,0.21321823647027174,0.3609977519216751,0.21321823647027174,-0.0007824726533813,0.0504308536268922,0.0315715431240093,-0.0319183317545226,0.0130175997997893,0.0123273859574554,0.0162108923591661,0.026987761705041,,,,0.0
2023-07-07,76.52,78.54,76.03,78.47,502029.0,292057.0,0.0195605258544935,0.0003804940969653,0.0195062578924124,,,train,-0.011075,0.2967535189790346,0.26823459177948683,0.2967535189790346,0.26823459177948683,0.0017441179919951,0.07184857815183834,0.0017441179919951,0.07184857815183834,-0.0790204985180804,-0.20637324371961974,-0.0790204985180804,-0.20637324371961974,-0.0642898160284965,0.04075746332512062,-0.0642898160284965,0.04075746332512062,0.3120527988078172,0.24019196160793932,0.3120527988078172,0.24019196160793932,0.1757312793161927,0.1949380765103223,0.1757312793161927,0.1949380765103223,0.0030102764699133,-0.0007824726533813,0.0504308536268922,0.0315715431240093,0.0162665226704287,0.0130175997997893,0.0123273859574554,0.0162108923591661,,,,
2023-07-10,78.6,78.77,77.36,77.69,472344.0,303660.0,0.0166129713028544,0.0001176694325415,0.0108475542193428,0.0190860507638918,0.0,train,0.170162,,-0.03676728510177914,0.0,-0.03676728510177914,0.06648396678367,0.12595231817762387,0.06648396678367,0.12595231817762387,0.0609963836579872,-0.017769922990280382,0.0609963836579872,-0.017769922990280382,,0.018208459533750925,0.0,0.018208459533750925,0.0102694325446136,-0.065681910257159,0.0102694325446136,-0.065681910257159,-6.685697555139223e-05,-0.06714017370784478,-6.685697555139223e-05,-0.06714017370784478,0.0195605258544935,0.0030102764699133,-0.0007824726533813,0.0504308536268922,0.0195062578924124,0.0162665226704287,0.0130175997997893,0.0123273859574554,,,,
2023-07-11,77.82,79.5,77.63,79.4,452148.0,316736.0,0.0572769569453246,0.0002043527754549,0.014295201133772,0.0182029101066306,1.0,train,-0.074039,-0.3317095093268287,-0.1808063392596646,-0.3317095093268287,-0.1808063392596646,0.1887843440883796,0.156579900177207,0.1887843440883796,0.156579900177207,-0.3210581737159818,-0.1654279109525176,-0.3210581737159818,-0.1654279109525176,-0.0111442836926558,0.003970531635336561,-0.0111442836926558,0.003970531635336561,-0.5445908913459138,-0.2992883772475065,-0.5445908913459138,-0.2992883772475065,0.0200690496243246,-0.024693467280147447,0.0200690496243246,-0.024693467280147447,0.0166129713028544,0.0195605258544935,0.0030102764699133,-0.0007824726533813,0.0108475542193428,0.0195062578924124,0.0162665226704287,0.0130175997997893,0.0,,,
2023-07-12,79.32,80.55,79.21,80.11,423636.0,328581.0,0.1089592662330813,0.0001015005513716,0.0100747482038854,0.0176621650814027,1.0,train,0.260803,0.4097036642857294,0.10677974843466549,0.4097036642857294,0.10677974843466549,0.4905040414240083,0.31914271922523235,0.4905040414240083,0.31914271922523235,0.3127836253421152,0.06765858558700102,0.3127836253421152,0.06765858558700102,-0.1593921720123519,-0.07561779141904947,-0.1593921720123519,-0.07561779141904947,0.4313288973237216,0.05648491833962339,0.4313288973237216,0.05648491833962339,0.3097402402258992,0.13822829812873247,0.3097402402258992,0.13822829812873247,0.0572769569453246,0.0166129713028544,0.0195605258544935,0.0030102764699133,0.014295201133772,0.0108475542193428,0.0195062578924124,0.0162665226704287,1.0,0.0,,
2023-08-01,85.24,85.91,84.21,84.91,563614.0,275833.0,0.1337501355267667,0.00014407563654,0.0120031511087737,0.0342983985717265,1.0,train,0.388387,0.1525465683050511,0.08608957825495918,0.1525465683050511,0.08608957825495918,0.0035837540687393,0.1703677720138673,0.0035837540687393,0.1703677720138673,0.2396368646487216,0.19761595180155295,0.2396368646487216,0.19761595180155295,0.0714223444000315,-0.12315446001556128,0.0714223444000315,-0.12315446001556128,0.3017580525424629,0.1955366937309328,0.3017580525424629,0.1955366937309328,0.8069622589399738,0.6176560833464162,0.8069622589399738,0.6176560833464162,0.1089592662330813,0.0572769569453246,0.0166129713028544,0.0195605258544935,0.0100747482038854,0.014295201133772,0.0108475542193428,0.0195062578924124,1.0,1.0,0.0,
2023-08-02,85.86,85.99,82.74,83.2,540657.0,283634.0,0.088804942509042,0.0005353823907153,0.0231383316320626,,,train,0.023903,0.3446651370281767,0.21174729325077704,0.3446651370281767,0.21174729325077704,0.0824599908732146,0.12742695362070613,0.0824599908732146,0.12742695362070613,-0.0399346965872744,0.08195627167150568,-0.0399346965872744,0.08195627167150568,0.1533455927922759,0.011434334130332829,0.1533455927922759,0.011434334130332829,0.8752203787486583,0.5268349847913424,0.8752203787486583,0.5268349847913424,0.3216858289792264,0.4737260365463365,0.3216858289792264,0.4737260365463365,0.1337501355267667,0.1089592662330813,0.0572769569453246,0.0166129713028544,0.0120031511087737,0.0100747482038854,0.014295201133772,0.0108475542193428,1.0,1.0,1.0,0.0
2023-08-03,83.46,85.41,82.36,85.14,525522.0,291143.0,0.1314864364148071,0.0004769153619646,0.0218383919271689,,,train,0.112254,0.3397293524377872,0.2739641821964538,0.3397293524377872,0.2739641821964538,0.058386838677269,0.09374312716049857,0.058386838677269,0.09374312716049857,0.4247280188023676,0.2491203953815256,0.4247280188023676,0.2491203953815256,0.194722265561093,0.10082229338365688,0.194722265561093,0.10082229338365688,0.6122601748322871,0.568902271870131,0.6122601748322871,0.568902271870131,-0.2795425073399105,0.10718873000143096,-0.2795425073399105,0.10718873000143096,0.088804942509042,0.1337501355267667,0.1089592662330813,0.0572769569453246,0.0231383316320626,0.0120031511087737,0.0100747482038854,0.014295201133772,,1.0,1.0,1.0
2023-08-04,85.31,86.65,85.06,86.24,517390.0,300147.0,0.1231166916731663,0.0001237093250632,0.0111224693779395,,,train,-0.023678,0.2670981636181956,0.2707889042089752,0.2670981636181956,0.2707889042089752,-0.1246892146837564,-0.012972225758850181,-0.1246892146837564,-0.012972225758850181,-0.0010617620365991,0.12740797454122832,-0.0010617620365991,0.12740797454122832,-0.1884179793690532,-0.040033896792301626,-0.1884179793690532,-0.040033896792301626,0.3269371018811607,0.45128121505621305,0.3269371018811607,0.45128121505621305,-0.3344574842918722,-0.10821188263633771,-0.3344574842918722,-0.10821188263633771,0.1314864364148071,0.088804942509042,0.1337501355267667,0.1089592662330813,0.0218383919271689,0.0231383316320626,0.0120031511087737,0.0100747482038854,,,1.0,1.0
2023-08-07,86.23,86.73,85.03,85.34,503662.0,309768.0,0.0839268916204725,0.0001413372648795,0.0118885350182233,,,train,0.244369,0.5772639301724716,0.520880634556464,0.5772639301724716,0.520880634556464,0.7077437882162322,0.5063392986070898,0.7077437882162322,0.5063392986070898,0.1052882841117183,0.151657104019547,0.1052882841117183,0.151657104019547,-0.1542105126951201,-0.0907525297283307,-0.1542105126951201,-0.0907525297283307,0.1018089424092361,0.24151666776078567,0.1018089424092361,0.24151666776078567,0.6699332446822648,0.4330173792878801,0.6699332446822648,0.4330173792878801,0.1231166916731663,0.1314864364148071,0.088804942509042,0.1337501355267667,0.0111224693779395,0.0218383919271689,0.0231383316320626,0.0120031511087737,,,,1.0
2023-08-08,85.79,86.34,83.32,86.17,484074.0,320677.0,0.1261152033075907,0.0004572158210346,0.021382605571694,,,train,0.145263,-0.1037701231899749,0.21689918724635418,-0.1037701231899749,0.21689918724635418,0.2469741160682615,0.37990570359640824,0.2469741160682615,0.37990570359640824,0.1905220611209581,0.1706362726335757,0.1905220611209581,0.1706362726335757,-0.1281854879848714,-0.10894509736217574,-0.1281854879848714,-0.10894509736217574,-0.2588804961711621,-0.0023197239188885352,-0.2588804961711621,-0.0023197239188885352,0.4664788583420797,0.44937651415801216,0.4664788583420797,0.44937651415801216,0.0839268916204725,0.1231166916731663,0.1314864364148071,0.088804942509042,0.0118885350182233,0.0111224693779395,0.0218383919271689,0.0231383316320626,,,,
2023-08-09,86.0,87.65,85.91,87.55,462892.0,332113.0,0.1575258725282848,0.0001450116365358,0.0120420777499485,0.0203623831727781,1.0,train,0.071323,0.1442344261225143,0.18163118823404534,0.1442344261225143,0.18163118823404534,0.3420342201611752,0.36152603019999824,0.3420342201611752,0.36152603019999824,0.150076461580717,0.16048302678886536,0.150076461580717,0.16048302678886536,0.1720177106809309,0.028076318377060913,0.1720177106809309,0.028076318377060913,0.4056685587795163,0.1964519171165112,0.4056685587795163,0.1964519171165112,0.0751366156608294,0.2672339996032448,0.0751366156608294,0.2672339996032448,0.1261152033075907,0.0839268916204725,0.1231166916731663,0.1314864364148071,0.021382605571694,0.0118885350182233,0.0111224693779395,0.0218383919271689,,,,
2023-08-10,87.39,88.1,86.2,86.4,432857.0,342563.0,0.1062611268476807,0.000171443637354,0.0130936487410533,0.0186960680822341,1.0,train,-0.087162,-0.0046957716035832,0.09096476779088934,-0.0046957716035832,0.09096476779088934,0.0611571761926413,0.21521829218439806,0.0611571761926413,0.21521829218439806,-0.3062572389969519,-0.06682984272455378,-0.3062572389969519,-0.06682984272455378,-0.1316490003246647,-0.04944518569927393,-0.1316490003246647,-0.04944518569927393,-0.4641755270028436,-0.12528589105608226,-0.4641755270028436,-0.12528589105608226,0.4664044886830069,0.36404598142300726,0.4664044886830069,0.36404598142300726,0.1575258725282848,0.1261152033075907,0.0839268916204725,0.1231166916731663,0.0120420777499485,0.021382605571694,0.0118885350182233,0.0111224693779395,1.0,,,
2023-08-11,86.37,87.35,85.84,86.81,407060.0,353045.0,0.089223454150626,0.000109674286791,0.0104725492021323,0.0181091630783026,1.0,train,-0.013463,-0.0774763264756942,0.008861593568319486,-0.0774763264756942,0.008861593568319486,-0.2907559946941073,-0.03116263375786517,-0.2907559946941073,-0.03116263375786517,0.2183181674541464,0.0719050793194469,0.2183181674541464,0.0719050793194469,-0.1366677560519118,-0.09201521755780576,-0.1366677560519118,-0.09201521755780576,-0.40224171670042,-0.2604843562049317,-0.40224171670042,-0.2604843562049317,-0.1352154699085095,0.12052972677886328,-0.1352154699085095,0.12052972677886328,0.1062611268476807,0.1575258725282848,0.1261152033075907,0.0839268916204725,0.0130936487410533,0.0120420777499485,0.021382605571694,0.0118885350182233,1.0,1.0,,
2023-09-01,86.82,88.99,86.74,88.55,506279.0,277997.0,0.0419754922175705,0.0002365348978618,0.0153796910847329,0.0338769571761161,0.0,train,0.070793,0.3236360175825306,0.3148867154950941,0.3236360175825306,0.3148867154950941,0.1020896054152995,0.2024429722686354,0.1020896054152995,0.2024429722686354,-0.2189641352272841,-0.09143962207120625,-0.2189641352272841,-0.09143962207120625,0.493934189103629,0.3478301127278724,0.493934189103629,0.3478301127278724,0.475102681467866,0.21727977565743684,0.475102681467866,0.21727977565743684,-0.2046107787339104,-0.10538524892801968,-0.2046107787339104,-0.10538524892801968,0.089223454150626,0.1062611268476807,0.1575258725282848,0.1261152033075907,0.0104725492021323,0.0130936487410533,0.0120420777499485,0.021382605571694,1.0,1.0,1.0,
2023-09-04,88.95,89.22,88.26,89.0,500483.0,284905.0,0.0315022625714522,4.2211096723959896e-05,0.0064970067511093,,,train,0.161067,-0.2758704307452668,-0.1063178487628335,-0.2758704307452668,-0.1063178487628335,0.5905059966176168,0.553716727445879,0.5905059966176168,0.553716727445879,-0.1757524956020048,0.005051631430118982,-0.1757524956020048,0.005051631430118982,0.2002384910987679,0.28924281623783926,0.2002384910987679,0.28924281623783926,0.6889197491797296,0.6318967273474319,0.6889197491797296,0.6318967273474319,0.4881114907117559,0.14712435640666424,0.4881114907117559,0.14712435640666424,0.0419754922175705,0.089223454150626,0.1062611268476807,0.1575258725282848,0.0153796910847329,0.0104725492021323,0.0130936487410533,0.0120420777499485,0.0,1.0,1.0,1.0
2023-09-05,88.91,91.15,88.06,90.04,508298.0,292844.0,0.1610044107207082,0.0004289958647843,0.0207122153519199,,,train,0.246962,-0.158460838631782,-0.13171758077096732,-0.158460838631782,-0.13171758077096732,0.661404398594778,0.6066172495396297,0.661404398594778,0.6066172495396297,0.3991572706990932,0.19698876129051787,0.3991572706990932,0.19698876129051787,0.1312680092479046,0.21256887353920248,0.1312680092479046,0.21256887353920248,-0.2129625125134109,0.22079929377803853,-0.2129625125134109,0.22079929377803853,0.3635300733181948,0.2526584346038168,0.3635300733181948,0.2526584346038168,0.0315022625714522,0.0419754922175705,0.089223454150626,0.1062611268476807,0.0064970067511093,0.0153796910847329,0.0104725492021323,0.0130936487410533,,0.0,1.0,1.0
2023-09-06,90.12,91.1,89.25,90.6,494883.0,300598.0,0.168902068476882,0.0001518155191568,0.0123213440483113,,,train,0.126393,0.654435036076909,0.2512013975531259,0.654435036076909,0.2512013975531259,0.498241743978472,0.5537996722594574,0.498241743978472,0.5537996722594574,-0.0874502107841225,0.05849891532642474,-0.0874502107841225,0.05849891532642474,0.5316738977712834,0.3680543642141352,0.5316738977712834,0.3680543642141352,0.6561509080380608,0.4328802217892648,0.6561509080380608,0.4328802217892648,0.610082425361281,0.4267083410144238,0.610082425361281,0.4267083410144238,0.1610044107207082,0.0315022625714522,0.0419754922175705,0.089223454150626,0.0207122153519199,0.0064970067511093,0.0153796910847329,0.0104725492021323,,,0.0,1.0
2023-09-07,90.81,90.89,89.46,89.92,488894.0,308653.0,0.0522771083855264,9.0705270674772e-05,0.0095239314715495,,,train,0.102039,0.3674483440892458,0.30777506692549356,0.3674483440892458,0.30777506692549356,0.0809829067163454,0.32353168453335934,0.0809829067163454,0.32353168453335934,0.2792148648361481,0.1661511212391689,0.2792148648361481,0.1661511212391689,0.04314505274452,0.20999063310330726,0.04314505274452,0.20999063310330726,0.3757022944251477,0.4052913681940823,0.3757022944251477,0.4052913681940823,-0.1265294558299761,0.15754345108384424,-0.1265294558299761,0.15754345108384424,0.168902068476882,0.1610044107207082,0.0315022625714522,0.0419754922175705,0.0123213440483113,0.0207122153519199,0.0064970067511093,0.0153796910847329,,,,0.0
2023-09-08,89.79,91.02,89.3,90.65,474586.0,315616.0,0.0506838479491849,0.0001312713583572,0.0114573713546034,,,train,0.086597,0.2096113572204812,0.2600790604632847,0.2096113572204812,0.2600790604632847,0.6225694871038066,0.4693515325821295,0.6225694871038066,0.4693515325821295,-0.2442393392107586,-0.03389094157629444,-0.2442393392107586,-0.03389094157629444,0.4820549252734585,0.34288401278574693,0.4820549252734585,0.34288401278574693,0.3461685128949325,0.37673783410403966,0.3461685128949325,0.37673783410403966,0.4388377703201266,0.29486592352125973,0.4388377703201266,0.29486592352125973,0.0522771083855264,0.168902068476882,0.1610044107207082,0.0315022625714522,0.0095239314715495,0.0123213440483113,0.0207122153519199,0.0064970067511093,,,,
2023-09-11,90.83,91.45,90.11,90.64,456241.0,324059.0,0.0431737943160346,7.858860123621526e-05,0.0088650212202913,0.0180896918556953,0.0,train,0.320616,,0.019565231043456265,0.0,0.019565231043456265,-0.0793420420005986,0.12576906233995194,-0.0793420420005986,0.12576906233995194,0.0375794671470702,-0.07841535615663922,0.0375794671470702,-0.07841535615663922,0.0050520054888171,-0.11442846619281773,0.0050520054888171,-0.11442846619281773,-0.1602088530505293,-0.05544704318075233,-0.1602088530505293,-0.05544704318075233,0.4248002966787458,0.5118733813787986,0.4248002966787458,0.5118733813787986,0.0506838479491849,0.0522771083855264,0.168902068476882,0.1610044107207082,0.0114573713546034,0.0095239314715495,0.0123213440483113,0.0207122153519199,,,,
2023-09-12,90.62,92.4,90.52,92.06,435290.0,333003.0,0.1390398481620698,0.0001524047268506,0.0123452309354925,0.0175437900239879,1.0,train,-0.00807,-0.1511905528080005,-0.06368266330928421,-0.1511905528080005,-0.06368266330928421,-0.1946478680932481,-0.030311038377653487,-0.1946478680932481,-0.030311038377653487,-0.0690542571123945,-0.07401290534458091,-0.0690542571123945,-0.07401290534458091,0.0254085479410421,-0.046586509820871855,0.0254085479410421,-0.046586509820871855,-0.1158612218990553,-0.08513625516483998,-0.1158612218990553,-0.08513625516483998,-0.1697757031176864,0.18049116378588376,-0.1697757031176864,0.18049116378588376,0.0431737943160346,0.0506838479491849,0.0522771083855264,0.168902068476882,0.0088650212202913,0.0114573713546034,0.0095239314715495,0.0123213440483113,0.0,,,
2023-10-02,92.18,93.33,90.35,90.71,587776.0,287745.0,0.0864202567996903,0.0003798040072445,0.0194885609331346,,,train,0.110549,,0.017088172757261724,0.0,0.017088172757261724,-0.0658208467500759,-0.038717590946652114,-0.0658208467500759,-0.038717590946652114,0.3306392025150501,0.23778266644001642,0.3306392025150501,0.23778266644001642,,-0.046812823334548774,0.0,-0.046812823334548774,-0.1276553088516465,0.15200739080186673,-0.1276553088516465,0.15200739080186673,-0.1727672154288596,-0.19178598091209917,-0.1727672154288596,-0.19178598091209917,0.1390398481620698,0.0431737943160346,0.0506838479491849,0.0522771083855264,0.0123452309354925,0.0088650212202913,0.0114573713546034,0.0095239314715495,1.0,0.0,,
2023-10-03,90.4,91.56,89.5,90.92,566138.0,296468.0,0.0656830385843365,0.0001867675527793,0.0136662925762391,,,train,0.013106,-0.2319095928402282,-0.10444106906149168,-0.2319095928402282,-0.10444106906149168,-0.1226520264206507,-0.0797447040045946,-0.1226520264206507,-0.0797447040045946,0.0536043876529132,0.14824844815918686,0.0536043876529132,0.14824844815918686,0.1781761546752252,0.06270048857708338,0.1781761546752252,0.06270048857708338,0.6822709148900854,0.41037594586686005,0.6822709148900854,0.41037594586686005,0.2152419007551669,0.0065007135449505855,0.2152419007551669,0.0065007135449505855,0.0864202567996903,0.1390398481620698,0.0431737943160346,0.0506838479491849,0.0194885609331346,0.0123452309354925,0.0088650212202913,0.0114573713546034,,1.0,0.0,
2023-10-04,91.04,91.21,85.75,85.81,543287.0,305029.0,-0.03650081991311,0.0013743120357854,0.0370717147672643,,,train,-0.278179,-0.5016218894555249,-0.2980134779822605,-0.5016218894555249,-0.2980134779822605,-0.2013101907972671,-0.13884050300922435,-0.2013101907972671,-0.13884050300922435,-0.1302919885314981,0.012655175026942486,-0.1302919885314981,0.012655175026942486,-0.0032230769614882,0.0308495326943208,-0.0032230769614882,0.0308495326943208,0.061017609357196,0.2404219928008705,0.061017609357196,0.2404219928008705,-0.1028187436235755,-0.04687901735299274,-0.1028187436235755,-0.04687901735299274,0.0656830385843365,0.0864202567996903,0.1390398481620698,0.0431737943160346,0.0136662925762391,0.0194885609331346,0.0123452309354925,0.0088650212202913,,,1.0,0.0
2023-10-05,85.88,86.52,83.84,84.07,537381.0,314752.0,-0.0686042308913261,0.0003570923313765,0.0188968868170534,,,train,-0.091653,-0.11653749937739,-0.2097826303362168,-0.11653749937739,-0.2097826303362168,-0.3954102099186702,-0.26376206015923415,-0.3954102099186702,-0.26376206015923415,-0.2790039779885723,-0.12945767526125546,-0.2790039779885723,-0.12945767526125546,0.2172950843274327,0.12185566498056478,0.2172950843274327,0.12185566498056478,-0.258198736807659,-0.0023584095156656062,-0.258198736807659,-0.0023584095156656062,0.5809616093506222,0.2587598117262253,0.5809616093506222,0.2587598117262253,-0.03650081991311,0.0656830385843365,0.0864202567996903,0.1390398481620698,0.0370717147672643,0.0136662925762391,0.0194885609331346,0.0123452309354925,,,,1.0
2023-10-06,84.49,84.95,83.44,84.58,520472.0,323380.0,-0.068756381004591,0.0001160163297467,0.0107710876770503,,,train,-0.163771,0.0150563528128408,-0.10046042014226443,0.0150563528128408,-0.10046042014226443,-0.2411568790058338,-0.2530624473369733,-0.2411568790058338,-0.2530624473369733,-0.4355577475879464,-0.278762860779511,-0.4355577475879464,-0.278762860779511,0.180628509428106,0.15053762390678366,0.180628509428106,0.15053762390678366,0.3250162333787108,0.15713643991401996,0.3250162333787108,0.15713643991401996,-0.2123462498814656,0.029688535639023683,-0.2123462498814656,0.029688535639023683,-0.0686042308913261,-0.03650081991311,0.0656830385843365,0.0864202567996903,0.0188968868170534,0.0370717147672643,0.0136662925762391,0.0194885609331346,,,,
2023-10-09,86.45,89.0,86.0,88.15,514726.0,333553.0,0.0068298501120187,0.0004240587688293,0.0205926872658551,0.0202815787124629,0.0,train,0.275718,0.0018119875268827,-0.21652245691965533,0.0018119875268827,-0.21652245691965533,0.0409233693673965,0.07196663149035738,0.0409233693673965,0.07196663149035738,0.1256657222063404,0.0700276677814242,0.1256657222063404,0.0700276677814242,-0.2806171245986518,-0.24845549758723748,-0.2806171245986518,-0.24845549758723748,0.1111518667202024,-0.18758243808873398,0.1111518667202024,-0.18758243808873398,-0.1932388192503489,-0.009589759392459131,-0.1932388192503489,-0.009589759392459131,-0.068756381004591,-0.0686042308913261,-0.03650081991311,0.0656830385843365,0.0107710876770503,0.0188968868170534,0.0370717147672643,0.0136662925762391,,,,
2023-10-10,88.17,88.49,86.91,87.65,498501.0,344671.0,0.0143639355572329,0.0001170719976973,0.0108199814092901,0.0186553068010176,0.0,train,0.367504,0.6663876716601401,0.213596150136903,0.6663876716601401,0.213596150136903,,0.03711200755066949,0.0,0.03711200755066949,0.4456460101788049,0.25311861607133024,0.4456460101788049,0.25311861607133024,-0.0695308449570978,-0.16137817633451076,-0.0695308449570978,-0.16137817633451076,0.1319972457332579,-0.03202229499300788,0.1319972457332579,-0.03202229499300788,-0.263710118299234,-0.13340388416212826,-0.263710118299234,-0.13340388416212826,0.0068298501120187,-0.068756381004591,-0.0686042308913261,-0.03650081991311,0.0205926872658551,0.0107710876770503,0.0188968868170534,0.0370717147672643,0.0,,,
2023-10-11,87.72,88.26,85.21,85.82,490728.0,357803.0,-0.0546435371563722,0.0004460822852829,0.0211206601526318,0.0180688942486867,1.0,train,0.071044,0.1418755679225838,0.17877662780488257,0.1418755679225838,0.17877662780488257,-0.5421294922012628,-0.24504440184679466,-0.5421294922012628,-0.24504440184679466,-0.276699042287665,-0.0049638022063139805,-0.276699042287665,-0.0049638022063139805,-0.4699779019256809,-0.31167059802788066,-0.4699779019256809,-0.31167059802788066,0.3503777211035049,0.15377984328362915,0.3503777211035049,0.15377984328362915,-0.0376483808908237,-0.08655058707309678,-0.0376483808908237,-0.08655058707309678,0.0143639355572329,0.0068298501120187,-0.068756381004591,-0.0686042308913261,0.0108199814092901,0.0205926872658551,0.0107710876770503,0.0188968868170534,0.0,0.0,,
2023-10-12,85.53,87.64,85.18,86.0,476514.0,371001.0,-0.0680932421355882,0.0002923582954955,0.017098488105548,0.0175356878615439,1.0,train,0.189355,0.0595047795051941,0.12077788304253124,0.0595047795051941,0.12077788304253124,0.555307592173733,0.14477829601284023,0.555307592173733,0.14477829601284023,0.0393838795330537,0.016434433240436544,0.0393838795330537,0.016434433240436544,-0.1064035553800111,-0.2118571425401605,-0.1064035553800111,-0.2118571425401605,-0.5411884736462174,-0.1846362458869273,-0.5411884736462174,-0.1846362458869273,0.2086088917613633,0.05730542745160791,0.2086088917613633,0.05730542745160791,-0.0546435371563722,0.0143639355572329,0.0068298501120187,-0.068756381004591,0.0211206601526318,0.0108199814092901,0.0205926872658551,0.0107710876770503,1.0,0.0,0.0,
2023-11-01,85.45,87.24,84.58,84.63,535419.0,330474.0,-0.0452785505468282,0.000345827704482,0.0185964433288212,0.0338023276325026,0.0,train,0.063116,0.1128071681327817,-0.030060139142269987,0.1128071681327817,-0.030060139142269987,-0.1278806499379072,0.013358335079357983,-0.1278806499379072,0.013358335079357983,0.1027338207037152,-0.03980076962872252,0.1027338207037152,-0.03980076962872252,0.1319577907297691,-0.01400148493933867,0.1319577907297691,-0.01400148493933867,0.2139433272768924,0.17850247188429744,0.2139433272768924,0.17850247188429744,-0.0409194339977028,-0.301175250378886,-0.0409194339977028,-0.301175250378886,-0.0680932421355882,-0.0546435371563722,0.0143639355572329,0.0068298501120187,0.017098488105548,0.0211206601526318,0.0108199814092901,0.0205926872658551,1.0,1.0,0.0,0.0
2023-11-02,85.0,87.05,84.64,86.85,525024.0,333708.0,-0.0434851119397388,0.0002842992246617,0.0168611750676441,,,train,-0.037079,-0.1006385548762697,-0.06446478701736022,-0.1006385548762697,-0.06446478701736022,-0.131065780967335,-0.057361512503800054,-0.131065780967335,-0.057361512503800054,0.0256904437299165,-0.007982066231674944,0.0256904437299165,-0.007982066231674944,-0.3100678758647754,-0.15808870029171823,-0.3100678758647754,-0.15808870029171823,0.2112127118531869,0.19446908207317717,0.2112127118531869,0.19446908207317717,-0.425448034051108,-0.36187898899304116,-0.425448034051108,-0.36187898899304116,-0.0452785505468282,-0.0680932421355882,-0.0546435371563722,0.0143639355572329,0.0185964433288212,0.017098488105548,0.0211206601526318,0.0108199814092901,0.0,1.0,1.0,0.0
2023-11-03,86.92,87.8,84.56,84.89,500043.0,336859.0,-0.0686236982344663,0.00050991044991,0.0225811968219144,,,train,0.150281,-0.2159189190613989,-0.13801417226956791,-0.2159189190613989,-0.13801417226956791,-0.6661391224806754,-0.3536860398261186,-0.6661391224806754,-0.3536860398261186,0.1424502583906418,0.06544942368425308,0.1424502583906418,0.06544942368425308,-0.6127988632686117,-0.3797228356250535,-0.6127988632686117,-0.3797228356250535,,0.09984375585892331,0.0,0.09984375585892331,-0.3911058027945178,-0.3758706445258002,-0.3911058027945178,-0.3758706445258002,-0.0434851119397388,-0.0452785505468282,-0.0680932421355882,-0.0546435371563722,0.0168611750676441,0.0185964433288212,0.017098488105548,0.0211206601526318,,0.0,1.0,1.0
2023-11-06,85.55,86.46,84.88,85.18,486222.0,340148.0,0.0070688324507246,0.0001226862264447,0.0110763814689056,,,train,0.211099,0.2487986484415204,0.11889584802343285,0.2487986484415204,0.11889584802343285,0.5389126847538891,0.13230771597763483,0.5389126847538891,0.13230771597763483,0.0634292736792058,-0.10013311689090623,0.0634292736792058,-0.10013311689090623,0.4487246249598082,0.0015867853604368644,0.4487246249598082,0.0015867853604368644,0.3831637565657593,0.3153702715765234,0.3831637565657593,0.3153702715765234,-0.4987258731148832,-0.42663783285758594,-0.4987258731148832,-0.42663783285758594,-0.0686236982344663,-0.0434851119397388,-0.0452785505468282,-0.0680932421355882,0.0225811968219144,0.0168611750676441,0.0185964433288212,0.017098488105548,,,0.0,1.0
2023-11-07,85.15,85.19,81.4,81.61,453935.0,342812.0,-0.0969685826642292,0.0007469731510261,0.0273308095567285,,,train,0.166583,0.4989916678536007,0.3041375622807575,0.4989916678536007,0.3041375622807575,-0.0388718217365992,0.048911139787502264,-0.0388718217365992,0.048911139787502264,-0.0561296313771169,-0.07875804058718357,-0.0561296313771169,-0.07875804058718357,0.0305244352764445,0.01589515465122127,0.0305244352764445,0.01589515465122127,0.4391151033899609,0.3759044219799638,0.4391151033899609,0.3759044219799638,0.2454738940597299,-0.09920916085107667,0.2454738940597299,-0.09920916085107667,0.0070688324507246,-0.0686236982344663,-0.0434851119397388,-0.0452785505468282,0.0110763814689056,0.0225811968219144,0.0168611750676441,0.0185964433288212,,,,0.0
2023-11-08,81.4,81.96,79.2,79.54,418837.0,344718.0,-0.130745897421316,0.0004232170092631,0.0205722388004588,,,train,-0.231649,-0.1277009910671392,0.09399849633466313,-0.1277009910671392,0.09399849633466313,0.1987487099298015,0.12184151013205963,0.1987487099298015,0.12184151013205963,-0.3782500670237994,-0.2247967071482188,-0.3782500670237994,-0.2247967071482188,0.0723989072623004,0.043455620048966095,0.0723989072623004,0.043455620048966095,0.3156796179544376,0.34679579444718334,0.3156796179544376,0.34679579444718334,-0.3745328516665878,-0.2332253005169084,-0.3745328516665878,-0.2332253005169084,-0.0969685826642292,0.0070688324507246,-0.0686236982344663,-0.0434851119397388,0.0273308095567285,0.0110763814689056,0.0225811968219144,0.0168611750676441,,,,
2023-11-09,79.7,81.48,79.44,80.01,391475.0,346064.0,-0.0968882819818466,0.0002318789682384,0.0152275726311996,0.0202357861565033,1.0,train,-0.163429,-0.481763311527563,-0.18642745427217827,-0.481763311527563,-0.18642745427217827,0.0637842011758706,0.09356919595970013,0.0637842011758706,0.09356919595970013,-0.5174226913365113,-0.3675598779611305,-0.5174226913365113,-0.3675598779611305,-0.7256442010498966,-0.33109116097017016,-0.7256442010498966,-0.33109116097017016,0.4221327724938891,0.38394535098767474,0.4221327724938891,0.38394535098767474,0.0747813542924934,-0.08310336471278511,0.0747813542924934,-0.08310336471278511,-0.130745897421316,-0.0969685826642292,0.0070688324507246,-0.0686236982344663,0.0205722388004588,0.0273308095567285,0.0110763814689056,0.0225811968219144,,,,
2023-11-10,79.85,82.06,79.79,81.43,383442.0,348392.0,-0.0736078558882029,0.0002838296777236,0.0168472454046241,0.0184938660759625,1.0,train,-0.013843,-0.1567548586766139,-0.17193590399805073,-0.1567548586766139,-0.17193590399805073,0.4542624730458471,0.2692178849472612,0.4542624730458471,0.2692178849472612,-0.346398539819884,-0.3572197918961257,-0.346398539819884,-0.3572197918961257,-0.1010260269669286,-0.21916077774480777,-0.1010260269669286,-0.21916077774480777,-0.87059985178222,-0.22737034914214554,-0.87059985178222,-0.22737034914214554,0.5179444436415019,0.2101933087383316,0.5179444436415019,0.2101933087383316,-0.0968882819818466,-0.130745897421316,-0.0969685826642292,0.0070688324507246,0.0152275726311996,0.0205722388004588,0.0273308095567285,0.0110763814689056,1.0,,,
2023-12-01,80.67,81.54,78.75,78.88,465691.0,258099.0,-0.0703611033876345,0.0004371775150585,0.0209087903776984,0.0338360006208747,0.0,train,0.14127,0.0786206708224586,0.08845522210168039,0.0786206708224586,0.08845522210168039,0.6058172281897506,0.3843800243899024,0.6058172281897506,0.3843800243899024,-0.1410517749777344,-0.25599454462722576,-0.1410517749777344,-0.25599454462722576,,-0.11307262995236099,0.0,-0.11307262995236099,0.0599231293148242,0.026575197794453692,0.0599231293148242,0.026575197794453692,0.3174469474768133,0.08771159131119055,0.3174469474768133,0.08771159131119055,-0.0736078558882029,-0.0968882819818466,-0.130745897421316,-0.0969685826642292,0.0168472454046241,0.0152275726311996,0.0205722388004588,0.0273308095567285,1.0,1.0,,
2023-12-04,79.5,79.72,77.52,78.03,453496.0,263547.0,-0.0950421816903599,0.0002824558102631,0.0168064216971722,,,train,0.24427,,-0.05251254289572098,0.0,-0.05251254289572098,0.669678231909844,0.4280842419989408,0.669678231909844,0.4280842419989408,-0.169128719864513,-0.2461420736243098,-0.169128719864513,-0.2461420736243098,,-0.09354325806251393,0.0,-0.09354325806251393,-0.0636043990564218,-0.0842194891887844,-0.0636043990564218,-0.0842194891887844,0.257390988213655,0.33866039509419493,0.257390988213655,0.33866039509419493,-0.0703611033876345,-0.0736078558882029,-0.0968882819818466,-0.130745897421316,0.0209087903776984,0.0168472454046241,0.0152275726311996,0.0205722388004588,0.0,1.0,1.0,
2023-12-05,78.1,79.09,77.0,77.2,443741.0,269530.0,-0.0852503281164747,0.0002586835796839,0.0160836432341669,,,train,0.018342,-0.0367988187945258,-0.04466991697158944,-0.0367988187945258,-0.04466991697158944,0.3919451695446021,0.4109366302426465,0.3919451695446021,0.4109366302426465,-0.59474254711535,-0.4163009824103431,-0.59474254711535,-0.4163009824103431,-0.2368648222187348,-0.16342794116182027,-0.2368648222187348,-0.16342794116182027,-0.3766762040032692,-0.2266635665023819,-0.3766762040032692,-0.2266635665023819,0.4887838204153055,0.41208223791502235,0.4887838204153055,0.41208223791502235,-0.0950421816903599,-0.0703611033876345,-0.0736078558882029,-0.0968882819818466,0.0168064216971722,0.0209087903776984,0.0168472454046241,0.0152275726311996,,0.0,1.0,1.0
2023-12-06,77.12,77.65,74.11,74.3,424314.0,274673.0,-0.1366557127713541,0.0007852790336241,0.0280228305783716,,,train,-0.200767,-0.1329203128926904,-0.08769346356579295,-0.1329203128926904,-0.08769346356579295,0.1839631068444835,0.3002494026797952,0.1839631068444835,0.3002494026797952,-0.4464620955385369,-0.4310800435519498,-0.4464620955385369,-0.4310800435519498,-0.259919467503145,-0.2101575821250227,-0.259919467503145,-0.2101575821250227,-0.4828908907440727,-0.35184917342515964,-0.4828908907440727,-0.35184917342515964,0.4096568105041263,0.4108484747819209,0.4096568105041263,0.4108484747819209,-0.0852503281164747,-0.0950421816903599,-0.0703611033876345,-0.0736078558882029,0.0160836432341669,0.0168064216971722,0.0209087903776984,0.0168472454046241,,,0.0,1.0
2023-12-07,74.5,75.48,73.6,74.05,406517.0,279515.0,-0.0972112627673436,0.0002294549949408,0.0151477719464227,,,train,0.018668,-0.6186248490588555,-0.34674230786696747,-0.6186248490588555,-0.34674230786696747,0.6585150379911052,0.474442701286721,0.6585150379911052,0.474442701286721,-0.3876051467657745,-0.41004962006475587,-0.3876051467657745,-0.41004962006475587,-0.5313169361566095,-0.36656825827602396,-0.5313169361566095,-0.36656825827602396,-0.1065524962675915,-0.2323957277871398,-0.1065524962675915,-0.2323957277871398,0.0159453161697004,0.21864388732801043,0.0159453161697004,0.21864388732801043,-0.1366557127713541,-0.0852503281164747,-0.0950421816903599,-0.0703611033876345,0.0280228305783716,0.0160836432341669,0.0168064216971722,0.0209087903776984,,,,0.0
2023-12-08,74.59,76.36,74.2,75.84,390845.0,285331.0,-0.0476341818327776,0.0002969767331177,0.0172330128856717,,,train,-0.108717,-0.0690322483613157,-0.21163942032991642,-0.0690322483613157,-0.21163942032991642,0.3069934913992754,0.39270023731250714,0.3069934913992754,0.39270023731250714,0.0161528223850992,-0.20226373923210428,0.0161528223850992,-0.20226373923210428,-0.5608204785629637,-0.4613566092406506,-0.5608204785629637,-0.4613566092406506,0.0229336712759266,-0.10781363561594035,0.0229336712759266,-0.10781363561594035,-0.3047991661290468,-0.03644328015232588,-0.3047991661290468,-0.03644328015232588,-0.0972112627673436,-0.1366557127713541,-0.0852503281164747,-0.0950421816903599,0.0151477719464227,0.0280228305783716,0.0160836432341669,0.0168064216971722,,,,
2023-12-11,75.73,76.5,75.01,76.03,377295.0,291607.0,-0.1211240803230335,0.0001395379962195,0.0118126202097386,0.0182542084420609,1.0,train,0.184149,,-0.04968561867292866,0.0,-0.04968561867292866,0.5076409195237311,0.4805250560010992,0.5076409195237311,0.4805250560010992,-0.1993603709536149,-0.2010199189192593,-0.1993603709536149,-0.2010199189192593,,-0.2694418312929266,0.0,-0.2694418312929266,-0.2200418505953768,-0.16056595402867183,-0.2200418505953768,-0.16056595402867183,0.595926235967095,0.32161256183438147,0.595926235967095,0.32161256183438147,-0.0476341818327776,-0.0972112627673436,-0.1366557127713541,-0.0852503281164747,0.0172330128856717,0.0151477719464227,0.0280228305783716,0.0160836432341669,,,,
2023-12-12,76.17,76.66,72.86,73.24,367577.0,298886.0,-0.1606055764471978,0.0009322453299341,0.0305326928051577,0.0174706341028601,1.0,train,0.016624,-0.0290603623057927,-0.03976898580033963,-0.0290603623057927,-0.03976898580033963,-0.1101444600590564,0.19322215449582641,-0.1101444600590564,0.19322215449582641,-0.1843917724400492,-0.19284570600274495,-0.1843917724400492,-0.19284570600274495,0.0409648504171889,-0.11837785436206905,0.0409648504171889,-0.11837785436206905,-0.1726254832531076,-0.1666198836203806,-0.1726254832531076,-0.1666198836203806,0.2305131196018002,0.27695368574213186,0.2305131196018002,0.27695368574213186,-0.1211240803230335,-0.0476341818327776,-0.0972112627673436,-0.1366557127713541,0.0118126202097386,0.0172330128856717,0.0151477719464227,0.0280228305783716,1.0,,,
2024-01-02,77.39,79.06,75.6,75.89,526073.0,271450.0,0.0374565566600884,0.000722296754174,0.0268755791411837,,,test,0.003209,-0.4671364396518904,-0.24500438346293554,-0.4671364396518904,-0.24500438346293554,-0.0395607872453837,0.175431725519335,-0.0395607872453837,0.175431725519335,-0.181503719412342,-0.10533475601954083,-0.181503719412342,-0.10533475601954083,-0.7009090794121431,-0.5655513757064783,-0.7009090794121431,-0.5655513757064783,-0.0742954153953316,-0.09038421011000619,-0.0742954153953316,-0.09038421011000619,0.069022232955553,0.114177822930956,0.069022232955553,0.114177822930956,-0.1606055764471978,-0.1211240803230335,-0.0476341818327776,-0.0972112627673436,0.0305326928051577,0.0118126202097386,0.0172330128856717,0.0151477719464227,1.0,1.0,,
2024-01-03,76.06,78.67,74.79,78.25,520589.0,281003.0,0.0856066133335531,0.0009226409719544,0.0303750057111838,,,test,0.07163,0.3180479841155091,0.029081308909432953,0.3180479841155091,0.029081308909432953,-0.0860388172107883,0.04783460357890757,-0.0860388172107883,0.04783460357890757,-0.1225903506338906,-0.11367053493596997,-0.1225903506338906,-0.11367053493596997,-0.3669696376421533,-0.4691524340040287,-0.3669696376421533,-0.4691524340040287,0.1045815723286641,0.004471141074234316,0.1045815723286641,0.004471141074234316,-0.1862296731860854,-0.03241539408641646,-0.1862296731860854,-0.03241539408641646,0.0374565566600884,-0.1606055764471978,-0.1211240803230335,-0.0476341818327776,0.0268755791411837,0.0305326928051577,0.0118126202097386,0.0172330128856717,,1.0,1.0,
2024-01-04,78.56,79.41,76.5,77.59,499963.0,289829.0,0.052521824954983,0.0005027052859785,0.0224210902049511,,,test,-0.034556,0.2293731148847468,0.1263202671468049,0.2293731148847468,0.1263202671468049,0.2963836250942027,0.1685866544652973,0.2963836250942027,0.1685866544652973,-0.2928903266877906,-0.20088582146705403,-0.2928903266877906,-0.20088582146705403,0.1423017496566287,-0.17154106425783025,0.1423017496566287,-0.17154106425783025,0.2444401155303778,0.12138749643119856,0.2444401155303778,0.12138749643119856,-0.4812356786380443,-0.2513581720736728,-0.4812356786380443,-0.2513581720736728,0.0856066133335531,0.0374565566600884,-0.1606055764471978,-0.1211240803230335,0.0303750057111838,0.0268755791411837,0.0305326928051577,0.0118126202097386,,,1.0,1.0
2024-01-05,77.71,79.26,77.66,78.76,494881.0,299638.0,0.0854428215840643,0.0001499988769206,0.0122474028643059,,,test,0.223413,0.4673122134397849,0.2921572982498403,0.4673122134397849,0.2921572982498403,0.5756241186094079,0.3668551861269319,0.5756241186094079,0.3668551861269319,-0.0623097988263264,-0.1335639887656981,-0.0623097988263264,-0.1335639887656981,0.0088743980106903,-0.08374848645521679,0.0088743980106903,-0.08374848645521679,-0.029596847345293,0.0476100752441586,-0.029596847345293,0.0476100752441586,-0.4677681597943606,-0.35722472207816686,-0.4677681597943606,-0.35722472207816686,0.052521824954983,0.0856066133335531,0.0374565566600884,-0.1606055764471978,0.0224210902049511,0.0303750057111838,0.0268755791411837,0.0305326928051577,,,,1.0
2024-01-08,78.7,78.95,75.26,76.12,464344.0,309138.0,0.0064580125600111,0.0008263575773178,0.0287464359063487,,,test,0.005977,0.0601721003304184,0.14351568380641164,0.0601721003304184,0.14351568380641164,0.3436653858379596,0.37056582618465156,0.3436653858379596,0.37056582618465156,-0.2549274161642004,-0.11505299890714066,-0.2549274161642004,-0.11505299890714066,-0.1642617564080519,-0.2273950461648801,-0.1642617564080519,-0.2273950461648801,-0.6583827296822375,-0.35531585244489333,-0.6583827296822375,-0.35531585244489333,0.2569848791492031,0.21802246425417862,0.2569848791492031,0.21802246425417862,0.0854428215840643,0.052521824954983,0.0856066133335531,0.0374565566600884,0.0122474028643059,0.0224210902049511,0.0303750057111838,0.0268755791411837,,,,
2024-01-09,76.3,78.19,75.95,77.59,444047.0,319277.0,0.0491317613652118,0.0003047200399269,0.0174562321228529,0.0177976891365703,0.0,test,-0.158104,-0.4286683693601935,-0.13500884344291064,-0.4286683693601935,-0.13500884344291064,0.3156249137901065,0.3437269984392799,0.3156249137901065,0.3437269984392799,-0.3731213567891706,-0.24063826406257097,-0.3731213567891706,-0.24063826406257097,,-0.11639582797186243,0.0,-0.11639582797186243,-0.7525155925309034,-0.548695518673765,-0.7525155925309034,-0.548695518673765,-0.0278645298553837,0.09824087613957456,-0.0278645298553837,0.09824087613957456,0.0064580125600111,0.0854428215840643,0.052521824954983,0.0856066133335531,0.0287464359063487,0.0122474028643059,0.0224210902049511,0.0303750057111838,,,,
2024-01-10,77.48,78.73,76.38,76.8,418606.0,329879.0,0.0625959646782332,0.0003312051893389,0.018199043638031,0.0170969494511826,1.0,test,0.052218,0.3224236006749919,0.08776986565723245,0.3224236006749919,0.08776986565723245,0.4747986257751119,0.40753286604932565,0.4747986257751119,0.40753286604932565,-0.2941206876962688,-0.26673002961016246,-0.2941206876962688,-0.26673002961016246,-0.0876705424909843,-0.10227651221317623,-0.0876705424909843,-0.10227651221317623,0.0154996530039525,-0.27415819634721506,0.0154996530039525,-0.27415819634721506,-0.1351219191297029,-0.015417203258190904,-0.1351219191297029,-0.015417203258190904,0.0491317613652118,0.0064580125600111,0.0854428215840643,0.052521824954983,0.0174562321228529,0.0287464359063487,0.0122474028643059,0.0224210902049511,0.0,,,
2024-01-11,76.7,79.1,76.66,77.41,413438.0,342029.0,0.0698144390655528,0.0003540897633841,0.0188172730060492,0.0164176019767331,1.0,test,0.221396,0.1180692552823054,0.10258623653843103,0.1180692552823054,0.10258623653843103,0.5777438744830946,0.4904825349024683,0.5777438744830946,0.4904825349024683,-0.2103992841797407,-0.2395667912385147,-0.2103992841797407,-0.2395667912385147,-0.276884071051397,-0.18709621212546962,-0.276884071051397,-0.18709621212546962,,-0.14075751132775885,0.0,-0.14075751132775885,0.3188208112728295,0.14726381583055784,0.3188208112728295,0.14726381583055784,0.0625959646782332,0.0491317613652118,0.0064580125600111,0.0854428215840643,0.018199043638031,0.0174562321228529,0.0287464359063487,0.0122474028643059,1.0,0.0,,
2024-01-12,78.75,80.75,77.96,78.29,400825.0,355724.0,0.0628624028723914,0.0004459270806617,0.0211169855960029,0.0162557394101187,1.0,test,0.357096,0.4897301236818629,0.29155711132406237,0.4897301236818629,0.29155711132406237,0.5597944667467184,0.5245801531584641,0.5597944667467184,0.5245801531584641,-0.0738409390282297,-0.15886067436931064,-0.0738409390282297,-0.15886067436931064,-0.3861186595350553,-0.2837419481778313,-0.3861186595350553,-0.2837419481778313,,-0.07222125049528663,0.0,-0.07222125049528663,0.019820390483166,0.08522152010230705,0.019820390483166,0.08522152010230705,0.0698144390655528,0.0625959646782332,0.0491317613652118,0.0064580125600111,0.0188172730060492,0.018199043638031,0.0174562321228529,0.0287464359063487,1.0,1.0,0.0,
2024-02-01,80.57,81.55,78.57,78.7,590281.0,269978.0,,0.0004998229620956,0.0223567207366301,,,test,0.036164,0.1368855460069768,0.19260381960196343,0.1368855460069768,0.19260381960196343,0.3435433004410408,0.3313122466585123,0.3435433004410408,0.3313122466585123,-0.2667225138177574,-0.15753411643327547,-0.2667225138177574,-0.15753411643327547,-0.4903479200021659,-0.18870219249825781,-0.4903479200021659,-0.18870219249825781,0.3633223312596433,0.12476066520632811,0.3633223312596433,0.12476066520632811,0.3997486128878367,0.21189157691037383,0.3997486128878367,0.21189157691037383,0.0628624028723914,0.0698144390655528,0.0625959646782332,0.0491317613652118,0.0211169855960029,0.0188172730060492,0.018199043638031,0.0174562321228529,1.0,1.0,1.0,0.0
2024-02-02,79.15,79.44,76.85,77.33,556755.0,280373.0,0.0187970552051224,0.0003962700099259,0.0199065318407285,,,test,-0.081957,-0.1314201047396993,0.03470298348570742,-0.1314201047396993,0.03470298348570742,0.1100315188838293,0.2233276542738561,0.1100315188838293,0.2233276542738561,-0.2172302838997498,-0.18645418956869306,-0.2172302838997498,-0.18645418956869306,-0.4043810662930043,-0.2938985690270591,-0.4043810662930043,-0.2938985690270591,0.4632413266483207,0.2897467845363084,0.4632413266483207,0.2897467845363084,-0.4903101466152969,-0.13033263771905723,-0.4903101466152969,-0.13033263771905723,,0.0628624028723914,0.0698144390655528,0.0625959646782332,0.0223567207366301,0.0211169855960029,0.0188172730060492,0.018199043638031,,1.0,1.0,1.0
2024-02-05,77.9,78.33,76.62,77.99,540620.0,290338.0,-0.0098246404285182,0.0001757190562346,0.0132559064659743,,,test,0.210952,-0.2248923288912342,0.019309051489252715,-0.2248923288912342,0.019309051489252715,0.2658860660272604,0.3160994376666142,0.2658860660272604,0.3160994376666142,,-0.06318572485811665,0.0,-0.06318572485811665,,-0.03177522560694294,0.0,-0.03177522560694294,-0.7020573802080489,-0.10568627978736925,-0.7020573802080489,-0.10568627978736925,-0.1143321424691952,-0.12804445415735322,-0.1143321424691952,-0.12804445415735322,0.0187970552051224,,0.0628624028723914,0.0698144390655528,0.0199065318407285,0.0223567207366301,0.0211169855960029,0.0188172730060492,,,1.0,1.0
2024-02-06,77.95,79.08,77.63,78.59,534207.0,300066.0,0.0863291264615968,0.0001235213162227,0.0111140144062705,,,test,-0.027559,0.0226775909362034,0.020842263129010948,0.0226775909362034,0.020842263129010948,0.1054392390468611,0.2135385787704645,0.1054392390468611,0.2135385787704645,0.0367224484998299,-0.014883552722347728,0.0367224484998299,-0.014883552722347728,-0.3832124982530092,-0.20308407841762655,-0.3832124982530092,-0.20308407841762655,-0.7095497594403358,-0.39963540411178117,-0.7095497594403358,-0.39963540411178117,0.371999090087021,0.1154428874444365,0.371999090087021,0.1154428874444365,-0.0098246404285182,0.0187970552051224,,0.0628624028723914,0.0132559064659743,0.0199065318407285,0.0223567207366301,0.0211169855960029,,,,1.0
2024-02-07,78.7,79.5,78.49,79.21,516535.0,310502.0,0.1077339622705393,5.89616897251183e-05,0.0076786515564334,,,test,0.067301,0.153561893055596,0.08505921454126297,0.153561893055596,0.08505921454126297,0.3001310794523695,0.2554756218782615,0.3001310794523695,0.2554756218782615,0.0531554614061368,0.018200800580170803,0.0531554614061368,0.018200800580170803,0.1764338799691221,-0.018358299933860657,0.1764338799691221,-0.018358299933860657,-0.4390908151868893,-0.41908148099966935,-0.4390908151868893,-0.41908148099966935,-0.1322955841750563,-0.0052245034457209195,-0.1322955841750563,-0.0052245034457209195,0.0863291264615968,-0.0098246404285182,0.0187970552051224,,0.0111140144062705,0.0132559064659743,0.0199065318407285,0.0223567207366301,,,,
2024-02-08,79.3,81.9,79.03,81.63,520213.0,323188.0,0.0698857990353154,0.0004589405230446,0.0214228971673926,0.0183088841577578,1.0,test,0.091501,0.1534007989712961,0.11805740390078419,0.1534007989712961,0.11805740390078419,-0.0548692339868206,0.10412111640127458,-0.0548692339868206,0.10412111640127458,0.1458116062581292,0.08018639212772945,0.1458116062581292,0.08018639212772945,-0.435599246727627,-0.22163945073903957,-0.435599246727627,-0.22163945073903957,0.0980628237573435,-0.1673871133348573,0.0980628237573435,-0.1673871133348573,0.2129606887002582,0.10077614439731786,0.2129606887002582,0.10077614439731786,0.1077339622705393,0.0863291264615968,-0.0098246404285182,0.0187970552051224,0.0076786515564334,0.0111140144062705,0.0132559064659743,0.0199065318407285,,,,
2024-02-09,81.72,82.45,81.21,82.19,486916.0,335666.0,0.0575950872545503,8.282271001162966e-05,0.0091006983254929,0.0176010831114984,1.0,test,0.134645,0.1664399464164599,0.14131174730443993,0.1664399464164599,0.14131174730443993,0.0412402144592562,0.07328681764777571,0.0412402144592562,0.07328681764777571,0.1032428589533516,0.09141685147207318,0.1032428589533516,0.09141685147207318,-0.2481250563960604,-0.23490321949217988,-0.2481250563960604,-0.23490321949217988,,-0.08632190682088516,0.0,-0.08632190682088516,0.3725807606488929,0.23333667033377903,0.3725807606488929,0.23333667033377903,0.0698857990353154,0.1077339622705393,0.0863291264615968,-0.0098246404285182,0.0214228971673926,0.0076786515564334,0.0111140144062705,0.0132559064659743,1.0,,,
2024-02-12,81.94,82.19,80.77,82.0,457637.0,347726.0,0.0462993663444306,0.0001095496969528,0.0104665991111197,0.016406742531615,0.0,test,0.14799,0.1578102358583236,0.14367416969183705,0.1578102358583236,0.14367416969183705,0.4543583843664083,0.3375674005988699,0.4543583843664083,0.3375674005988699,-0.1444120336481389,-0.15294175589520165,-0.1444120336481389,-0.15294175589520165,-0.1698846976590724,-0.31892799726323945,-0.1698846976590724,-0.31892799726323945,-0.3265675223760455,-0.16123723699397405,-0.3265675223760455,-0.16123723699397405,0.6994563462614151,0.49405396077968794,0.6994563462614151,0.49405396077968794,0.0575950872545503,0.0698857990353154,0.1077339622705393,0.0863291264615968,0.0091006983254929,0.0214228971673926,0.0076786515564334,0.0111140144062705,1.0,1.0,,
2024-03-01,82.07,84.34,81.81,83.55,593033.0,281457.0,0.0598020996180457,0.0003345661736184,0.0182911501447669,,,test,-0.133094,-0.077844618493264,0.047802637581796134,-0.077844618493264,0.047802637581796134,0.1364465964356999,0.27269737147151957,0.1364465964356999,0.27269737147151957,-0.0053181685497924,-0.06391221084264823,-0.0053181685497924,-0.06391221084264823,-0.5328266602674644,-0.30639087427631667,-0.5328266602674644,-0.30639087427631667,-0.015015709550003,0.11702255601498274,-0.015015709550003,0.11702255601498274,-0.5694083188285519,-0.20505267631330318,-0.5694083188285519,-0.20505267631330318,0.0462993663444306,0.0575950872545503,0.0698857990353154,0.1077339622705393,0.0104665991111197,0.0091006983254929,0.0214228971673926,0.0076786515564334,0.0,1.0,1.0,
2024-03-04,83.5,84.08,82.57,82.8,564495.0,288581.0,0.0649895084853557,0.0001184517738471,0.0108835552025583,,,test,0.414612,0.5572662325934418,0.32634154029569895,0.5572662325934418,0.32634154029569895,0.9193394950256114,0.6833077208867139,0.9193394950256114,0.6833077208867139,0.0820012654190338,0.018556356150750165,0.0820012654190338,0.018556356150750165,-0.3683593070217081,-0.17223156837349562,-0.3683593070217081,-0.17223156837349562,0.554937976894983,0.43080038283724675,0.554937976894983,0.43080038283724675,0.4514570686273998,0.23118794223838615,0.4514570686273998,0.23118794223838615,0.0598020996180457,0.0462993663444306,0.0575950872545503,0.0698857990353154,0.0182911501447669,0.0104665991111197,0.0091006983254929,0.0214228971673926,,0.0,1.0,1.0
2024-03-05,82.74,83.14,81.72,82.04,551331.0,296740.0,0.0506263198617737,0.0001070390183722,0.0103459662850915,,,test,0.223843,0.2992490559259911,0.3133443448581204,0.2992490559259911,0.3133443448581204,0.1850203714773186,0.44094348465287214,0.1850203714773186,0.44094348465287214,,0.009606505771345347,0.0,0.009606505771345347,0.0867836530754311,-0.04567312182240339,0.0867836530754311,-0.04567312182240339,0.1971428984566622,0.3174997622661495,0.1971428984566622,0.3174997622661495,-0.6484973575515206,-0.19747975168958815,-0.6484973575515206,-0.19747975168958815,0.0649895084853557,0.0598020996180457,0.0462993663444306,0.0575950872545503,0.0108835552025583,0.0182911501447669,0.0104665991111197,0.0091006983254929,,,0.0,1.0
2024-03-06,82.01,84.05,81.85,82.96,541646.0,306169.0,0.054114099043188,0.0002537336386137,0.0159290187586606,,,test,-0.087217,-0.3279919354901192,0.0005524538957749483,-0.3279919354901192,0.0005524538957749483,0.1916669708276686,0.3192521236760168,0.1916669708276686,0.3192521236760168,-0.4115930496452955,-0.1953431979690299,-0.4115930496452955,-0.1953431979690299,-0.1746741120147621,-0.10855109862363638,-0.1746741120147621,-0.10855109862363638,0.1329917394014853,0.2273949882522958,0.1329917394014853,0.2273949882522958,-0.1877111886807791,-0.1928628534234736,-0.1877111886807791,-0.1928628534234736,0.0506263198617737,0.0649895084853557,0.0598020996180457,0.0462993663444306,0.0103459662850915,0.0108835552025583,0.0182911501447669,0.0104665991111197,,,,0.0
2024-03-07,82.92,83.53,82.07,82.96,505293.0,314645.0,0.0462560104450835,0.000112145561912,0.0105898801651431,,,test,0.228948,0.0993951958262922,0.04861484711436566,0.0993951958262922,0.04861484711436566,0.5756700306374578,0.4442263546703732,0.5756700306374578,0.4442263546703732,0.0507502495794123,-0.07542989713108501,0.0507502495794123,-0.07542989713108501,0.3621907021563145,0.12079491860413957,0.3621907021563145,0.12079491860413957,0.4396110798410718,0.3306571107512032,0.4396110798410718,0.3306571107512032,0.1134400698246455,-0.043661730491898317,0.1134400698246455,-0.043661730491898317,0.054114099043188,0.0506263198617737,0.0649895084853557,0.0598020996180457,0.0159290187586606,0.0103459662850915,0.0108835552025583,0.0182911501447669,,,,
2024-03-08,83.18,83.84,81.71,82.08,481810.0,324322.0,0.0054975399591947,0.0002388489341452,0.0154547382425353,0.0182902669504305,0.0,test,0.22188,0.0529799469410094,0.05048273335151261,0.0529799469410094,0.05048273335151261,0.5323778683300932,0.48721753173643645,0.5323778683300932,0.48721753173643645,-0.2665715711973681,-0.16853302193898417,-0.2665715711973681,-0.16853302193898417,-0.0291233461432185,0.04786844256758993,-0.0291233461432185,0.04786844256758993,0.8363775799211891,0.5772506135425116,0.8363775799211891,0.5772506135425116,-0.6008367657097904,-0.31529015901643775,-0.6008367657097904,-0.31529015901643775,0.0462560104450835,0.054114099043188,0.0506263198617737,0.0649895084853557,0.0105898801651431,0.0159290187586606,0.0103459662850915,0.0108835552025583,,,,
2024-03-11,82.0,82.75,81.08,82.21,465992.0,334169.0,0.0601609779474197,0.0001499169383507,0.0122440572667198,0.0163419928188045,1.0,test,0.109171,,0.017817858074970733,0.0,0.017817858074970733,0.2786360267691188,0.17867933181730342,0.2786360267691188,0.17867933181730342,-0.1985614314935865,-0.07357629278004948,-0.1985614314935865,-0.07357629278004948,,-0.060649318533072295,0.0,-0.060649318533072295,0.4453568078394923,0.22907007039401586,0.4453568078394923,0.22907007039401586,-0.2915770455838902,-0.25215240309316156,-0.2915770455838902,-0.25215240309316156,0.0054975399591947,0.0462560104450835,0.054114099043188,0.0506263198617737,0.0154547382425353,0.0105898801651431,0.0159290187586606,0.0103459662850915,0.0,,,
2024-03-12,82.45,83.01,81.69,81.92,452565.0,345737.0,-0.0009760859730558,9.267312351454644e-05,0.0096266880864888,0.0163730992131609,0.0,test,-0.100942,,0.00917515076929156,0.0,0.00917515076929156,0.4267904107495825,0.29956092896227016,0.4267904107495825,0.29956092896227016,-0.0864334155661146,-0.07994466328027762,-0.0864334155661146,-0.07994466328027762,-0.4481441492367288,-0.24939235428259723,-0.4481441492367288,-0.24939235428259723,-0.3857887619528991,-0.0705815755733868,-0.3857887619528991,-0.0705815755733868,0.3901389307259593,0.06085765904012085,0.3901389307259593,0.06085765904012085,0.0601609779474197,0.0054975399591947,0.0462560104450835,0.054114099043188,0.0122440572667198,0.0154547382425353,0.0105898801651431,0.0159290187586606,1.0,0.0,,
2024-04-01,86.98,87.98,86.4,87.42,619616.0,319189.0,0.0452788343937653,0.0001184456556281,0.0108832741226215,,,test,0.096239,,0.06985125808455579,0.0,0.06985125808455579,0.3565721910604124,0.359132161941874,0.3565721910604124,0.359132161941874,-0.0312756945160101,-0.04384909658461018,-0.0312756945160101,-0.04384909658461018,-0.3699127483852187,-0.19269034797264198,-0.3699127483852187,-0.19269034797264198,,0.1938292474119667,0.0,0.1938292474119667,-0.2408006804682244,-0.07077955012398526,-0.2408006804682244,-0.07077955012398526,-0.0009760859730558,0.0601609779474197,0.0054975399591947,0.0462560104450835,0.0096266880864888,0.0122440572667198,0.0154547382425353,0.0105898801651431,0.0,1.0,0.0,
2024-04-02,87.62,89.32,87.62,88.92,596214.0,327871.0,0.1396551104750516,0.0001331824694358,0.0115404709364853,,,test,0.229778,0.6219215913574109,0.3388742324949842,0.6219215913574109,0.3388742324949842,0.2721205300198958,0.3167805399364717,0.2721205300198958,0.3167805399364717,0.3638007249744569,0.15477317850719682,0.3638007249744569,0.15477317850719682,0.2284229734530356,0.012376650389625531,0.2284229734530356,0.012376650389625531,0.336269119696525,0.26337965589154444,0.336269119696525,0.26337965589154444,0.01725326069513,-0.02761180862230684,0.01725326069513,-0.02761180862230684,0.0452788343937653,-0.0009760859730558,0.0601609779474197,0.0054975399591947,0.0108832741226215,0.0096266880864888,0.0122440572667198,0.0154547382425353,,0.0,1.0,0.0
2024-04-03,89.22,89.99,88.67,89.35,582389.0,336526.0,0.1326524121851742,7.875598129095377e-05,0.008874456675817,,,test,0.283217,0.6531804447928253,0.49194857689477883,0.6531804447928253,0.49194857689477883,0.3294027879579067,0.3228439375458745,0.3294027879579067,0.3228439375458745,0.3337941529642261,0.24186992417398878,0.3337941529642261,0.24186992417398878,0.5793823022145888,0.2890400566912682,0.5793823022145888,0.2890400566912682,0.3833943422503448,0.32248978904114056,0.3833943422503448,0.32248978904114056,0.1651434145517842,0.06626687007825081,0.1651434145517842,0.06626687007825081,0.1396551104750516,0.0452788343937653,-0.0009760859730558,0.0601609779474197,0.0115404709364853,0.0108832741226215,0.0096266880864888,0.0122440572667198,,,0.0,1.0
2024-04-04,89.48,91.3,88.72,90.65,577998.0,344561.0,0.0905778758096467,0.000296368410202,0.0172153539087068,,,test,0.038716,0.1920167961480638,0.34587638071148263,0.1920167961480638,0.34587638071148263,0.2826634356502217,0.30297884691543064,0.2826634356502217,0.30297884691543064,0.1541605858340506,0.19934681498959408,0.1541605858340506,0.19934681498959408,-0.0022802495482704,0.14728716897176058,-0.0022802495482704,0.14728716897176058,0.1611938703717487,0.24421215716219571,0.1611938703717487,0.24421215716219571,0.0364218705410351,0.05191486315273074,0.0364218705410351,0.05191486315273074,0.1326524121851742,0.1396551104750516,0.0452788343937653,-0.0009760859730558,0.008874456675817,0.0115404709364853,0.0108832741226215,0.0096266880864888,,,,0.0
2024-04-05,91.21,91.91,90.57,91.17,582038.0,353457.0,0.1055189623926313,7.779813821039861e-05,0.0088203252893755,,,test,0.104518,0.2298813201725204,0.28928622057096454,0.2298813201725204,0.28928622057096454,0.0757377329987246,0.1921103550892483,0.0757377329987246,0.1921103550892483,0.3698540605134272,0.28254233540689044,0.3698540605134272,0.28254233540689044,-0.0721307845441256,0.0405138882456071,-0.0721307845441256,0.0405138882456071,-0.0216646846050455,0.11459616912201366,-0.0216646846050455,0.11459616912201366,-0.1074706023755318,-0.02599379543498983,-0.1074706023755318,-0.02599379543498983,0.0905778758096467,0.1326524121851742,0.1396551104750516,0.0452788343937653,0.0172153539087068,0.008874456675817,0.0115404709364853,0.0108832741226215,,,,
2024-04-08,90.09,91.1,88.78,90.38,559240.0,362963.0,0.0963286225606747,0.0002400119781071,0.0154923199717508,0.0182466045551894,1.0,test,0.172465,0.6006801353715343,0.5020604443902473,0.6006801353715343,0.5020604443902473,0.7601277086024104,0.5716699014059137,0.7601277086024104,0.5716699014059137,-0.1538845423104837,0.007958201602324824,-0.1538845423104837,0.007958201602324824,0.3129182503244943,0.24783110603835207,0.3129182503244943,0.24783110603835207,,0.048977652946658276,0.0,0.048977652946658276,-0.1691017504812242,-0.10397292466797574,-0.1691017504812242,-0.10397292466797574,0.1055189623926313,0.0905778758096467,0.1326524121851742,0.1396551104750516,0.0088203252893755,0.0172153539087068,0.008874456675817,0.0115404709364853,,,,
2024-04-09,90.63,90.94,89.25,89.42,555476.0,374735.0,0.0843107306454262,0.0001269147349701,0.0112656440104461,0.0174520487345365,1.0,test,0.000517,-0.4880433549581967,0.019509893172409042,-0.4880433549581967,0.019509893172409042,0.3239091739436349,0.4510205914629816,0.3239091739436349,0.4510205914629816,0.3289659954472338,0.16429522424224777,0.3289659954472338,0.16429522424224777,0.2683610070594506,0.2578002669880654,0.2683610070594506,0.2578002669880654,-0.1367877438329772,-0.042026913414790895,-0.1367877438329772,-0.042026913414790895,-0.7451349584038384,-0.416372816366669,-0.7451349584038384,-0.416372816366669,0.0963286225606747,0.1055189623926313,0.0905778758096467,0.1326524121851742,0.0154923199717508,0.0088203252893755,0.0172153539087068,0.008874456675817,1.0,,,
2024-04-10,89.55,90.71,88.83,90.48,549106.0,389449.0,0.1639241916542388,0.0001581974734275,0.0125776577083159,0.0168062017568724,1.0,test,0.072554,-0.157269702979996,-0.06660554409418093,-0.157269702979996,-0.06660554409418093,0.3245204138531188,0.38948166758479175,0.3245204138531188,0.38948166758479175,0.2004571558218394,0.18215937437100754,0.2004571558218394,0.18215937437100754,-0.3662460489755789,-0.046077071155699166,-0.3662460489755789,-0.046077071155699166,0.3368663584141081,0.14239799058307273,0.3368663584141081,0.14239799058307273,-0.1768840634557153,-0.2999631445545329,-0.1768840634557153,-0.2999631445545329,0.0843107306454262,0.0963286225606747,0.1055189623926313,0.0905778758096467,0.0112656440104461,0.0154923199717508,0.0088203252893755,0.0172153539087068,1.0,1.0,,
2024-04-11,90.52,90.92,89.38,89.74,557234.0,407109.0,0.0876396513837951,0.0001052557063941,0.0102594203732067,0.0163580300983417,1.0,test,0.136832,0.0083681718893253,-0.030119428848998694,0.0083681718893253,-0.030119428848998694,0.4573451875191865,0.42256537699811847,0.4573451875191865,0.42256537699811847,0.3148981001110494,0.2469624044048137,0.3148981001110494,0.2469624044048137,-0.3855894280611348,-0.2112876919284913,-0.3855894280611348,-0.2112876919284913,-0.4354494598320788,-0.13904267871736392,-0.4354494598320788,-0.13904267871736392,-0.24758035773861,-0.27447878084189686,-0.24758035773861,-0.27447878084189686,0.1639241916542388,0.0843107306454262,0.0963286225606747,0.1055189623926313,0.0125776577083159,0.0112656440104461,0.0154923199717508,0.0088203252893755,1.0,1.0,1.0,
2024-04-12,90.13,92.18,90.01,90.45,535181.0,426952.0,0.0990540505501069,0.0002046849971144,0.0143068164563057,0.0163657858431255,1.0,test,-0.005968,0.0675574021520573,0.017064722059568164,0.0675574021520573,0.017064722059568164,0.1779006538651097,0.303457291910945,0.1779006538651097,0.303457291910945,0.042841067655809,0.14744145139938095,0.042841067655809,0.14744145139938095,-0.352644569875584,-0.2804298086727626,-0.352644569875584,-0.2804298086727626,-0.5301179151337457,-0.3298703806553927,-0.5301179151337457,-0.3298703806553927,-0.2106739407485845,-0.24357375983604826,-0.2106739407485845,-0.24357375983604826,0.0876396513837951,0.1639241916542388,0.0843107306454262,0.0963286225606747,0.0102594203732067,0.0125776577083159,0.0112656440104461,0.0154923199717508,1.0,1.0,1.0,1.0
2024-05-01,85.8,85.89,83.29,83.44,598810.0,362212.0,-0.0465962787426512,0.0003407937195745,0.0184605991120153,,,test,-0.06566,-0.424874957177231,-0.3014092408178136,-0.424874957177231,-0.3014092408178136,0.3057228583256704,0.4156775431228991,0.3057228583256704,0.4156775431228991,-0.0123036100377212,-0.057577908592890255,-0.0123036100377212,-0.057577908592890255,-0.5321784389315602,-0.3250563487249392,-0.5321784389315602,-0.3250563487249392,0.2662951139833415,0.30401410432322556,0.2662951139833415,0.30401410432322556,-0.6852483191951009,-0.4594372918950093,-0.6852483191951009,-0.4594372918950093,0.0990540505501069,0.0876396513837951,0.1639241916542388,0.0843107306454262,0.0143068164563057,0.0102594203732067,0.0125776577083159,0.0112656440104461,1.0,1.0,1.0,1.0
2024-05-02,83.59,84.44,83.05,83.67,569598.0,363036.0,-0.0608565987884883,9.936794670020538e-05,0.0099683472401499,,,test,-0.16066,-0.6241019211204863,-0.4591075932209245,-0.6241019211204863,-0.4591075932209245,0.1509605680646028,0.28690858153961274,0.1509605680646028,0.28690858153961274,-0.2422349139040644,-0.1474715665135188,-0.2422349139040644,-0.1474715665135188,-0.7633566951503552,-0.538799098751572,-0.7633566951503552,-0.538799098751572,,0.15608604558690434,0.0,0.15608604558690434,-0.7985478896678763,-0.6251809605781873,-0.7985478896678763,-0.6251809605781873,-0.0465962787426512,0.0990540505501069,0.0876396513837951,0.1639241916542388,0.0184605991120153,0.0143068164563057,0.0102594203732067,0.0125776577083159,,1.0,1.0,1.0
2024-05-03,83.9,84.39,82.78,82.96,554277.0,364309.0,-0.0742026776841653,0.0001338247566609,0.0115682650670228,,,test,-0.044835,-0.3919389078200518,-0.4266674749990838,-0.3919389078200518,-0.4266674749990838,-0.1889336567927983,0.05528474539808872,-0.1889336567927983,0.05528474539808872,-0.3210455423721656,-0.23204857671367016,-0.3210455423721656,-0.23204857671367016,-0.3006628174226159,-0.42272535094598385,-0.3006628174226159,-0.42272535094598385,-0.2116477978241457,-0.022978175542506286,-0.2116477978241457,-0.022978175542506286,0.3149600420593517,-0.16728957393974492,0.3149600420593517,-0.16728957393974492,-0.0608565987884883,-0.0465962787426512,0.0990540505501069,0.0876396513837951,0.0099683472401499,0.0184605991120153,0.0143068164563057,0.0102594203732067,,,1.0,1.0
2024-05-06,82.99,83.83,82.77,83.33,537744.0,365924.0,0.0044500644728433,5.840472673417202e-05,0.0076422985242773,,,test,0.254638,,-0.08309567578348225,0.0,-0.08309567578348225,0.1928008413840147,0.23214047873276455,0.1928008413840147,0.23214047873276455,-0.2599996641022264,-0.32159937019753004,-0.2599996641022264,-0.32159937019753004,,-0.10279480370457875,0.0,-0.10279480370457875,0.7558626969419732,0.37010256985094603,0.7558626969419732,0.37010256985094603,0.123922304021886,0.10572999514818428,0.123922304021886,0.10572999514818428,-0.0742026776841653,-0.0608565987884883,-0.0465962787426512,0.0990540505501069,0.0115682650670228,0.0099683472401499,0.0184605991120153,0.0143068164563057,,,,1.0
2024-05-07,83.72,83.88,82.41,83.16,515104.0,367309.0,0.0024078990685403,0.0001127455911237,0.0106181726828956,,,test,0.375866,0.1033151400431999,0.00747255121958243,0.1033151400431999,0.00747255121958243,0.0457496475502959,0.1414025109194605,0.0457496475502959,0.1414025109194605,0.5033920586623336,0.08021699370766115,0.5033920586623336,0.08021699370766115,-0.0173198087764443,-0.061376598778612707,-0.0173198087764443,-0.061376598778612707,0.3019743003202573,0.3371750669833352,0.3019743003202573,0.3371750669833352,-0.340269427643062,-0.11173537960336818,-0.340269427643062,-0.11173537960336818,0.0044500644728433,-0.0742026776841653,-0.0608565987884883,-0.0465962787426512,0.0076422985242773,0.0115682650670228,0.0099683472401499,0.0184605991120153,,,,
2024-05-08,83.02,83.82,81.71,83.58,478184.0,367314.0,-0.0782187469633646,0.0002344407309576,0.015311457505987,0.0183020404099682,1.0,test,0.046124,-0.0427426326177657,-0.017450583712439148,-0.0427426326177657,-0.017450583712439148,0.3108662565765364,0.22347689492772124,0.3108662565765364,0.22347689492772124,0.0022519419429294,0.04234644632868308,0.0022519419429294,0.04234644632868308,-0.576835621386046,-0.3126859449478596,-0.576835621386046,-0.3126859449478596,-0.2831949131942214,0.03513806516771385,-0.2831949131942214,0.03513806516771385,-0.4516179934767812,-0.277406401200103,-0.4516179934767812,-0.277406401200103,0.0024078990685403,0.0044500644728433,-0.0742026776841653,-0.0608565987884883,0.0106181726828956,0.0076422985242773,0.0115682650670228,0.0099683472401499,,,,
2024-05-09,83.79,84.33,83.45,83.88,458488.0,368196.0,-0.0639571647721153,3.968875430428431e-05,0.0062999011344849,0.017449055641826,1.0,test,-0.156614,-0.1591187422704187,-0.08648254298091002,-0.1591187422704187,-0.08648254298091002,-0.037335266435871,0.09615724004790585,-0.037335266435871,0.09615724004790585,-0.3370625163412376,-0.14242866866693235,-0.3370625163412376,-0.14242866866693235,-0.435280333566981,-0.3726081630068412,-0.435280333566981,-0.3726081630068412,-0.8251830251808834,-0.383991088499735,-0.8251830251808834,-0.383991088499735,0.6393599837080183,0.16887892074339972,0.6393599837080183,0.16887892074339972,-0.0782187469633646,0.0024078990685403,0.0044500644728433,-0.0742026776841653,0.015311457505987,0.0106181726828956,0.0076422985242773,0.0115682650670228,1.0,,,
2024-05-10,84.21,84.53,82.7,82.79,449626.0,371119.0,-0.0888215506571503,0.000172775839455,0.0131444223705374,0.0168455466625944,1.0,test,-0.010597,-0.0832333419259552,-0.08456919797161713,-0.0832333419259552,-0.08456919797161713,-0.0280264309259433,0.03542075779864852,-0.0280264309259433,0.03542075779864852,0.1165457058928827,-0.016277996165732465,0.1165457058928827,-0.016277996165732465,0.0874981080613308,-0.14845003416516075,0.0874981080613308,-0.14845003416516075,0.3867871283081224,-0.009148907287519738,0.3867871283081224,-0.009148907287519738,0.3185245431026388,0.24230359899856535,0.3185245431026388,0.24230359899856535,-0.0639571647721153,-0.0782187469633646,0.0024078990685403,0.0044500644728433,0.0062999011344849,0.015311457505987,0.0106181726828956,0.0076422985242773,1.0,1.0,,
2024-06-03,81.15,81.65,78.09,78.36,543834.0,277309.0,-0.0570449708449318,0.000716788465235,0.0267729054313329,,,test,-0.009871,0.3065752154047732,0.1306930855424604,0.3065752154047732,0.1306930855424604,-0.2812815896127484,-0.11069141042448533,-0.2812815896127484,-0.11069141042448533,-0.3517215599961157,-0.2696718712787378,-0.3517215599961157,-0.2696718712787378,-0.0092694732304317,-0.1976516110133845,-0.0092694732304317,-0.1976516110133845,0.1041232767281426,0.041558656686451895,0.1041232767281426,0.041558656686451895,-0.1094905892936992,0.05932249358927027,-0.1094905892936992,0.05932249358927027,-0.0888215506571503,-0.0639571647721153,-0.0782187469633646,0.0024078990685403,0.0131444223705374,0.0062999011344849,0.015311457505987,0.0106181726828956,1.0,1.0,1.0,
2024-06-04,78.14,78.22,76.76,77.52,534063.0,285878.0,-0.1564699696183495,0.0001280426439576,0.0113155929565201,,,test,0.129662,0.2272044558989348,0.17779473995848022,0.2272044558989348,0.17779473995848022,0.3815776129696226,0.12911637421321637,0.3815776129696226,0.12911637421321637,0.1727590166758482,-0.054241841303904526,0.1727590166758482,-0.054241841303904526,-0.2800016825609119,-0.23761526664203322,-0.2800016825609119,-0.23761526664203322,0.0386991194880459,0.0403553698158295,0.0386991194880459,0.0403553698158295,0.6875866546334773,0.3652856748967684,0.6875866546334773,0.3652856748967684,-0.0570449708449318,-0.0888215506571503,-0.0639571647721153,-0.0782187469633646,0.0267729054313329,0.0131444223705374,0.0062999011344849,0.015311457505987,,1.0,1.0,1.0
2024-06-05,77.29,78.66,77.18,78.41,519881.0,294787.0,-0.1507744253539806,0.0001301266366422,0.0114073062833549,,,test,-0.363085,-0.6187252859192837,-0.2101618977733681,-0.6187252859192837,-0.2101618977733681,-0.3267388714573285,-0.09283663841623409,-0.3267388714573285,-0.09283663841623409,-0.5290770438338651,-0.2856321838618853,-0.5290770438338651,-0.2856321838618853,-0.4092419694586857,-0.3214103302391532,-0.4092419694586857,-0.3214103302391532,-0.8212265774950703,-0.37938484214502965,-0.8212265774950703,-0.37938484214502965,0.3482367371571329,0.35691053196879235,0.3482367371571329,0.35691053196879235,-0.1564699696183495,-0.0570449708449318,-0.0888215506571503,-0.0639571647721153,0.0113155929565201,0.0267729054313329,0.0131444223705374,0.0062999011344849,,,1.0,1.0
2024-06-06,78.7,80.08,78.38,79.87,496966.0,304138.0,-0.0424083154648178,0.000166060523913,0.0128864472960173,,,test,-0.162698,-0.597833711801293,-0.39891110277931213,-0.597833711801293,-0.39891110277931213,-0.4347050980736009,-0.2595148256437801,-0.4347050980736009,-0.2595148256437801,-0.0471316597940583,-0.1694552039938787,-0.0471316597940583,-0.1694552039938787,-0.724419513497521,-0.5179568621637326,-0.724419513497521,-0.5179568621637326,-0.3368707136661805,-0.3584470335349339,-0.3368707136661805,-0.3584470335349339,0.3024319617226822,0.330741767792847,0.3024319617226822,0.330741767792847,-0.1507744253539806,-0.1564699696183495,-0.0570449708449318,-0.0888215506571503,0.0114073062833549,0.0113155929565201,0.0267729054313329,0.0131444223705374,,,,1.0
2024-06-07,80.05,80.38,79.32,79.62,462887.0,312164.0,-0.0435011454176406,6.356077630730871e-05,0.0079725012579057,,,test,0.101425,-0.1501189639944732,-0.2776111345517188,-0.1501189639944732,-0.2776111345517188,0.6968863266918843,0.20626106613666145,0.6968863266918843,0.20626106613666145,0.234623095997225,0.027172948255133736,0.234623095997225,0.027172948255133736,-0.1682011532247471,-0.34787601158476583,-0.1682011532247471,-0.34787601158476583,0.0895690610379452,-0.14038845625544416,0.0895690610379452,-0.14038845625544416,-0.0972540839162311,0.12222217416914806,-0.0972540839162311,0.12222217416914806,-0.0424083154648178,-0.1507744253539806,-0.1564699696183495,-0.0570449708449318,0.0128864472960173,0.0114073062833549,0.0113155929565201,0.0267729054313329,,,,
2024-06-10,79.38,82.17,79.34,81.63,465552.0,321902.0,-0.0141104396874505,0.0004430344321931,0.0210483831253886,0.016864804388871,0.0,test,0.165794,-0.2345573234709804,-0.2112599169515136,-0.2345573234709804,-0.2112599169515136,-0.1810393439079964,0.03611480023791912,-0.1810393439079964,0.03611480023791912,-0.0993662374465359,-0.10284763144136828,-0.0993662374465359,-0.10284763144136828,-0.4164262705292868,-0.4139664682848735,-0.4164262705292868,-0.4139664682848735,0.7300509295795343,0.2334780331077292,0.7300509295795343,0.2334780331077292,0.18232394632208,0.17562213664472767,0.18232394632208,0.17562213664472767,-0.0435011454176406,-0.0424083154648178,-0.1507744253539806,-0.1564699696183495,0.0079725012579057,0.0128864472960173,0.0114073062833549,0.0113155929565201,,,,
2024-06-11,81.97,82.36,81.19,81.92,440361.0,331726.0,-0.0911734392566394,7.383460961306245e-05,0.0085927067687116,0.0162603793611379,1.0,test,-0.150394,,-0.1084501302663352,0.0,-0.1084501302663352,0.2183628538758651,0.12488397660652556,0.2183628538758651,0.12488397660652556,0.0258725282764393,-0.04015416075636565,0.0258725282764393,-0.04015416075636565,-0.7069384226177944,-0.5568505747001121,-0.7069384226177944,-0.5568505747001121,0.0015564672474981,0.12058861377742201,0.0015564672474981,0.12058861377742201,0.4045658469308691,0.2870316869630984,0.4045658469308691,0.2870316869630984,-0.0141104396874505,-0.0435011454176406,-0.0424083154648178,-0.1507744253539806,0.0210483831253886,0.0079725012579057,0.0128864472960173,0.0114073062833549,0.0,,,
2024-06-12,82.08,83.34,81.96,82.6,428798.0,341446.0,-0.0907875313143717,0.0001005558136581,0.0100277521737525,0.0164302686297206,1.0,test,-0.174273,,-0.055680153440051124,0.0,-0.055680153440051124,0.2201091026051228,0.17145882411502483,0.2201091026051228,0.17145882411502483,-0.0639891859035153,-0.051594676062276405,-0.0639891859035153,-0.051594676062276405,-0.3355148502008114,-0.4490132701551821,-0.3355148502008114,-0.4490132701551821,0.2380875907439423,0.17797688549693727,0.2380875907439423,0.17797688549693727,0.3415052786949884,0.31362758646982497,0.3415052786949884,0.31362758646982497,-0.0911734392566394,-0.0141104396874505,-0.0435011454176406,-0.0424083154648178,0.0085927067687116,0.0210483831253886,0.0079725012579057,0.0128864472960173,1.0,0.0,,
2024-07-01,84.9,86.88,84.85,86.6,622047.0,309540.0,0.0371720048758721,0.0002016112370134,0.0141989871826628,,,test,0.006684,,0.030108556172120066,0.0,0.030108556172120066,0.1950726627130161,0.2912323638552508,0.1950726627130161,0.2912323638552508,-0.1832695422768502,-0.24777362902115826,-0.1832695422768502,-0.24777362902115826,,-0.06512268571350817,0.0,-0.06512268571350817,,-0.15248205813741014,0.0,-0.15248205813741014,0.4471330727792492,0.27067953716620086,0.4471330727792492,0.27067953716620086,-0.0907875313143717,-0.0911734392566394,-0.0141104396874505,-0.0435011454176406,0.0100277521737525,0.0085927067687116,0.0210483831253886,0.0079725012579057,1.0,1.0,0.0,
2024-07-02,86.71,87.46,86.16,86.24,615293.0,321202.0,0.0302536168531801,8.088685923981999e-05,0.0089937122057479,,,test,0.22881,0.3255563116567231,0.1739923741463399,0.3255563116567231,0.1739923741463399,-0.1502698123726066,0.07615229899890265,-0.1502698123726066,0.07615229899890265,0.1757133676495937,-0.041656845530986295,0.1757133676495937,-0.041656845530986295,-0.1007762406025543,-0.08263043979608058,-0.1007762406025543,-0.08263043979608058,0.6472210757633395,0.2374596592048281,0.6472210757633395,0.2374596592048281,0.162057365888676,0.2177921266101214,0.162057365888676,0.2177921266101214,0.0371720048758721,-0.0907875313143717,-0.0911734392566394,-0.0141104396874505,0.0141989871826628,0.0100277521737525,0.0085927067687116,0.0210483831253886,,1.0,1.0,0.0
2024-07-03,86.44,87.39,85.89,87.34,597528.0,332451.0,0.1084949549810749,0.0001081139849375,0.0103977875020381,,,test,0.057817,0.2030244258215224,0.18803464231834052,0.2030244258215224,0.18803464231834052,-0.2493298349740097,-0.08268547025442516,-0.2493298349740097,-0.08268547025442516,0.1095878789237219,0.032135294728836916,0.1095878789237219,0.032135294728836916,0.2051211209838316,0.05751172508304701,0.2051211209838316,0.05751172508304701,-0.3779607112667578,-0.06222770498287321,-0.3779607112667578,-0.06222770498287321,0.6095382068167671,0.4086975874252528,0.6095382068167671,0.4086975874252528,0.0302536168531801,0.0371720048758721,-0.0907875313143717,-0.0911734392566394,0.0089937122057479,0.0141989871826628,0.0100277521737525,0.0085927067687116,,,1.0,1.0
2024-07-04,87.09,87.59,86.51,87.43,598138.0,344818.0,0.1203025056102884,5.551823480924465e-05,0.0074510559526314,,,test,0.191491,0.4359064112036686,0.30891507717477906,0.4359064112036686,0.30891507717477906,0.4028732789953414,0.15334027308588938,0.4028732789953414,0.15334027308588938,-0.0270112146612989,0.0034194525950818557,-0.0270112146612989,0.0034194525950818557,0.5248621285305695,0.28524186154846903,0.5248621285305695,0.28524186154846903,-0.0281889843667714,-0.0453161030532704,-0.0281889843667714,-0.0453161030532704,0.4060150189456076,0.407684584239816,0.4060150189456076,0.407684584239816,0.1084949549810749,0.0302536168531801,0.0371720048758721,-0.0907875313143717,0.0103977875020381,0.0089937122057479,0.0141989871826628,0.0100277521737525,,,,1.0
2024-07-05,87.45,87.95,86.49,86.54,578329.0,357003.0,0.0986552645539076,0.0001010667678281,0.0100531968959187,,,test,0.022339,0.1825491441356624,0.2474649468087386,0.1825491441356624,0.2474649468087386,0.0701626387345716,0.11276153209837807,0.0701626387345716,0.11276153209837807,-0.4520975351374057,-0.2184464998950679,-0.4520975351374057,-0.2184464998950679,-0.2395438558295353,0.029802965049351534,-0.2395438558295353,0.029802965049351534,,-0.023264637010478754,0.0,-0.023264637010478754,0.0288528321120646,0.22363829163704615,0.0288528321120646,0.22363829163704615,0.1203025056102884,0.1084949549810749,0.0302536168531801,0.0371720048758721,0.0074510559526314,0.0103977875020381,0.0089937122057479,0.0141989871826628,,,,
2024-07-08,86.74,86.92,85.56,85.75,549667.0,368230.0,0.0256318290262802,8.970008819099101e-05,0.0094710130498796,0.0182535512533267,0.0,test,0.042631,0.6389909403589443,0.33963998539402757,0.6389909403589443,0.33963998539402757,0.4020764315172516,0.28904843425550536,0.4020764315172516,0.28904843425550536,-0.3996638412718026,-0.2330168551455082,-0.3996638412718026,-0.2330168551455082,0.0818213185933402,-0.011099956007810934,0.0818213185933402,-0.011099956007810934,0.7117813084781762,0.24837166274098707,0.7117813084781762,0.24837166274098707,0.4376413621554858,0.2668689419827672,0.4376413621554858,0.2668689419827672,0.0986552645539076,0.1203025056102884,0.1084949549810749,0.0302536168531801,0.0100531968959187,0.0074510559526314,0.0103977875020381,0.0089937122057479,,,,
2024-07-09,85.67,85.85,84.53,84.66,516657.0,379688.0,0.0092560290590588,8.659694122667228e-05,0.0093057477521514,0.0174205306918286,0.0,test,-0.033135,-0.0998396254353716,0.1257348265780333,-0.0998396254353716,0.1257348265780333,-0.008218375562799,0.14423338396592167,-0.008218375562799,0.14423338396592167,-0.119924769744105,-0.17804291639305928,-0.119924769744105,-0.17804291639305928,-0.5050638515190616,-0.2521211726192201,-0.5050638515190616,-0.2521211726192201,,0.12762718271880027,0.0,0.12762718271880027,-0.8363819566034695,-0.2703214923457158,-0.8363819566034695,-0.2703214923457158,0.0256318290262802,0.0986552645539076,0.1203025056102884,0.1084949549810749,0.0094710130498796,0.0100531968959187,0.0074510559526314,0.0103977875020381,0.0,,,
2024-07-10,84.92,85.66,84.0,85.08,487168.0,390713.0,0.041395148868772,0.0001381209345231,0.0117524863123991,0.0167289886083265,0.0,test,0.047711,-0.2977276892437658,-0.08054869065884077,-0.2977276892437658,-0.08054869065884077,-0.2878338017727908,-0.06649282794407226,-0.2878338017727908,-0.06649282794407226,0.1088696669950669,-0.03804717313589813,0.1088696669950669,-0.03804717313589813,-0.2491689158034168,-0.25063401246823486,-0.2491689158034168,-0.25063401246823486,-0.7689629169989024,-0.30883332024629073,-0.7689629169989024,-0.30883332024629073,-0.5297637102270807,-0.3971090718409988,-0.5297637102270807,-0.3971090718409988,0.0092560290590588,0.0256318290262802,0.0986552645539076,0.1203025056102884,0.0093057477521514,0.0094710130498796,0.0100531968959187,0.0074510559526314,0.0,0.0,,
2024-07-11,85.45,85.89,84.64,85.4,455007.0,401212.0,0.0416029395033268,7.75190671228245e-05,0.0088044913040348,0.0162325743407829,0.0,test,0.008396,0.0357910703337992,-0.02391756301465515,0.0357910703337992,-0.02391756301465515,0.4518693048833091,0.18589253388304094,0.4518693048833091,0.18589253388304094,0.0576263079517559,0.008655267793230255,0.0576263079517559,0.008655267793230255,0.0088201437023455,-0.12438259291820333,0.0088201437023455,-0.12438259291820333,-0.3160301973867994,-0.3125311459450243,-0.3160301973867994,-0.3125311459450243,0.4239672393799259,0.0023982416345839364,0.4239672393799259,0.0023982416345839364,0.041395148868772,0.0092560290590588,0.0256318290262802,0.0986552645539076,0.0117524863123991,0.0093057477521514,0.0094710130498796,0.0100531968959187,0.0,0.0,0.0,
2024-07-12,85.69,86.35,84.95,85.03,423144.0,411873.0,0.0289944548707685,9.636852769799272e-05,0.0098167473074329,0.0164152636346495,0.0,test,-0.002705,0.0254535557080071,-8.049480998463277e-05,0.0254535557080071,-8.049480998463277e-05,0.3683178364307828,0.2749791035214453,0.3683178364307828,0.2749791035214453,-0.1799465823435486,-0.08333568395877074,-0.1799465823435486,-0.08333568395877074,0.0526823603644555,-0.038130668758057144,0.0526823603644555,-0.038130668758057144,-0.1826356256776872,-0.2498407462608584,-0.1826356256776872,-0.2498407462608584,0.2983323414105365,0.1464792031749313,0.2983323414105365,0.1464792031749313,0.0416029395033268,0.041395148868772,0.0092560290590588,0.0256318290262802,0.0088044913040348,0.0117524863123991,0.0093057477521514,0.0094710130498796,0.0,0.0,0.0,0.0
2024-08-01,81.44,81.8,79.43,79.52,588195.0,295651.0,-0.0852912532200704,0.0003117755751396,0.0176571678119572,,,test,0.271915,0.2644766227816892,0.09213701631123497,0.2644766227816892,0.09213701631123497,0.409845205194897,0.2703267842130641,0.409845205194897,0.2703267842130641,0.0781596206913978,-0.055144845401366153,0.0781596206913978,-0.055144845401366153,-0.2202770907404222,-0.319604183182024,-0.2202770907404222,-0.319604183182024,-0.6157562345251354,-0.35424233499413726,-0.6157562345251354,-0.35424233499413726,0.390920285521787,0.19383306056122682,0.390920285521787,0.19383306056122682,0.0289944548707685,0.0416029395033268,0.041395148868772,0.0092560290590588,0.0098167473074329,0.0088044913040348,0.0117524863123991,0.0093057477521514,0.0,0.0,0.0,0.0
2024-08-02,79.98,80.46,76.42,76.81,578769.0,306026.0,-0.1157992671500967,0.0009571812255348,0.030938345552644,,,test,0.017454,0.2752364831485622,0.18126263489636504,0.2752364831485622,0.18126263489636504,0.0731080561555182,0.1741917586977113,0.0731080561555182,0.1741917586977113,-0.2763038968859651,-0.1627872252989129,-0.2763038968859651,-0.1627872252989129,-0.1643127107059752,-0.24398122184950932,-0.1643127107059752,-0.24398122184950932,0.003814816606018,-0.18001548931340006,0.003814816606018,-0.18001548931340006,-0.033530378697009,0.0831034885726493,-0.033530378697009,0.0831034885726493,-0.0852912532200704,0.0289944548707685,0.0416029395033268,0.041395148868772,0.0176571678119572,0.0098167473074329,0.0088044913040348,0.0117524863123991,,0.0,0.0,0.0
2024-08-05,77.61,77.74,75.05,76.3,549667.0,315573.0,-0.1259337965063274,0.0004472794999374,0.0211489834256264,,,test,0.173102,,-0.08051776501183217,0.0,-0.08051776501183217,0.6326927002294821,0.4434922190447368,0.6326927002294821,0.4434922190447368,-0.0310922819426687,-0.1912637339003277,-0.0310922819426687,-0.1912637339003277,-0.3560068055986046,-0.2366290284910372,-0.3560068055986046,-0.2366290284910372,-0.4570827642514475,-0.24494084103038685,-0.4570827642514475,-0.24494084103038685,0.2622846751336871,0.24429447578835103,0.2622846751336871,0.24429447578835103,-0.1157992671500967,-0.0852912532200704,0.0289944548707685,0.0416029395033268,0.030938345552644,0.0176571678119572,0.0098167473074329,0.0088044913040348,,,0.0,0.0
2024-08-06,77.45,77.85,75.58,76.48,546155.0,325349.0,-0.0433710441861512,0.0003158414066403,0.017771927488045,,,test,-0.233685,0.0229039285513476,-0.030010256659120743,0.0229039285513476,-0.030010256659120743,0.5931139965531943,0.5166288214994472,0.5931139965531943,0.5166288214994472,-0.2456141404615083,-0.21789302477377048,-0.2456141404615083,-0.21789302477377048,-0.1676666371532278,-0.20296102379925496,-0.1676666371532278,-0.20296102379925496,-0.446571955922884,-0.34301377297262914,-0.446571955922884,-0.34301377297262914,0.0727808139786179,0.16107893334574486,0.0727808139786179,0.16107893334574486,-0.1259337965063274,-0.1157992671500967,-0.0852912532200704,0.0289944548707685,0.0211489834256264,0.030938345552644,0.0176571678119572,0.0098167473074329,,,,0.0
2024-08-07,76.16,78.87,75.95,78.33,503765.0,332599.0,-0.016334646193024,0.0005133211088777,0.0226565908485322,,,test,0.065413,0.2389876096068723,0.10102767978385038,0.2389876096068723,0.10102767978385038,-0.505533237200258,0.018818513322234682,-0.505533237200258,0.018818513322234682,-0.2079647924191752,-0.21312131904416295,-0.2079647924191752,-0.21312131904416295,-0.5519390208564219,-0.3731692734144027,-0.5519390208564219,-0.3731692734144027,0.191121467468855,-0.08345221853335215,0.191121467468855,-0.08345221853335215,0.154122310698516,0.1576884384906478,0.154122310698516,0.1576884384906478,-0.0433710441861512,-0.1259337965063274,-0.1157992671500967,-0.0852912532200704,0.017771927488045,0.0211489834256264,0.030938345552644,0.0176571678119572,,,,
2024-08-08,78.55,79.37,77.63,79.16,470049.0,339352.0,-0.0799649653116842,0.0001772185974362,0.0133123475554185,0.018202388512064,1.0,test,0.040669,-0.0696249378258693,0.01800175438085053,-0.0696249378258693,0.01800175438085053,0.3081974586592669,0.15986376666837324,0.3081974586592669,0.15986376666837324,-0.1989843335387681,-0.2063403139941497,-0.1989843335387681,-0.2063403139941497,-0.3257152812714793,-0.3502975301072207,-0.3257152812714793,-0.3502975301072207,0.6246727848228089,0.26149660210981646,0.6246727848228089,0.26149660210981646,0.4519248772119649,0.300897072777421,0.4519248772119649,0.300897072777421,-0.016334646193024,-0.0433710441861512,-0.1259337965063274,-0.1157992671500967,0.0226565908485322,0.017771927488045,0.0211489834256264,0.030938345552644,,,,
2024-08-09,79.03,79.83,78.77,79.66,459503.0,346549.0,-0.0608756573392801,6.444553550061176e-05,0.0080277976743694,0.0174232619683587,1.0,test,-0.147177,-0.0086145427458376,0.004819774448610246,-0.0086145427458376,0.004819774448610246,0.4727806862020003,0.31222234261479276,0.4727806862020003,0.31222234261479276,-0.1897942181692815,-0.1984932347785032,-0.1897942181692815,-0.1984932347785032,-0.1390631278292944,-0.24716935805247597,-0.1390631278292944,-0.24716935805247597,,0.13425683209203398,0.0,0.13425683209203398,-0.5400062537654657,-0.10873065911639722,-0.5400062537654657,-0.10873065911639722,-0.0799649653116842,-0.016334646193024,-0.0433710441861512,-0.1259337965063274,0.0133123475554185,0.0226565908485322,0.017771927488045,0.0211489834256264,1.0,,,
2024-08-12,79.56,82.4,79.46,82.3,430222.0,353561.0,-0.0326330277146773,0.0004760862783042,0.0218194014194772,0.0164128783640432,0.0,test,0.076623,0.1227201644197646,-0.05210509222302708,0.1227201644197646,-0.05210509222302708,0.395429871081065,0.35079766250273203,0.395429871081065,0.35079766250273203,-0.0941326205908284,-0.0770152063607312,-0.0941326205908284,-0.0770152063607312,-0.2158489961421979,-0.267513581975854,-0.2158489961421979,-0.267513581975854,0.6436799799585075,0.3664866623103893,0.6436799799585075,0.3664866623103893,-0.0196381609158067,0.03145011241504909,-0.0196381609158067,0.03145011241504909,-0.0608756573392801,-0.0799649653116842,-0.016334646193024,-0.0433710441861512,0.0080277976743694,0.0133123475554185,0.0226565908485322,0.017771927488045,1.0,1.0,,
2024-09-02,76.95,77.63,76.21,77.52,507377.0,274892.0,0.0092011275719201,0.000122924189659,0.0110871181854916,,,test,0.093103,-0.3445624247470309,-0.03671643176327258,-0.3445624247470309,-0.03671643176327258,0.4857432993732308,0.5902819063329926,0.4857432993732308,0.5902819063329926,-0.0574558313470934,-0.07512092888050541,-0.0574558313470934,-0.07512092888050541,-0.3883001878011934,-0.19982467573844126,-0.3883001878011934,-0.19982467573844126,-0.7810471874364308,-0.6804264236225719,-0.7810471874364308,-0.6804264236225719,0.0208139952445406,0.22691842992879263,0.0208139952445406,0.22691842992879263,-0.0326330277146773,-0.0608756573392801,-0.0799649653116842,-0.016334646193024,0.0218194014194772,0.0080277976743694,0.0133123475554185,0.0226565908485322,0.0,1.0,1.0,
2024-09-03,77.16,77.55,73.51,73.75,494426.0,280118.0,-0.1691275528374856,0.0010323939754999,0.0321308881841131,,,test,-0.01228,0.1846454404719922,0.07077667412319756,0.1846454404719922,0.07077667412319756,0.7036249140566257,0.6452786019927753,0.7036249140566257,0.6452786019927753,-0.5131329771081845,-0.2885331050292786,-0.5131329771081845,-0.2885331050292786,-0.3150220644518706,-0.25574372805441564,-0.3150220644518706,-0.25574372805441564,-0.5889209177430214,-0.6365538831520476,-0.5889209177430214,-0.6365538831520476,-0.0684832020499001,0.08273225950039487,-0.0684832020499001,0.08273225950039487,0.0092011275719201,-0.0326330277146773,-0.0608756573392801,-0.0799649653116842,0.0110871181854916,0.0218194014194772,0.0080277976743694,0.0133123475554185,,0.0,1.0,1.0
2024-09-04,73.67,74.8,72.35,72.7,476891.0,285628.0,-0.1844970886533259,0.0004000059445361,0.0200001486128523,,,test,-0.124462,0.0899200653564617,0.07966575853171136,0.0899200653564617,0.07966575853171136,0.8204829186030493,0.730568289058786,0.8204829186030493,0.730568289058786,-0.5289910352386922,-0.4057702154405787,-0.5289910352386922,-0.4057702154405787,-0.2574673621195742,-0.25662313649714596,-0.2574673621195742,-0.25662313649714596,-0.865412060168618,-0.7484489364708442,-0.865412060168618,-0.7484489364708442,-0.7439832519711913,-0.3199335968043738,-0.7439832519711913,-0.3199335968043738,-0.1691275528374856,0.0092011275719201,-0.0326330277146773,-0.0608756573392801,0.0321308881841131,0.0110871181854916,0.0218194014194772,0.0080277976743694,,,0.0,1.0
2024-09-05,72.76,74.2,72.37,72.69,464656.0,291154.0,-0.0484691147938667,0.0002249218670554,0.0149973953423749,,,test,-0.338426,-0.4460296751560973,-0.17648443069632086,-0.4460296751560973,-0.17648443069632086,0.3487868623334172,0.5447322298338436,0.3487868623334172,0.5447322298338436,-0.4935987757579973,-0.44878943939861904,-0.4935987757579973,-0.44878943939861904,-0.2843675968998752,-0.270085057504207,-0.2843675968998752,-0.270085057504207,-0.4957929310405781,-0.6253253616914489,-0.4957929310405781,-0.6253253616914489,-0.7655919800275008,-0.5370299081817698,-0.7655919800275008,-0.5370299081817698,-0.1844970886533259,-0.1691275528374856,0.0092011275719201,-0.0326330277146773,0.0200001486128523,0.0321308881841131,0.0110871181854916,0.0218194014194772,,,,0.0
2024-09-06,72.81,73.53,70.61,71.06,450414.0,296420.0,-0.0735046781502655,0.0005922295150253,0.0243357661688573,,,test,-0.011553,-0.0121956722873852,-0.09688825821627549,-0.0121956722873852,-0.09688825821627549,0.5875374183091426,0.5655912589499693,0.5875374183091426,0.5655912589499693,-0.2373743977664111,-0.34631021301334586,-0.2373743977664111,-0.34631021301334586,0.2168764327042526,-0.032960964855339475,0.2168764327042526,-0.032960964855339475,-0.2796812911068634,-0.4573789700009437,-0.2796812911068634,-0.4573789700009437,0.179723388416904,-0.18837533316207822,0.179723388416904,-0.18837533316207822,-0.0484691147938667,-0.1844970886533259,-0.1691275528374856,0.0092011275719201,0.0149973953423749,0.0200001486128523,0.0321308881841131,0.0110871181854916,,,,
2024-09-09,71.66,72.21,70.65,71.84,437471.0,301707.0,-0.1033261537595535,0.0001720429853031,0.0131165157455459,0.0169909131435252,1.0,test,0.155187,,-0.18033540162434242,0.0,-0.18033540162434242,,0.05674025989866715,0.0,0.05674025989866715,-0.3351032012995337,-0.32692867180160423,-0.3351032012995337,-0.32692867180160423,,-0.20325305896610668,0.0,-0.20325305896610668,0.0323948035261835,-0.18645175351557555,0.0323948035261835,-0.18645175351557555,0.6603268432405364,0.24438945269794388,0.6603268432405364,0.24438945269794388,-0.0735046781502655,-0.0484691147938667,-0.1844970886533259,-0.1691275528374856,0.0243357661688573,0.0149973953423749,0.0200001486128523,0.0321308881841131,,,,
2024-09-10,71.92,72.28,68.68,69.19,421830.0,309050.0,-0.2067356468213166,0.0009414053392046,0.0306823294292438,0.0167439295174085,1.0,test,-0.088344,0.3971918506441053,0.10067230153271475,0.3971918506441053,0.10067230153271475,-0.1328957944155441,-0.03605215546547734,-0.1328957944155441,-0.03605215546547734,-0.4116313805681378,-0.36828758433232206,-0.4116313805681378,-0.36828758433232206,0.1707282563438031,-0.021161159021015973,0.1707282563438031,-0.021161159021015973,-0.6527355144296192,-0.4135080328286195,-0.6527355144296192,-0.4135080328286195,0.1823483067451329,0.21412865153750293,0.1823483067451329,0.21412865153750293,-0.1033261537595535,-0.0735046781502655,-0.0484691147938667,-0.1844970886533259,0.0131165157455459,0.0243357661688573,0.0149973953423749,0.0200001486128523,1.0,,,
2024-09-11,69.68,71.09,69.0,70.61,400565.0,316668.0,-0.1901743232662687,0.0003211569236454,0.0179208516439771,0.0162438650039824,1.0,test,-0.298081,-0.2404837079084788,-0.06554135681652978,-0.2404837079084788,-0.06554135681652978,-0.0360339039177031,-0.0365125010907074,-0.0360339039177031,-0.0365125010907074,-0.5318273871416545,-0.4481434513660633,-0.5318273871416545,-0.4481434513660633,-0.5163211340040689,-0.2624176612421959,-0.5163211340040689,-0.2624176612421959,-0.3690494302659822,-0.3915903179943252,-0.3690494302659822,-0.3915903179943252,0.2302540981079911,0.22185672423337904,0.2302540981079911,0.22185672423337904,-0.2067356468213166,-0.1033261537595535,-0.0735046781502655,-0.0484691147938667,0.0306823294292438,0.0131165157455459,0.0243357661688573,0.0149973953423749,1.0,1.0,,
2024-09-12,70.6,72.87,70.59,71.97,374635.0,324921.0,-0.1341217421633107,0.0003644649077223,0.0190909640333424,0.0164274979581694,1.0,test,-0.247071,-0.0845475547665737,-0.07462823011907785,-0.0845475547665737,-0.07462823011907785,-0.0061317577546687,-0.02203472920360853,-0.0061317577546687,-0.02203472920360853,-0.5303951532208169,-0.48845895840945047,-0.5303951532208169,-0.48845895840945047,-0.1419071415315654,-0.20362653407382642,-0.1419071415315654,-0.20362653407382642,-0.0429042129468874,-0.22146795699885383,-0.0429042129468874,-0.22146795699885383,-0.2616762059315153,-0.013597274620777346,-0.2616762059315153,-0.013597274620777346,-0.1901743232662687,-0.2067356468213166,-0.1033261537595535,-0.0735046781502655,0.0179208516439771,0.0306823294292438,0.0131165157455459,0.0243357661688573,1.0,1.0,1.0,
2024-10-01,71.85,75.45,69.91,73.56,522919.0,272962.0,-0.0779071626121981,0.0020976115211272,0.0457996890942203,,,test,0.034596,0.1541974098455616,0.05161384583437125,0.1541974098455616,0.05161384583437125,0.0790932843678322,0.08154000431810517,0.0790932843678322,0.08154000431810517,0.0335098296916687,-0.030154080982308082,0.0335098296916687,-0.030154080982308082,-0.2845695214424664,-0.11519840685689264,-0.2845695214424664,-0.11519840685689264,-0.3683066884721948,-0.10296283927211868,-0.3683066884721948,-0.10296283927211868,0.0246163476419861,0.24501048739908005,0.0246163476419861,0.24501048739908005,-0.1341217421633107,-0.1901743232662687,-0.2067356468213166,-0.1033261537595535,0.0190909640333424,0.0179208516439771,0.0306823294292438,0.0131165157455459,1.0,1.0,1.0,1.0
2024-10-02,74.47,76.14,73.59,73.9,498984.0,279523.0,-0.0478231396283543,0.0004185248383391,0.0204578796149333,,,test,-0.065556,-0.0221703705691779,0.01569796293213094,-0.0221703705691779,0.01569796293213094,-0.0836760700182713,0.0008831190424522866,-0.0836760700182713,0.0008831190424522866,-0.317410234572937,-0.16998524165947662,-0.317410234572937,-0.16998524165947662,-0.6853762259389937,-0.3930621271634959,-0.6853762259389937,-0.3930621271634959,0.045613263140694,-0.03037019732622563,0.045613263140694,-0.03037019732622563,-0.7319996708014601,-0.23104683415240226,-0.7319996708014601,-0.23104683415240226,-0.0779071626121981,-0.1341217421633107,-0.1901743232662687,-0.2067356468213166,0.0457996890942203,0.0190909640333424,0.0179208516439771,0.0306823294292438,,1.0,1.0,1.0
2024-10-03,74.59,77.99,74.31,77.62,499394.0,287840.0,0.0511441307208304,0.0008426349185017,0.0290281745637184,,,test,0.332905,0.4830461896156689,0.243401113047484,0.4830461896156689,0.243401113047484,0.0049518101221032,0.0028611024263306938,0.0049518101221032,0.0028611024263306938,0.1001789581823828,-0.03824948121422414,0.1001789581823828,-0.03824948121422414,-0.0394797046087302,-0.221039451973896,-0.0394797046087302,-0.221039451973896,-0.36587814991835,-0.19423714125805863,-0.36587814991835,-0.19423714125805863,0.2549331879929139,0.005548509906970396,0.2549331879929139,0.005548509906970396,-0.0478231396283543,-0.0779071626121981,-0.1341217421633107,-0.1901743232662687,0.0204578796149333,0.0457996890942203,0.0190909640333424,0.0179208516439771,,,1.0,1.0
2024-10-04,77.79,79.3,77.39,78.05,501612.0,297619.0,0.0710082624219676,0.0002143886234614,0.014642015689837,,,test,0.198082,0.5042876805462834,0.370656724608022,0.5042876805462834,0.370656724608022,0.1469627330630405,0.07344057854155281,0.1469627330630405,0.07344057854155281,0.399940680350215,0.17529030814784008,0.399940680350215,0.17529030814784008,-0.0327306732983719,-0.12950515319287617,-0.0327306732983719,-0.12950515319287617,-0.2634527726781042,-0.22765721273777775,-0.2634527726781042,-0.22765721273777775,0.1636394526744659,0.08301799502847237,0.1636394526744659,0.08301799502847237,0.0511441307208304,-0.0478231396283543,-0.0779071626121981,-0.1341217421633107,0.0290281745637184,0.0204578796149333,0.0457996890942203,0.0190909640333424,,,,1.0
2024-10-07,78.07,81.16,77.23,80.93,490277.0,307130.0,0.0326539121284632,0.0008885511163148,0.0298085745434901,,,test,0.090622,0.1452752081968742,0.30209508948971536,0.1452752081968742,0.30209508948971536,0.0668432876497479,0.1571084164519561,0.0668432876497479,0.1571084164519561,-0.2644719451353949,-0.11165183729472566,-0.2644719451353949,-0.11165183729472566,,0.03096240310998404,0.0,0.03096240310998404,-0.1266722026906943,-0.12614666104786687,-0.1266722026906943,-0.12614666104786687,0.0886962337922362,0.12805886680931758,0.0886962337922362,0.12805886680931758,0.0710082624219676,0.0511441307208304,-0.0478231396283543,-0.0779071626121981,0.014642015689837,0.0290281745637184,0.0204578796149333,0.0457996890942203,,,,
2024-10-08,80.96,81.14,76.36,77.18,449823.0,315585.0,-0.0253307646248925,0.0013296459061581,0.0364643100326626,0.018140681664399,0.0,test,0.060717,0.0175340384603569,0.16375842591048248,0.0175340384603569,0.16375842591048248,-0.6459937482857995,-0.2341241418772889,-0.6459937482857995,-0.2341241418772889,-0.0151060289097726,-0.06454405559215115,-0.0151060289097726,-0.06454405559215115,,0.016070769841277102,0.0,0.016070769841277102,,-0.06447923320362249,0.0,-0.06447923320362249,0.4702996051081799,0.29455147765143885,0.4702996051081799,0.29455147765143885,0.0326539121284632,0.0710082624219676,0.0511441307208304,-0.0478231396283543,0.0298085745434901,0.014642015689837,0.0290281745637184,0.0204578796149333,,,,
2024-10-09,77.49,78.02,75.15,76.58,423738.0,323149.0,0.0638945220552038,0.0005066319490568,0.0225084861564881,0.0170149868070735,1.0,test,0.064085,0.14410066282938,0.15425946168929366,0.14410066282938,0.15425946168929366,0.173594885654155,-0.035724701267534624,0.173594885654155,-0.035724701267534624,-0.1139369576387484,-0.08855533497769645,-0.1139369576387484,-0.08855533497769645,-0.4719341223514539,-0.22196288785629398,-0.4719341223514539,-0.22196288785629398,,-0.032738063180582734,0.0,-0.032738063180582734,0.2948615045810463,0.2945324151149269,0.2948615045810463,0.2945324151149269,-0.0253307646248925,0.0326539121284632,0.0710082624219676,0.0511441307208304,0.0364643100326626,0.0298085745434901,0.014642015689837,0.0290281745637184,0.0,,,
2024-10-10,76.76,79.72,76.72,79.4,414294.0,331666.0,0.1376420247423704,0.0005306741389562,0.0230363655761108,0.0166985837247461,1.0,test,-0.109034,-0.4174349719255859,-0.12417608543078873,-0.4174349719255859,-0.12417608543078873,-0.3915274418713527,-0.20915221192979966,-0.3915274418713527,-0.20915221192979966,-0.0233823486961183,-0.056827625761051805,-0.0233823486961183,-0.056827625761051805,-0.357520994355185,-0.28814481591667396,-0.357520994355185,-0.28814481591667396,,-0.01734745532637138,0.0,-0.01734745532637138,-0.3644474157111598,-0.026673691113334706,-0.3644474157111598,-0.026673691113334706,0.0638945220552038,-0.0253307646248925,0.0326539121284632,0.0710082624219676,0.0225084861564881,0.0364643100326626,0.0298085745434901,0.014642015689837,1.0,0.0,,
2024-10-11,79.14,79.5,78.04,79.04,388317.0,339957.0,0.112782275911357,0.0001239148729172,0.0111317057505701,0.0162033638458014,1.0,test,0.129991,0.6488573703619024,0.2522754650304295,0.6488573703619024,0.2522754650304295,-0.384193295793385,-0.29461145879615847,-0.384193295793385,-0.29461145879615847,-0.175246653435147,-0.1145777328768806,-0.175246653435147,-0.1145777328768806,-0.1408079465732754,-0.2163640809410921,-0.1408079465732754,-0.2163640809410921,-0.5459537199562953,-0.27466836111512216,-0.5459537199562953,-0.27466836111512216,-0.4182777533552875,-0.21749613194284032,-0.4182777533552875,-0.21749613194284032,0.1376420247423704,0.0638945220552038,-0.0253307646248925,0.0326539121284632,0.0230363655761108,0.0225084861564881,0.0364643100326626,0.0298085745434901,1.0,1.0,0.0,
2024-11-01,74.11,74.94,72.89,73.1,522631.0,290063.0,-0.0062730329803875,0.0002774679265965,0.0166573685375732,,,test,-0.012812,0.3663690891482179,-0.060285519282607836,0.3663690891482179,-0.060285519282607836,0.3408409674094197,0.1326620335090542,0.3408409674094197,0.1326620335090542,-0.0082179842247855,-0.06235501754371938,-0.0082179842247855,-0.06235501754371938,-0.4325633347701163,-0.4216949208406907,-0.4325633347701163,-0.4216949208406907,0.0912975711076142,-0.009220523439424045,0.0912975711076142,-0.009220523439424045,0.6346753379936578,0.15829182268172337,0.6346753379936578,0.15829182268172337,0.112782275911357,0.1376420247423704,0.0638945220552038,-0.0253307646248925,0.0111317057505701,0.0230363655761108,0.0225084861564881,0.0364643100326626,1.0,1.0,1.0,0.0
2024-11-04,74.0,75.4,73.88,75.08,514724.0,299053.0,-0.0387954352431325,0.0001495851499253,0.0122305008043573,,,test,0.152962,-0.1137983149688958,0.133307923928609,-0.1137983149688958,0.133307923928609,-0.3061578238042877,0.05852287879840394,-0.3061578238042877,0.05852287879840394,-0.1335411343660074,-0.1259271428626682,-0.1335411343660074,-0.1259271428626682,-0.1994186366894769,-0.16555718002187975,-0.1994186366894769,-0.16555718002187975,-0.1047019836431617,-0.10045068886399755,-0.1047019836431617,-0.10045068886399755,-0.0806037037188781,0.18995612256864752,-0.0806037037188781,0.18995612256864752,-0.0062730329803875,0.112782275911357,0.1376420247423704,0.0638945220552038,0.0166573685375732,0.0111317057505701,0.0230363655761108,0.0225084861564881,,1.0,1.0,1.0
2024-11-05,75.0,76.24,74.9,75.53,501749.0,308371.0,0.0383261048288119,0.0001134091405424,0.0106493727769492,,,test,0.222507,0.4500956314067727,0.2877304724850066,0.4500956314067727,0.2877304724850066,0.4416854808363877,0.24501631839136995,0.4416854808363877,0.24501631839136995,-0.0064945868083476,-0.06798849712271277,-0.0064945868083476,-0.06798849712271277,-0.2290288485380263,-0.1965661594847712,-0.2290288485380263,-0.1965661594847712,0.6144035806027386,0.2477661102461804,0.6144035806027386,0.2477661102461804,-0.4722420592000383,-0.13280256496227316,-0.4722420592000383,-0.13280256496227316,-0.0387954352431325,-0.0062730329803875,0.112782275911357,0.1376420247423704,0.0122305008043573,0.0166573685375732,0.0111317057505701,0.0230363655761108,,,1.0,1.0
2024-11-06,75.3,75.98,73.34,74.92,492043.0,316674.0,0.0528962869830067,0.000451062731834,0.0212382374935889,,,test,0.019091,0.2038085817708109,0.24702188474216968,0.2038085817708109,0.24702188474216968,0.2551726486088561,0.24973137962006337,0.2551726486088561,0.24973137962006337,-0.0444803668882929,-0.056712511232233614,-0.0444803668882929,-0.056712511232233614,-0.0079786897520468,-0.10480767218200619,-0.0079786897520468,-0.10480767218200619,0.5333857173444261,0.3876088176336053,0.5333857173444261,0.3876088176336053,-0.6734264071052466,-0.39648174213113735,-0.6734264071052466,-0.39648174213113735,0.0383261048288119,-0.0387954352431325,-0.0062730329803875,0.112782275911357,0.0106493727769492,0.0122305008043573,0.0166573685375732,0.0111317057505701,,,,1.0
2024-11-07,74.99,76.08,74.02,75.63,470783.0,323810.0,-0.0677315536396729,0.0002717703874318,0.0164854598792953,,,test,0.213983,-0.5800816474780952,-0.15579220336621752,-0.5800816474780952,-0.15579220336621752,-0.3880097881162714,-0.060804797110119324,-0.3880097881162714,-0.060804797110119324,0.0753197036656615,0.007450489129898196,0.0753197036656615,0.007450489129898196,-0.4347553617482339,-0.265778557432644,-0.4347553617482339,-0.265778557432644,-0.9103454901178486,-0.24451797112401,-0.9103454901178486,-0.24451797112401,0.1082873210609037,-0.15060546999516414,0.1082873210609037,-0.15060546999516414,0.0528962869830067,0.0383261048288119,-0.0387954352431325,-0.0062730329803875,0.0212382374935889,0.0106493727769492,0.0122305008043573,0.0166573685375732,,,,
2024-11-08,75.55,75.61,73.44,73.87,459341.0,330181.0,-0.0438335645688265,0.0003058379827413,0.0174882241162843,0.0177844005896435,0.0,test,-0.123681,,-0.07958634140230467,0.0,-0.07958634140230467,-0.1353082290140767,-0.0972546776059095,-0.1353082290140767,-0.0972546776059095,-0.4041851297275263,-0.19281942559993565,-0.4041851297275263,-0.19281942559993565,-0.8767174472558397,-0.5632564545064981,-0.8767174472558397,-0.5632564545064981,-0.8123536179542443,-0.5212860774683827,-0.8123536179542443,-0.5212860774683827,-0.0649436218114404,-0.10850133732861211,-0.0649436218114404,-0.10850133732861211,-0.0677315536396729,0.0528962869830067,0.0383261048288119,-0.0387954352431325,0.0164854598792953,0.0212382374935889,0.0106493727769492,0.0122305008043573,,,,
2024-11-11,73.85,74.13,71.57,71.83,430562.0,336172.0,-0.0956518373529027,0.0004454764609457,0.0211063132959247,0.0161567665105683,1.0,test,0.090283,0.0136948577825336,-0.0040763767131611625,0.0136948577825336,-0.0040763767131611625,0.2549293630078932,0.1677747916288562,0.2549293630078932,0.1677747916288562,-0.2898459570967182,-0.14955717861745788,-0.2898459570967182,-0.14955717861745788,,-0.0751108358890673,0.0,-0.0751108358890673,,-0.21527355998429418,0.0,-0.21527355998429418,-0.3954141521925233,-0.20191346013728112,-0.3954141521925233,-0.20191346013728112,-0.0438335645688265,-0.0677315536396729,0.0528962869830067,0.0383261048288119,0.0174882241162843,0.0164854598792953,0.0212382374935889,0.0106493727769492,0.0,,,
2024-11-12,71.97,72.82,71.55,71.89,403191.0,342048.0,-0.0011121925239327,0.0001116478781409,0.0105663559537326,0.0164981334250305,0.0,test,0.035799,-0.0390599057197521,-0.02137948111857989,-0.0390599057197521,-0.02137948111857989,0.4534267761285382,0.30693605755562947,0.4534267761285382,0.30693605755562947,-0.2899386981407795,-0.21800592204724392,-0.2899386981407795,-0.21800592204724392,0.3027392949139459,0.10898916298695036,0.3027392949139459,0.10898916298695036,0.228657200217357,0.0011099899849771285,0.228657200217357,0.0011099899849771285,0.6439109342890496,0.20977255757758295,0.6439109342890496,0.20977255757758295,-0.0956518373529027,-0.0438335645688265,-0.0677315536396729,0.0528962869830067,0.0211063132959247,0.0174882241162843,0.0164854598792953,0.0212382374935889,1.0,0.0,,
2024-12-02,72.0,72.89,71.52,71.83,518419.0,281116.0,-0.0284106118674465,0.0001298515673957,0.0113952431916018,,,test,0.209694,,-0.028696711162480806,0.0,-0.028696711162480806,0.3270780260813392,0.15800140255325204,0.3270780260813392,0.15800140255325204,0.2255151329293357,0.12479962601916411,0.2255151329293357,0.12479962601916411,-0.6531358004095847,-0.4899955784166517,-0.6531358004095847,-0.4899955784166517,-0.0009824790501467,-0.05082319221952293,-0.0009824790501467,-0.05082319221952293,0.0924368337479329,0.007357969773440538,0.0924368337479329,0.007357969773440538,-0.0011121925239327,-0.0956518373529027,-0.0438335645688265,-0.0677315536396729,0.0105663559537326,0.0211063132959247,0.0174882241162843,0.0164854598792953,0.0,1.0,0.0,
2024-12-03,71.93,73.93,71.68,73.62,503390.0,287796.0,-0.052908397989885,0.0003445294176303,0.0185615036468036,,,test,0.035891,0.3983106861097301,0.17896983005362907,0.3983106861097301,0.17896983005362907,0.1025072994851647,0.13084729401629497,0.1025072994851647,0.13084729401629497,0.1273689346351183,0.12619359404433966,0.1273689346351183,0.12619359404433966,,-0.25157211820938585,0.0,-0.25157211820938585,-0.4396560473308125,-0.24012764630889583,-0.4396560473308125,-0.24012764630889583,0.5764814059644049,0.284455481549666,0.5764814059644049,0.284455481549666,-0.0284106118674465,-0.0011121925239327,-0.0956518373529027,-0.0438335645688265,0.0113952431916018,0.0105663559537326,0.0211063132959247,0.0174882241162843,,0.0,1.0,0.0
2024-12-04,73.62,74.28,72.25,72.31,486687.0,294350.0,-0.0375917795314482,0.0002769294155438,0.0166411963375186,,,test,0.065676,-0.0817124369466566,0.05207950223319013,-0.0817124369466566,0.05207950223319013,0.0145295078483603,0.07429370870390038,0.0145295078483603,0.07429370870390038,0.1313313790766728,0.12871661344857932,0.1313313790766728,0.12871661344857932,0.1352547353815562,-0.06325208904562449,0.1352547353815562,-0.06325208904562449,0.0686597856972965,-0.08983439684850486,0.0686597856972965,-0.08983439684850486,0.1545531880062024,0.2208985996794013,0.1545531880062024,0.2208985996794013,-0.052908397989885,-0.0284106118674465,-0.0011121925239327,-0.0956518373529027,0.0185615036468036,0.0113952431916018,0.0105663559537326,0.0211063132959247,,,0.0,1.0
2024-12-05,72.52,72.92,71.8,72.09,471314.0,300724.0,-0.0466145899088692,8.641135553290013e-05,0.0092957708412428,,,test,0.021343,-0.0326580440578237,0.010827413836554353,-0.0326580440578237,0.010827413836554353,0.1582171305671361,0.11521161838525577,0.1582171305671361,0.11521161838525577,-0.3707161734595637,-0.1147331316955401,-0.3707161734595637,-0.1147331316955401,0.0682277583351691,0.00076605720005598,0.0682277583351691,0.00076605720005598,0.0278661133853256,-0.032546065636406225,0.0278661133853256,-0.032546065636406225,0.2859194312656447,0.2527835127904661,0.2859194312656447,0.2527835127904661,-0.0375917795314482,-0.052908397989885,-0.0284106118674465,-0.0011121925239327,0.0166411963375186,0.0185615036468036,0.0113952431916018,0.0105663559537326,,,,0.0
2024-12-06,72.12,72.19,70.85,71.12,450695.0,306156.0,-0.0520522863702384,0.0001266177356905,0.0112524546517894,,,test,0.109031,-0.27888514986408,-0.13006125943755295,-0.27888514986408,-0.13006125943755295,0.2493181074903928,0.1803268029047683,0.2493181074903928,0.1803268029047683,-0.1425877979931,-0.12845357950432448,-0.1425877979931,-0.12845357950432448,-0.0283495992118512,-0.01347235711178191,-0.0283495992118512,-0.01347235711178191,-0.1736706306548405,-0.10107358210595875,-0.1736706306548405,-0.10107358210595875,-0.3269842322037112,-0.02943605448495059,-0.3269842322037112,-0.02943605448495059,-0.0466145899088692,-0.0375917795314482,-0.052908397989885,-0.0284106118674465,0.0092957708412428,0.0166411963375186,0.0185615036468036,0.0113952431916018,,,,
2024-12-09,70.92,72.65,70.92,72.14,430327.0,311515.0,-0.059727270573755,0.0002094987261624,0.0144740708220758,0.0170580839454548,1.0,test,0.153243,,-0.07010384954330665,0.0,-0.07010384954330665,0.1335679339263317,0.09926294875165395,0.1335679339263317,0.09926294875165395,-0.1780619756753342,-0.12394519209368893,-0.1780619756753342,-0.12394519209368893,,-0.001173012120398434,0.0,-0.001173012120398434,-0.7750280292241288,-0.5152952922369127,-0.7750280292241288,-0.5152952922369127,0.5618087294943238,0.3974494568427929,0.5618087294943238,0.3974494568427929,-0.0520522863702384,-0.0466145899088692,-0.0375917795314482,-0.052908397989885,0.0112524546517894,0.0092957708412428,0.0166411963375186,0.0185615036468036,,,,
2024-12-10,71.94,72.72,71.53,72.19,401786.0,315240.0,-0.095196836102021,9.818757242044623e-05,0.0099089642455932,0.0165421689051525,1.0,test,0.100239,0.4835406349473656,0.19971758729077693,0.4835406349473656,0.19971758729077693,0.2261346830809783,0.16131282500973518,0.2261346830809783,0.16131282500973518,0.0940978154227825,-0.017659085380018685,0.0940978154227825,-0.017659085380018685,0.1739389835360896,0.084375561539547,0.1739389835360896,0.084375561539547,-0.2834378745843711,-0.40261071648734686,-0.2834378745843711,-0.40261071648734686,0.4611200906562026,0.42868549723163013,0.4611200906562026,0.42868549723163013,-0.059727270573755,-0.0520522863702384,-0.0466145899088692,-0.0375917795314482,0.0144740708220758,0.0112524546517894,0.0092957708412428,0.0166411963375186,1.0,,,
2024-12-11,72.15,73.75,72.15,73.52,395228.0,320378.0,0.0232552619607213,0.0001735156860833,0.0131725352944413,0.0163086672026675,0.0,test,-0.05064,-0.2593608454733105,-0.023822930850396704,-0.2593608454733105,-0.023822930850396704,0.1286107692655405,0.1454152641859846,0.1286107692655405,0.1454152641859846,-0.1394883157394254,-0.07704326904932403,-0.1394883157394254,-0.07704326904932403,0.3283204464507717,0.2035434433412967,0.3283204464507717,0.2035434433412967,-0.8611448057455121,-0.6262594910439024,-0.8611448057455121,-0.6262594910439024,0.1104372585381604,0.2740101262716977,0.1104372585381604,0.2740101262716977,-0.095196836102021,-0.059727270573755,-0.0520522863702384,-0.0466145899088692,0.0099089642455932,0.0144740708220758,0.0112524546517894,0.0092957708412428,1.0,1.0,,
2024-12-12,73.6,74.0,72.42,73.41,392870.0,327534.0,0.0209229931269092,0.000168004774185,0.0129616655636938,0.0164972437739384,0.0,test,0.057154,-0.0781829173125392,-0.050322045496592235,-0.0781829173125392,-0.050322045496592235,-0.2122390836443979,-0.028947612041397945,-0.2122390836443979,-0.028947612041397945,0.2548690138951865,0.08447776612733555,0.2548690138951865,0.08447776612733555,0.2642374310652719,0.23364489849003878,0.2642374310652719,0.23364489849003878,-0.2832357444677802,-0.45952501393907835,-0.2832357444677802,-0.45952501393907835,-0.2715178850124564,0.008339871723077392,-0.2715178850124564,0.008339871723077392,0.0232552619607213,-0.095196836102021,-0.059727270573755,-0.0520522863702384,0.0131725352944413,0.0099089642455932,0.0144740708220758,0.0112524546517894,0.0,1.0,1.0,
2025-01-02,74.93,76.55,74.72,75.93,605850.0,290801.0,0.183982358314533,0.0002111608883237,0.0145313759955396,0.0167399298575942,1.0,test,0.251042,,0.01588626235040195,0.0,0.01588626235040195,0.1953858456467018,0.38759950980490776,0.1953858456467018,0.38759950980490776,-0.1246464170056289,0.04619212282588184,-0.1246464170056289,0.04619212282588184,,0.029947944592401726,0.0,0.029947944592401726,0.6284834075566827,0.1795143178937394,0.6284834075566827,0.1795143178937394,-0.4499154632614595,-0.14926834955965745,-0.4499154632614595,-0.14926834955965745,0.0209229931269092,0.0232552619607213,-0.095196836102021,-0.059727270573755,0.0129616655636938,0.0131725352944413,0.0099089642455932,0.0144740708220758,0.0,0.0,1.0,1.0
2025-01-03,75.98,76.73,75.53,76.51,586070.0,303523.0,0.2030552146721742,8.961554793199936e-05,0.0094665488923894,0.016935051873603,1.0,test,0.120619,,0.008156279048139302,0.0,0.008156279048139302,0.2071624258763526,0.29956534014432923,0.2071624258763526,0.29956534014432923,0.4620197060065742,0.2484088428488733,0.4620197060065742,0.2484088428488733,0.6140533350761009,0.3148277249052715,0.6140533350761009,0.3148277249052715,,0.09216572391810458,0.0,0.09216572391810458,-0.1070832041143555,-0.12887111233685988,-0.1070832041143555,-0.12887111233685988,0.183982358314533,0.0209229931269092,0.0232552619607213,-0.095196836102021,0.0145313759955396,0.0129616655636938,0.0131725352944413,0.0099089642455932,1.0,0.0,0.0,1.0
2025-01-06,76.58,77.5,75.94,76.3,568001.0,315199.0,0.1797037542518751,0.0001491339375125,0.0122120406776495,0.017345023848236,1.0,test,0.345591,,-0.013036478656990855,0.0,-0.013036478656990855,0.4135391651501294,0.4007736962652408,0.4135391651501294,0.4007736962652408,0.155732234389451,0.19916402923928125,0.155732234389451,0.19916402923928125,,0.02330664781520779,0.0,0.02330664781520779,,0.055218783510405905,0.0,0.055218783510405905,0.0043963026167067,-0.013395575893824337,0.0043963026167067,-0.013395575893824337,0.2030552146721742,0.183982358314533,0.0209229931269092,0.0232552619607213,0.0094665488923894,0.0145313759955396,0.0129616655636938,0.0131725352944413,1.0,1.0,0.0,0.0
2025-01-07,76.18,77.3,75.91,77.05,546592.0,326057.0,0.19530620750335,0.0001187555038221,0.0108974998886063,0.0176459430417398,1.0,test,0.123183,0.2135792497824748,0.09709523661042523,0.2135792497824748,0.09709523661042523,0.5528619475838222,0.47468127900279916,0.5528619475838222,0.47468127900279916,0.28554280741534,0.24127780926514222,0.28554280741534,0.24127780926514222,-0.0377790975601024,-0.006646234609909083,-0.0377790975601024,-0.006646234609909083,0.40619741315415,0.22625083122556697,0.40619741315415,0.22625083122556697,0.102890794710237,0.04284967727380689,0.102890794710237,0.04284967727380689,0.1797037542518751,0.2030552146721742,0.183982358314533,0.0209229931269092,0.0122120406776495,0.0094665488923894,0.0145313759955396,0.0129616655636938,1.0,1.0,1.0,0.0
2025-01-08,77.3,77.89,76.04,76.16,503711.0,335850.0,0.1797513332384097,0.0002084074694101,0.0144363246503451,0.0185824373561535,1.0,test,0.355436,0.415072930529243,0.2520750970409019,0.415072930529243,0.2520750970409019,0.9214123101500388,0.6925096028024396,0.9214123101500388,0.6925096028024396,0.2486199212783172,0.24491092175234935,0.2486199212783172,0.24491092175234935,,-0.003616866364532026,0.0,-0.003616866364532026,0.087228499554859,0.15865902892696646,0.087228499554859,0.15865902892696646,,0.021869850352304324,0.0,0.021869850352304324,0.19530620750335,0.1797037542518751,0.2030552146721742,0.183982358314533,0.0108974998886063,0.0122120406776495,0.0094665488923894,0.0145313759955396,1.0,1.0,1.0,1.0
2025-01-09,76.18,77.27,75.68,76.92,491323.0,347516.0,0.2077593767795882,0.0001559197447624,0.0124867828027267,0.0189421278688632,1.0,test,0.20918,0.2813361624528247,0.2664874676614597,0.2813361624528247,0.2664874676614597,0.4878134088304033,0.5930031914758914,0.4878134088304033,0.5930031914758914,0.2790316549367277,0.2616455564457409,0.2790316549367277,0.2616455564457409,0.3588228233637032,0.1729625632762327,0.3588228233637032,0.1729625632762327,,0.0814582615401918,0.0,0.0814582615401918,0.3562465078232609,0.18465272881164563,0.3562465078232609,0.18465272881164563,0.1797513332384097,0.19530620750335,0.1797037542518751,0.2030552146721742,0.0144363246503451,0.0108974998886063,0.0122120406776495,0.0094665488923894,1.0,1.0,1.0,1.0
2025-01-10,77.26,80.75,77.03,79.76,477740.0,361524.0,0.2528559511085255,0.0008022643576345,0.0283242715287526,0.0204907580549718,1.0,test,0.133684,-0.016601969339725,0.12873070010009405,-0.016601969339725,0.12873070010009405,-0.0576843340983849,0.27621850624640876,-0.0576843340983849,0.27621850624640876,-0.1820931796273471,0.04560099375638816,-0.1820931796273471,0.04560099375638816,-0.4140919797364566,-0.11294487736817573,-0.4140919797364566,-0.11294487736817573,0.8443489179311193,0.4531913174042243,0.8443489179311193,0.4531913174042243,-0.1198413487037856,0.036249227918840915,-0.1198413487037856,0.036249227918840915,0.2077593767795882,0.1797513332384097,0.19530620750335,0.1797037542518751,0.0124867828027267,0.0144363246503451,0.0108974998886063,0.0122120406776495,1.0,1.0,1.0,1.0
2025-02-03,76.79,77.34,75.04,75.96,558825.0,269285.0,-0.0072145652996757,0.0003287306820961,0.0181309316389477,0.0168451793688866,0.0,test,0.41615,,0.027056645832528356,0.0,0.027056645832528356,0.4359826336068801,0.4048751285216271,0.4359826336068801,0.4048751285216271,0.4663536395688001,0.25570286464268366,0.4663536395688001,0.25570286464268366,,-0.01995214030216274,0.0,-0.01995214030216274,,-0.07566121726126118,0.0,-0.07566121726126118,0.4913489300104133,0.3487763909449931,0.4913489300104133,0.3487763909449931,0.2528559511085255,0.2077593767795882,0.1797513332384097,0.19530620750335,0.0283242715287526,0.0124867828027267,0.0144363246503451,0.0108974998886063,1.0,1.0,1.0,1.0
2025-02-04,75.4,76.66,74.15,76.2,539999.0,277553.0,0.1954785984560167,0.0003997071460412,0.0199926773104871,0.0161977228294884,1.0,test,-0.100786,0.1330232051964323,0.07891042372593424,0.1330232051964323,0.07891042372593424,-0.0765467510367529,0.17035496672471723,-0.0765467510367529,0.17035496672471723,-0.0589420285851929,0.10281551269929291,-0.0589420285851929,0.10281551269929291,0.0024290773744909,-0.008990951171134128,0.0024290773744909,-0.008990951171134128,-0.4480765715952811,-0.25670250628802294,-0.4480765715952811,-0.25670250628802294,0.0004018318715659,0.17905672165827546,0.0004018318715659,0.17905672165827546,-0.0072145652996757,0.2528559511085255,0.2077593767795882,0.1797513332384097,0.0181309316389477,0.0283242715287526,0.0124867828027267,0.0144363246503451,0.0,1.0,1.0,1.0
2025-02-05,76.21,76.34,74.56,74.61,521099.0,284733.0,0.1650213286059205,0.0002007596142295,0.0141689665900362,0.0176181221891556,1.0,test,0.12878,-0.0880516100157892,-0.002385038382744981,-0.0880516100157892,-0.002385038382744981,0.1629350157667165,0.1667475327410952,0.1629350157667165,0.1667475327410952,-0.1102323316852251,-0.0010086188347725481,-0.1102323316852251,-0.0010086188347725481,-0.3590604092067463,-0.17938473873762614,-0.3590604092067463,-0.17938473873762614,-0.6158224031242139,-0.4318259292182928,-0.6158224031242139,-0.4318259292182928,-0.1843103190557485,0.002167922917455424,-0.1843103190557485,0.002167922917455424,0.1954785984560167,-0.0072145652996757,0.2528559511085255,0.2077593767795882,0.0199926773104871,0.0181309316389477,0.0283242715287526,0.0124867828027267,1.0,0.0,1.0,1.0
2025-02-06,74.71,75.4,74.1,74.29,499705.0,291892.0,-0.0266965851266958,0.0001090939713234,0.0104448059495372,0.017246272694837,0.0,test,0.091051,0.1964715272146084,0.09449698062151404,0.1964715272146084,0.09449698062151404,0.2569851800657943,0.21064321055964783,0.2569851800657943,0.21064321055964783,0.0249234689569537,0.011670578032066071,0.0249234689569537,0.011670578032066071,-0.4027876885127327,-0.28833853046631297,-0.4027876885127327,-0.28833853046631297,-0.5053391073050846,-0.46790950905918116,-0.5053391073050846,-0.46790950905918116,0.1402939165590017,0.06926902316144772,0.1402939165590017,0.06926902316144772,0.1650213286059205,0.1954785984560167,-0.0072145652996757,0.2528559511085255,0.0141689665900362,0.0199926773104871,0.0181309316389477,0.0283242715287526,1.0,1.0,0.0,1.0
2025-02-07,74.31,75.12,74.26,74.66,487065.0,299475.0,-0.0315100882796874,4.781851970058022e-05,0.0069150936147372,0.0176200634541415,0.0,test,0.255499,-0.001382099700152,0.048054588494976534,-0.001382099700152,0.048054588494976534,0.504574019252381,0.3536929780675609,0.504574019252381,0.3536929780675609,-0.1360602881328412,-0.060129431379740146,-0.1360602881328412,-0.060129431379740146,-0.2209282892929365,-0.25567484347412767,-0.2209282892929365,-0.25567484347412767,-0.0400653025021929,-0.25945733783299646,-0.0400653025021929,-0.25945733783299646,0.280275831966194,0.17215125834512776,0.280275831966194,0.17215125834512776,-0.0266965851266958,0.1650213286059205,0.1954785984560167,-0.0072145652996757,0.0104448059495372,0.0141689665900362,0.0199926773104871,0.0181309316389477,0.0,1.0,1.0,0.0
2025-02-10,74.59,76.23,74.51,75.87,464531.0,306556.0,-0.050000776303599,0.0001878503933625,0.0137058525222818,0.0207785621694356,0.0,test,0.265448,-0.0585519219201815,-0.06335255323063138,-0.0585519219201815,-0.06335255323063138,0.1116605997929318,0.17181606330442076,0.1116605997929318,0.17181606330442076,0.0973648851179902,-0.041449821352904176,0.0973648851179902,-0.041449821352904176,,-0.09030638902914961,0.0,-0.09030638902914961,,-0.03489924136438958,0.0,-0.03489924136438958,0.657023106281154,0.39889255538385465,0.657023106281154,0.39889255538385465,-0.0315100882796874,-0.0266965851266958,0.1650213286059205,0.1954785984560167,0.0069150936147372,0.0104448059495372,0.0141689665900362,0.0199926773104871,0.0,0.0,1.0,1.0
2025-02-11,75.94,77.29,75.9,77.0,454933.0,316549.0,0.2132896633267558,0.0001187865162316,0.0108989227096826,0.0212240977963256,1.0,test,0.200613,,-0.032738237530737145,0.0,-0.032738237530737145,-0.0619126912657064,0.05812804762504839,-0.0619126912657064,0.05812804762504839,0.3161310003070192,0.13259860892849312,0.3161310003070192,0.13259860892849312,-0.1713343170346853,-0.13002738718358892,-0.1713343170346853,-0.13002738718358892,,-0.017894787767586014,0.0,-0.017894787767586014,0.3385846052976036,0.36972423003328214,0.3385846052976036,0.36972423003328214,-0.050000776303599,-0.0315100882796874,-0.0266965851266958,0.1650213286059205,0.0137058525222818,0.0069150936147372,0.0104448059495372,0.0141689665900362,0.0,0.0,0.0,1.0
2025-02-12,76.82,76.91,74.92,75.18,420015.0,326987.0,0.2044317127036965,0.0002478650244121,0.0157437296855648,0.0208517941044544,1.0,test,0.132716,0.2165142564595418,0.08867800461130564,0.2165142564595418,0.08867800461130564,-0.1479477456782987,-0.04266027693539022,-0.1479477456782987,-0.04266027693539022,-0.0020526262680147,0.06700337717366937,-0.0020526262680147,0.06700337717366937,-0.2255300785584696,-0.17663719750909473,-0.2255300785584696,-0.17663719750909473,0.1131943387416645,0.04606758096704821,0.1131943387416645,0.04606758096704821,-0.2746197502742761,0.05586611534086784,-0.2746197502742761,0.05586611534086784,0.2132896633267558,-0.050000776303599,-0.0315100882796874,-0.0266965851266958,0.0108989227096826,0.0137058525222818,0.0069150936147372,0.0104448059495372,1.0,0.0,0.0,0.0
2025-03-03,73.04,73.67,71.17,71.62,571568.0,291939.0,-0.0588325213737981,0.00042989638434,0.0207339428073885,0.0165971770606611,1.0,test,-0.008883,,-0.013118081801530979,0.0,-0.013118081801530979,0.1469817135249136,0.08802446375417344,0.1469817135249136,0.08802446375417344,-0.4978403287647678,-0.41666392773353744,-0.4978403287647678,-0.41666392773353744,,-0.03000988749066322,0.0,-0.03000988749066322,,-0.1050408416818192,0.0,-0.1050408416818192,-0.0783257340003254,0.08404648899786649,-0.0783257340003254,0.08404648899786649,0.2044317127036965,0.2132896633267558,-0.050000776303599,-0.0315100882796874,0.0157437296855648,0.0108989227096826,0.0137058525222818,0.0069150936147372,1.0,1.0,0.0,0.0
2025-03-04,71.3,71.36,69.75,71.04,556333.0,298699.0,-0.0701183640086862,0.0001878228385389,0.0137048472643415,0.0162465178821853,1.0,test,0.03669,-0.7151112096364135,-0.3550707716499512,-0.7151112096364135,-0.3550707716499512,-0.2866448077055397,-0.09450337284255365,-0.2866448077055397,-0.09450337284255365,0.1339219600630936,-0.14849870419925132,0.1339219600630936,-0.14849870419925132,,-0.015418826366006652,0.0,-0.015418826366006652,-0.5556162851024876,-0.3245315616802157,-0.5556162851024876,-0.3245315616802157,-0.5579646286161398,-0.22843235525367467,-0.5579646286161398,-0.22843235525367467,-0.0588325213737981,0.2044317127036965,0.2132896633267558,-0.050000776303599,0.0207339428073885,0.0157437296855648,0.0108989227096826,0.0137058525222818,1.0,1.0,1.0,0.0
2025-03-05,71.02,71.18,68.33,69.3,523304.0,305585.0,-0.073829640287566,0.0006022467051103,0.0245407152526237,0.0175563132961772,1.0,test,-0.221081,-0.235210459916265,-0.2968946336046028,-0.235210459916265,-0.2968946336046028,0.0412854903439774,-0.02839969043839951,0.0412854903439774,-0.02839969043839951,-0.3987680561553634,-0.270642444311995,-0.3987680561553634,-0.270642444311995,0.0703238897042928,0.026588895282167107,0.0703238897042928,0.026588895282167107,-0.5801495857821848,-0.44927062694112685,-0.5801495857821848,-0.44927062694112685,0.176228140434249,-0.03161094301471236,0.176228140434249,-0.03161094301471236,-0.0701183640086862,-0.0588325213737981,0.2044317127036965,0.2132896633267558,0.0137048472643415,0.0207339428073885,0.0157437296855648,0.0108989227096826,1.0,1.0,1.0,1.0
2025-03-06,69.43,69.9,68.74,69.46,510875.0,314413.0,-0.0672253058477876,0.0001010028637539,0.0100500180971955,0.0172265358990394,1.0,test,0.227463,-0.5616770123347983,-0.426081463376499,-0.5616770123347983,-0.426081463376499,0.3508792306503203,0.15627864266201816,0.3508792306503203,0.15627864266201816,0.1680858634207257,-0.057033495610173346,0.1680858634207257,-0.057033495610173346,-0.6389185064846313,-0.29728431776087316,-0.6389185064846313,-0.29728431776087316,-0.5909550337625169,-0.5185782441781844,-0.5909550337625169,-0.5185782441781844,0.3532387111034962,0.15584625730906196,0.3532387111034962,0.15584625730906196,-0.073829640287566,-0.0701183640086862,-0.0588325213737981,0.2044317127036965,0.0245407152526237,0.0137048472643415,0.0207339428073885,0.0157437296855648,1.0,1.0,1.0,1.0
2025-03-07,69.43,71.4,69.3,70.36,490890.0,323281.0,-0.0593195536170805,0.0003214322418855,0.0179285315038791,0.0174307628474856,1.0,test,-0.021399,-0.1626564146360035,-0.29776795165200554,-0.1626564146360035,-0.29776795165200554,0.3654880315578045,0.2581962840533586,0.3654880315578045,0.2581962840533586,-0.2647163387362037,-0.15789606878211582,-0.2647163387362037,-0.15789606878211582,-0.6972601346010037,-0.4924456254563207,-0.6972601346010037,-0.4924456254563207,-0.2792747490961386,-0.4027029068901441,-0.2792747490961386,-0.4027029068901441,0.03144204814242,0.0952241745178021,0.03144204814242,0.0952241745178021,-0.0672253058477876,-0.073829640287566,-0.0701183640086862,-0.0588325213737981,0.0100500180971955,0.0245407152526237,0.0137048472643415,0.0207339428073885,1.0,1.0,1.0,1.0
2025-03-10,70.49,70.88,69.05,69.28,476209.0,331575.0,-0.0908650850958041,0.0002467769390229,0.0157091355275491,0.0207219844854897,1.0,test,0.246866,,-0.08606467754685525,0.0,-0.08606467754685525,0.1492793071547969,0.12362408007003395,0.1492793071547969,0.12362408007003395,-0.3625299691406298,-0.2844010807360219,-0.3625299691406298,-0.2844010807360219,,-0.1353388655237104,0.0,-0.1353388655237104,-0.0857258510610343,-0.35843740675291635,-0.0857258510610343,-0.35843740675291635,0.509052764482576,0.3909371044581834,0.509052764482576,0.3909371044581834,-0.0593195536170805,-0.0672253058477876,-0.073829640287566,-0.0701183640086862,0.0179285315038791,0.0100500180971955,0.0245407152526237,0.0137048472643415,1.0,1.0,1.0,1.0
2025-03-11,69.05,70.44,68.63,69.56,451671.0,339758.0,-0.1016157323676019,0.0002444071049145,0.0156335250316278,0.0211135102901238,1.0,test,0.012067,0.0222383473572477,-0.03307542384385584,0.0222383473572477,-0.03307542384385584,0.6633094519611772,0.38680421081382677,0.6633094519611772,0.38680421081382677,-0.3746369049743467,-0.328246018509651,-0.3746369049743467,-0.328246018509651,-0.2541684888555066,-0.1932775629833793,-0.2541684888555066,-0.1932775629833793,-0.8734655957022418,-0.6091275602795017,-0.8734655957022418,-0.6091275602795017,0.4031691251120512,0.39719635688013627,0.4031691251120512,0.39719635688013627,-0.0908650850958041,-0.0593195536170805,-0.0672253058477876,-0.073829640287566,0.0157091355275491,0.0179285315038791,0.0100500180971955,0.0245407152526237,1.0,1.0,1.0,1.0
2025-03-12,69.95,71.1,69.48,70.95,435267.0,348137.0,-0.0579098345299806,0.0001916001922414,0.0138419721225501,0.0208706110965699,0.0,test,-0.118609,-0.2869284130466901,-0.15677384715274165,-0.2869284130466901,-0.15677384715274165,0.465068841734686,0.42516151504924454,0.465068841734686,0.42516151504924454,-0.4535451606732608,-0.38926000240891795,-0.4535451606732608,-0.38926000240891795,-0.5342110814854184,-0.35950120400875885,-0.5342110814854184,-0.35950120400875885,0.1407311975578156,-0.24416392068518994,0.1407311975578156,-0.24416392068518994,0.0818698724616769,0.24359122213160453,0.0818698724616769,0.24359122213160453,-0.1016157323676019,-0.0908650850958041,-0.0593195536170805,-0.0672253058477876,0.0156335250316278,0.0157091355275491,0.0179285315038791,0.0100500180971955,1.0,1.0,1.0,1.0
2025-04-01,74.67,75.29,74.33,74.49,645556.0,288733.0,0.0146047220654956,5.939496406087074e-05,0.0077068128341663,0.0165384080989562,0.0,test,-0.139091,,0.029837012079958307,0.0,0.029837012079958307,0.1005137392021861,0.11716784012861181,0.1005137392021861,0.11716784012861181,-0.4012571936463143,-0.3978772831453067,-0.4012571936463143,-0.3978772831453067,,0.01206582175600993,0.0,0.01206582175600993,-0.8322455603395934,-0.4237076361668122,-0.8322455603395934,-0.4237076361668122,0.5475266220051256,0.5028555995984808,0.5475266220051256,0.5028555995984808,-0.0579098345299806,-0.1016157323676019,-0.0908650850958041,-0.0593195536170805,0.0138419721225501,0.0156335250316278,0.0157091355275491,0.0179285315038791,0.0,1.0,1.0,1.0
2025-04-02,74.52,75.47,73.1,74.95,641118.0,302456.0,-0.0129906386765359,0.0003671830869129,0.019162021994375,0.0166200748367349,0.0,test,0.133252,0.3981209838268537,0.20928453537610325,0.3981209838268537,0.20928453537610325,0.2165575169528264,0.16529075819491024,0.2165575169528264,0.16529075819491024,-0.1033981772190477,-0.25461419144120934,-0.1033981772190477,-0.25461419144120934,-0.0291440998309434,-0.008004290856476394,-0.0291440998309434,-0.008004290856476394,-0.4355058339709086,-0.4297139469496963,-0.4355058339709086,-0.4297139469496963,0.1975716010695895,0.354153809014094,0.1975716010695895,0.354153809014094,0.0146047220654956,-0.0579098345299806,-0.1016157323676019,-0.0908650850958041,0.0077068128341663,0.0138419721225501,0.0156335250316278,0.0157091355275491,0.0,0.0,1.0,1.0
2025-04-03,72.7,73.4,69.48,70.14,596532.0,314557.0,-0.0208811198582541,0.0010864801437704,0.0329617982484332,0.0165825877776819,0.0,test,0.031865,-0.1726892185596887,0.023315573081565996,-0.1726892185596887,0.023315573081565996,0.0801461448306634,0.12382271946541903,0.0801461448306634,0.12382271946541903,-0.0491815752393918,-0.15454085556908795,-0.0491815752393918,-0.15454085556908795,-0.3007799178889404,-0.1506393418825073,-0.3007799178889404,-0.1506393418825073,-0.4723404357668498,-0.4507481323464126,-0.4723404357668498,-0.4507481323464126,0.1714976548003697,0.26504296553771184,0.1714976548003697,0.26504296553771184,-0.0129906386765359,0.0146047220654956,-0.0579098345299806,-0.1016157323676019,0.019162021994375,0.0077068128341663,0.0138419721225501,0.0156335250316278,0.0,0.0,0.0,1.0
2025-04-04,70.0,70.11,64.03,65.58,541802.0,324611.0,-0.0799723272674119,0.0029679763843412,0.0544791371475467,0.0163002866673654,1.0,test,-0.285006,-0.3092081550326357,-0.13864600536775656,-0.3092081550326357,-0.13864600536775656,0.1546734108798861,0.1389318108112927,0.1546734108798861,0.1389318108112927,-0.4422377733333032,-0.29479275571097124,-0.4422377733333032,-0.29479275571097124,-0.3190046461370522,-0.2323545926723388,-0.3190046461370522,-0.2323545926723388,-0.7113212701809587,-0.5784770781848241,-0.7113212701809587,-0.5784770781848241,-0.1298812878427883,0.07276666491529159,-0.1298812878427883,0.07276666491529159,-0.0208811198582541,-0.0129906386765359,0.0146047220654956,-0.0579098345299806,0.0329617982484332,0.019162021994375,0.0077068128341663,0.0138419721225501,0.0,0.0,0.0,0.0
2025-04-07,64.9,67.43,62.51,64.21,497797.0,332692.0,-0.0914659580633996,0.0020703051535392,0.045500606078812,0.0175317674292743,1.0,test,0.080543,,-0.21563190099395607,0.0,-0.21563190099395607,0.4228518486321426,0.2907296693715772,0.4228518486321426,0.2907296693715772,-0.0856831476100766,-0.1338826432602102,-0.0856831476100766,-0.1338826432602102,0.0852735479619521,0.017402473792021343,0.0852735479619521,0.017402473792021343,-0.4560320575654509,-0.5134961589752949,-0.4560320575654509,-0.5134961589752949,0.5413435699254748,0.41683709496820687,0.5413435699254748,0.41683709496820687,-0.0799723272674119,-0.0208811198582541,-0.0129906386765359,0.0146047220654956,0.0544791371475467,0.0329617982484332,0.019162021994375,0.0077068128341663,1.0,0.0,0.0,0.0
2025-04-08,64.59,65.21,61.34,62.82,460036.0,339313.0,-0.1925628963726096,0.0013500288320174,0.0367427384937135,0.0186257788548521,1.0,test,-0.375456,-0.379505824307347,-0.29585600245024607,-0.379505824307347,-0.29585600245024607,-0.1063511573428051,0.09772341563595019,-0.1063511573428051,0.09772341563595019,-0.5619874319724093,-0.34232434314205273,-0.5619874319724093,-0.34232434314205273,-0.1348825803905503,-0.056960572917361514,-0.1348825803905503,-0.056960572917361514,0.013854652481905,-0.2565916860721748,0.013854652481905,-0.2565916860721748,0.5533463896016557,0.48338001288001536,0.5533463896016557,0.48338001288001536,-0.0914659580633996,-0.0799723272674119,-0.0208811198582541,-0.0129906386765359,0.045500606078812,0.0544791371475467,0.0329617982484332,0.019162021994375,1.0,1.0,0.0,0.0
2025-04-09,61.13,66.02,58.4,65.48,436658.0,345763.0,-0.161021168217645,0.0054249012706904,0.0736539290920073,0.0189178096637624,1.0,test,0.059206,-0.0272897884567442,-0.16519320082670552,-0.0272897884567442,-0.16519320082670552,0.1745827970057241,0.13499594246653276,0.1745827970057241,0.13499594246653276,-0.1771363041887259,-0.26172686633849307,-0.1771363041887259,-0.26172686633849307,-0.2297678396878473,-0.1411880937936436,-0.2297678396878473,-0.1411880937936436,-0.547272212329602,-0.39845019117826536,-0.547272212329602,-0.39845019117826536,0.0774880628876181,0.2856119504632203,0.0774880628876181,0.2856119504632203,-0.1925628963726096,-0.0914659580633996,-0.0799723272674119,-0.0208811198582541,0.0367427384937135,0.045500606078812,0.0544791371475467,0.0329617982484332,1.0,1.0,1.0,0.0
2025-04-10,65.9,66.08,62.0,63.33,415195.0,353818.0,-0.0897971137258402,0.0014649613128943,0.0382748130353933,0.0206482117933149,1.0,test,-0.123879,-0.6093367123798151,-0.3816836378275678,-0.6093367123798151,-0.3816836378275678,0.398566452400921,0.26339361742688394,0.398566452400921,0.26339361742688394,-0.7130564380218227,-0.48150893589639043,-0.7130564380218227,-0.48150893589639043,-0.2248018397531106,-0.18201249527669583,-0.2248018397531106,-0.18201249527669583,,-0.20457114923273054,0.0,-0.20457114923273054,0.6189549780335547,0.4478942082146145,0.6189549780335547,0.4478942082146145,-0.161021168217645,-0.1925628963726096,-0.0914659580633996,-0.0799723272674119,0.0736539290920073,0.0367427384937135,0.045500606078812,0.0544791371475467,1.0,1.0,1.0,1.0
2025-04-11,63.16,65.08,62.77,64.76,397929.0,363359.0,-0.0715015606766478,0.0004710766365998,0.0217042999564573,0.021135831847302,1.0,test,-0.02647,-0.0568850037860283,-0.22367745320109486,-0.0568850037860283,-0.22367745320109486,0.2495422417996647,0.25674617744448897,0.2495422417996647,0.25674617744448897,-0.4096006789811739,-0.446524782299909,-0.4096006789811739,-0.446524782299909,-0.4676720118466966,-0.321299496920569,-0.4676720118466966,-0.321299496920569,0.0950796302045253,-0.05819123942333528,0.0950796302045253,-0.05819123942333528,0.1184798539592049,0.2873408004379488,0.1184798539592049,0.2873408004379488,-0.0897971137258402,-0.161021168217645,-0.1925628963726096,-0.0914659580633996,0.0382748130353933,0.0736539290920073,0.0367427384937135,0.045500606078812,1.0,1.0,1.0,1.0
2025-05-01,61.23,62.4,59.3,62.13,587561.0,299585.0,-0.1814359241125824,0.000936493318963,0.0306021783368937,0.0165060646403553,1.0,test,-0.105135,-0.3390039113201057,-0.2271885098704936,-0.3390039113201057,-0.2271885098704936,-0.300912492609969,0.11264151599688979,-0.300912492609969,0.11264151599688979,-0.465641531281225,-0.3051912117368207,-0.465641531281225,-0.3051912117368207,-0.074018772088761,-0.15737900288781304,-0.074018772088761,-0.15737900288781304,-0.78216992182179,-0.5409906374690012,-0.78216992182179,-0.5409906374690012,-0.2073145743609409,-0.10247291449097115,-0.2073145743609409,-0.10247291449097115,-0.0715015606766478,-0.0897971137258402,-0.161021168217645,-0.1925628963726096,0.0217042999564573,0.0382748130353933,0.0736539290920073,0.0367427384937135,1.0,1.0,1.0,1.0
2025-05-02,61.82,62.72,60.69,61.29,568693.0,309818.0,-0.2012045270509661,0.0003904309697901,0.0197593261471688,0.0167402601562533,1.0,test,-0.008756,0.2114448515843904,-0.01362592282505194,0.2114448515843904,-0.01362592282505194,0.308961666266829,0.2082220514035896,0.308961666266829,0.2082220514035896,-0.2231392613114313,-0.2651677575658869,-0.2231392613114313,-0.2651677575658869,0.0762047775628283,-0.043673884732541496,0.0762047775628283,-0.043673884732541496,-0.4286394002269127,-0.48658821844191036,-0.4286394002269127,-0.48658821844191036,0.2569039666245616,0.07300276172801815,0.2569039666245616,0.07300276172801815,-0.1814359241125824,-0.0715015606766478,-0.0897971137258402,-0.161021168217645,0.0306021783368937,0.0217042999564573,0.0382748130353933,0.0736539290920073,1.0,1.0,1.0,1.0
2025-05-05,59.5,60.82,58.5,60.23,570488.0,321322.0,-0.1402743391402277,0.0005455486608279,0.0233569831277056,0.0177658367965479,1.0,test,0.075144,-0.7625990949489992,-0.49331475431770566,-0.7625990949489992,-0.49331475431770566,-0.1399849498651562,-0.16829399415547827,-0.1399849498651562,-0.16829399415547827,-0.1111740877610025,-0.1547851347014332,-0.1111740877610025,-0.1547851347014332,,-0.011381124136427853,0.0,-0.011381124136427853,-0.8299390714967738,-0.6698009262540662,-0.8299390714967738,-0.6698009262540662,0.3371012353969248,0.2801063918757159,0.3371012353969248,0.2801063918757159,-0.2012045270509661,-0.1814359241125824,-0.0715015606766478,-0.0897971137258402,0.0197593261471688,0.0306021783368937,0.0217042999564573,0.0382748130353933,1.0,1.0,1.0,1.0
2025-05-06,60.28,62.8,60.18,62.15,572672.0,334706.0,-0.1112002293592073,0.0006549974051676,0.0255929170898447,0.0172244784643897,1.0,test,-0.347076,-0.5473177544596116,-0.5198916733905234,-0.5473177544596116,-0.5198916733905234,0.4375266334040228,0.12672650048468403,0.4375266334040228,0.12672650048468403,-0.3615205947343567,-0.255509939660022,-0.3615205947343567,-0.255509939660022,-0.1368929449489795,-0.07240103433912316,-0.1368929449489795,-0.07240103433912316,-0.7457184153260222,-0.7070787912384744,-0.7457184153260222,-0.7070787912384744,0.2699673404558248,0.27519267298950706,0.2699673404558248,0.27519267298950706,-0.1402743391402277,-0.2012045270509661,-0.1814359241125824,-0.0715015606766478,0.0233569831277056,0.0197593261471688,0.0306021783368937,0.0217042999564573,1.0,1.0,1.0,1.0
2025-05-07,62.5,63.25,60.83,61.12,547479.0,346766.0,-0.0493198169476922,0.0005489235371216,0.0234291172928391,0.0184478563260859,0.0,test,-0.111794,-0.2879869326766787,-0.4072293573392357,-0.2879869326766787,-0.4072293573392357,0.2109772748120254,0.1674893831854187,0.2109772748120254,0.1674893831854187,-0.2067220167062222,-0.2318835993517385,-0.2067220167062222,-0.2318835993517385,-0.1808252264881398,-0.12519579362128352,-0.1808252264881398,-0.12519579362128352,-0.4230181918131768,-0.5688045433603117,-0.4230181918131768,-0.5688045433603117,-0.0429713383051437,0.11984072531869175,-0.0429713383051437,0.11984072531869175,-0.1112002293592073,-0.1402743391402277,-0.2012045270509661,-0.1814359241125824,0.0255929170898447,0.0233569831277056,0.0197593261471688,0.0306021783368937,1.0,1.0,1.0,1.0
2025-05-08,61.06,63.38,61.0,62.84,524577.0,358092.0,0.0003183192769196,0.0005283641889825,0.0229861738656647,0.019147324588927,0.0,test,0.154514,0.1333348517178823,-0.1441173954210769,0.1333348517178823,-0.1441173954210769,0.1818468455055186,0.17421126673066992,0.1818468455055186,0.17421126673066992,-0.0449074583074832,-0.14093523387393486,-0.0449074583074832,-0.14093523387393486,0.2682539700281613,0.0664164516399965,0.2682539700281613,0.0664164516399965,-0.0964121827959963,-0.33900628614179956,-0.0964121827959963,-0.33900628614179956,0.7117439843706267,0.40791113730340695,0.7117439843706267,0.40791113730340695,-0.0493198169476922,-0.1112002293592073,-0.1402743391402277,-0.2012045270509661,0.0234291172928391,0.0255929170898447,0.0233569831277056,0.0197593261471688,0.0,1.0,1.0,1.0
2025-05-09,63.07,64.27,62.84,63.91,494806.0,368699.0,-0.0242689088407432,0.0001826096914634,0.01351331533945,0.0210280485432505,0.0,test,0.004409,0.2062656560029441,0.0264879757113374,0.2062656560029441,0.0264879757113374,0.2144931781174296,0.19364570197139158,0.2144931781174296,0.19364570197139158,-0.5255615281527194,-0.3284037561762913,-0.5255615281527194,-0.3284037561762913,0.1108427388525308,0.0883686184961703,0.1108427388525308,0.0883686184961703,-0.0975968298456022,-0.22196324701618608,-0.0975968298456022,-0.22196324701618608,0.5118527937240598,0.4588314327079475,0.5118527937240598,0.4588314327079475,0.0003183192769196,-0.0493198169476922,-0.1112002293592073,-0.1402743391402277,0.0229861738656647,0.0234291172928391,0.0255929170898447,0.0233569831277056,0.0,0.0,1.0,1.0
2025-05-12,64.05,66.4,63.88,64.96,462177.0,378026.0,-0.0882037077526289,0.0005399188197516,0.0232361532907586,0.0207059966916942,1.0,test,0.260966,,0.06436974045859917,0.0,0.06436974045859917,-0.0775245916120173,0.01640080293240683,-0.0775245916120173,0.01640080293240683,0.0215687432528617,-0.06926668752154211,0.0215687432528617,-0.06926668752154211,,-0.08528143532086903,0.0,-0.08528143532086903,,0.004715300656490639,0.0,0.004715300656490639,0.3958828977196195,0.4565579706081573,0.3958828977196195,0.4565579706081573,-0.0242689088407432,0.0003183192769196,-0.0493198169476922,-0.1112002293592073,0.01351331533945,0.0229861738656647,0.0234291172928391,0.0255929170898447,0.0,0.0,0.0,1.0
2025-06-02,63.2,65.76,63.0,64.63,502805.0,293639.0,0.0530620017771639,0.0006630767855729,0.0257502773882723,0.0169044608935075,1.0,test,0.037049,-0.522673159883334,-0.5055087771326544,-0.522673159883334,-0.5055087771326544,0.057504611232162,0.13150226932646653,0.057504611232162,0.13150226932646653,-0.1961905758355067,-0.10897621389521317,-0.1961905758355067,-0.10897621389521317,,-0.0554377953513046,0.0,-0.0554377953513046,-0.5123085264240692,-0.5780309021269667,-0.5123085264240692,-0.5780309021269667,0.0542432948959733,0.24107056446398958,0.0542432948959733,0.24107056446398958,-0.0882037077526289,-0.0242689088407432,0.0003183192769196,-0.0493198169476922,0.0232361532907586,0.01351331533945,0.0229861738656647,0.0234291172928391,1.0,0.0,0.0,0.0
2025-06-03,65.16,65.95,64.51,65.63,481185.0,296567.0,-0.0664603362264015,0.0001757842868217,0.0132583666724725,0.0170032174670446,1.0,test,-0.077667,-0.2152795564897744,-0.3640624138855548,-0.2152795564897744,-0.3640624138855548,0.4644656325787674,0.2939050902513296,0.4644656325787674,0.2939050902513296,-0.1787053063112325,-0.14311386155745742,-0.1787053063112325,-0.14311386155745742,-0.0510187845658659,-0.05311670802293271,-0.0510187845658659,-0.05311670802293271,-0.1060347339927238,-0.34795685048082914,-0.1060347339927238,-0.34795685048082914,-0.2319860865853095,0.010517113078968769,-0.2319860865853095,0.010517113078968769,0.0530620017771639,-0.0882037077526289,-0.0242689088407432,0.0003183192769196,0.0257502773882723,0.0232361532907586,0.01351331533945,0.0229861738656647,1.0,1.0,0.0,0.0
2025-06-04,65.52,65.95,64.27,64.86,469966.0,300347.0,-0.0110396705373307,0.0002401518374068,0.0154968331412203,0.0176932295787911,0.0,test,0.017729,0.2240128429665289,-0.07777616629758445,0.2240128429665289,-0.07777616629758445,0.1150982414857215,0.2068968229196241,0.1150982414857215,0.2068968229196241,-0.2996345758854488,-0.21932599708700695,-0.2996345758854488,-0.21932599708700695,-0.3872016928948228,-0.21591681946155536,-0.3872016928948228,-0.21591681946155536,-0.2313827958912901,-0.2913773756343332,-0.2313827958912901,-0.2913773756343332,0.5493010071936114,0.2727598186999899,0.5493010071936114,0.2727598186999899,-0.0664603362264015,0.0530620017771639,-0.0882037077526289,-0.0242689088407432,0.0132583666724725,0.0257502773882723,0.0232361532907586,0.01351331533945,1.0,1.0,1.0,0.0
2025-06-05,64.77,65.85,64.6,65.34,449807.0,303252.0,0.0814338391172944,0.0001324747118186,0.0115097659324018,0.0179398393927534,1.0,test,-0.046041,0.166425681650244,0.04115146147857067,0.166425681650244,0.04115146147857067,0.382826102215799,0.2927992897069376,0.382826102215799,0.2927992897069376,-0.3093593102358833,-0.2633279787266487,-0.3093593102358833,-0.2633279787266487,0.1144131156013793,-0.05511298832253325,0.1144131156013793,-0.05511298832253325,-0.4253963646983914,-0.35685248032566236,-0.4253963646983914,-0.35685248032566236,-0.0915486184437343,0.09516067672376607,-0.0915486184437343,0.09516067672376607,-0.0110396705373307,-0.0664603362264015,0.0530620017771639,-0.0882037077526289,0.0154968331412203,0.0132583666724725,0.0257502773882723,0.0232361532907586,0.0,1.0,1.0,1.0
2025-06-06,65.26,66.67,64.8,66.47,447750.0,306814.0,0.06719990009677,0.0002919194336135,0.0170856499324288,0.0175033912417794,1.0,test,-0.02695,-0.231269451074689,-0.09176628864848362,-0.231269451074689,-0.09176628864848362,0.5167690476701317,0.4019205250617552,0.5167690476701317,0.4019205250617552,-0.4048449272089484,-0.332381339474851,-0.4048449272089484,-0.332381339474851,-0.2308034090980445,-0.14084683283684415,-0.2308034090980445,-0.14084683283684415,-0.6487755736950355,-0.49915677600917746,-0.6487755736950355,-0.49915677600917746,0.6947356998519266,0.3874465175713072,0.6947356998519266,0.3874465175713072,0.0814338391172944,-0.0110396705373307,-0.0664603362264015,0.0530620017771639,0.0115097659324018,0.0154968331412203,0.0132583666724725,0.0257502773882723,1.0,0.0,1.0,1.0
2025-06-09,66.59,67.19,66.07,67.04,435599.0,311350.0,0.0478136125116375,0.000101913430071,0.0100952181784747,0.0209455278655179,0.0,test,0.288174,0.6636543612046074,0.3112778133926556,0.6636543612046074,0.3112778133926556,0.3386675546482686,0.39322588770309247,0.3386675546482686,0.39322588770309247,-0.2234001789375075,-0.17983025743328815,-0.2234001789375075,-0.17983025743328815,,0.009588481333005695,0.0,0.009588481333005695,,-0.03773236942500628,0.0,-0.03773236942500628,0.1836811617093786,0.27830365936569335,0.1836811617093786,0.27830365936569335,0.06719990009677,0.0814338391172944,-0.0110396705373307,-0.0664603362264015,0.0170856499324288,0.0115097659324018,0.0154968331412203,0.0132583666724725,1.0,1.0,0.0,1.0
2025-06-10,67.12,68.0,66.48,66.87,444114.0,319030.0,0.0543912855375481,0.0001843246018029,0.0135766196751217,0.0208004007112119,0.0,test,0.164511,-0.2199582404803728,0.052958689059515666,-0.2199582404803728,0.052958689059515666,-0.1181025245579219,0.14455182879849066,-0.1181025245579219,0.14455182879849066,0.1219210655222343,-0.03276531165492221,0.1219210655222343,-0.03276531165492221,0.3234711476760124,0.16277340356383407,0.3234711476760124,0.16277340356383407,0.1989186576083908,0.07798777890641857,0.1989186576083908,0.07798777890641857,0.3622437473818672,0.3190200651626674,0.3622437473818672,0.3190200651626674,0.0478136125116375,0.06719990009677,0.0814338391172944,-0.0110396705373307,0.0100952181784747,0.0170856499324288,0.0115097659324018,0.0154968331412203,0.0,1.0,1.0,0.0
2025-06-11,66.6,70.83,66.47,69.77,451686.0,329713.0,0.0745159891417106,0.0014557893293182,0.0381548074207992,0.0201273046402576,1.0,test,0.261134,0.1297071517182649,0.09075795441598969,0.1297071517182649,0.09075795441598969,0.1751142587774897,0.1591480675933212,0.1751142587774897,0.1591480675933212,0.0983047860361565,0.031066251961447047,0.0983047860361565,0.031066251961447047,0.0276497490354245,0.09704169015516208,0.0276497490354245,0.09704169015516208,0.2537049305960695,0.16409080226532488,0.2537049305960695,0.16409080226532488,0.7461427352270298,0.526993363849839,0.7461427352270298,0.526993363849839,0.0543912855375481,0.0478136125116375,0.06719990009677,0.0814338391172944,0.0135766196751217,0.0100952181784747,0.0170856499324288,0.0115097659324018,0.0,0.0,1.0,1.0
2025-06-12,70.23,70.4,68.36,69.36,422545.0,340038.0,0.0655386366188643,0.0003118666073239,0.0176597453923877,0.0207037307824423,1.0,test,0.162871,0.4174291115737357,0.25029343964634654,0.4174291115737357,0.25029343964634654,0.2120006336253489,0.18496101374655002,0.2120006336253489,0.18496101374655002,0.2701086791045651,0.1476693247779806,0.2701086791045651,0.1476693247779806,0.2068082111085236,0.15058042763438564,0.2068082111085236,0.15058042763438564,-0.2235668056905507,-0.024357724655610986,-0.2235668056905507,-0.024357724655610986,0.3818518579614411,0.45657311919687055,0.3818518579614411,0.45657311919687055,0.0745159891417106,0.0543912855375481,0.0478136125116375,0.06719990009677,0.0381548074207992,0.0135766196751217,0.0100952181784747,0.0170856499324288,1.0,0.0,0.0,1.0
2025-07-02,67.11,69.21,66.94,69.11,519478.0,282632.0,0.0670207388284991,0.000401117357605,0.0200279144597005,0.0171739041909852,1.0,test,,,0.0,0.0,0.0,,0.0,0.0,0.0,,0.0,0.0,0.0,,0.0,0.0,0.0,,0.0,0.0,0.0,,0.0,0.0,0.0,0.0655386366188643,0.0745159891417106,0.0543912855375481,0.0478136125116375,0.0176597453923877,0.0381548074207992,0.0135766196751217,0.0100952181784747,1.0,1.0,0.0,0.0
2025-07-03,68.86,69.14,68.32,68.8,523383.0,289355.0,0.0471708364536667,5.134047327522565e-05,0.0071652266729829,0.016971710070296,0.0,test,0.089315,-0.0771308419440255,-0.03757837078943164,-0.0771308419440255,-0.03757837078943164,0.3443442069298252,0.1677655002987305,0.3443442069298252,0.1677655002987305,-0.0251515172756362,-0.012253892454416068,-0.0251515172756362,-0.012253892454416068,-0.2579604016004633,-0.12567905880461833,-0.2579604016004633,-0.12567905880461833,-0.0267009995857531,-0.01300880474778237,-0.0267009995857531,-0.01300880474778237,0.0542807390944662,0.026445734144799497,0.0542807390944662,0.026445734144799497,0.0670207388284991,0.0655386366188643,0.0745159891417106,0.0543912855375481,0.0200279144597005,0.0176597453923877,0.0381548074207992,0.0135766196751217,1.0,1.0,1.0,0.0
2025-07-04,68.85,68.89,67.75,68.3,510544.0,298640.0,0.0516786656975725,0.0001004265836358,0.0100213064834816,0.0177873950963273,0.0,test,0.000429,-0.5398156770409852,-0.28229314859131666,-0.5398156770409852,-0.28229314859131666,0.3807389987222761,0.2716308286730287,0.3807389987222761,0.2716308286730287,-0.4484785425251571,-0.22479140998638433,-0.4484785425251571,-0.22479140998638433,-0.6219922776134207,-0.3675622291026045,-0.6219922776134207,-0.3675622291026045,-0.4828376310034587,-0.2419188428366903,-0.4828376310034587,-0.2419188428366903,-0.3256616590053933,-0.14508561591363692,-0.3256616590053933,-0.14508561591363692,0.0471708364536667,0.0670207388284991,0.0655386366188643,0.0745159891417106,0.0071652266729829,0.0200279144597005,0.0176597453923877,0.0381548074207992,0.0,1.0,1.0,1.0
2025-07-07,67.64,69.94,67.22,69.58,520754.0,311772.0,0.1296380248655309,0.000567507067972,0.0238224068467483,0.0186027071155794,1.0,test,0.17621,-0.6165182829134415,-0.5548508992461845,-0.6165182829134415,-0.5548508992461845,0.7212101173185717,0.4598177153544586,0.7212101173185717,0.4598177153544586,-0.2483692911655372,-0.17614838606173272,-0.2483692911655372,-0.17614838606173272,0.2398324510778839,-0.03267743078308149,0.2398324510778839,-0.03267743078308149,-0.7589673924055552,-0.6461771019599941,-0.7589673924055552,-0.6461771019599941,0.1208145775653008,0.0750121040784113,0.1208145775653008,0.0750121040784113,0.0516786656975725,0.0471708364536667,0.0670207388284991,0.0655386366188643,0.0100213064834816,0.0071652266729829,0.0200279144597005,0.0176597453923877,0.0,0.0,1.0,1.0
2025-07-08,69.5,70.68,69.03,70.15,509566.0,324172.0,0.1100439931610495,0.0002012462646819,0.0141861293058391,0.0193503538123318,1.0,test,-0.107384,-0.3229190352642518,-0.4421970444597571,-0.3229190352642518,-0.4421970444597571,0.8309880002349184,0.6409380601335639,0.8309880002349184,0.6409380601335639,-0.3907959574225571,-0.2808345252938929,-0.3907959574225571,-0.2808345252938929,-0.2462679414572568,-0.13675961054606428,-0.2462679414572568,-0.13675961054606428,-0.4193901481575907,-0.5360864874613884,-0.4193901481575907,-0.5360864874613884,,0.038512498368510874,0.0,0.038512498368510874,0.1296380248655309,0.0516786656975725,0.0471708364536667,0.0670207388284991,0.0238224068467483,0.0100213064834816,0.0071652266729829,0.0200279144597005,1.0,0.0,0.0,1.0
2025-07-09,69.92,70.71,69.61,70.19,500929.0,337334.0,0.0459163945685023,8.866220958038516e-05,0.0094160612561933,0.0207210621101692,0.0,test,-0.031581,-0.050526087994179,-0.2516479898069724,-0.050526087994179,-0.2516479898069724,0.5769691671661328,0.6101696306095573,0.5769691671661328,0.6101696306095573,-0.2977426951581535,-0.2892463609677163,-0.2977426951581535,-0.2892463609677163,-0.1329513980995535,-0.13498903353669356,-0.1329513980995535,-0.13498903353669356,0.0995018291347384,-0.22675839905477235,0.0995018291347384,-0.22675839905477235,-0.0501634369298471,-0.004666796582076587,-0.0501634369298471,-0.004666796582076587,0.1100439931610495,0.1296380248655309,0.0516786656975725,0.0471708364536667,0.0141861293058391,0.0238224068467483,0.0100213064834816,0.0071652266729829,1.0,1.0,0.0,0.0
2025-07-10,70.06,70.48,68.54,68.64,487553.0,348703.0,0.0261250191138193,0.0002809828527133,0.0167625431457579,0.0208038219644854,0.0,test,0.112065,-0.190278904914686,-0.22190482247722548,-0.190278904914686,-0.22190482247722548,0.6113732637330488,0.6111343681935383,0.6113732637330488,0.6111343681935383,-0.2329388449313802,-0.26199251687484826,-0.2329388449313802,-0.26199251687484826,-0.4631759073668918,-0.2949663314724848,-0.4631759073668918,-0.2949663314724848,-0.6993983460317448,-0.4571705546966849,-0.6993983460317448,-0.4571705546966849,0.2204283209752756,0.10499730657953839,0.2204283209752756,0.10499730657953839,0.0459163945685023,0.1100439931610495,0.1296380248655309,0.0516786656975725,0.0094160612561933,0.0141861293058391,0.0238224068467483,0.0100213064834816,0.0,1.0,1.0,0.0
2025-07-11,68.84,70.71,68.55,70.36,492299.0,361962.0,0.0084208019182119,0.000347135413524,0.0186315703450892,0.0206244761617581,0.0,test,0.173373,-0.1089320622029181,-0.1670017525559979,-0.1089320622029181,-0.1670017525559979,0.7735838748689697,0.6906591630647262,0.7735838748689697,0.6906591630647262,-0.3694328179093201,-0.3145001878444745,-0.3694328179093201,-0.3145001878444745,-0.516069239116668,-0.4028712001358264,-0.516069239116668,-0.4028712001358264,-0.275883908897274,-0.36913063284929315,-0.275883908897274,-0.36913063284929315,0.0493273475654537,0.07793984201852465,0.0493273475654537,0.07793984201852465,0.0261250191138193,0.0459163945685023,0.1100439931610495,0.1296380248655309,0.0167625431457579,0.0094160612561933,0.0141861293058391,0.0238224068467483,0.0,0.0,1.0,1.0
2025-08-01,71.83,72.0,69.4,69.67,557960.0,310813.0,0.1145408449664246,0.0004878882072527,0.022088191579501,0.0168472400682548,1.0,test,0.130668,-0.0217300529445784,0.03669186816010312,-0.0217300529445784,0.03669186816010312,0.279512223590859,0.2942538057329871,0.279512223590859,0.2942538057329871,-0.1404965125616763,-0.09297247953261936,-0.1404965125616763,-0.09297247953261936,-0.7455066964839672,-0.5008303298944805,-0.7455066964839672,-0.5008303298944805,,-0.061965456528097124,0.0,-0.061965456528097124,-0.0530064168579101,0.0718534763398361,-0.0530064168579101,0.0718534763398361,0.0084208019182119,0.0261250191138193,0.0459163945685023,0.1100439931610495,0.0186315703450892,0.0167625431457579,0.0094160612561933,0.0141861293058391,0.0,0.0,0.0,1.0
2025-08-04,69.11,69.98,68.0,68.76,544754.0,315093.0,0.0067124139379046,0.0002971202579697,0.0172371766240802,0.0177938730565609,0.0,test,-0.036138,-0.4775308266346166,-0.36358277678596224,-0.4775308266346166,-0.36358277678596224,0.0502675581573941,0.12912933374708,0.0502675581573941,0.12912933374708,-0.1551736213685313,-0.11427885483471137,-0.1551736213685313,-0.11427885483471137,,-0.17847130203338518,0.0,-0.17847130203338518,-0.9067927967662304,-0.5787534547542268,-0.9067927967662304,-0.5787534547542268,-0.0224112621312151,-0.01423522181670332,-0.0224112621312151,-0.01423522181670332,0.1145408449664246,0.0084208019182119,0.0261250191138193,0.0459163945685023,0.022088191579501,0.0186315703450892,0.0167625431457579,0.0094160612561933,1.0,0.0,0.0,0.0
2025-08-05,68.75,68.87,67.52,67.64,540527.0,320933.0,0.0345951178574557,0.0001413531152392,0.0118892016232887,0.0177949948608651,0.0,test,0.027219,-0.4427989444765771,-0.4023869902594012,-0.4427989444765771,-0.4023869902594012,0.2333471551897095,0.17982817954877445,0.2333471551897095,0.17982817954877445,0.1878352503659837,0.03293433941903199,0.1878352503659837,0.03293433941903199,-0.2933212435764418,-0.2345288295901732,-0.2933212435764418,-0.2345288295901732,-0.7533586633492212,-0.6643293876542103,-0.7533586633492212,-0.6643293876542103,-0.1136248044685421,-0.06254959005694691,-0.1136248044685421,-0.06254959005694691,0.0067124139379046,0.1145408449664246,0.0084208019182119,0.0261250191138193,0.0172371766240802,0.022088191579501,0.0186315703450892,0.0167625431457579,0.0,1.0,0.0,0.0
2025-08-06,67.75,69.18,66.22,66.89,531243.0,327298.0,0.0062987610768265,0.0006896981008956,0.02626210389317,0.0176051709564069,0.0,test,-0.037206,-0.4302976804987881,-0.41623465218128736,-0.4302976804987881,-0.41623465218128736,0.2015279428940698,0.1903250271885864,0.2015279428940698,0.1903250271885864,-0.0548288991001993,-0.009675574021207932,-0.0548288991001993,-0.009675574021207932,-0.1282598825845563,-0.18289970428843796,-0.1282598825845563,-0.18289970428843796,-0.6577593265169603,-0.6612368163981672,-0.6577593265169603,-0.6612368163981672,-0.1071040283550837,-0.08462908475756134,-0.1071040283550837,-0.08462908475756134,0.0345951178574557,0.0067124139379046,0.1145408449664246,0.0084208019182119,0.0118892016232887,0.0172371766240802,0.022088191579501,0.0186315703450892,0.0,0.0,1.0,0.0
2025-08-07,66.88,67.68,66.27,66.43,502972.0,333992.0,-0.0463284080466461,0.0001598672155361,0.0126438607844336,0.0188107212231019,0.0,test,0.061562,-0.3972114508316184,-0.40722457143420754,-0.3972114508316184,-0.40722457143420754,0.2633551944329278,0.2257623903863448,0.2633551944329278,0.2257623903863448,0.1425168691337789,0.06450529796212882,0.1425168691337789,0.06450529796212882,-0.5200840494182601,-0.347219873450459,-0.5200840494182601,-0.347219873450459,-0.728253848781682,-0.6942976969739578,-0.728253848781682,-0.6942976969739578,0.3163010592000752,0.11063911439551859,0.3163010592000752,0.11063911439551859,0.0062987610768265,0.0345951178574557,0.0067124139379046,0.1145408449664246,0.02626210389317,0.0118892016232887,0.0172371766240802,0.022088191579501,0.0,0.0,0.0,1.0
2025-08-08,66.42,67.22,65.53,66.59,490110.0,342202.0,-0.0520813904259389,0.0002338437765586,0.0152919513652967,0.0190310818160995,0.0,test,0.114813,-0.1246786290406401,-0.26992275118751136,-0.1246786290406401,-0.26992275118751136,0.5093277059813414,0.36413398754701926,0.5093277059813414,0.36413398754701926,0.2042039539618049,0.1324433789069471,0.2042039539618049,0.1324433789069471,-0.4953291440168329,-0.41937444512044497,-0.4953291440168329,-0.41937444512044497,-0.1095333017994605,-0.4097191127344995,-0.1095333017994605,-0.4097191127344995,0.1980981038728431,0.15313883598597608,0.1980981038728431,0.15313883598597608,-0.0463284080466461,0.0062987610768265,0.0345951178574557,0.0067124139379046,0.0126438607844336,0.02626210389317,0.0118892016232887,0.0172371766240802,0.0,0.0,0.0,0.0
2025-08-11,66.25,67.13,65.81,66.63,464530.0,350754.0,-0.0544699932949113,0.0001422458480015,0.0119266863797783,0.0207239192909641,0.0,test,0.140143,,-0.09006139839216483,0.0,-0.09006139839216483,-0.1000225366583626,0.08755474005282689,-0.1000225366583626,0.08755474005282689,0.0431489847496286,0.04131844995876297,0.0431489847496286,0.04131844995876297,,-0.12294347805417431,0.0,-0.12294347805417431,,-0.1483064884904794,0.0,-0.1483064884904794,-0.2423691788020864,0.030504368752165938,-0.2423691788020864,0.030504368752165938,-0.0520813904259389,-0.0463284080466461,0.0062987610768265,0.0345951178574557,0.0152919513652967,0.0126438607844336,0.02626210389317,0.0118892016232887,0.0,0.0,0.0,0.0
2025-08-12,66.8,67.06,65.98,66.12,457861.0,360763.0,-0.0478390595194628,9.50772601100334e-05,0.0097507568993403,0.0207758112534008,0.0,test,0.079574,,-0.04594983130086785,0.0,-0.04594983130086785,0.4175849746123891,0.24839311157380228,0.4175849746123891,0.24839311157380228,-0.2701960509109983,-0.11018988033519464,-0.2701960509109983,-0.11018988033519464,,-0.06272840449681644,0.0,-0.06272840449681644,0.4379959981208361,0.13765365903038468,0.4379959981208361,0.13765365903038468,-0.4955396527975426,-0.22562287313836796,-0.4955396527975426,-0.22562287313836796,-0.0544699932949113,-0.0520813904259389,-0.0463284080466461,0.0062987610768265,0.0119266863797783,0.0152919513652967,0.0126438607844336,0.02626210389317,0.0,0.0,0.0,0.0
2025-09-01,67.42,68.36,67.12,68.15,619212.0,317457.0,-0.0220586508994857,0.0001208625598681,0.0109937509462499,0.0170583573630655,0.0,test,0.167488,,0.03177017214798476,0.0,0.03177017214798476,0.5241010110508042,0.4249847740624759,0.5241010110508042,0.4249847740624759,0.2281869896628549,0.1042857784375829,0.2281869896628549,0.1042857784375829,-0.2469520005660429,-0.1539042423834535,-0.2469520005660429,-0.1539042423834535,,-0.0069058444712991425,0.0,-0.0069058444712991425,0.7141832121181757,0.49748740912769307,0.7141832121181757,0.49748740912769307,-0.0478390595194628,-0.0544699932949113,-0.0520813904259389,-0.0463284080466461,0.0097507568993403,0.0119266863797783,0.0152919513652967,0.0126438607844336,0.0,0.0,0.0,0.0
2025-09-02,68.19,69.53,68.05,69.14,606990.0,327398.0,0.0004339963901749,0.0001669632408001,0.0129214256489032,0.0173132660485872,0.0,test,0.014107,,0.016094735125303107,0.0,0.016094735125303107,0.2942781091682367,0.36115910526457884,0.2942781091682367,0.36115910526457884,-0.004929800145727,0.0511240509944343,-0.004929800145727,0.0511240509944343,-0.5773165434116213,-0.360150165537507,-0.5773165434116213,-0.360150165537507,-0.0565744827262203,-0.030770403797031335,-0.0565744827262203,-0.030770403797031335,0.3497668092365938,0.4256338158520121,0.3497668092365938,0.4256338158520121,-0.0220586508994857,-0.0478390595194628,-0.0544699932949113,-0.0520813904259389,0.0109937509462499,0.0097507568993403,0.0119266863797783,0.0152919513652967,0.0,0.0,0.0,0.0
2025-09-03,69.1,69.24,67.36,67.6,582440.0,337316.0,-0.0175957618903792,0.000273302550457,0.016531864699938,0.0168815660336597,0.0,test,0.22018,0.1135213919133677,0.06357126523834976,0.1135213919133677,0.06357126523834976,0.2079165963641978,0.28651964875409613,0.2079165963641978,0.28651964875409613,0.2029675983098386,0.12517296252889504,0.2029675983098386,0.12517296252889504,0.1707337509940814,-0.10172527977208437,0.1707337509940814,-0.10172527977208437,0.6311301072069689,0.29169037392553604,0.6311301072069689,0.29169037392553604,0.1569455078084662,0.294861988495467,0.1569455078084662,0.294861988495467,0.0004339963901749,-0.0220586508994857,-0.0478390595194628,-0.0544699932949113,0.0129214256489032,0.0109937509462499,0.0097507568993403,0.0119266863797783,0.0,0.0,0.0,0.0
2025-09-04,67.41,67.41,66.35,66.99,548898.0,345882.0,-0.0260788259944728,9.060495150108088e-05,0.0095186633253351,0.0179025090530393,0.0,test,0.215167,-0.2062709486530158,-0.06785723096418152,-0.2062709486530158,-0.06785723096418152,-0.1409717798514779,0.07817849279424638,-0.1409717798514779,0.07817849279424638,0.2077634825177424,0.16541192741766336,0.2077634825177424,0.16541192741766336,-0.2556947134852451,-0.17680270903088277,-0.2556947134852451,-0.17680270903088277,-0.6028071964714699,-0.14393058998137048,-0.6028071964714699,-0.14393058998137048,-0.018803555612444,0.14179087481107402,-0.018803555612444,0.14179087481107402,-0.0175957618903792,0.0004339963901749,-0.0220586508994857,-0.0478390595194628,0.016531864699938,0.0129214256489032,0.0109937509462499,0.0097507568993403,0.0,0.0,0.0,0.0
2025-09-05,66.82,67.05,65.07,65.5,523952.0,354143.0,-0.0321493813891731,0.0003240655172653,0.0180018198320429,0.0177965084153273,0.0,test,0.045679,-0.6055207632835073,-0.33020384306428907,-0.6055207632835073,-0.33020384306428907,-0.2138067813920628,-0.06391925623822685,-0.2138067813920628,-0.06391925623822685,-0.3193412335185632,-0.07077718073364576,-0.3193412335185632,-0.07077718073364576,-0.3943392688549643,-0.282862667154374,-0.3943392688549643,-0.282862667154374,-0.5987094665941967,-0.3657600260221841,-0.5987094665941967,-0.3657600260221841,0.0509375968770643,0.09728365811519453,0.0509375968770643,0.09728365811519453,-0.0260788259944728,-0.0175957618903792,0.0004339963901749,-0.0220586508994857,0.0095186633253351,0.016531864699938,0.0129214256489032,0.0109937509462499,0.0,0.0,0.0,0.0
2025-09-08,65.55,67.04,65.51,66.02,503615.0,362126.0,-0.0085966896974838,0.0001922367938394,0.0138649483893553,0.0189195137687566,0.0,test,0.128882,-0.5368927490800646,-0.5964635920611647,-0.5368927490800646,-0.5964635920611647,0.4439839584652155,0.36997453335529606,0.4439839584652155,0.36997453335529606,-0.003719853771123,-0.0839868576145147,-0.003719853771123,-0.0839868576145147,,-0.339118187031403,0.0,-0.339118187031403,-0.6809056796159372,-0.6837495769283066,-0.6809056796159372,-0.6837495769283066,0.201390708893552,0.13907586994452234,0.201390708893552,0.13907586994452234,-0.0321493813891731,-0.0260788259944728,-0.0175957618903792,0.0004339963901749,0.0180018198320429,0.0095186633253351,0.016531864699938,0.0129214256489032,0.0,0.0,0.0,0.0
2025-09-09,66.23,67.38,66.12,66.39,476590.0,370119.0,-0.0556594080112624,0.0001285224186763,0.011336772851053,0.0205950195234935,0.0,test,0.203097,-0.3037690940913281,-0.45423180621859427,-0.3037690940913281,-0.45423180621859427,,0.18980758109323445,0.0,0.18980758109323445,-0.0103713131695491,-0.048192150764893006,-0.0103713131695491,-0.048192150764893006,0.0108762149822924,-0.16861081553038565,0.0108762149822924,-0.16861081553038565,-0.041310495067315,-0.3711753314135065,-0.041310495067315,-0.3711753314135065,0.3244619899235064,0.22926360201964724,0.3244619899235064,0.22926360201964724,-0.0085966896974838,-0.0321493813891731,-0.0260788259944728,-0.0175957618903792,0.0138649483893553,0.0180018198320429,0.0095186633253351,0.016531864699938,0.0,0.0,0.0,0.0
2025-09-10,66.69,67.78,66.66,67.49,455292.0,379271.0,-0.0168960164243916,0.000100132180041,0.0100066068195469,0.0208956067468892,0.0,test,0.153054,0.2881439671510286,-0.09282580549051553,0.2881439671510286,-0.09282580549051553,-0.0806882027042583,0.05780790583160974,-0.0806882027042583,0.05780790583160974,-0.1769732655856041,-0.1109357677200043,-0.1769732655856041,-0.1109357677200043,-0.0346755249996079,-0.10346169589746965,-0.0346755249996079,-0.10346169589746965,0.0831152288155869,-0.15007378781133007,0.0831152288155869,-0.15007378781133007,0.328088779772858,0.2772993319715029,0.328088779772858,0.2772993319715029,-0.0556594080112624,-0.0085966896974838,-0.0321493813891731,-0.0260788259944728,0.011336772851053,0.0138649483893553,0.0180018198320429,0.0095186633253351,0.0,0.0,0.0,0.0
2025-09-11,67.58,67.62,66.15,66.37,429498.0,388733.0,-0.0039097794166123,0.0001742315175264,0.0131996786902739,0.0206615486015027,0.0,test,0.265808,0.4681085296630206,0.18040548109204663,0.4681085296630206,0.18040548109204663,0.1294279169804952,0.09241226768009853,0.1294279169804952,0.09241226768009853,0.2610755355146391,0.07009895587482698,0.2610755355146391,0.07009895587482698,-0.1862819644890124,-0.14372300349454464,-0.1862819644890124,-0.14372300349454464,-0.7749065692543644,-0.4545871887414647,-0.7749065692543644,-0.4545871887414647,0.3068560897822594,0.291428588939408,0.3068560897822594,0.291428588939408,-0.0168960164243916,-0.0556594080112624,-0.0085966896974838,-0.0321493813891731,0.0100066068195469,0.011336772851053,0.0138649483893553,0.0180018198320429,0.0,0.0,0.0,0.0
2025-09-12,66.24,68.17,65.71,66.99,425968.0,399517.0,0.0130720815673521,0.0004872043009259,0.0220727048846744,0.0207572413625892,0.0,test,0.037264,-0.2040073140818137,-0.006769695101665261,-0.2040073140818137,-0.006769695101665261,-0.4142483720738865,-0.1545594343915926,-0.4142483720738865,-0.1545594343915926,0.0813974963304676,0.0756501578312482,0.0813974963304676,0.0756501578312482,-0.3100446462651308,-0.22448655076782767,-0.3100446462651308,-0.22448655076782767,-0.3463057905038144,-0.40207895639351704,-0.3463057905038144,-0.40207895639351704,-0.4408607123431915,-0.06538106246911457,-0.4408607123431915,-0.06538106246911457,-0.0039097794166123,-0.0168960164243916,-0.0556594080112624,-0.0085966896974838,0.0131996786902739,0.0100066068195469,0.011336772851053,0.0138649483893553,0.0,0.0,0.0,0.0
2025-10-01,66.18,66.57,65.05,65.35,671059.0,314187.0,-0.0419537180723104,0.0001924228121861,0.0138716549908837,0.0170362629859164,0.0,test,-0.053732,-0.3772784191593344,-0.3388156964207877,-0.3772784191593344,-0.3388156964207877,0.723001712355766,0.4193062077622967,0.723001712355766,0.4193062077622967,-0.0580841721194177,-0.14518172671817858,-0.0580841721194177,-0.14518172671817858,-0.2955801482221098,-0.31811946025237636,-0.2955801482221098,-0.31811946025237636,-0.6041124631948471,-0.49950032534670347,-0.6041124631948471,-0.49950032534670347,0.1679762973260612,0.0023597826903916735,0.1679762973260612,0.0023597826903916735,0.0130720815673521,-0.0039097794166123,-0.0168960164243916,-0.0556594080112624,0.0220727048846744,0.0131996786902739,0.0100066068195469,0.011336772851053,0.0,0.0,0.0,0.0
2025-10-02,65.45,66.15,64.0,64.11,629595.0,327527.0,-0.0755330764943122,0.0003937695534754,0.0198436275281372,0.0173629650600747,1.0,test,0.041986,-0.4327683742986278,-0.3845446740157674,-0.4327683742986278,-0.3845446740157674,0.2304417871408461,0.3272448783574323,0.2304417871408461,0.3272448783574323,0.0192535405928439,-0.06504210571226372,0.0192535405928439,-0.06504210571226372,-0.2276579459209806,-0.27400592905840643,-0.2276579459209806,-0.27400592905840643,-0.6869348880852347,-0.5908197547928522,-0.6869348880852347,-0.5908197547928522,0.2832988410133853,0.13900736095140276,0.2832988410133853,0.13900736095140276,-0.0419537180723104,0.0130720815673521,-0.0039097794166123,-0.0168960164243916,0.0138716549908837,0.0220727048846744,0.0131996786902739,0.0100066068195469,0.0,0.0,0.0,0.0
2025-10-03,64.38,65.02,64.2,64.53,624501.0,340762.0,-0.04647775110117,5.809709665793346e-05,0.0076221451480494,0.0169719566575743,0.0,test,0.124384,-0.2343517153551232,-0.31124734641066465,-0.2343517153551232,-0.31124734641066465,0.4173630099035696,0.37162444107926634,0.4173630099035696,0.37162444107926634,-0.1575261439104344,-0.11011274969358953,-0.1575261439104344,-0.11011274969358953,-0.4237895811548395,-0.3470572803835714,-0.4237895811548395,-0.3470572803835714,-0.6100501373853024,-0.6001677489596688,-0.6100501373853024,-0.6001677489596688,0.6234125389876534,0.37538702393543366,0.6234125389876534,0.37538702393543366,-0.0755330764943122,-0.0419537180723104,0.0130720815673521,-0.0039097794166123,0.0198436275281372,0.0138716549908837,0.0220727048846744,0.0131996786902739,1.0,0.0,0.0,0.0
2025-10-06,64.9,65.77,64.76,65.47,600835.0,353633.0,-0.0214574566773171,8.638014835474033e-05,0.0092940921210595,0.017778762537322,0.0,test,0.082048,-0.5033257494746763,-0.30690591264254713,-0.5033257494746763,-0.30690591264254713,0.0048829032467763,-0.01602076371792211,0.0048829032467763,-0.01602076371792211,-0.095082118515224,-0.031821006596681495,-0.095082118515224,-0.031821006596681495,0.067610973472136,-0.0592263798538721,0.067610973472136,-0.0592263798538721,-0.5315576399690188,-0.39765533840520506,-0.5315576399690188,-0.39765533840520506,0.2090437263750267,0.357222472230317,0.2090437263750267,0.357222472230317,-0.04647775110117,-0.0755330764943122,-0.0419537180723104,0.0130720815673521,0.0076221451480494,0.0198436275281372,0.0138716549908837,0.0220727048846744,0.0,1.0,0.0,0.0
2025-10-07,65.48,65.84,64.53,65.45,576876.0,364567.0,-0.0148622693212407,0.0001456770150025,0.0120696733593968,0.0188388307598223,0.0,test,0.173473,-0.092492956631303,-0.20268442743439866,-0.092492956631303,-0.20268442743439866,0.4805758811040982,0.2261227921735317,0.4805758811040982,0.2261227921735317,0.0755770724138573,0.020650875634820046,0.0755770724138573,0.020650875634820046,-0.0847171125066701,-0.0713879490059795,-0.0847171125066701,-0.0713879490059795,0.1420178671246175,-0.13535273629461209,0.1420178671246175,-0.13535273629461209,0.1200555953350451,0.24190349273234452,0.1200555953350451,0.24190349273234452,-0.0214574566773171,-0.04647775110117,-0.0755330764943122,-0.0419537180723104,0.0092940921210595,0.0076221451480494,0.0198436275281372,0.0138716549908837,0.0,0.0,1.0,0.0
2025-10-08,65.8,66.54,65.76,66.25,539713.0,375173.0,0.0034777384412842,5.0148058050795285e-05,0.0070815293581821,0.0189509253550416,0.0,test,-0.025766,-0.2786674990690098,-0.239757897100314,-0.2786674990690098,-0.239757897100314,-0.2119281701560639,0.013039910816879314,-0.2119281701560639,0.013039910816879314,0.0766511720014314,0.047879783166354384,0.0766511720014314,0.047879783166354384,-0.2087318663018521,-0.13838336253712047,-0.2087318663018521,-0.13838336253712047,-0.0810013306871633,-0.10895649609697206,-0.0810013306871633,-0.10895649609697206,0.4625092448941951,0.3499259366242335,0.4625092448941951,0.3499259366242335,-0.0148622693212407,-0.0214574566773171,-0.04647775110117,-0.0755330764943122,0.0120696733593968,0.0092940921210595,0.0076221451480494,0.0198436275281372,0.0,0.0,0.0,1.0
2025-10-09,65.82,66.58,64.96,65.22,513554.0,386502.0,-0.0177802723698947,0.0002188430759244,0.014793345663658,0.0205794593904783,0.0,test,0.094779,-0.1925201489969466,-0.2168913787211792,-0.1925201489969466,-0.2168913787211792,0.4607145522742137,0.2312758048586867,0.4607145522742137,0.2312758048586867,-0.2176412236105349,-0.08146909005326407,-0.2176412236105349,-0.08146909005326407,-0.1573123629894493,-0.14763466511798423,-0.1573123629894493,-0.14763466511798423,-0.011563315551374,-0.0612657903399334,-0.011563315551374,-0.0612657903399334,0.4117286368497162,0.3804397278442077,0.4117286368497162,0.3804397278442077,0.0034777384412842,-0.0148622693212407,-0.0214574566773171,-0.04647775110117,0.0070815293581821,0.0120696733593968,0.0092940921210595,0.0076221451480494,0.0,0.0,0.0,0.0
2025-10-10,65.27,65.36,62.0,62.73,503064.0,398236.0,-0.0731396366466636,0.0010045893456973,0.0316952574638129,0.0208264305266259,1.0,test,0.024445,-0.3395843143848056,-0.2764307794547625,-0.3395843143848056,-0.2764307794547625,-0.3097731673607019,-0.03249033661118545,-0.3097731673607019,-0.03249033661118545,-0.1275598791912361,-0.10369132150140559,-0.1275598791912361,-0.10369132150140559,-0.0603458443939399,-0.10482551144643358,-0.0603458443939399,-0.10482551144643358,0.6183372660011482,0.2701977001526266,0.6183372660011482,0.2701977001526266,-0.533479400815879,-0.06462424953895134,-0.533479400815879,-0.06462424953895134,-0.0177802723698947,0.0034777384412842,-0.0148622693212407,-0.0214574566773171,0.014793345663658,0.0070815293581821,0.0120696733593968,0.0092940921210595,0.0,0.0,0.0,0.0
2025-11-03,65.12,65.32,64.33,64.89,695470.0,330920.0,0.0055632966853291,8.412339050531167e-05,0.0091718804236269,0.0169133661475259,0.0,test,0.140341,-0.0458969815944763,-0.05687352389522798,-0.0458969815944763,-0.05687352389522798,0.6694443911599698,0.2624520669454075,0.6694443911599698,0.2624520669454075,-0.2518561190663315,-0.17704047035092896,-0.2518561190663315,-0.17704047035092896,-0.7338340161081023,-0.3886048519725451,-0.7338340161081023,-0.3886048519725451,-0.6870119832430859,-0.6153222110059988,-0.6870119832430859,-0.6153222110059988,0.0734662437400928,0.09806105051297248,0.0734662437400928,0.09806105051297248,-0.0731396366466636,-0.0177802723698947,0.0034777384412842,-0.0148622693212407,0.0316952574638129,0.014793345663658,0.0070815293581821,0.0120696733593968,1.0,0.0,0.0,0.0
2025-11-04,64.73,64.8,63.82,64.44,679052.0,345566.0,-0.0388087962114021,8.375803667539233e-05,0.0091519416888107,0.0178645607231409,0.0,test,0.014341,-0.2651653389949189,-0.158623371111509,-0.2651653389949189,-0.158623371111509,0.2491891459720619,0.2558042256589295,0.2491891459720619,0.2558042256589295,-0.2023912847219545,-0.18966336104813183,-0.2023912847219545,-0.18966336104813183,-0.5972192155820906,-0.4903928113169671,-0.5972192155820906,-0.4903928113169671,-0.2754541284019377,-0.4496221019512282,-0.2754541284019377,-0.4496221019512282,-0.2972717607717646,-0.09470522414389018,-0.2972717607717646,-0.09470522414389018,0.0055632966853291,-0.0731396366466636,-0.0177802723698947,0.0034777384412842,0.0091718804236269,0.0316952574638129,0.014793345663658,0.0070815293581821,0.0,1.0,0.0,0.0
2025-11-05,64.18,64.95,63.44,63.52,655240.0,359706.0,-0.0306953257023261,0.0001995749763915,0.0141271007779935,0.0175050482645577,0.0,test,-0.085164,-0.3562359004562295,-0.25518040664754654,-0.3562359004562295,-0.25518040664754654,-0.067152094968958,0.09835948249893584,-0.067152094968958,0.09835948249893584,0.0267384030017275,-0.08428879378573864,0.0267384030017275,-0.08428879378573864,-0.601062359666345,-0.5446153962202301,-0.601062359666345,-0.5446153962202301,-0.3029905709962108,-0.3784615726930055,-0.3029905709962108,-0.3784615726930055,0.400832246854661,0.14625433547560704,0.400832246854661,0.14625433547560704,-0.0388087962114021,0.0055632966853291,-0.0731396366466636,-0.0177802723698947,0.0091519416888107,0.0091718804236269,0.0316952574638129,0.014793345663658,0.0,0.0,1.0,0.0
2025-11-06,63.58,64.34,62.84,63.38,631470.0,372804.0,-0.0324436681902247,0.0002007056939387,0.0141670637020781,0.0177611603960939,0.0,test,-0.117419,-0.4961871589107614,-0.37300662206037755,-0.4961871589107614,-0.37300662206037755,-0.3956478200785926,-0.1422298035707861,-0.3956478200785926,-0.1422298035707861,-0.2202762052065692,-0.15056288473482018,-0.2202762052065692,-0.15056288473482018,-0.6055381125476815,-0.5746347993843216,-0.6055381125476815,-0.5746347993843216,0.5850350752160467,0.0908097348643572,0.5850350752160467,0.0908097348643572,-0.072711520310876,0.03953539937944131,-0.072711520310876,0.03953539937944131,-0.0306953257023261,-0.0388087962114021,0.0055632966853291,-0.0731396366466636,0.0141271007779935,0.0091519416888107,0.0091718804236269,0.0316952574638129,0.0,0.0,0.0,1.0
2025-11-07,63.63,64.39,63.23,63.63,609000.0,386084.0,-0.0282014351112085,0.0001192001929127,0.0109178840858806,0.0186921032348475,0.0,test,-0.126742,-0.3985649289409174,-0.3857362251725533,-0.3985649289409174,-0.3857362251725533,-0.1041272223781412,-0.12371308703764226,-0.1041272223781412,-0.12371308703764226,-0.0814963238434956,-0.11699686300691209,-0.0814963238434956,-0.11699686300691209,-0.28675372032943,-0.43447127671618185,-0.28675372032943,-0.43447127671618185,-0.8360844063661234,-0.3605515832116618,-0.8360844063661234,-0.3605515832116618,-0.0639006176854877,-0.011097981574740732,-0.0639006176854877,-0.011097981574740732,-0.0324436681902247,-0.0306953257023261,-0.0388087962114021,0.0055632966853291,0.0141670637020781,0.0141271007779935,0.0091519416888107,0.0091718804236269,0.0,0.0,0.0,0.0
2025-11-10,63.8,64.34,63.32,64.06,574402.0,397954.0,0.0209803420723604,9.21051016691138e-05,0.0095971402859973,0.0212017706642087,0.0,test,0.452232,,-0.10921063537284202,0.0,-0.10921063537284202,0.2767033423672322,0.22818738264823987,0.2767033423672322,0.22818738264823987,0.3724429762563805,0.16198372513025705,0.3724429762563805,0.16198372513025705,0.4068940066552429,0.24432360508651454,0.4068940066552429,0.24432360508651454,,-0.1443662906795916,0.0,-0.1443662906795916,0.522662032211097,0.4133079486540254,0.522662032211097,0.4133079486540254,-0.0282014351112085,-0.0324436681902247,-0.0306953257023261,-0.0388087962114021,0.0109178840858806,0.0141670637020781,0.0141271007779935,0.0091519416888107,0.0,0.0,0.0,0.0
2025-11-11,63.94,65.31,63.6,65.16,562375.0,411893.0,-0.0183993634239891,0.0002538893554481,0.0159339058440839,0.0206952498586676,0.0,test,0.181432,0.1376078727766929,0.01092227947697183,0.1376078727766929,0.01092227947697183,-0.1616073450368685,0.038280086300616016,-0.1616073450368685,0.038280086300616016,0.4900294091429085,0.3218580677718675,0.4900294091429085,0.3218580677718675,0.077607287908836,0.1633039670614242,0.077607287908836,0.1633039670614242,,-0.07367590459298724,0.0,-0.07367590459298724,0.4402818396056179,0.42658590482470266,0.4402818396056179,0.42658590482470266,0.0209803420723604,-0.0282014351112085,-0.0324436681902247,-0.0306953257023261,0.0095971402859973,0.0109178840858806,0.0141670637020781,0.0141271007779935,0.0,0.0,0.0,0.0
2025-11-12,65.15,65.15,62.56,62.71,536130.0,425803.0,-0.0660224299652467,0.0005935309352767,0.0243624903340512,0.0208226330878796,1.0,test,-0.011846,-0.3032747231440582,-0.14208530380569784,-0.3032747231440582,-0.14208530380569784,0.1864520110776281,0.11073021089317744,0.1864520110776281,0.11073021089317744,0.2107376256079041,0.2679966271643793,0.2107376256079041,0.2679966271643793,-0.6103778695975015,-0.2135348231082406,-0.6103778695975015,-0.2135348231082406,,-0.037553068658930135,0.0,-0.037553068658930135,0.2870938256504233,0.3588283655338729,0.2870938256504233,0.3588283655338729,-0.0183993634239891,0.0209803420723604,-0.0282014351112085,-0.0324436681902247,0.0159339058440839,0.0095971402859973,0.0109178840858806,0.0141670637020781,0.0,0.0,0.0,0.0
2025-12-01,62.69,63.82,62.69,63.17,625670.0,346551.0,-0.033927935159622,0.0001151078161917,0.0107288310729424,0.0169757851055869,0.0,test,0.315724,0.6187810195867578,0.4781972476122324,0.6187810195867578,0.4781972476122324,0.8370505529399873,0.6005643282501587,0.8370505529399873,0.6005643282501587,-0.457734880763798,-0.2669819497544077,-0.457734880763798,-0.2669819497544077,,-0.12990021389269552,0.0,-0.12990021389269552,-0.126692113064485,-0.22373636601517305,-0.126692113064485,-0.22373636601517305,0.4310953030429199,0.2461786979825514,0.4310953030429199,0.2461786979825514,-0.0660224299652467,-0.0183993634239891,0.0209803420723604,-0.0282014351112085,0.0243624903340512,0.0159339058440839,0.0095971402859973,0.0109178840858806,1.0,0.0,0.0,0.0
2025-12-02,63.33,63.35,62.17,62.45,614448.0,350022.0,-0.0262341214275796,0.0001275082487722,0.0112919550465022,0.0173054913179026,0.0,test,-0.012391,0.1949136540654575,0.3406960457127776,0.1949136540654575,0.3406960457127776,0.6620818418832864,0.630919192868474,0.6620818418832864,0.630919192868474,-0.4891445776144749,-0.37534719536222055,-0.4891445776144749,-0.37534719536222055,0.0302435502473968,-0.05166237169284507,0.0302435502473968,-0.05166237169284507,0.0901568924803241,-0.07094537992156481,0.0901568924803241,-0.07094537992156481,0.5761081151103687,0.4074210911971523,0.5761081151103687,0.4074210911971523,-0.033927935159622,-0.0660224299652467,-0.0183993634239891,0.0209803420723604,0.0107288310729424,0.0243624903340512,0.0159339058440839,0.0095971402859973,0.0,1.0,0.0,0.0
2025-12-03,62.56,63.37,62.18,62.67,622875.0,355805.0,-0.0348106643964936,0.0001296167236334,0.0113849340636388,0.0162881320551517,0.0,test,0.024574,-0.0045977555075151,0.17267914238436352,-0.0045977555075151,0.17267914238436352,0.4093529326633259,0.523123301674863,0.4093529326633259,0.523123301674863,0.1110830898014859,-0.13836302622359115,0.1110830898014859,-0.13836302622359115,-0.0329185584295207,-0.04221722505321092,-0.0329185584295207,-0.04221722505321092,0.0272136786123192,-0.02316598910562701,0.0272136786123192,-0.02316598910562701,-0.1593064554522403,0.13143976827006354,-0.1593064554522403,0.13143976827006354,-0.0262341214275796,-0.033927935159622,-0.0660224299652467,-0.0183993634239891,0.0112919550465022,0.0107288310729424,0.0243624903340512,0.0159339058440839,0.0,0.0,1.0,0.0
2025-12-04,62.72,63.62,62.53,63.26,616403.0,362278.0,-0.0184813404312711,0.0001077146170176,0.0103785652677851,0.0176662002505094,0.0,test,0.089317,-0.0821281768182792,0.04864334090828534,-0.0821281768182792,0.04864334090828534,0.1789238334421116,0.3554988606113954,0.1789238334421116,0.3554988606113954,-0.0088310799678638,-0.07510670924744486,-0.0088310799678638,-0.07510670924744486,-0.2767440148036408,-0.15650553591285016,-0.2767440148036408,-0.15650553591285016,-0.0954978539712222,-0.058420647917422124,-0.0954978539712222,-0.058420647917422124,-0.2978118805144664,-0.07787851650874168,-0.2978118805144664,-0.07787851650874168,-0.0348106643964936,-0.0262341214275796,-0.033927935159622,-0.0660224299652467,0.0113849340636388,0.0112919550465022,0.0107288310729424,0.0243624903340512,0.0,0.0,0.0,1.0
2025-12-05,63.26,64.09,63.06,63.75,604005.0,369427.0,0.0036143670996553,9.467498806802275e-05,0.0097301072999234,0.017346711370413,0.0,test,0.206743,0.6207468265681895,0.32750365919309327,0.6207468265681895,0.32750365919309327,0.6586858803767907,0.5032207485374193,0.6586858803767907,0.5032207485374193,-0.0786034855990554,-0.07694175578477874,-0.0786034855990554,-0.07694175578477874,,-0.0802902127125228,0.0,-0.0802902127125228,-0.3435267753522932,-0.19736140599968993,-0.3435267753522932,-0.19736140599968993,0.3092984330037347,0.11094698131668469,0.3092984330037347,0.11094698131668469,-0.0184813404312711,-0.0348106643964936,-0.0262341214275796,-0.033927935159622,0.0103785652677851,0.0113849340636388,0.0112919550465022,0.0107288310729424,0.0,0.0,0.0,0.0
2025-12-08,63.75,63.96,62.34,62.49,550592.0,375397.0,-0.0584289209253405,0.0002373807536072,0.0154071656578111,0.0188882589433252,1.0,test,0.033478,0.2721412033775349,0.17699990250937891,0.2721412033775349,0.17699990250937891,0.1419662651327488,0.1513330561126782,0.1419662651327488,0.1513330561126782,-0.2527958949312661,-0.12354768285906306,-0.2527958949312661,-0.12354768285906306,-0.28128236332084,-0.11507950353546355,-0.28128236332084,-0.11507950353546355,0.1115555936433943,0.020832946856429523,0.1115555936433943,0.020832946856429523,0.0472013666968856,0.07513856371664482,0.0472013666968856,0.07513856371664482,0.0036143670996553,-0.0184813404312711,-0.0348106643964936,-0.0262341214275796,0.0097301072999234,0.0103785652677851,0.0113849340636388,0.0112919550465022,0.0,0.0,0.0,0.0
2025-12-09,62.54,62.78,61.83,61.94,532904.0,382958.0,-0.0515999958161161,8.385573810595376e-05,0.009157277876419,0.0205085032977014,0.0,test,0.042004,-0.2661302143746589,-0.03887415235301535,-0.2661302143746589,-0.03887415235301535,0.3872088482124478,0.2662704886544502,0.3872088482124478,0.2662704886544502,0.1711523469330398,0.020041449672400676,0.1711523469330398,0.020041449672400676,-0.3051184465835351,-0.20764100339432903,-0.3051184465835351,-0.20764100339432903,,0.010785036500362439,0.0,0.010785036500362439,0.0739295942101247,0.0745851981771208,0.0739295942101247,0.0745851981771208,-0.0584289209253405,0.0036143670996553,-0.0184813404312711,-0.0348106643964936,0.0154071656578111,0.0097301072999234,0.0103785652677851,0.0113849340636388,1.0,0.0,0.0,0.0
2025-12-10,62.11,62.73,61.35,62.21,497706.0,392066.0,-0.0293043856540835,0.0001784698906872,0.0133592623556545,0.0212049076351937,0.0,test,-0.014564,-0.5486951998814994,-0.287704756267017,-0.5486951998814994,-0.287704756267017,-0.1371679183584561,0.06941004514886799,-0.1371679183584561,0.06941004514886799,-0.2544362449997221,-0.11364481332586884,-0.2544362449997221,-0.11364481332586884,-0.3767871214640763,-0.2899875117306078,-0.3767871214640763,-0.2899875117306078,-0.8108779206809007,-0.3891550499589055,-0.8108779206809007,-0.3891550499589055,-0.3892026532654942,-0.15149767487783575,-0.3892026532654942,-0.15149767487783575,-0.0515999958161161,-0.0584289209253405,0.0036143670996553,-0.0184813404312711,0.009157277876419,0.0154071656578111,0.0097301072999234,0.0103785652677851,0.0,1.0,0.0,0.0
2025-12-11,62.42,62.63,60.77,61.28,461900.0,403358.0,-0.0613922583015087,0.0003278203379574,0.018105809508481,0.0207636434349136,0.0,test,-0.184196,0.1846799233277271,-0.058119614035629964,0.1846799233277271,-0.058119614035629964,0.5753173743041067,0.3154136082150783,0.5753173743041067,0.3154136082150783,-0.5488463311042211,-0.32546291356183316,-0.5488463311042211,-0.32546291356183316,-0.2921296582193274,-0.2912109729536186,-0.2921296582193274,-0.2912109729536186,,-0.19972031158279174,0.0,-0.19972031158279174,-0.2004974836277972,-0.17573175002624677,-0.2004974836277972,-0.17573175002624677,-0.0293043856540835,-0.0515999958161161,-0.0584289209253405,0.0036143670996553,0.0133592623556545,0.009157277876419,0.0154071656578111,0.0097301072999234,0.0,0.0,1.0,0.0
2025-12-12,61.6,61.86,60.81,61.12,440596.0,416615.0,-0.0256817796966641,0.00010570550853,0.0102813184237246,0.0209797040341504,0.0,test,0.151028,0.4846494058939525,0.20616214449871909,0.4846494058939525,0.20616214449871909,0.7160737987071863,0.5104014746749234,0.7160737987071863,0.5104014746749234,-0.3482015448905817,-0.33643975326848435,-0.3482015448905817,-0.33643975326848435,-0.7383098861395071,-0.5092381770830596,-0.7383098861395071,-0.5092381770830596,-0.7155174348154347,-0.4511979047732535,-0.7155174348154347,-0.4511979047732535,0.4013484158867271,0.1049572232403375,0.4013484158867271,0.1049572232403375,-0.0613922583015087,-0.0293043856540835,-0.0515999958161161,-0.0584289209253405,0.018105809508481,0.0133592623556545,0.009157277876419,0.0154071656578111,0.0,0.0,0.0,1.0
