Date,Open,High,Low,Close,CO1 Comdty - Open Interest,SMAVG (15),,
02-01-2017,,,,,615838,272541,,
03-01-2017,57.05,58.37,55.3,55.47,608912,285310,,
04-01-2017,55.73,56.55,55.33,56.46,603835,300505,,0.017690089
05-01-2017,56.35,57.35,56.01,56.89,598922,317576,,0.007587156
06-01-2017,56.88,57.47,56.28,57.1,592737,335867,,0.003684538
09-01-2017,56.81,57,54.74,54.94,568790,354315,,-0.038562436
10-01-2017,54.95,55.36,53.58,53.64,525652,371013,,-0.023946622
11-01-2017,53.8,55.67,53.7,55.1,491937,388372,,0.026854658
12-01-2017,55.19,56.43,55.01,56.01,447638,406536,,0.01638053
13-01-2017,56,56.21,55.28,55.45,411590,425657,,-0.010048532
16-01-2017,55.64,55.92,55.19,55.86,399648,445058,,0.007366847
17-01-2017,55.74,56.95,55.4,55.47,364194,462645,,-0.007006226
18-01-2017,55.48,55.9,53.77,53.92,327519,480717,,-0.028340867
19-01-2017,54.29,54.77,53.9,54.16,289023,497504,,0.004441162
20-01-2017,54.33,55.8,54.18,55.49,248359,472973,,0.024260196
23-01-2017,55.7,55.75,54.65,55.23,206057,445654,,-0.00469654
24-01-2017,55.42,55.87,55.07,55.44,191153,417804,,0.003795071
25-01-2017,55.24,55.65,54.75,55.08,176043,389284,,-0.006514681
26-01-2017,55.39,56.55,55.21,56.24,127745,357872,,0.020841574
27-01-2017,56.09,56.5,54.86,55.52,105536,325392,,-0.012884931
30-01-2017,55.47,55.7,54.97,55.23,61984,291605,,-0.005237032
31-01-2017,55.25,56,54.9,55.7,51306,259982,,0.008473863
01-02-2017,55.55,56.83,55.36,56.8,542793,263373,,0.019556179
02-02-2017,56.53,57.45,56.33,56.56,527015,268664,,-0.004234304
03-02-2017,56.92,57.3,56.39,56.81,519066,275829,,0.004410345
06-02-2017,56.85,57.13,55.65,55.72,497960,282384,,-0.019373218
07-02-2017,55.91,55.98,54.58,55.05,477283,289923,,-0.012097286
08-02-2017,54.5,55.68,54.44,55.12,465454,299118,,0.001270764
09-02-2017,55.3,55.92,55.23,55.63,443668,309428,,0.009209997
10-02-2017,55.66,56.88,55.59,56.7,427392,321364,,0.019051587
13-02-2017,56.68,56.81,55.41,55.59,396012,334027,,-0.019770882
14-02-2017,55.75,56.46,55.53,55.97,365732,345666,,0.006812504
15-02-2017,55.82,56.25,55.56,55.75,346891,357056,,-0.003938423
16-02-2017,55.74,56.24,55.13,55.65,313775,369458,,-0.001795333
17-02-2017,55.73,55.88,55.1,55.81,289409,381716,,0.002870987
20-02-2017,55.9,56.42,55.7,56.18,246728,394032,,0.006607757
21-02-2017,56.17,57.31,56.1,56.66,207855,404469,,0.008507673
22-02-2017,56.74,57.01,55.64,55.84,169471,379581,,-0.014578036
23-02-2017,56.2,57.26,56.18,56.58,134533,353415,,0.013165107
24-02-2017,56.4,56.66,55.74,55.99,105695,325857,,-0.010482463
27-02-2017,55.96,56.77,55.86,55.93,53740,296243,,-0.001072195
28-02-2017,56.02,56.15,55.23,55.59,36153,266834,,-0.00609758
01-03-2017,56.45,57.05,56.24,56.36,562464,273301,,0.013756358
02-03-2017,56.31,56.44,55.03,55.08,541374,279815,,-0.022973013
03-03-2017,55.18,55.95,55.09,55.9,521037,286058,,0.014777706
06-03-2017,55.8,56.25,55.32,56.01,521062,294395,,0.001965866
07-03-2017,55.95,56.65,55.56,55.92,507579,303851,,-0.001608148
08-03-2017,55.63,55.77,52.93,53.11,509918,314720,,-0.051556863
09-03-2017,53.49,53.86,51.5,52.19,477775,325653,,-0.017474329
10-03-2017,52.33,53.02,51.14,51.37,477077,338164,,-0.015836561
13-03-2017,51.49,51.7,50.85,51.35,465175,352727,,-0.000389408
14-03-2017,51.34,51.86,50.25,50.92,433915,367798,,-0.008409163
15-03-2017,51.5,52.15,51.36,51.81,417948,384363,,0.017327407
16-03-2017,52.08,52.65,51.5,51.74,396597,401834,,-0.001352004
17-03-2017,51.74,52.18,51.53,51.76,371985,419587,,0.000386473
20-03-2017,51.8,51.94,51.01,51.62,350330,439359,,-0.002708456
21-03-2017,51.7,52.22,50.73,50.96,335637,459325,,-0.012868183
22-03-2017,50.86,50.98,49.71,50.64,310363,442518,,-0.006299233
23-03-2017,50.83,51.1,50.25,50.56,272049,424563,,-0.001581028
24-03-2017,50.64,51.06,50.4,50.8,237885,405686,,0.004735605
27-03-2017,51.03,51.1,50.03,50.75,219156,385559,,-0.000984737
28-03-2017,50.77,51.87,50.77,51.33,179397,363680,,0.011363759
29-03-2017,51.43,52.48,51.36,52.42,150134,339695,,0.021012821
30-03-2017,52.39,53.1,52.03,52.96,93142,314053,,0.010248714
31-03-2017,52.83,53.45,52.35,52.83,72150,287058,,-0.0024577
03-04-2017,53.62,53.74,53.03,53.12,570208,294060,,0.005474294
04-04-2017,53.18,54.38,52.73,54.17,577763,303650,,0.019573745
05-04-2017,54.22,55.09,53.97,54.36,570776,313838,,0.00350134
06-04-2017,54.13,55,54.02,54.89,561359,324822,,0.009702593
07-04-2017,54.88,56.08,54.57,55.24,551460,336787,,0.006356146
10-04-2017,55.19,56.05,55.19,55.98,531779,348884,,0.013307156
11-04-2017,56.08,56.3,55.45,56.23,506916,360302,,0.004455938
12-04-2017,56.28,56.65,55.5,55.86,472571,371116,,-0.006601862
13-04-2017,55.66,56.06,55.56,55.89,426421,381408,,0.000536913
17-04-2017,55.55,55.98,55.29,55.36,403521,392450,,-0.009528162
18-04-2017,55.39,55.48,54.61,54.89,350038,401176,,-0.008526129
19-04-2017,54.78,55.2,52.58,52.93,321739,410665,,-0.036360897
20-04-2017,53.09,53.55,52.68,52.99,279161,419267,,0.001132931
21-04-2017,53,53.29,51.57,51.96,234927,428719,,-0.019629025
24-04-2017,52.11,52.57,51.42,51.6,197830,437098,,-0.006952519
25-04-2017,51.6,52.39,51.3,52.1,138498,408317,,0.009643276
26-04-2017,51.81,52.46,51.38,51.82,97884,376325,,-0.005388774
27-04-2017,51.57,51.76,50.45,51.44,45762,341324,,-0.007360095
28-04-2017,51.58,52.12,51.31,51.73,37166,306378,,0.005621804
01-05-2017,51.88,51.97,51.22,51.52,569644,307590,,-0.004067802
02-05-2017,51.39,52.16,50.14,50.46,582193,310951,,-0.020789139
03-05-2017,50.99,51.14,50.2,50.79,565150,314834,,0.006518542
04-05-2017,50.59,50.73,48.16,48.38,564595,320969,,-0.04861298
05-05-2017,48.45,49.63,46.64,49.1,566370,330299,,0.01477253
08-05-2017,49.27,49.92,48.48,49.34,539551,339367,,0.004876076
09-05-2017,49.44,49.72,48.39,48.73,505820,349753,,-0.012440254
10-05-2017,48.95,50.63,48.81,50.22,494318,361258,,0.030118497
11-05-2017,50.28,51.16,50.25,50.77,476452,374411,,0.010892275
12-05-2017,50.76,51.09,50.33,50.84,452016,388883,,0.001377817
15-05-2017,50.89,52.63,50.74,51.82,433264,404579,,0.019092729
16-05-2017,51.88,52.36,51.1,51.65,391465,421443,,-0.00328598
17-05-2017,51.2,52.61,51.04,52.21,366238,439334,,0.010783852
18-05-2017,52.19,52.74,51.11,52.51,326551,458053,,0.00572958
19-05-2017,52.57,53.82,52.55,53.61,280657,474286,,0.02073199
22-05-2017,53.85,54.37,53.66,53.87,249024,452911,,0.004838119
23-05-2017,53.87,54.43,53.2,54.15,210755,428148,,0.005184237
24-05-2017,54.14,54.62,53.66,53.96,184978,402804,,-0.003514942
25-05-2017,54.15,54.67,51.03,51.46,149709,375145,,-0.047438224
26-05-2017,51.38,52.3,50.71,52.15,113290,344939,,0.013319375
29-05-2017,52.24,52.61,51.86,52.29,102790,315822,,0.002680967
30-05-2017,52.25,52.35,51.19,51.84,43685,285013,,-0.008643096
31-05-2017,51.92,51.92,49.81,50.31,25761,253776,,-0.029958188
01-06-2017,51.17,51.45,50.23,50.63,550042,258682,,0.006340421
02-06-2017,50.23,50.52,48.95,49.95,536090,264287,,-0.013521781
05-06-2017,49.87,50.74,49.04,49.47,537060,271206,,-0.00965608
06-06-2017,49.57,50.3,49,50.12,547092,281581,,0.013053705
07-06-2017,49.97,50.14,47.96,48.06,529176,292444,,-0.0419699
08-06-2017,48.26,48.6,47.56,47.86,505498,304374,,-0.004170148
09-06-2017,47.79,48.56,47.4,48.15,489117,318271,,0.006041056
12-06-2017,48.06,49.15,48.01,48.29,452299,331823,,0.002903362
13-06-2017,48.32,48.82,47.87,48.72,430464,346470,,0.008865124
14-06-2017,48.18,48.69,46.74,47,387871,359996,,-0.035942022
15-06-2017,46.8,47.2,46.7,46.92,353875,373607,,-0.001703578
16-06-2017,46.82,47.61,46.81,47.37,343248,388938,,0.009545093
19-06-2017,47.21,47.76,46.77,46.91,316074,403157,,-0.009758245
20-06-2017,46.96,47.23,45.42,46.02,286637,419354,,-0.019154788
21-06-2017,45.89,46.63,44.35,44.82,265759,435353,,-0.026421616
22-06-2017,44.81,45.79,44.53,45.22,226311,413771,,0.008884998
23-06-2017,45.28,45.75,45.03,45.54,186621,390473,,0.007051594
26-06-2017,45.63,46.24,45.04,45.83,174432,366298,,0.006347838
27-06-2017,45.85,47.06,45.79,46.65,149270,339777,,0.017734029
28-06-2017,46.25,47.47,46.25,47.31,122506,312665,,0.014048762
29-06-2017,47.39,48.03,47.14,47.42,47370,282124,,0.002322391
30-06-2017,47.46,48.12,47.46,47.92,35436,251878,,0.010488873
03-07-2017,48.95,49.71,48.54,49.68,584159,260669,,0.036069484
04-07-2017,49.63,49.9,49.29,49.61,589693,271284,,-0.001410011
05-07-2017,49.67,49.84,47,47.79,576509,283860,,-0.037376014
06-07-2017,48.28,49.18,47.77,48.11,566537,298037,,0.006673643
07-07-2017,47.76,47.76,46.28,46.71,556435,312250,,-0.029531781
10-07-2017,46.84,47.38,46.11,46.88,543954,327442,,0.003632871
11-07-2017,46.99,48.21,46.29,47.52,522905,343193,,0.01355953
12-07-2017,48.21,48.79,47.35,47.74,515738,359858,,0.004618946
13-07-2017,47.7,48.53,47.18,48.42,498594,378011,,0.014143331
14-07-2017,48.37,49.11,48.15,48.91,468699,396816,,0.010068923
17-07-2017,49.14,49.26,48.31,48.42,432905,414047,,-0.010068923
18-07-2017,48.4,49.41,48.24,48.84,395481,430461,,0.008636698
19-07-2017,48.7,49.81,48.58,49.7,357565,446132,,0.017455284
20-07-2017,49.65,50.19,49.19,49.3,312710,463821,,-0.008080852
21-07-2017,49.33,49.65,47.81,48.06,261756,478909,,-0.025473851
24-07-2017,47.96,48.77,47.68,48.6,224057,454903,,0.011173301
25-07-2017,48.64,50.91,48.63,50.2,193593,428496,,0.032391496
26-07-2017,50.63,51.06,50.07,50.97,156947,400525,,0.015222198
27-07-2017,50.86,51.64,50.5,51.49,114386,370382,,0.01015039
28-07-2017,51.6,52.7,51.31,52.52,58754,337203,,0.019806435
31-07-2017,52.6,52.92,52.2,52.65,41475,303704,,0.002472189
01-08-2017,52.7,52.93,50.88,51.78,537117,304652,,-0.016662264
02-08-2017,51.38,52.43,51.18,52.36,499097,303542,,0.011138967
03-08-2017,52.24,52.89,51.77,52.01,479629,302278,,-0.006706933
04-08-2017,51.97,52.52,51.43,52.42,465687,302077,,0.00785219
07-08-2017,52.39,52.53,51.37,52.37,448347,303107,,-0.00095429
08-08-2017,52.24,52.73,51.82,52.14,443688,306321,,-0.0044015
09-08-2017,51.99,52.85,51.81,52.7,429322,311104,,0.010683047
10-08-2017,52.72,53.64,51.67,51.9,423798,318510,,-0.015296665
11-08-2017,51.94,52.28,51.3,52.1,422130,329202,,0.003846159
14-08-2017,52.02,52.38,50.55,50.73,406615,341372,,-0.026647497
15-08-2017,50.65,51.15,50.02,50.8,391784,354585,,0.001378903
16-08-2017,50.98,51.4,50.15,50.27,366090,368528,,-0.010487877
17-08-2017,50.4,51.12,50,51.03,343949,383832,,0.015005217
18-08-2017,50.89,52.96,50.78,52.72,322929,401444,,0.032581195
21-08-2017,53,53,51.3,51.66,278420,417240,,-0.020311103
22-08-2017,51.78,52.28,51.39,51.87,240163,397443,,0.004056801
23-08-2017,51.68,52.63,51.45,52.57,208656,378080,,0.013405026
24-08-2017,52.55,52.71,51.61,52.04,180392,358131,,-0.010132961
25-08-2017,52.3,52.68,51.93,52.41,154343,337375,,0.007084759
28-08-2017,52.38,52.84,51.52,51.89,129938,316148,,-0.009971319
29-08-2017,52.04,52.19,51.36,52,95481,292934,,0.002117625
30-08-2017,51.97,52.01,50.58,50.86,44919,267307,,-0.022166959
31-08-2017,50.58,52.43,50.56,52.38,32823,241242,,0.029448079
01-09-2017,52.84,52.95,52.24,52.75,537015,248901,,0.007038933
04-09-2017,52.85,52.85,51.99,52.34,523173,256672,,-0.007802875
05-09-2017,52.3,53.66,52.09,53.38,511097,264626,,0.019675247
06-09-2017,53.16,54.31,53.09,54.2,508905,274147,,0.015244764
07-09-2017,54.13,54.67,53.89,54.49,495289,284236,,0.00533629
08-09-2017,54.54,54.87,53.57,53.78,479765,294692,,-0.013115548
11-09-2017,53.82,54.14,53.04,53.84,460626,306839,,0.001115034
12-09-2017,53.77,54.44,53.42,54.27,451154,320905,,0.007954903
13-09-2017,54.18,55.21,54.03,55.16,408488,334227,,0.016266465
14-09-2017,55.02,55.99,54.93,55.47,363067,346406,,0.005604281
15-09-2017,55.29,55.85,54.86,55.62,336107,358523,,0.002700515
18-09-2017,55.59,55.95,54.82,55.48,295959,369591,,-0.002520253
19-09-2017,55.48,55.89,54.89,55.14,285985,382291,,-0.00614719
20-09-2017,55.35,56.48,55.26,56.29,269408,397257,,0.020641494
21-09-2017,56.17,56.53,55.76,56.43,236391,410829,,0.002484033
22-09-2017,56.5,56.91,56.22,56.86,214019,389296,,0.007591174
25-09-2017,56.87,59.25,56.7,59.02,185335,366773,,0.037284263
26-09-2017,59.05,59.49,57.77,58.44,132277,341518,,-0.009875783
27-09-2017,58.57,58.89,57.57,57.9,95394,313951,,-0.009283202
28-09-2017,57.7,58.65,56.85,57.41,57872,284790,,-0.00849888
29-09-2017,57.6,57.8,57.14,57.54,44316,255760,,0.002261854
02-10-2017,56.73,56.76,55.5,56.12,660801,269105,,-0.024988103
03-10-2017,56.1,56.4,55.7,56,645339,282051,,-0.002140564
04-10-2017,55.67,56.2,55.38,55.8,616188,295897,,-0.003577821
05-10-2017,55.77,57.24,55.7,57,630303,313713,,0.021277398
06-10-2017,56.99,57.28,55.13,55.62,612045,332109,,-0.024508419
09-10-2017,55.5,55.98,55.06,55.79,589444,351674,,0.003051793
10-10-2017,55.78,56.91,55.73,56.61,575608,370983,,0.014591006
11-10-2017,56.56,57.09,56.14,56.94,555120,390030,,0.005812434
12-10-2017,56.74,56.83,55.88,56.25,545548,410641,,-0.012192041
13-10-2017,56.44,57.57,56.34,57.17,541030,432441,,0.016223244
16-10-2017,57.28,58.47,57.12,57.82,507582,453924,,0.011305451
17-10-2017,57.78,58.35,57.18,57.88,472400,476599,,0.001037165
18-10-2017,58.16,58.54,57.74,58.15,434133,499182,,0.004653977
19-10-2017,58.24,58.3,57.02,57.23,358351,519214,,-0.015947643
20-10-2017,57.32,57.94,56.6,57.75,315391,537286,,0.009045113
23-10-2017,57.95,58.05,57.27,57.37,264629,510874,,-0.006601831
24-10-2017,57.41,58.57,57.04,58.33,230538,483221,,0.016595022
25-10-2017,58.44,58.74,57.85,58.44,206422,455903,,0.001884046
26-10-2017,58.42,59.55,58.05,59.3,169757,425200,,0.014608719
27-10-2017,59.37,60.65,58.82,60.44,141967,393861,,0.019041831
30-10-2017,60.66,61,60.14,60.9,76013,359633,,0.007582037
31-10-2017,60.86,61.41,60.53,61.37,66634,325701,,0.007687942
01-11-2017,61.07,61.7,60,60.49,661419,332788,,-0.014443054
02-11-2017,60.5,60.86,60.02,60.62,638854,339008,,0.00214681
03-11-2017,60.88,62.23,60.6,62.07,635198,345286,,0.023637909
06-11-2017,62.27,64.44,62.08,64.27,611022,352182,,0.034830179
07-11-2017,64.12,64.65,63.5,63.69,578023,359223,,-0.009065395
08-11-2017,63.69,64.64,62.95,63.49,544098,366554,,-0.003145151
09-11-2017,63.52,64.25,63.26,63.93,520907,377391,,0.006906322
10-11-2017,63.8,64.27,63.35,63.52,515186,390711,,-0.006433918
13-11-2017,63.68,63.77,62.61,63.16,485349,405426,,-0.005683628
14-11-2017,63.06,63.17,61.21,62.21,449454,420020,,-0.015155431
15-11-2017,61.55,62.13,61.3,61.87,430814,434980,,-0.005480349
16-11-2017,61.88,62.15,61.25,61.36,392517,449830,,-0.008277252
17-11-2017,61.41,62.92,61.08,62.72,374662,465343,,0.021922219
20-11-2017,62.8,62.8,61.44,62.22,336268,482694,,-0.008003885
21-11-2017,62.1,62.87,62.07,62.57,295204,497932,,0.005609439
22-11-2017,62.78,63.43,62.62,63.32,246541,470273,,0.011915305
23-11-2017,63.24,63.57,62.88,63.55,233155,443227,,0.003625763
24-11-2017,63.35,63.95,63.28,63.86,218043,415416,,0.00486619
27-11-2017,63.8,63.99,63.1,63.84,156869,385139,,-0.000313234
28-11-2017,63.78,63.89,63.1,63.61,118462,354502,,-0.003609262
29-11-2017,63.3,64.07,62.5,63.11,66961,322693,,-0.007891455
30-11-2017,63.28,64.21,63.21,63.57,49904,291293,,0.007262425
01-12-2017,62.74,64.32,62.59,63.73,629824,298935,,0.002513748
04-12-2017,63.5,63.68,62.31,62.45,589810,305899,,-0.020289173
05-12-2017,62.45,63.15,62.12,62.86,577330,314424,,0.006543795
06-12-2017,62.64,62.93,61.13,61.22,540993,321770,,-0.026436098
07-12-2017,61.3,62.26,61.15,62.2,515543,329971,,0.015881066
08-12-2017,62.08,63.64,62.01,63.4,508521,338895,,0.019108862
11-12-2017,63.29,64.93,62.99,64.69,455375,346836,,0.020142769
12-12-2017,64.66,65.83,63.07,63.34,385663,352866,,-0.021089589
13-12-2017,63.8,64.32,62.36,62.44,361300,360517,,-0.014310945
14-12-2017,62.81,63.5,62.01,63.31,336444,367403,,0.013837199
15-12-2017,63.39,63.68,63.08,63.23,307124,373342,,-0.001264422
18-12-2017,63.36,63.91,63,63.41,260457,380247,,0.002842706
19-12-2017,63.41,63.91,63.3,63.8,215903,386743,,0.006131613
20-12-2017,63.83,64.6,63.67,64.56,190588,394985,,0.011841834
21-12-2017,64.49,64.93,64.2,64.9,148812,401579,,0.0052526
22-12-2017,64.63,65.28,64.38,65.25,131240,368340,,0.005378422
26-12-2017,65.2,67.1,65,67.02,104652,335996,,0.026765036
27-12-2017,66.76,66.94,66.03,66.44,59143,301451,,-0.008691798
28-12-2017,66.43,66.85,66.23,66.72,42967,268249,,0.004205473
29-12-2017,66.15,66.98,66.15,66.87,652480,277378,,0.002245678
02-01-2018,66.55,67.29,66.24,66.57,631709,285590,,-0.00449641
03-01-2018,66.54,68.03,66.4,67.84,619637,296541,,0.018897966
04-01-2018,67.89,68.27,67.62,68.07,600783,310883,,0.003384596
05-01-2018,67.97,68.11,67.26,67.62,599424,326758,,-0.00663279
08-01-2018,67.8,67.99,67.44,67.78,570832,342383,,0.002363369
09-01-2018,68,69.29,67.7,68.82,537151,357719,,0.015227234
10-01-2018,69.12,69.37,68.75,69.2,503711,373935,,0.005506462
11-01-2018,69.15,70.05,69,69.26,465090,390548,,0.000866676
12-01-2018,69.15,69.93,68.59,69.87,442782,407361,,0.008768834
15-01-2018,69.88,70.37,69.55,70.26,440381,426799,,0.005566274
16-01-2018,70.05,70.13,68.83,69.15,419658,446027,,-0.015924589
17-01-2018,69.35,69.59,68.55,69.38,402155,465860,,0.003320583
18-01-2018,69.53,69.63,68.8,69.31,379968,487249,,-0.001009446
19-01-2018,69.01,69.08,68.28,68.61,354058,507988,,-0.010150899
22-01-2018,68.8,69.51,68.39,69.03,328212,486370,,0.006102896
23-01-2018,69.17,70.24,69.12,69.96,297885,464115,,0.013382457
24-01-2018,69.97,70.94,69.54,70.53,256528,439908,,0.008114501
25-01-2018,70.95,71.28,69.97,70.42,225590,414895,,-0.001560837
26-01-2018,70.07,70.83,70.05,70.52,181840,387056,,0.001419044
29-01-2018,70.47,70.64,69.07,69.46,141779,358453,,-0.01514531
30-01-2018,69.3,69.39,68.4,69.02,87147,328452,,-0.00635473
31-01-2018,68.43,69.15,68.33,69.05,78477,300103,,0.000434562
01-02-2018,69,69.97,68.81,69.65,619898,310424,,0.00865182
02-02-2018,70,70.02,67.96,68.58,598047,320775,,-0.015481753
05-02-2018,68.15,68.46,66.9,67.62,560630,328791,,-0.01409715
06-02-2018,67.02,67.6,66.53,66.86,544513,337115,,-0.011302916
07-02-2018,67.2,67.72,65.16,65.51,488637,342881,,-0.020398078
08-02-2018,65.28,65.6,64.1,64.81,457424,348044,,-0.01074289
09-02-2018,64.44,64.64,61.77,62.79,415345,352130,,-0.031664087
12-02-2018,62.5,64.4,62.5,62.59,383168,355794,,-0.003190304
13-02-2018,62.85,63.1,61.76,62.72,353897,359528,,0.002074855
14-02-2018,62.84,64.58,61.95,64.36,307693,362939,,0.025811946
15-02-2018,64.44,65.15,63.12,64.33,283166,366777,,-0.000466237
16-02-2018,64.66,65.22,64.19,64.84,264457,372285,,0.007896611
19-02-2018,64.96,65.9,64.84,65.67,256595,379940,,0.012719503
20-02-2018,65.64,65.81,64.78,65.25,219385,388755,,-0.006416154
21-02-2018,65.05,65.53,64.4,65.42,201691,396970,,0.002601976
22-02-2018,64.91,66.56,64.62,66.39,178125,367518,,0.014718421
23-02-2018,66.3,67.37,65.79,67.31,139887,336974,,0.013762371
26-02-2018,67.29,67.9,66.72,67.5,102895,306459,,0.002818784
27-02-2018,67.57,67.61,66.32,66.63,67082,274630,,-0.012972671
28-02-2018,66.41,66.87,65.43,65.78,58645,245964,,-0.012839086
01-03-2018,64.57,65.04,63.19,63.83,529687,250781,,-0.030092541
02-03-2018,64.07,64.64,63.2,64.37,508221,256973,,0.008424387
05-03-2018,64.65,65.88,64.1,65.54,509505,265395,,0.018012957
06-03-2018,65.74,66.16,65.3,65.79,498677,275047,,0.003807208
07-03-2018,65.23,65.8,63.83,64.34,480678,286580,,-0.022286329
08-03-2018,64.51,64.56,63.43,63.61,433554,296606,,-0.011410831
09-03-2018,63.93,65.63,63.69,65.49,402202,305789,,0.029126769
12-03-2018,65.5,65.86,64.18,64.95,380827,314071,,-0.008279716
13-03-2018,64.92,65.68,64.05,64.64,346387,322538,,-0.004784329
14-03-2018,64.73,65.21,64.06,64.89,346873,332216,,0.003860114
15-03-2018,64.9,65.38,64.61,65.12,328408,342235,,0.003538193
16-03-2018,65.07,66.42,64.88,66.21,309956,353573,,0.016599787
19-03-2018,66.01,66.39,65.39,66.05,288955,365977,,-0.002419478
20-03-2018,66.15,67.88,66.15,67.42,281904,380299,,0.020529679
21-03-2018,67.61,69.86,67.48,69.47,233396,391949,,0.029953295
22-03-2018,69.63,69.7,68.58,68.91,199526,369938,,-0.008093699
23-03-2018,69.11,70.57,68.87,70.45,176855,347847,,0.022101933
26-03-2018,70.43,71.05,69.67,70.12,139161,323157,,-0.004695178
27-03-2018,70.13,71.03,69.45,70.11,115692,297625,,-0.000142623
28-03-2018,69.72,70.25,68.78,69.53,59443,269543,,-0.008307123
29-03-2018,69.86,70.44,69.1,70.27,,,,0.010586651
02-04-2018,69.32,70.04,67.49,67.64,614545,281609,,-0.038145441
03-04-2018,67.63,68.46,67.62,68.12,611532,295564,,0.007071332
04-04-2018,68.15,68.28,66.69,68.02,615391,311202,,-0.001469076
05-04-2018,68.36,68.93,67.73,68.33,606587,328548,,0.004547129
06-04-2018,68.09,68.62,66.86,67.11,593835,345012,,-0.018015845
09-04-2018,67.1,68.8,67,68.65,565866,360843,,0.022688068
10-04-2018,68.46,71.34,68.46,71.04,538820,376101,,0.034221966
11-04-2018,71.03,73.09,70.57,72.06,485704,389217,,0.014256007
12-04-2018,72.09,72.49,71.1,72.02,472984,401956,,-0.000555247
13-04-2018,71.94,72.88,71.56,72.58,455326,416751,,0.007745544
16-04-2018,72.7,72.85,71.11,71.42,434424,432411,,-0.01611146
17-04-2018,71.65,71.89,70.83,71.58,405956,447684,,0.002237763
18-04-2018,71.72,73.93,71.66,73.48,389326,464362,,0.026197555
19-04-2018,73.72,74.75,73.46,73.78,354436,480278,,0.004074432
20-04-2018,73.94,74.2,72.83,74.06,302204,496462,,0.003787883
23-04-2018,73.77,75.1,73.13,74.71,275429,473855,,0.008738377
24-04-2018,75.09,75.47,73.68,73.86,246325,449508,,-0.011442543
25-04-2018,74,74.19,73.17,74,180206,420495,,0.001893684
26-04-2018,74.23,74.97,74.11,74.74,154504,390356,,0.009950331
27-04-2018,74.72,75.03,74.35,74.64,76777,355886,,-0.001338868
30-04-2018,74.62,75.41,73.47,75.17,67181,322640,,0.007075659
01-05-2018,74.65,74.98,72.74,73.13,616068,327790,,-0.027513536
02-05-2018,73.28,73.63,72.38,73.36,601840,335532,,0.003140149
03-05-2018,73.07,74.09,72.47,73.62,590654,343377,,0.0035379
04-05-2018,73.74,75.08,73.24,74.87,577053,351492,,0.016836548
07-05-2018,75,76.34,74.83,76.17,558160,359741,,0.017214408
08-05-2018,75.6,76.18,73.1,74.85,513197,366891,,-0.017481574
09-05-2018,76.19,77.43,76.08,77.21,494274,373887,,0.031042871
10-05-2018,77.44,78,76.51,77.47,465255,381275,,0.003361782
11-05-2018,77.55,77.6,76.95,77.12,452840,391318,,-0.004528114
14-05-2018,77.05,78.53,76.55,78.23,447969,402820,,0.014290555
15-05-2018,78.42,79.47,77.9,78.43,437267,415550,,0.002553302
16-05-2018,78.1,79.35,77.61,79.28,429485,432168,,0.010779383
17-05-2018,79.26,80.5,79.12,79.3,398220,448416,,0.000252239
18-05-2018,79.46,79.87,78.33,78.51,369354,467921,,-0.010012123
21-05-2018,78.61,79.59,78.1,79.22,350457,486806,,0.009002787
22-05-2018,79.36,80.49,79.16,79.57,295788,465454,,0.004408345
23-05-2018,79.47,79.85,78.21,79.8,256734,442447,,0.002886367
24-05-2018,79.65,79.78,78.57,78.79,224691,418050,,-0.012737419
25-05-2018,78.82,78.88,76.01,76.44,170718,390961,,-0.030279966
28-05-2018,76.11,76.17,74.49,75.3,159585,364389,,-0.015025985
29-05-2018,75.82,76.2,74.54,75.39,137458,339340,,0.001194505
30-05-2018,75.37,77.73,74.81,77.5,78500,311621,,0.027603296
31-05-2018,77.37,78.75,77.04,77.59,68756,285188,,0.001160617
01-06-2018,77.71,77.95,76.35,76.79,540818,291053,,-0.01036413
04-06-2018,76.66,76.95,75.2,75.29,531339,296611,,-0.019727099
05-06-2018,75.4,75.74,73.81,75.38,522606,302301,,0.001194664
06-06-2018,75.19,76.25,74.46,75.36,499722,306983,,-0.000265358
07-06-2018,75.88,77.45,75.44,77.32,480755,312485,,0.025676024
08-06-2018,77.39,77.61,76.12,76.46,466566,318966,,-0.011184926
11-06-2018,76.3,76.84,75.52,76.46,460407,326296,,0
12-06-2018,76.5,77.07,75.43,75.88,448589,336483,,-0.007614583
13-06-2018,75.4,76.87,75.26,76.74,433097,348240,,0.01126994
14-06-2018,76.56,76.92,75.76,75.94,397310,359748,,-0.01047953
15-06-2018,75.98,76.06,73,73.44,371688,373146,,-0.033474808
18-06-2018,73.06,75.49,72.45,75.34,346941,385637,,0.025542456
19-06-2018,75.24,75.55,74.45,75.08,326552,398243,,-0.003456991
20-06-2018,75.2,75.86,74.1,74.74,303988,413276,,-0.004538788
21-06-2018,74.46,74.69,72.93,73.05,269872,426683,,-0.022871286
22-06-2018,73.24,75.83,73.24,75.55,206107,404369,,0.033650551
25-06-2018,74.8,75.13,73.74,74.73,181214,381028,,-0.010913071
26-06-2018,74.74,76.72,74.13,76.31,138025,355389,,0.020922373
27-06-2018,76.54,78.16,76.28,77.62,123125,330282,,0.017021135
28-06-2018,77.5,78.42,77.09,77.85,67474,302730,,0.002958772
29-06-2018,77.79,79.7,77.45,79.44,58550,275529,,0.020218121
02-07-2018,78.55,78.95,77.16,77.3,522300,279655,,-0.027308064
03-07-2018,77.4,78.55,76.67,77.76,504212,283364,,0.005933205
04-07-2018,77.89,78.28,77.61,78.24,501424,287919,,0.006153866
05-07-2018,78.14,78.5,77.3,77.39,495848,294488,,-0.010923452
06-07-2018,77.57,77.68,76.36,77.11,474306,301329,,-0.003624599
09-07-2018,77.21,78.31,77.04,78.07,458063,308737,,0.012372886
10-07-2018,78.25,79.51,78.15,78.86,448633,316876,,0.010068268
11-07-2018,78.78,78.83,73.04,73.4,421191,324690,,-0.071750193
12-07-2018,74.17,75.1,72.67,74.45,387288,332517,,0.014203824
13-07-2018,74.34,75.93,73.22,75.33,360024,342778,,0.011750703
16-07-2018,74.92,75.37,71.52,71.84,342177,353509,,-0.047437038
17-07-2018,72.01,72.78,71.35,72.16,321718,365756,,0.004444452
18-07-2018,71.74,73.28,71.19,72.9,305344,377903,,0.010202763
19-07-2018,73.06,73.79,71.83,72.58,295191,393085,,-0.004399237
20-07-2018,72.65,73.47,72.26,73.07,268621,407089,,0.006728484
23-07-2018,73.22,74.5,72.52,73.06,206897,386062,,-0.000136864
24-07-2018,72.91,74,72.68,73.44,178897,364375,,0.005187725
25-07-2018,73.7,74.6,73.07,73.93,171096,342353,,0.006649953
26-07-2018,74.37,74.83,73.77,74.54,129351,317920,,0.008217194
27-07-2018,74.5,74.85,73.83,74.29,101814,293087,,-0.003359541
30-07-2018,74.31,75.27,74.14,74.97,62975,266748,,0.00911168
31-07-2018,74.93,75.1,74.14,74.25,50046,240175,,-0.009650256
01-08-2018,74.07,74.12,72.13,72.39,452386,242255,,-0.025369609
02-08-2018,72.42,73.75,71.84,73.45,435142,245445,,0.014536734
03-08-2018,73.37,73.73,72.48,73.21,419656,249421,,-0.003272879
06-08-2018,73.21,74.47,73.08,73.75,418054,254479,,0.007348972
07-08-2018,73.61,74.9,73.57,74.65,406210,260112,,0.012129529
08-08-2018,74.64,74.87,71.65,72.28,399036,266358,,-0.032263058
09-08-2018,72.16,72.89,71.86,72.07,380452,272042,,-0.002909597
10-08-2018,71.97,73.14,71.4,72.81,360464,278165,,0.010215439
13-08-2018,73,73.09,71.04,72.61,349123,287647,,-0.002750655
14-08-2018,72.82,73.93,72.16,72.46,328650,297630,,-0.002067968
15-08-2018,72.22,72.44,70.3,70.76,321634,307666,,-0.023740816
16-08-2018,70.65,71.52,70.4,71.43,298026,318911,,0.00942408
17-08-2018,71.35,72.49,71.25,71.83,284459,331088,,0.005584267
20-08-2018,71.77,72.75,71.42,72.21,262527,344391,,0.005276324
21-08-2018,72.15,72.95,72.05,72.63,244143,357331,,0.005799519
22-08-2018,72.76,75,72.7,74.78,228569,342410,,0.02917241
23-08-2018,74.72,74.87,74.21,74.73,193352,326290,,-0.000668852
24-08-2018,74.73,76.42,74.68,75.82,159502,308947,,0.014480492
27-08-2018,75.54,76.34,75.39,76.21,147113,290884,,0.005130578
28-08-2018,76.34,76.97,75.73,75.95,125670,272181,,-0.003417459
29-08-2018,75.99,77.42,75.67,77.14,88280,251464,,0.015546724
30-08-2018,77.33,78.03,77.18,77.77,44719,229082,,0.0081338
31-08-2018,77.53,77.79,77,77.42,37338,207540,,-0.004510608
03-09-2018,77.69,78.44,77.3,78.15,492697,217112,,0.009384912
04-09-2018,78.19,79.72,77.44,78.17,460796,225922,,0.000255885
05-09-2018,77.82,78.09,76.91,77.27,437953,233676,,-0.01158016
06-09-2018,77.02,77.77,75.64,76.5,428388,242367,,-0.010015041
07-09-2018,76.69,77.1,75.88,76.83,421386,251496,,0.004304448
10-09-2018,77.08,77.92,76.9,77.37,411119,261402,,0.00700392
11-09-2018,77.38,79.54,77.36,79.06,399601,271766,,0.021607949
12-09-2018,79.42,80.13,78.75,79.74,383157,282071,,0.008564284
13-09-2018,79.6,79.71,77.87,78.18,352236,292664,,-0.019757482
14-09-2018,78.45,78.94,77.37,78.09,325339,303719,,-0.001151853
17-09-2018,78.07,78.9,77.73,78.05,307701,314425,,-0.000512361
18-09-2018,77.78,79.73,77.46,79.03,293128,325589,,0.01247788
19-09-2018,78.97,79.5,78.51,79.4,253915,336632,,0.004670841
20-09-2018,79.44,79.83,78.51,78.7,215643,348026,,-0.008855213
21-09-2018,78.67,80.12,78.23,78.8,180398,357564,,0.001269841
24-09-2018,78.97,81.48,78.97,81.2,177443,336547,,0.03000225
25-09-2018,81.35,82.55,81.17,81.87,124949,314157,,0.008217376
26-09-2018,81.45,82.22,81.1,81.34,105712,292008,,-0.006494723
27-09-2018,81.8,82.44,81.32,81.72,52349,266938,,0.004660869
28-09-2018,81.63,82.87,81.6,82.72,46263,241930,,0.012162641
01-10-2018,82.79,85.45,82.55,84.98,585925,253584,,0.026954524
02-10-2018,84.95,85.38,84.31,84.8,564273,264562,,-0.002120392
03-10-2018,84.79,86.74,84.01,86.29,554769,276003,,0.017418174
04-10-2018,85.99,86.43,84.14,84.58,541125,288595,,-0.020015884
05-10-2018,84.89,85.12,83.92,84.16,514507,301207,,-0.004978083
08-10-2018,84.17,84.31,82.66,83.91,508873,314618,,-0.002974953
09-10-2018,83.91,85.45,83.73,85,510411,329104,,0.012906461
10-10-2018,84.98,85.17,82.26,83.09,484386,344468,,-0.022726899
11-10-2018,82.47,82.63,79.8,80.26,456089,360498,,-0.034652993
12-10-2018,80.28,81.48,79.23,80.43,432933,377334,,0.002115876
15-10-2018,81,81.92,79.85,80.78,413319,393059,,0.004342169
16-10-2018,80.88,81.75,79.8,81.41,397768,411247,,0.007768705
17-10-2018,81.74,81.85,79.17,80.05,384728,429848,,-0.016846676
18-10-2018,80.23,80.31,78.69,79.29,375068,451362,,-0.009539422
19-10-2018,79.44,80.88,79.22,79.78,342553,471115,,0.006160829
22-10-2018,80.11,80.41,78.99,79.83,307793,452573,,0.000626527
23-10-2018,80.04,80.12,75.88,76.44,238026,430823,,-0.043393254
24-10-2018,76.35,77.57,75.11,76.17,209791,407825,,-0.003538435
25-10-2018,75.67,77.08,75.35,76.89,193137,384625,,0.009408145
26-10-2018,76.6,77.91,75.77,77.62,145716,360039,,0.009449297
29-10-2018,77.64,78.03,76.55,77.34,124424,334409,,-0.00361384
30-10-2018,76.82,77.32,75.09,75.91,83868,305973,,-0.018662858
31-10-2018,76.28,76.92,75.42,75.47,67516,278182,,-0.005813202
01-11-2018,74.69,74.99,72.56,72.89,494632,280751,,-0.034783771
02-11-2018,72.75,73.5,72.16,72.83,477269,283707,,-0.000823497
05-11-2018,72.85,74.13,72.26,73.17,466233,287235,,0.004657543
06-11-2018,72.85,73.28,71.18,72.13,440090,290056,,-0.014315454
07-11-2018,71.66,73.55,71.36,72.07,410028,291743,,-0.000832178
08-11-2018,72.1,73.08,70.56,70.65,384383,292364,,-0.01989976
09-11-2018,70.87,70.99,69.13,70.18,367649,294037,,-0.006674739
12-11-2018,70.69,71.88,68.87,70.12,355596,297224,,-0.00085531
13-11-2018,69.13,69.68,64.61,65.47,332658,303533,,-0.068616038
14-11-2018,65.62,67.63,65.02,66.12,301972,309678,,0.00987925
15-11-2018,66.12,67.42,65.77,66.62,282674,315647,,0.00753356
16-11-2018,66.68,68.38,66.06,66.76,269272,323884,,0.002099266
19-11-2018,66.99,67.64,65.27,66.79,258333,332812,,0.00044927
20-11-2018,66.9,66.9,61.71,62.53,262983,344753,,-0.065906927
21-11-2018,62.6,64.48,62.56,63.48,242248,356401,,0.015078454
22-11-2018,63.6,63.81,62.27,62.6,228951,338689,,-0.013959618
23-11-2018,62.58,62.79,58.41,58.8,210988,320937,,-0.062623423
26-11-2018,58.98,61.13,58.6,60.48,180563,301893,,0.028170877
27-11-2018,60.39,61.4,58.92,60.21,121093,280626,,-0.00447428
28-11-2018,60.63,61.27,58.55,58.76,103909,260218,,-0.0243771
29-11-2018,59.12,60.37,57.5,59.51,68839,239182,,0.012683014
30-11-2018,59.28,59.93,58.25,58.71,60010,218673,,-0.013534296
03-12-2018,59.98,62.6,59.85,61.69,401319,221721,,0.049511773
04-12-2018,61.9,63.58,61.24,62.08,387209,225358,,0.006302033
05-12-2018,61.35,63.29,60.8,61.56,374850,230216,,-0.008411567
06-12-2018,61.36,61.97,58.36,60.06,358339,235260,,-0.024668246
07-12-2018,60.25,63.73,59.1,61.67,354032,240911,,0.026453526
10-12-2018,61.34,62.33,59.61,59.97,355816,247410,,-0.027953152
11-12-2018,59.91,61.1,59.58,60.2,356064,253615,,0.003827915
12-12-2018,60.67,61.43,59.98,60.15,342783,260318,,-0.00083091
13-12-2018,60.29,62.02,59.33,61.45,323785,266640,,0.021382394
14-12-2018,61.53,61.58,59.92,60.28,305864,272965,,-0.019223462
17-12-2018,60.25,61.21,58.64,59.61,286411,280022,,-0.011177029
18-12-2018,59,59.24,55.89,56.26,247883,288474,,-0.057839542
19-12-2018,56.51,58.11,56.04,57.24,194563,294518,,0.017269152
20-12-2018,56.49,56.75,54.28,54.35,165800,300982,,-0.051808341
21-12-2018,54.97,55.33,52.79,53.82,109100,304255,,-0.009799468
24-12-2018,53.49,54.66,50.36,50.47,94251,283783,,-0.064266045
26-12-2018,50.84,55.29,49.93,54.47,80651,263346,,0.076270991
27-12-2018,54.65,54.67,51.94,52.16,47706,241537,,-0.043334174
28-12-2018,53.44,53.8,51.6,52.2,43746,220564,,0.000766577
31-12-2018,53,54.82,52.66,53.8,492814,229816,,0.030190972
02-01-2019,54.12,56.56,52.51,54.91,499715,239409,,0.020422014
03-01-2019,54.29,56.3,53.93,55.95,501313,249092,,0.018762953
04-01-2019,55.67,58.31,55.34,57.06,495064,259244,,0.019644911
07-01-2019,57.41,58.93,57.26,57.33,488207,270206,,0.004720701
08-01-2019,57.64,58.87,57.13,58.72,446902,279608,,0.023956337
09-01-2019,59.15,61.69,59.05,61.44,425796,288901,,0.045280705
10-01-2019,61.15,61.91,60.44,61.68,400147,299052,,0.00389864
11-01-2019,61.19,62.49,60.08,60.48,377813,311268,,-0.019646997
14-01-2019,60.62,61.04,58.9,58.99,362941,324411,,-0.024944794
15-01-2019,59.36,60.86,59.11,60.64,352122,340613,,0.027586803
16-01-2019,60.42,61.45,60.03,61.32,333846,356586,,0.011151313
17-01-2019,61.05,61.54,60.04,61.18,333622,373450,,-0.002285715
18-01-2019,61.33,63,61.32,62.7,314182,391215,,0.024541109
21-01-2019,62.74,63.15,62.25,62.74,310107,408973,,0.000637755
22-01-2019,62.59,62.71,60.57,61.5,272112,394259,,-0.019962028
23-01-2019,61.37,62.33,60.21,61.14,238753,376862,,-0.005870858
24-01-2019,61.02,61.51,60.41,61.09,198934,356703,,-0.00081813
25-01-2019,61.13,61.92,60.7,61.64,170591,335072,,0.008962824
28-01-2019,61.49,61.69,59.49,59.93,115534,310227,,-0.028133796
29-01-2019,59.87,61.79,59.75,61.32,102837,287289,,0.02292884
30-01-2019,61.26,62.67,61.04,61.65,66051,263306,,0.005367176
31-01-2019,61.97,62.32,61.57,61.89,58370,240521,,0.003885386
01-02-2019,61.06,62.97,60.46,62.75,449502,245300,,0.013799962
04-02-2019,62.83,63.63,61.28,62.51,432864,249962,,-0.003832034
05-02-2019,62.64,63.02,61.72,61.98,418746,254403,,-0.008514792
06-02-2019,62.06,62.8,61.05,62.69,411612,259588,,0.011390193
07-02-2019,62.5,62.91,60.6,61.63,400777,264065,,-0.01705318
08-02-2019,61.66,62.36,61.04,62.1,377459,268283,,0.007597224
11-02-2019,62.11,62.34,60.9,61.51,340254,270293,,-0.009546226
12-02-2019,61.59,63.34,61.59,62.42,336305,274573,,0.014685974
13-02-2019,62.7,63.98,62.69,63.61,331419,280750,,0.018884954
14-02-2019,63.69,64.81,63.25,64.57,326790,289274,,0.014979216
15-02-2019,64.86,66.39,64.42,66.25,314223,298850,,0.025685558
18-02-2019,66.39,66.83,65.9,66.5,297958,311011,,0.003766483
19-02-2019,66.44,66.65,65.58,66.45,262530,321657,,-0.000752163
20-02-2019,66.3,67.38,65.63,67.08,221659,332031,,0.009436152
21-02-2019,67.05,67.31,66.69,67.07,180153,340150,,-0.000149087
22-02-2019,66.96,67.73,66.87,67.12,162400,321010,,0.000745212
25-02-2019,66.97,67.47,64.54,64.76,127974,300684,,-0.035793933
26-02-2019,64.79,65.74,64.32,65.21,101393,279527,,0.006924703
27-02-2019,65.64,66.7,65.27,66.39,49746,255403,,0.017933611
28-02-2019,66.38,66.38,65.67,66.03,40486,231383,,-0.005437259
01-03-2019,66.48,67.14,64.59,65.07,419414,234180,,-0.014645571
04-03-2019,64.97,66.34,64.93,65.67,411010,238897,,0.009178587
05-03-2019,65.46,66.23,65.04,65.86,422991,244676,,0.002889077
06-03-2019,65.49,66.18,65.22,65.99,411141,249991,,0.001971938
07-03-2019,65.88,67,65.75,66.3,412640,255715,,0.004686682
08-03-2019,66.08,66.09,64.02,65.74,412629,262275,,-0.008482329
11-03-2019,65.76,66.75,65.63,66.58,404643,269387,,0.012696664
12-03-2019,66.7,67.39,66.34,66.67,401039,278621,,0.001350844
13-03-2019,66.91,67.76,66.7,67.55,384711,289491,,0.013112988
14-03-2019,67.65,68.14,67.03,67.23,376157,302558,,-0.004748488
15-03-2019,67.18,67.71,66.13,67.16,360029,315734,,-0.001041744
18-03-2019,67.14,67.69,66.69,67.54,351164,330613,,0.005642183
19-03-2019,67.49,68.2,67.13,67.61,328548,345757,,0.001035886
20-03-2019,67.66,68.57,67.19,68.5,318608,363681,,0.013077844
21-03-2019,68.38,68.69,67.59,67.86,257580,378154,,-0.009386986
22-03-2019,67.76,67.98,66.2,67.03,235140,365869,,-0.012306479
25-03-2019,67,67.65,66.36,67.21,217707,352982,,0.002681766
26-03-2019,67.36,68.23,67.24,67.97,171594,336222,,0.011244385
27-03-2019,67.9,68.35,67.19,67.83,122566,316984,,-0.002061856
28-03-2019,67.75,68,66.54,67.82,73269,294359,,-0.000147438
29-03-2019,68.01,68.89,67.81,68.39,66084,271256,,0.008369478
01-04-2019,67.58,69.22,67.58,69.01,542963,280477,,0.009024807
02-04-2019,69.22,69.58,68.69,69.37,524645,288718,,0.005203076
03-04-2019,69.47,69.96,68.8,69.31,513571,297308,,-0.000865301
04-04-2019,69.44,70.03,68.87,69.4,507404,306058,,0.001297672
05-04-2019,69.13,70.48,68.92,70.34,490939,314785,,0.01345376
08-04-2019,70.56,71.19,70.43,71.1,469905,322702,,0.01074671
09-04-2019,71.19,71.34,70.3,70.61,445121,330473,,-0.006915559
10-04-2019,70.82,71.78,70.57,71.73,429612,337873,,0.015737293
11-04-2019,71.56,71.68,70.57,70.83,403761,347619,,-0.01262643
12-04-2019,70.95,71.87,70.9,71.55,397564,358447,,0.010113866
15-04-2019,71.55,71.6,70.78,71.18,377547,369103,,-0.005184626
16-04-2019,71.21,71.95,70.74,71.72,372240,382479,,0.007557769
17-04-2019,71.83,72.27,71.45,71.62,349762,397626,,-0.001395284
18-04-2019,71.63,72.04,71.2,71.97,307045,413211,,0.004875001
22-04-2019,71.93,74.52,71.86,74.04,288149,428015,,0.028356122
23-04-2019,74.38,74.73,73.99,74.51,245937,408213,,0.006327857
24-04-2019,74.27,74.73,74.02,74.57,233242,388787,,0.000804937
25-04-2019,74.46,75.6,74,74.35,167848,365738,,-0.002954609
26-04-2019,74.2,74.42,71.3,72.15,142400,341405,,-0.030036388
29-04-2019,71.56,72.5,71.06,72.04,85921,314404,,-0.001525765
30-04-2019,71.94,73.27,71.73,72.8,71638,287852,,0.010494435
01-05-2019,71.73,72.36,71.3,72.18,503678,291756,,-0.008552956
02-05-2019,72,72.22,69.68,70.75,493689,296028,,-0.020010463
03-05-2019,70.48,71.54,69.95,70.85,490758,301828,,0.00141243
06-05-2019,70.59,71.79,68.79,71.24,488274,307875,,0.005489492
07-05-2019,71.15,71.33,69.38,69.88,476257,314456,,-0.019274973
08-05-2019,69.88,70.7,69.33,70.37,461966,320438,,0.006987551
09-05-2019,70.23,70.65,69.4,70.39,446996,326920,,0.000284172
10-05-2019,70.45,71.23,70.18,70.62,416392,334210,,0.003262183
13-05-2019,70.83,72.58,69.72,70.23,392878,341192,,-0.00553782
14-05-2019,70.02,71.65,69.93,71.24,378560,350033,,0.014278888
15-05-2019,70.9,72.25,70.42,71.77,371692,359263,,0.007412103
16-05-2019,72.05,73.36,71.82,72.62,351784,371526,,0.011773805
17-05-2019,72.82,73.23,71.79,72.21,330123,384040,,-0.005661826
20-05-2019,72.5,73.4,71.6,71.97,310759,399030,,-0.003329175
21-05-2019,72.15,72.52,71.63,72.18,288765,413505,,0.002913634
22-05-2019,71.91,72.04,70.42,70.99,267157,397737,,-0.016623977
23-05-2019,70.86,70.97,67.02,67.76,241296,380910,,-0.046566972
24-05-2019,67.99,69.3,67.33,68.69,199176,361472,,0.013631578
27-05-2019,69.15,70.23,68.53,70.11,192343,341743,,0.020461809
28-05-2019,69.99,70.59,69.58,70.11,144605,319633,,0
29-05-2019,70.1,70.1,68.08,69.45,112444,296331,,-0.009458368
30-05-2019,69.68,69.96,66.31,66.87,57133,270340,,-0.037856633
31-05-2019,66.24,66.28,64.37,64.49,50171,245926,,-0.036240263
03-06-2019,61.64,62.84,60.55,61.28,434562,248705,,-0.051056648
04-06-2019,61,62.12,60.21,61.97,443635,253043,,0.011196872
05-06-2019,61.58,62.27,59.45,60.63,446855,258054,,-0.021860577
06-06-2019,60.4,62.43,60.22,61.67,449055,264539,,0.017007769
07-06-2019,62.4,63.59,61.77,63.29,431367,271288,,0.02592975
10-06-2019,63.58,64.1,62.05,62.29,413871,278162,,-0.01592644
11-06-2019,62.3,62.87,62.01,62.29,378735,284160,,0
12-06-2019,61.79,61.85,59.57,59.97,348057,289554,,-0.037956462
13-06-2019,59.94,62.64,59.78,61.31,335267,295818,,0.022098525
14-06-2019,61.25,62.57,60.74,62.01,331594,304646,,0.011352701
17-06-2019,62.07,62.37,60.74,60.94,327240,313639,,-0.017405889
18-06-2019,60.93,62.84,60.25,62.14,305898,324392,,0.01950013
19-06-2019,62.4,62.55,61.4,61.82,280325,335584,,-0.005162967
20-06-2019,62.45,64.82,62.4,64.45,246019,348177,,0.041662793
21-06-2019,64.86,65.76,64,65.2,209933,358828,,0.01156974
24-06-2019,65.5,65.79,64.08,64.86,192089,342663,,-0.005228368
25-06-2019,64.89,65.98,64.17,65.05,155818,323475,,0.002925104
26-06-2019,65.8,66.85,65.6,66.49,136386,302777,,0.021895355
27-06-2019,66.05,66.82,65.63,66.55,104271,279791,,0.000901984
28-06-2019,66.51,66.84,66.08,66.55,97560,257538,,0
01-07-2019,65.05,66.75,64.22,65.06,498707,263193,,-0.022643624
02-07-2019,64.8,65.51,62.22,62.4,480024,269946,,-0.041744646
03-07-2019,62.9,64.01,62.09,63.82,470481,278107,,0.022501345
04-07-2019,63.88,64.07,62.95,63.3,465881,286815,,-0.008181292
05-07-2019,63.27,64.52,62.91,64.23,463509,295609,,0.014585062
08-07-2019,64.34,65.14,63.79,64.11,444816,303448,,-0.001870033
09-07-2019,63.81,64.75,63.76,64.16,421533,311157,,0.000779606
10-07-2019,64.78,67.12,64.63,67.01,400586,319174,,0.043461898
11-07-2019,66.81,67.65,66.43,66.52,375312,327794,,-0.007339208
12-07-2019,66.83,67.29,66.51,66.72,364045,338068,,0.003002104
15-07-2019,66.87,67.47,66.11,66.48,355423,348957,,-0.003603608
16-07-2019,66.31,67.09,63.82,64.35,333532,360804,,-0.032564217
17-07-2019,64.44,65.28,63.22,63.66,314586,372684,,-0.010780512
18-07-2019,63.52,64.46,61.29,61.93,300454,385763,,-0.027551707
19-07-2019,62.5,63.37,61.83,62.47,271528,397361,,0.008681727
22-07-2019,63.05,64.03,62.77,63.26,244759,380431,,0.012566776
23-07-2019,63.26,64.46,62.66,63.83,210779,362482,,0.008970081
24-07-2019,64.13,64.66,62.59,63.18,185399,343476,,-0.010235504
25-07-2019,63.21,64.23,63.01,63.39,170685,323796,,0.003318325
26-07-2019,63.28,63.96,63.01,63.46,112448,300392,,0.001103666
29-07-2019,63.32,63.9,62.92,63.71,83531,276307,,0.00393175
30-07-2019,63.91,65.14,63.9,64.72,50479,251570,,0.015728737
31-07-2019,64.95,65.42,64.95,65.17,43159,227741,,0.006928968
01-08-2019,64.09,64.54,60.02,60.5,440172,232065,,-0.074355875
02-08-2019,61.16,62.95,60.98,61.89,437065,236933,,0.022715251
05-08-2019,61.46,61.56,59.66,59.81,423295,241458,,-0.034185745
06-08-2019,59.56,60.56,58.55,58.94,409799,246543,,-0.014652894
07-08-2019,58.68,59.23,55.88,56.23,377371,250728,,-0.047069555
08-08-2019,57.48,58.01,56.77,57.38,359156,254642,,0.020245388
09-08-2019,57.74,59.1,57.11,58.53,348001,259740,,0.019843633
12-08-2019,58.3,58.88,57.88,58.57,325776,265141,,0.000683177
13-08-2019,58.47,61.5,58,61.3,307694,271602,,0.045557223
14-08-2019,61.07,61.08,58.21,59.48,302728,279424,,-0.030139721
15-08-2019,59.07,59.42,57.67,58.23,307081,288517,,-0.021239436
16-08-2019,58.41,59.5,58.28,58.64,301417,301115,,0.007016372
19-08-2019,58.72,59.92,58.64,59.74,290942,314942,,0.018584755
20-08-2019,59.68,60.32,58.95,60.03,266544,329347,,0.004842624
21-08-2019,60.11,61.41,60.07,60.3,252877,343328,,0.004487666
22-08-2019,60.43,60.89,59.47,59.92,213900,328243,,-0.006321765
23-08-2019,60.11,60.29,58.3,59.34,179903,311099,,-0.009726724
26-08-2019,58.35,60.17,58.24,58.7,168881,294138,,-0.010843888
27-08-2019,58.8,60.17,58.51,59.51,142343,276308,,0.013704639
28-08-2019,60.04,61,59.8,60.49,115439,258845,,0.016333696
29-08-2019,60.48,61.19,59.98,61.08,57569,238740,,0.009706418
30-08-2019,60.98,61.17,60.25,60.43,46552,218643,,-0.01069881
02-09-2019,58.8,59.26,58.1,58.66,491984,229724,,-0.029727607
03-09-2019,58.54,58.87,57.23,58.26,485150,241554,,-0.006842312
04-09-2019,58.17,60.96,58.13,60.7,485441,253735,,0.041027947
05-09-2019,60.49,62.4,60.25,60.95,480848,265319,,0.004110158
06-09-2019,60.81,61.88,59.4,61.54,470476,276590,,0.009633514
09-09-2019,61.6,63,61.57,62.59,447863,287051,,0.016918151
10-09-2019,62.82,63.78,62.17,62.38,441955,298745,,-0.00336081
11-09-2019,62.88,63.27,60.52,60.81,421218,309968,,-0.025490462
12-09-2019,61.16,61.39,58.92,60.38,398311,322262,,-0.007096325
13-09-2019,60.45,60.81,59.6,60.22,382863,335793,,-0.002653401
16-09-2019,66.45,71.95,64.75,69.02,361255,348618,,0.136391795
17-09-2019,68.15,69.26,63.55,64.55,310240,359811,,-0.0669562
18-09-2019,64.23,64.99,63.04,63.6,277865,370639,,-0.014826647
19-09-2019,63.51,65.57,63.46,64.4,258278,384020,,0.012500163
20-09-2019,65,65.28,64.05,64.28,232656,396427,,-0.001865092
23-09-2019,65.23,65.5,63.53,64.77,206589,377401,,0.007593992
24-09-2019,64.4,64.6,62.3,63.1,186486,357490,,-0.026121764
25-09-2019,62.44,62.81,61.23,62.39,144895,334787,,-0.011315763
26-09-2019,62.58,62.92,61.45,62.74,125350,311087,,0.005594197
27-09-2019,62.48,62.75,60.76,61.91,79899,285048,,-0.013317485
30-09-2019,62.24,62.24,60.73,60.78,67352,259681,,-0.01842093
01-10-2019,59.38,60.1,58.41,58.89,543417,266445,,-0.031589491
02-10-2019,59.25,59.5,57.22,57.69,515094,272703,,-0.020587449
03-10-2019,57.54,57.99,56.15,57.71,494112,279090,,0.00034662
04-10-2019,57.69,58.96,57.67,58.37,492599,286406,,0.01137159
07-10-2019,58.02,59.68,58.02,58.35,460232,293004,,-0.0003427
08-10-2019,58.47,58.92,57.38,58.24,437430,301484,,-0.001886955
09-10-2019,58.02,59.35,57.91,58.32,410921,310354,,0.001372684
10-10-2019,58.04,59.6,57.8,59.1,392306,319289,,0.013285837
11-10-2019,59.53,60.69,59.21,60.51,374051,328716,,0.023577716
14-10-2019,60.69,60.73,58.5,59.35,357778,338795,,-0.01935652
15-10-2019,59.3,59.68,58,58.74,352392,349855,,-0.010331195
16-10-2019,58.9,59.75,58.36,59.42,342843,363052,,0.011509944
17-10-2019,58.99,60.04,58.69,59.91,338225,377243,,0.008212566
18-10-2019,59.78,60.29,59.01,59.42,322185,393396,,-0.008212566
21-10-2019,59.23,59.55,58.26,58.96,299905,408899,,-0.007771622
22-10-2019,59.05,60.26,58.75,59.7,278651,391248,,0.012472773
23-10-2019,59.48,61.3,58.85,61.17,237064,372713,,0.024324853
24-10-2019,60.99,61.9,60.64,61.67,222275,354590,,0.008140716
25-10-2019,61.5,62.11,60.93,62.02,212120,335892,,0.005659325
28-10-2019,62.04,62.34,61.19,61.57,163774,316128,,-0.007282175
29-10-2019,61.61,61.98,60.66,61.59,144231,296581,,0.000324781
30-10-2019,61.6,61.93,60.45,60.61,103527,276088,,-0.016039624
31-10-2019,60.57,61.13,60.07,60.23,98606,256508,,-0.006289329
01-11-2019,59.45,61.82,59.4,61.69,511960,265702,,0.023951276
04-11-2019,61.8,62.78,61.28,62.13,508730,275766,,0.007107121
05-11-2019,62.04,63.19,61.85,62.96,508587,286179,,0.01327064
06-11-2019,62.78,63.32,61.59,61.74,513952,297586,,-0.019567585
07-11-2019,61.73,62.89,61.65,62.29,496987,308170,,0.00886888
08-11-2019,62.29,62.7,60.66,62.51,473741,318274,,0.003525645
11-11-2019,62.6,62.76,61.57,62.18,448788,328200,,-0.005293139
12-11-2019,62.11,62.85,61.82,62.06,430581,338328,,-0.001931746
13-11-2019,61.85,62.74,61.22,62.37,411797,349977,,0.004982732
14-11-2019,62.61,63.21,62.15,62.28,399847,361815,,-0.001444044
15-11-2019,62.47,63.65,61.7,63.3,383553,373244,,0.016244982
18-11-2019,63.36,63.57,61.94,62.44,360757,386376,,-0.013679234
19-11-2019,62.28,62.57,60.7,60.91,325545,398464,,-0.024808731
20-11-2019,60.94,62.8,60.3,62.4,316062,412633,,0.024167911
21-11-2019,62.22,64.03,61.92,63.97,263495,423625,,0.024848948
22-11-2019,63.62,64.27,62.98,63.39,222232,404310,,-0.009108103
25-11-2019,63.6,63.8,62.97,63.65,183478,382627,,0.004093205
26-11-2019,63.7,64.32,63.44,64.27,141533,358157,,0.009693634
27-11-2019,64.02,64.6,63.51,64.06,103840,330816,,-0.003272815
28-11-2019,63.91,64,63.19,63.87,58238,301566,,-0.002970377
29-11-2019,63.77,63.86,62.36,62.43,52144,273459,,-0.022803838
02-12-2019,60.73,62.09,60.72,60.92,560467,280905,,-0.024484401
03-12-2019,61.05,61.58,60.3,60.82,543671,288444,,-0.001642846
04-12-2019,61.08,63.51,61,63,550001,297658,,0.035216044
05-12-2019,62.97,63.91,62.75,63.39,531925,306463,,0.006171394
06-12-2019,63.41,64.88,62.83,64.39,504338,314515,,0.015652221
09-12-2019,64.29,64.5,63.61,64.25,481699,322578,,-0.002176618
10-12-2019,64.03,64.69,63.78,64.34,453918,331136,,0.001399798
11-12-2019,64,64.26,63.01,63.72,427836,338588,,-0.009683037
12-12-2019,63.9,64.85,63.87,64.2,410691,348401,,0.007504726
13-12-2019,64.56,65.79,64.5,65.22,394568,359890,,0.01576296
16-12-2019,65.05,65.66,64.88,65.34,383006,373192,,0.001838236
17-12-2019,65.31,66.24,65.12,66.1,350100,387096,,0.011564341
18-12-2019,65.84,66.43,65.56,66.17,313717,401088,,0.001058441
19-12-2019,66.19,66.78,66.03,66.54,264694,414852,,0.005576083
20-12-2019,66.56,66.72,65.7,66.14,225899,426435,,-0.006029563
23-12-2019,66.15,66.62,65.81,66.39,194739,402053,,0.003772735
24-12-2019,66.44,67.26,66.36,67.2,168949,377072,,0.012126805
26-12-2019,67.27,67.99,67.22,67.92,144884,350064,,0.010657294
27-12-2019,67.91,68.33,67.57,68.16,82183,320081,,0.003527341
30-12-2019,68.2,68.99,68.16,68.44,69571,291097,,0.004099567
31-12-2019,66.65,66.93,65.63,66,658933,302913,,-0.036302707
02-01-2020,66.41,66.58,65.72,66.25,647098,315791,,0.003780723
03-01-2020,66.28,69.5,66.22,68.6,625982,329001,,0.03485707
06-01-2020,69.35,70.74,68.21,68.91,607377,342113,,0.004508771
07-01-2020,68.63,68.75,67.65,68.27,588810,355063,,-0.009330874
08-01-2020,71.22,71.75,64.94,65.44,543176,365741,,-0.042336739
09-01-2020,66,66.1,64.56,65.37,500247,375751,,-0.001070255
10-01-2020,65.29,65.66,64.86,64.98,475981,386568,,-0.005983907
13-01-2020,65.13,65.27,63.92,64.2,436923,398050,,-0.01207632
14-01-2020,64.29,65.05,63.92,64.49,420126,410999,,0.004506962
15-01-2020,64.44,64.6,63.55,64,403419,424911,,-0.00762709
16-01-2020,64.26,64.97,63.9,64.62,390169,439659,,0.009640877
17-01-2020,64.69,65.6,64.48,64.85,359853,453990,,0.00355295
20-01-2020,65.98,66,64.92,65.2,333583,470750,,0.005382558
21-01-2020,65.26,65.35,64.06,64.59,305399,486472,,-0.009399869
22-01-2020,64.57,64.58,62.62,63.21,277090,461016,,-0.021597084
23-01-2020,62.68,62.69,61.25,62.04,222523,432711,,-0.018683178
24-01-2020,62.01,62.46,60.25,60.69,185656,403355,,-0.022000398
27-01-2020,60.23,60.49,58.5,59.32,174645,374507,,-0.022832423
28-01-2020,59.03,60.12,58.5,59.51,147971,345117,,0.003197848
29-01-2020,59.86,60.62,59.26,59.81,120025,316907,,0.005028505
30-01-2020,59.6,59.65,57.71,58.29,69273,288176,,-0.025742319
31-01-2020,59.3,59.45,57.94,58.16,58711,260358,,-0.002232719
03-02-2020,56.16,56.77,54.08,54.45,481495,263329,,-0.065914984
04-02-2020,54.33,55.65,53.69,53.96,449213,265268,,-0.009039818
05-02-2020,54.05,56.46,54.05,55.28,429817,267028,,0.024168148
06-02-2020,55.56,56.58,54.25,54.93,409084,268289,,-0.006351532
07-02-2020,55.14,55.4,54.21,54.47,384964,269963,,-0.008409556
10-02-2020,54.2,54.71,53.11,53.27,371460,272488,,-0.02227677
11-02-2020,53.62,54.69,53.6,54.01,340526,274830,,0.013795894
12-02-2020,54.41,56.36,54.39,55.79,304844,276680,,0.032425427
13-02-2020,55.75,56.83,54.96,56.34,289161,281123,,0.009810121
14-02-2020,56.41,57.53,56.15,57.32,276882,287205,,0.017244841
17-02-2020,57.29,57.7,56.83,57.67,265692,293275,,0.006087505
18-02-2020,57.35,57.83,56.3,57.75,246635,299852,,0.001386242
19-02-2020,57.6,59.4,57.51,59.12,243288,308070,,0.023445927
20-02-2020,59.31,60,58.9,59.31,207062,317256,,0.003208649
21-02-2020,59,59.25,57.73,58.5,186070,325746,,-0.013751172
24-02-2020,57.85,57.86,55.13,56.3,173944,305243,,-0.038332219
25-02-2020,56.46,56.98,54.62,54.95,143792,284881,,-0.024270854
26-02-2020,55.13,55.45,53.03,53.43,105836,263283,,-0.028051295
27-02-2020,53.18,53.25,50.97,52.18,68422,240572,,-0.023673106
28-02-2020,51.42,51.52,50.05,50.52,58844,218831,,-0.032329982
02-03-2020,48.95,53.2,48.4,51.9,494581,227039,,0.026949493
03-03-2020,53.47,53.9,51.22,51.86,474469,235968,,-0.00077101
04-03-2020,52.11,53.03,51.04,51.13,457747,246162,,-0.014176371
05-03-2020,51.66,52.04,49.7,49.99,461330,257640,,-0.022548424
06-03-2020,50.25,50.45,45.18,45.27,455065,269518,,-0.099178424
09-03-2020,38.28,38.34,31.02,34.36,412503,279306,,-0.275751464
10-03-2020,35.84,38.22,35,37.22,374646,287840,,0.079953154
11-03-2020,37.27,39.7,35.35,35.79,335241,293970,,-0.039177726
12-03-2020,35.99,36.46,32.5,33.22,307942,300695,,-0.074516421
13-03-2020,32.85,36.15,32.5,33.85,290120,307632,,0.018786895
16-03-2020,35.82,35.84,29.45,30.05,280356,314726,,-0.119076338
17-03-2020,30.14,31.25,28.5,28.73,263225,322688,,-0.044920788
18-03-2020,28.4,29.21,24.52,24.88,242476,331798,,-0.143877605
19-03-2020,27.19,29.42,24.96,28.47,225293,342256,,0.134786633
20-03-2020,28.1,30.94,26.81,26.98,214457,352630,,-0.053755051
23-03-2020,26.75,27.54,24.68,27.03,189125,332266,,0.00185151
24-03-2020,27.72,28.65,26.69,27.15,162218,311450,,0.004429686
25-03-2020,27.8,28.29,25.68,27.39,149118,290874,,0.008800937
26-03-2020,27.35,27.75,26.03,26.34,104072,267057,,-0.039089287
27-03-2020,26.68,27,24.13,24.93,88225,242601,,-0.055016799
30-03-2020,23.85,24.44,21.65,22.76,47614,218275,,-0.091067288
31-03-2020,23,23.87,22.59,22.74,45099,196305,,-0.000879121
01-04-2020,25.99,26.28,24.52,24.74,537045,209759,,0.084295879
02-04-2020,25.61,36.29,25.45,29.94,537959,225093,,0.190774012
03-04-2020,29.89,35,28.25,34.11,505708,239466,,0.130395217
06-04-2020,31.76,34.24,30.03,33.05,485269,253127,,-0.03156903
07-04-2020,33.66,34.18,31.74,31.87,462886,266438,,-0.036356438
08-04-2020,32.63,33.87,31.54,32.84,440360,279630,,0.029982156
09-04-2020,33.82,36.4,31.18,31.48,439662,293921,,-0.042294861
13-04-2020,33.99,33.99,30.63,31.74,424592,307930,,0.008225292
14-04-2020,32.25,32.32,29.38,29.6,408592,322561,,-0.069803354
15-04-2020,30.26,30.33,27.16,27.69,403715,338661,,-0.066703024
16-04-2020,28.05,29,27.2,27.82,377626,353895,,0.004683849
17-04-2020,28.66,28.93,27.58,28.08,350890,370349,,0.009302393
20-04-2020,28.05,28.25,25.37,25.57,326749,386251,,-0.09363779
21-04-2020,26.33,26.5,17.51,19.33,275799,401463,,-0.279761496
22-04-2020,20.23,22.45,15.98,20.37,253347,415347,,0.052404937
23-04-2020,20.89,23.22,20.07,21.33,234787,395196,,0.046051302
24-04-2020,21.93,22.7,20.5,21.44,226925,374460,,0.005143804
27-04-2020,21.55,21.91,19.11,19.99,142359,350237,,-0.070026188
28-04-2020,19.9,21.29,18.73,20.46,125044,326222,,0.023239612
29-04-2020,20.66,23.88,20.53,22.54,86009,301097,,0.096819748
30-04-2020,22.87,25.76,22.87,25.27,74363,276697,,0.114326413
01-05-2020,26.95,27.88,25.76,26.44,438210,276600,,0.045260094
04-05-2020,26.1,28.08,25.5,27.2,431809,277082,,0.028338958
05-05-2020,28.1,32.06,27.77,30.97,426270,278260,,0.129802021
06-05-2020,32.27,32.27,28.66,29.72,416652,279123,,-0.041198774
07-05-2020,29.64,31.84,29.08,29.46,383622,279522,,-0.008786809
08-05-2020,29.6,31.14,29.43,30.97,369578,280768,,0.049985583
11-05-2020,30.7,31.47,29.35,29.63,355738,282701,,-0.044231632
12-05-2020,30.07,30.7,29.35,29.98,342441,287144,,0.011743131
13-05-2020,29.35,30.55,28.86,29.19,328633,292163,,-0.026704308
14-05-2020,29.52,31.55,28.88,31.13,318342,297733,,0.0643458
15-05-2020,31.52,32.91,30.94,32.5,300217,302619,,0.043068105
18-05-2020,32.78,35.72,32.69,34.81,289969,312460,,0.068664612
19-05-2020,35.66,35.76,34.2,34.65,275727,322505,,-0.004606976
20-05-2020,34.45,36.46,34.38,35.75,254918,333766,,0.031252544
21-05-2020,35.82,36.98,35.75,36.06,224086,343747,,0.008633949
22-05-2020,36.18,36.23,33.54,35.13,190712,327248,,-0.026128751
25-05-2020,34.98,35.97,34.46,35.53,183870,310718,,0.011321944
26-05-2020,35.66,36.68,35.26,36.17,130559,291004,,0.017852636
27-05-2020,35.93,36.16,33.98,34.74,98814,269815,,-0.040338285
28-05-2020,33.92,35.95,33.62,35.29,52913,247768,,0.015707877
29-05-2020,35.15,35.37,34.06,35.33,47113,226270,,0.001132824
01-06-2020,37.56,38.68,37.18,38.32,413696,230134,,0.081239492
02-06-2020,38.34,39.75,38.26,39.57,408305,234525,,0.032099302
03-06-2020,39.75,40.53,38.76,39.79,401293,239369,,0.005544369
04-06-2020,39.6,40.1,39.04,39.99,395826,244535,,0.005013798
05-06-2020,39.84,42.48,39.72,42.3,379803,249840,,0.056157663
08-06-2020,42.4,43.41,40.68,40.8,360679,254554,,-0.036105005
09-06-2020,41.1,41.45,39.85,41.18,345216,259187,,0.00927062
10-06-2020,40.72,41.99,40.14,41.73,337489,264692,,0.013267593
11-06-2020,40.95,41.01,37.82,38.55,322626,271261,,-0.079264195
12-06-2020,37.88,39.45,37.01,38.73,311538,279316,,0.004658394
15-06-2020,38.8,39.9,37.24,39.72,287376,286216,,0.025240346
16-06-2020,39.94,41.65,38.95,40.96,266813,295300,,0.030741142
17-06-2020,40.61,41.46,40.03,40.71,258755,305963,,-0.006122218
18-06-2020,40.43,41.64,40.06,41.51,244392,318728,,0.0194606
19-06-2020,41.72,42.92,41.03,42.19,229292,330873,,0.016248864
22-06-2020,41.74,43.18,41.58,43.08,207501,317127,,0.020875626
23-06-2020,43.21,43.93,42.21,42.63,192266,302724,,-0.010500622
24-06-2020,42.45,42.89,39.63,40.31,174559,287609,,-0.055958654
25-06-2020,40.35,41.64,39.47,41.05,138989,270486,,0.018191259
26-06-2020,41.44,41.81,40.29,41.02,115378,252858,,-0.000731083
29-06-2020,40.56,41.95,40.04,41.71,65624,233188,,0.016681156
30-06-2020,41.33,41.62,40.9,41.15,59912,214167,,-0.013516981
01-07-2020,41.58,42.62,41.03,42.03,532441,227164,,0.021159722
02-07-2020,41.84,43.23,41.73,43.14,519619,240297,,0.026066992
03-07-2020,42.76,42.99,42.32,42.8,503218,253076,,-0.007912538
06-07-2020,42.79,43.71,42.74,43.1,496281,267003,,0.006984895
07-07-2020,43.13,43.45,42.46,43.08,478058,281086,,-0.000464145
08-07-2020,42.81,43.47,42.75,43.29,439560,293139,,0.004862809
09-07-2020,43.3,43.5,41.94,42.35,407695,304026,,-0.02195324
10-07-2020,42.36,43.42,41.32,43.24,392542,314910,,0.020797572
13-07-2020,43.12,43.34,42.14,42.72,371187,325822,,-0.012098798
14-07-2020,42.24,43.22,41.8,42.9,353151,336548,,0.004204631
15-07-2020,43.07,43.85,42.7,43.79,332516,347078,,0.020533655
16-07-2020,43.71,43.8,43.14,43.37,303458,358043,,-0.009637523
17-07-2020,43.4,43.45,42.64,43.14,292094,369824,,-0.005317317
20-07-2020,43.08,43.45,42.36,43.28,269972,383447,,0.003239994
21-07-2020,43.17,44.89,43.16,44.32,260434,396815,,0.023745408
22-07-2020,44.03,44.4,43.62,44.29,239859,377310,,-0.000677125
23-07-2020,44.1,44.77,43.13,43.31,188278,355220,,-0.022375363
24-07-2020,43.27,43.9,42.79,43.34,166135,332748,,0.000692441
27-07-2020,43.35,43.77,42.39,43.41,146986,309462,,0.001613833
28-07-2020,43.55,43.84,43,43.22,111692,285037,,-0.004386478
29-07-2020,43.31,43.95,43.2,43.75,91345,261823,,0.012188262
30-07-2020,43.73,43.8,41.38,42.94,59423,238605,,-0.01868782
31-07-2020,43.29,43.44,43.05,43.3,56575,216207,,0.008348843
03-08-2020,43.53,44.46,42.89,44.15,438839,220717,,0.019440292
04-08-2020,43.84,44.82,43.24,44.43,428947,225770,,0.00632199
05-08-2020,44.28,46.23,44.24,45.17,423240,231818,,0.016518233
06-08-2020,45.32,45.71,44.85,45.09,417796,239441,,-0.001772657
07-08-2020,45.15,45.3,44.27,44.4,398364,246526,,-0.015421023
10-08-2020,44.66,45.26,44.37,44.99,377978,253726,,0.013200773
11-08-2020,45.05,45.79,44.39,44.5,357381,260189,,-0.010951054
12-08-2020,44.62,45.63,44.49,45.43,339297,266818,,0.020683491
13-08-2020,45.32,45.58,44.82,44.96,326712,276047,,-0.010399474
14-08-2020,45.29,45.29,44.47,44.8,318024,286173,,-0.003565066
17-08-2020,44.86,45.41,44.53,45.37,301516,296475,,0.012642954
18-08-2020,45.27,45.55,44.76,45.46,280958,307760,,0.001981725
19-08-2020,45.17,45.48,44.81,45.37,259442,318966,,-0.001981725
20-08-2020,45.14,45.18,44.02,44.9,216825,329460,,-0.010413299
21-08-2020,45.03,45.08,43.59,44.35,180438,337717,,-0.012325086
24-08-2020,44.5,45.18,44.29,45.13,160252,319145,,0.017434505
25-08-2020,45.12,46.07,45.08,45.86,132087,299354,,0.016046064
26-08-2020,45.97,46.1,45.54,45.64,99530,277773,,-0.004808752
27-08-2020,45.7,45.87,44.56,45.09,80057,255257,,-0.012124033
28-08-2020,45.1,45.3,44.8,45.05,74185,233645,,-0.000887508
31-08-2020,45.8,46.53,45.21,45.28,487191,240926,,0.00509245
01-09-2020,45.6,46.22,45.47,45.58,481797,249221,,0.00660359
02-09-2020,45.83,46.05,44.2,44.43,483175,258813,,-0.025554107
03-09-2020,44.65,44.65,43.15,44.07,480371,269057,,-0.008135638
04-09-2020,43.76,44.54,42.3,42.66,465461,278886,,-0.032517566
07-09-2020,42.2,42.43,41.51,42.01,459632,289427,,-0.015354028
08-09-2020,42.08,42.23,39.31,39.78,421052,298766,,-0.054543412
09-09-2020,39.65,41.2,39.37,40.79,391948,307600,,0.02507268
10-09-2020,40.58,40.96,39.71,40.06,368023,317680,,-0.018058623
11-09-2020,39.96,40.34,39.38,39.83,361195,329730,,-0.005757933
14-09-2020,39.78,40.09,39.3,39.61,340735,341763,,-0.005538786
15-09-2020,39.7,40.82,39.39,40.53,306646,353400,,0.022960829
16-09-2020,40.72,42.44,40.59,42.22,286248,365848,,0.040851602
17-09-2020,42.32,43.5,41.5,43.3,261171,377922,,0.025258593
18-09-2020,43.22,43.8,42.53,43.15,244943,389306,,-0.003470217
21-09-2020,43.01,43.3,40.96,41.44,229531,372129,,-0.04043582
22-09-2020,41.79,42.2,41.21,41.72,209778,353994,,0.006734032
23-09-2020,41.67,42.62,41.21,41.77,179303,333736,,0.001197748
24-09-2020,41.36,42.02,41.27,41.94,157055,312181,,0.004061647
25-09-2020,41.85,42.33,41.52,41.92,134554,290121,,-0.000476985
28-09-2020,41.87,42.62,41.48,42.43,109306,266766,,0.012092619
29-09-2020,42.47,42.52,40.43,41.03,66468,243127,,-0.033552153
30-09-2020,40.66,40.98,40.3,40.95,64522,221299,,-0.001951696
01-10-2020,42.17,42.56,39.92,40.93,531522,232198,,-0.00048852
02-10-2020,40.65,40.77,38.79,39.27,526003,243186,,-0.041402422
05-10-2020,39.19,41.78,39.14,41.29,503509,254037,,0.050159471
06-10-2020,41.41,42.84,41.22,42.65,487366,266085,,0.032406934
07-10-2020,41.85,42.42,41.36,41.99,461647,277779,,-0.015595779
08-10-2020,42.15,43.47,41.86,43.34,447091,290173,,0.031644501
09-10-2020,43.36,43.57,42.61,42.85,443411,303404,,-0.011370351
12-10-2020,42.6,42.71,41.36,41.72,424904,316429,,-0.026725015
13-10-2020,41.81,42.68,41.66,42.45,408229,329659,,0.017346283
14-10-2020,42.43,43.45,42.13,43.32,394329,343994,,0.020287509
15-10-2020,43.45,43.48,41.56,43.16,372009,358325,,-0.003700282
16-10-2020,43.1,43.21,42.27,42.93,351025,372756,,-0.005343258
19-10-2020,42.69,43.23,42.36,42.62,332782,387654,,-0.007247256
20-10-2020,42.45,43.3,42.19,43.16,319155,404500,,0.012590514
21-10-2020,42.91,43.04,41.45,41.73,308196,420745,,-0.033693846
22-10-2020,41.59,42.79,41.46,42.46,260989,402710,,0.017342162
23-10-2020,42.4,42.8,41.5,41.77,229909,382970,,-0.016384078
26-10-2020,41.53,41.63,40.22,40.46,218235,363952,,-0.031864547
27-10-2020,40.5,41.47,40.4,41.2,166367,342552,,0.018124425
28-10-2020,40.61,40.7,38.75,39.12,148226,321657,,-0.051804411
29-10-2020,39.16,39.45,36.64,37.65,75469,296882,,-0.038300891
30-10-2020,37.5,38.1,36.8,37.46,70659,272032,,-0.005059257
02-11-2020,37.37,39.36,35.74,38.97,507992,277571,,0.039518422
03-11-2020,39.26,40.45,38.65,39.71,496579,283461,,0.018810926
04-11-2020,40.13,41.33,39.42,41.23,487183,289652,,0.037563102
05-11-2020,40.96,41.53,40.33,40.93,462175,295663,,-0.007302856
06-11-2020,40.63,40.69,39.34,39.45,443518,301829,,-0.036829243
09-11-2020,39.65,43.48,39.46,42.4,417944,307506,,0.072114315
10-11-2020,41.75,44.11,41.71,43.61,374157,311173,,0.02813812
11-11-2020,43.77,45.3,43.6,43.8,335579,312999,,0.004347336
12-11-2020,43.73,44.5,43.26,43.53,329449,317563,,-0.006183462
13-11-2020,43.2,43.34,42.63,42.78,326304,323989,,-0.017379652
16-11-2020,42.71,44.67,42.71,43.82,299682,329419,,0.024019631
17-11-2020,43.89,44.25,43.08,43.75,276760,336778,,-0.001598721
18-11-2020,43.75,44.89,43.48,44.34,272711,345077,,0.013395591
19-11-2020,43.96,44.57,43.79,44.2,251697,356826,,-0.003162415
20-11-2020,44.15,45.24,44.05,44.96,210553,366152,,0.017048417
23-11-2020,45.08,46.12,44.89,46.06,181411,344380,,0.024171689
24-11-2020,45.9,48.03,45.89,47.86,169046,322545,,0.038335188
25-11-2020,47.8,49.06,47.72,48.61,122534,298235,,0.015549189
26-11-2020,48.76,49.09,47.53,47.8,104182,274368,,-0.016803632
27-11-2020,47.81,48.44,47.34,48.18,50413,248161,,0.007918358
30-11-2020,47.91,47.99,46.85,47.59,66691,224745,,-0.012321342
01-12-2020,47.79,48.3,46.88,47.42,476525,231569,,-0.003578574
02-12-2020,47.05,48.76,46.82,48.25,477037,241000,,0.017351747
03-12-2020,48,48.94,47.67,48.71,469523,250338,,0.00948852
04-12-2020,48.96,49.92,48.84,49.25,462929,259446,,0.01102502
07-12-2020,49.23,49.43,48.4,48.79,447146,269277,,-0.009383994
08-12-2020,48.58,49,48.09,48.84,431421,279588,,0.001024275
09-12-2020,48.84,49.55,48.4,48.86,414300,289027,,0.000409417
10-12-2020,49,51.06,48.86,50.25,399809,298901,,0.028051481
11-12-2020,50.45,50.74,49.74,49.97,369865,309522,,-0.005587722
14-12-2020,50.05,50.8,49.13,50.29,347355,320585,,0.006383425
15-12-2020,50.3,50.89,49.78,50.76,337585,331821,,0.009302393
16-12-2020,50.64,51.2,50.34,51.08,320894,345045,,0.006284388
17-12-2020,51.12,51.9,51.08,51.5,288036,357302,,0.008188777
18-12-2020,51.43,52.48,51.13,52.26,243794,370194,,0.014649452
21-12-2020,52.22,52.32,49.2,50.91,211345,379838,,-0.026171892
22-12-2020,50.65,50.86,49.56,50.08,178792,359989,,-0.016437641
23-12-2020,49.7,51.59,49.2,51.2,135884,337245,,0.022117805
24-12-2020,51.11,51.77,50.62,51.29,128364,314501,,0.001756269
28-12-2020,51.25,52.02,50.53,50.86,105934,290702,,-0.008419041
29-12-2020,51.02,51.63,50.86,51.09,76543,265995,,0.004512023
30-12-2020,51.32,51.56,51.04,51.34,69295,241853,,0.004881392
31-12-2020,51.49,51.84,50.9,51.8,597646,254076,,0.008919974
04-01-2021,51.5,53.33,50.56,51.09,586077,266494,,-0.013801366
05-01-2021,50.95,53.9,50.7,53.6,577670,280348,,0.047960285
06-01-2021,53.52,54.73,53.02,54.3,550313,293878,,0.012975159
07-01-2021,54.13,54.9,53.94,54.38,545864,307763,,0.001472212
08-01-2021,54.56,56.36,54.34,55.99,520897,321097,,0.029176664
11-01-2021,56.24,56.39,54.99,55.66,490568,334599,,-0.005911347
12-01-2021,55.66,56.79,55.51,56.58,466845,349469,,0.01639381
13-01-2021,56.83,57.42,55.77,56.06,431472,364144,,-0.00923302
14-01-2021,55.93,56.57,55.24,56.42,424452,380522,,0.00640116
15-01-2021,56.41,56.5,54.64,55.1,404203,398410,,-0.023673989
18-01-2021,54.75,55.21,54.49,54.75,390965,415916,,-0.006372347
19-01-2021,55.01,56.08,54.89,55.9,358468,432752,,0.020787011
20-01-2021,56.07,56.64,55.66,56.08,315090,448655,,0.003214863
21-01-2021,55.82,56.24,55.49,56.1,270479,462067,,0.00035657
22-01-2021,56,56.03,54.48,55.41,225077,437229,,-0.01237573
25-01-2021,55.26,56.02,55.07,55.88,211639,412267,,0.008446452
26-01-2021,55.93,56.34,55.39,55.91,154489,384055,,0.000536721
27-01-2021,56.05,56.49,55.2,55.81,122352,355524,,-0.00179019
28-01-2021,55.41,56.59,55.31,55.53,55470,322831,,-0.00502965
29-01-2021,55.52,56.37,55.31,55.88,48249,291321,,0.006283119
01-02-2021,54.91,56.53,54.6,56.35,539484,294582,,0.008375706
02-02-2021,56.35,58.05,56.33,57.46,537998,299326,,0.019506813
03-02-2021,57.85,58.94,57.5,58.46,521834,305350,,0.017253706
04-02-2021,58.59,59.12,58.04,58.84,514071,311325,,0.006479136
05-02-2021,59.17,59.79,59.08,59.34,486461,316808,,0.008461719
08-02-2021,59.43,60.72,59.43,60.56,467407,321905,,0.020350994
09-02-2021,60.8,61.34,60.05,61.09,456449,328437,,0.008713578
10-02-2021,61.21,61.69,60.87,61.47,430805,336151,,0.006201064
11-02-2021,61.01,61.5,60.72,61.14,426886,346578,,-0.005382934
12-02-2021,60.82,62.83,60.35,62.43,415893,359299,,0.020879613
15-02-2021,62.83,63.76,62.82,63.3,399197,371803,,0.0138394
16-02-2021,63.47,63.7,62.69,63.35,374090,386443,,0.000789578
17-02-2021,63.15,64.96,62.73,64.34,346683,401398,,0.015506615
18-02-2021,65.02,65.52,63.22,63.93,287100,416840,,-0.006392787
19-02-2021,63.3,63.94,62.09,62.91,243370,429849,,-0.016083601
22-02-2021,62.68,65.85,62.55,65.24,221779,408668,,0.036367644
23-02-2021,65.51,66.79,64.47,65.37,169527,384103,,0.00199066
24-02-2021,65.06,67.31,64.8,67.04,132777,358166,,0.025226019
25-02-2021,67.2,67.7,66.48,66.88,75039,328898,,-0.002389487
26-02-2021,66.89,66.9,65.72,66.13,66631,300909,,-0.011277467
01-03-2021,64.85,65.93,63.17,63.69,663221,313963,,-0.037594937
02-03-2021,63.12,64.13,62.38,62.7,627917,325394,,-0.015666117
03-03-2021,62.38,64.7,62.38,64.07,609519,337309,,0.021614788
04-03-2021,64.1,67.75,63.33,66.74,583449,347746,,0.040828238
05-03-2021,67.16,69.69,66.67,69.36,569041,357956,,0.038505859
08-03-2021,69.97,71.38,67.8,68.24,550474,368041,,-0.016279429
09-03-2021,68.13,69.33,67.12,67.52,517217,377583,,-0.010607053
10-03-2021,67.46,68.42,66.5,67.9,475808,386191,,0.005612184
11-03-2021,68.45,69.84,67.99,69.63,466775,398170,,0.025159474
12-03-2021,69.59,69.9,69.03,69.22,428150,410488,,-0.005905671
15-03-2021,69.08,70.03,67.82,68.88,409207,422983,,-0.004923978
16-03-2021,68.81,68.94,67.36,68.39,402603,438522,,-0.007139245
17-03-2021,68.39,68.89,66.96,68,385091,455343,,-0.00571891
18-03-2021,67.77,68.15,61.45,63.28,323686,471919,,-0.071938382
19-03-2021,62.99,64.95,62.07,64.53,254042,484413,,0.019560908
22-03-2021,64.53,65.12,63.45,64.62,238393,456091,,0.001393728
23-03-2021,64.3,64.3,60.27,60.79,186889,426690,,-0.061098659
24-03-2021,60.5,64.57,60.47,64.41,167692,397234,,0.057843599
25-03-2021,63.99,64.19,60.98,61.95,152433,368500,,-0.038941292
26-03-2021,62.01,64.89,61.85,64.57,122276,338716,,0.041422299
29-03-2021,64.58,65.46,63.13,64.98,103614,308925,,0.006329624
30-03-2021,65.2,65.41,63.52,64.14,56778,278229,,-0.013011336
31-03-2021,64.13,64.79,63.53,63.54,54726,250157,,-0.009398565
01-04-2021,63.12,65.17,62.38,64.86,553818,255960,,0.020561472
05-04-2021,64.57,64.81,61.25,62.15,542134,263559,,-0.042680283
06-04-2021,62.32,64.28,62.08,62.74,529718,271593,,0.009448385
07-04-2021,62.6,63.55,61.6,63.16,515507,279120,,0.006671987
08-04-2021,63.02,63.43,62.38,63.2,513894,287707,,0.000633112
09-04-2021,63.28,63.49,62.57,62.95,490452,298824,,-0.003963541
12-04-2021,63.03,64.31,62.41,63.28,475944,313618,,0.005228563
13-04-2021,63.24,64.19,63.18,63.67,476195,329471,,0.006144171
14-04-2021,64.01,66.9,63.88,66.58,469412,348306,,0.044690738
15-04-2021,66.38,67.03,65.95,66.94,450764,367178,,0.005392464
16-04-2021,66.86,67.38,66.44,66.77,412500,384515,,-0.002542818
19-04-2021,66.7,67.23,66.17,67.05,403544,403267,,0.004184732
20-04-2021,67.2,68.08,65.51,66.57,368782,420945,,-0.007184584
21-04-2021,66.22,66.52,64.96,65.32,344807,440146,,-0.018955758
22-04-2021,65.13,65.83,64.58,65.4,307857,457022,,0.00122399
23-04-2021,65.8,66.3,65.16,66.11,273305,438321,,0.010797763
26-04-2021,66.1,66.26,64.57,65.65,227313,417333,,-0.006982421
27-04-2021,65.76,66.8,65.66,66.42,171598,393458,,0.011660615
28-04-2021,66.58,67.85,66.13,67.27,129868,367749,,0.012716156
29-04-2021,67.18,68.95,67.13,68.56,90275,339508,,0.018994902
30-04-2021,68.33,68.4,67.06,67.25,84640,312454,,-0.019292256
03-05-2021,66.7,67.82,66.1,67.56,624820,322379,,0.004599073
04-05-2021,67.75,69.5,67.37,68.88,615626,331674,,0.019349768
05-05-2021,69.35,69.95,68.35,68.96,605749,340763,,0.001160766
06-05-2021,68.47,69.37,67.93,68.09,602062,350850,,-0.012696267
07-05-2021,68.26,68.65,67.39,68.28,578276,361901,,0.002786538
10-05-2021,68.74,69.2,67.41,68.32,543161,371209,,0.000585652
11-05-2021,68.29,68.75,67.13,68.55,517290,381110,,0.003360857
12-05-2021,68.78,69.9,68.18,69.32,476707,389903,,0.011170059
13-05-2021,68.88,69.04,66.48,67.05,439492,398679,,-0.033294855
14-05-2021,67,68.89,66.5,68.71,408642,407701,,0.024456139
17-05-2021,68.92,69.62,68.18,69.46,383349,418104,,0.010856298
18-05-2021,69.61,70.24,67.28,68.71,358993,430597,,-0.010856298
19-05-2021,68.41,68.46,65.3,66.66,331187,444018,,-0.030289676
20-05-2021,66.63,67.17,64.8,65.11,267046,455803,,-0.023526926
21-05-2021,65.22,66.94,64.57,66.44,242324,466315,,0.020221137
24-05-2021,66.72,68.64,66.46,68.46,204432,438289,,0.029950348
25-05-2021,68.47,68.9,67.83,68.65,164918,408242,,0.002771499
26-05-2021,68.55,69.17,68.02,68.87,132924,376720,,0.003199537
27-05-2021,68.78,69.51,68.11,69.46,99694,343229,,0.008530378
28-05-2021,69.69,69.92,69.26,69.63,85224,310359,,0.002444462
31-05-2021,68.98,69.82,68.75,69.32,561967,311613,,-0.004462044
01-06-2021,69.39,71.34,69.29,70.25,548775,313712,,0.013326843
02-06-2021,70.55,71.48,70.35,71.35,536400,317691,,0.015537036
03-06-2021,71.27,71.99,70.66,71.31,524449,323355,,-0.000560774
04-06-2021,71.25,72.17,70.73,71.89,518313,330666,,0.008100603
07-06-2021,71.82,72.27,71.1,71.49,498201,338323,,-0.005579593
08-06-2021,71.42,72.42,70.71,72.22,481405,346484,,0.010159436
09-06-2021,72.17,72.87,71.82,72.22,450265,354422,,0
10-06-2021,72.03,72.93,70.95,72.52,429331,365241,,0.00414537
11-06-2021,72.41,73.09,71.88,72.69,417207,376900,,0.002341438
14-06-2021,72.7,73.64,72.59,72.86,399707,389919,,0.002335968
15-06-2021,73.03,74.33,72.79,73.99,392186,405070,,0.015390157
16-06-2021,74.26,74.96,73.86,74.39,381500,421642,,0.005391575
17-06-2021,73.8,74.5,72.01,73.08,339490,437628,,-0.017766793
18-06-2021,73,73.76,72.18,73.51,317847,453136,,0.00586672
21-06-2021,73.33,74.95,72.98,74.9,291237,435088,,0.018732439
22-06-2021,74.88,75.3,74.32,74.81,245167,414847,,-0.001202325
23-06-2021,74.75,76.02,74.7,75.19,217285,393573,,0.005066678
24-06-2021,75.3,75.78,74.51,75.56,197573,371781,,0.004908799
25-06-2021,75.54,76.21,74.95,76.18,159060,347831,,0.008171918
28-06-2021,75.99,76.6,74.51,74.68,110240,321967,,-0.019886642
29-06-2021,74.67,75.51,73.9,74.76,52539,293376,,0.001070664
30-06-2021,75.18,75.6,74.39,75.13,48711,266605,,0.004936964
01-07-2021,74.69,76.74,74.55,75.84,646528,281085,,0.009405912
02-07-2021,75.64,76.43,75.21,76.17,621980,294737,,0.004341826
05-07-2021,76.23,77.26,75.7,77.16,620623,309464,,0.012913504
06-07-2021,77.06,77.84,74.13,74.53,607309,323806,,-0.034679459
07-07-2021,74.69,75.99,72.6,73.43,608890,338965,,-0.014869157
08-07-2021,73.35,74.4,72.11,74.12,574814,354654,,0.00935283
09-07-2021,74.39,75.8,73.8,75.55,541887,369590,,0.019109287
12-07-2021,75.79,75.84,74.23,75.16,494746,383157,,-0.005175514
13-07-2021,75.25,76.6,74.93,76.49,464971,397810,,0.017540839
14-07-2021,76.28,76.72,73.79,74.76,424350,411615,,-0.022877031
15-07-2021,74.5,74.59,73.19,73.47,385639,424152,,-0.017405823
16-07-2021,73.18,74.09,72.34,73.59,364482,437847,,0.001631987
19-07-2021,72.86,73.34,67.75,68.62,321724,451946,,-0.06992511
20-07-2021,68.99,69.73,67.44,69.35,296081,468182,,0.010582109
21-07-2021,68.92,72.38,68.63,72.23,267820,482790,,0.040689325
22-07-2021,72.24,73.9,71.74,73.79,241182,455767,,0.021367749
23-07-2021,73.56,74.22,73.32,74.1,223580,429207,,0.004192311
26-07-2021,74.12,74.84,72.75,74.5,209170,401776,,0.005383593
27-07-2021,74.67,75.05,74.02,74.48,166740,372405,,-0.000268492
28-07-2021,74.77,75.32,74.42,74.74,126261,340230,,0.003484791
29-07-2021,74.76,76.15,74.63,76.05,87861,307766,,0.017375595
30-07-2021,75.81,76.38,75.38,76.33,81285,277059,,0.003675027
02-08-2021,75.39,75.39,72.31,72.89,533627,279652,,-0.04611459
03-08-2021,73.08,73.55,71.05,72.41,516069,283058,,-0.006607044
04-08-2021,72.33,72.83,70.11,70.38,495415,287796,,-0.02843528
05-08-2021,70.27,71.5,69.75,71.29,486593,294526,,0.012846933
06-08-2021,71.2,72.43,70.28,70.7,466014,301295,,-0.008310492
09-08-2021,70.26,70.26,67.6,69.04,439756,309164,,-0.023759526
10-08-2021,69.35,71.24,68.94,70.63,413188,316971,,0.022768937
11-08-2021,70.83,71.72,69.07,71.44,384896,324776,,0.011402953
12-08-2021,71.57,71.9,70.67,71.31,371354,333454,,-0.001821367
13-08-2021,71.12,71.38,70,70.59,350320,341903,,-0.010148079
16-08-2021,70.05,70.45,68.14,69.51,335058,350296,,-0.015417864
17-08-2021,69.77,70,68.82,69.03,321949,360643,,-0.006929434
18-08-2021,68.96,70.04,67.23,68.23,309999,372892,,-0.011656842
19-08-2021,67.57,67.64,65.57,66.45,291080,386440,,-0.026434566
20-08-2021,66.54,66.93,64.94,65.18,257158,398165,,-0.019297112
23-08-2021,64.97,68.9,64.6,68.75,240424,378618,,0.053324063
24-08-2021,68.66,71.27,68.53,71.05,224466,359178,,0.032907118
25-08-2021,71,72.42,70.5,72.25,186786,338603,,0.016748472
26-08-2021,71.94,72.13,70.66,71.07,146855,315954,,-0.01646702
27-08-2021,71.53,72.76,71.17,72.7,114781,292538,,0.022676078
30-08-2021,73.25,73.69,72,73.41,71194,267967,,0.009718782
31-08-2021,73.14,73.52,72.62,72.99,67794,244941,,-0.005737721
01-09-2021,71.68,72.38,70.42,71.59,569337,257237,,-0.019367046
02-09-2021,71.31,73.47,70.92,73.03,562386,269972,,0.019914916
03-09-2021,72.86,73.69,72.4,72.61,550789,283337,,-0.005767662
06-09-2021,72.57,72.78,71.51,72.22,551421,297761,,-0.005385638
07-09-2021,72.29,72.81,71.1,71.69,535156,311975,,-0.007365748
08-09-2021,71.64,72.95,71.55,72.6,521625,326083,,0.012613654
09-09-2021,72.61,73.2,70.88,71.45,485786,339064,,-0.015967017
10-09-2021,71.37,73.15,70.94,72.92,449217,351868,,0.020365045
13-09-2021,72.88,73.92,72.69,73.51,423918,364101,,0.008058502
14-09-2021,73.62,74.28,73.08,73.6,396634,375579,,0.001223574
15-09-2021,73.92,76.13,73.78,75.46,382241,388609,,0.024957689
16-09-2021,75.46,75.87,74.48,75.67,370780,403537,,0.002779066
17-09-2021,75.68,75.78,74.58,75.34,352398,419378,,-0.004370578
20-09-2021,75.33,75.4,73.52,73.92,311828,435421,,-0.019027775
21-09-2021,74.33,75.18,73.26,74.36,284259,449852,,0.005934736
22-09-2021,74.56,76.26,74.49,76.19,266513,429663,,0.024312058
23-09-2021,75.9,77.35,75.6,77.25,230819,407559,,0.013816695
24-09-2021,77.26,78.24,76.85,78.09,211203,384920,,0.010815092
27-09-2021,78.25,79.9,78.21,79.53,167892,359351,,0.018272301
28-09-2021,79.4,80.75,78.1,79.09,135673,332719,,-0.005547864
29-09-2021,78.25,79.4,77.5,78.64,79371,303235,,-0.005705969
30-09-2021,78.46,79.11,77.6,78.52,73143,275726,,-0.001527106
01-10-2021,78.49,79.41,77.55,79.28,607001,286245,,0.009632521
04-10-2021,79.49,82,78.75,81.26,601860,298108,,0.024668001
05-10-2021,81.27,83.13,81.19,82.56,597896,311525,,0.015871411
06-10-2021,82.57,83.47,80.6,81.08,576779,324494,,-0.01808898
07-10-2021,80.98,82.5,79.08,81.95,556054,336846,,0.010672984
08-10-2021,82.38,83.43,81.96,82.39,540673,349398,,0.005354765
11-10-2021,82.65,84.6,82.54,83.65,519045,363212,,0.015177357
12-10-2021,83.49,84.23,82.72,83.42,497732,377444,,-0.002753339
13-10-2021,83.1,83.69,82.2,83.18,480058,391680,,-0.002881154
14-10-2021,83.45,84.5,83.18,84,454674,406604,,0.009809865
15-10-2021,84.3,85.1,84.16,84.86,430442,421220,,0.010186041
18-10-2021,84.95,86.04,83.95,84.33,393633,436269,,-0.006265166
19-10-2021,84.21,85.4,83.7,85.08,374415,452185,,0.008854317
20-10-2021,85.19,85.89,83.61,85.82,340601,469600,,0.008660089
21-10-2021,85.9,86.1,83.36,84.61,312232,485540,,-0.014199617
22-10-2021,84.52,85.93,83.82,85.53,292309,464560,,0.010814729
25-10-2021,85.65,86.7,85.43,85.99,255585,441475,,0.005363819
26-10-2021,86.03,86.5,85.27,86.4,180194,413628,,0.004756665
27-10-2021,86.07,86.28,84.05,84.58,136254,384260,,-0.021289844
28-10-2021,84.21,84.59,82.32,84.32,65609,351564,,-0.003078747
29-10-2021,84.33,84.83,83.79,84.38,59812,319506,,0.000711322
01-11-2021,83.63,85.12,83.03,84.71,576332,323325,,0.003903252
02-11-2021,84.45,85.23,83.76,84.72,554606,327117,,0.000118043
03-11-2021,84.07,84.2,81.1,81.99,545135,331456,,-0.032754413
04-11-2021,81.58,84.49,80.2,80.54,538097,337017,,-0.017843333
05-11-2021,81.25,83.16,80.26,82.74,508370,342212,,0.026949206
08-11-2021,82.58,84,82.53,83.43,486170,348381,,0.008304796
09-11-2021,83.47,85.3,83.16,84.78,466287,354506,,0.016051709
10-11-2021,84.99,85.5,82.08,82.64,434747,360783,,-0.025565841
11-11-2021,82.85,83.44,81.66,82.87,417507,367801,,0.00277929
12-11-2021,82.83,82.87,81.26,82.17,400424,375009,,-0.008482843
15-11-2021,81.92,82.49,80.67,82.05,391195,384049,,-0.001461454
16-11-2021,82,83.14,81.52,82.43,366801,396490,,0.004620631
17-11-2021,82.05,82.22,79.78,80.28,338773,409991,,-0.026428924
18-11-2021,80.1,81.41,79.28,81.24,308104,426157,,0.011887213
19-11-2021,81,82.24,78.05,78.89,268949,440100,,-0.02935326
22-11-2021,78.58,80.07,77.58,79.7,228916,416939,,0.010215109
23-11-2021,79.51,82.6,78.55,82.31,193228,392847,,0.032223021
24-11-2021,81.88,83,81.74,82.25,166588,367610,,-0.000729217
25-11-2021,82.24,82.58,81.7,82.22,145036,341406,,-0.000364808
26-11-2021,81.65,81.66,72.14,72.72,111952,314978,,-0.122782132
29-11-2021,73.88,77.02,72.41,73.44,48627,285809,,0.009852296
30-11-2021,74.42,74.56,70.22,70.57,40442,257419,,-0.039863621
01-12-2021,69.8,72.87,68.14,68.87,513160,262647,,-0.024384455
02-12-2021,69.72,70.7,65.72,69.67,490969,267544,,0.011549139
03-12-2021,70.22,72.62,69.24,69.88,481079,272921,,0.003009676
06-12-2021,70.24,73.8,70.24,73.08,462716,277689,,0.044775246
07-12-2021,73.6,76.27,73.2,75.44,427361,281727,,0.031782907
08-12-2021,75.44,76.37,74.38,75.82,403483,286041,,0.005024472
09-12-2021,75.94,76.7,73.84,74.42,376356,290591,,-0.018637387
10-12-2021,73.99,75.71,73.8,75.15,355078,296333,,0.009761393
13-12-2021,75.37,76.39,74.2,74.39,330646,303115,,-0.010164592
14-12-2021,74.42,75.16,72.57,73.7,315715,311281,,-0.009318725
15-12-2021,73.25,74.58,72.5,73.88,299961,320172,,0.002439356
16-12-2021,74.47,75.61,74,75.02,281887,329295,,0.015312589
17-12-2021,74.5,74.98,72.65,73.52,261873,339290,,-0.020197267
20-12-2021,72.82,72.87,69.28,71.52,224289,351001,,-0.027580347
21-12-2021,71.88,74.27,71.24,73.98,202163,361782,,0.033817656
22-12-2021,74.05,75.67,73.62,75.29,172645,339081,,0.017552537
23-12-2021,75.47,77,74.78,76.85,151268,316435,,0.020508146
24-12-2021,76.72,76.79,75.75,76.14,145842,294086,,-0.009281719
27-12-2021,76.32,79.08,75.75,78.6,130576,271943,,0.031797948
28-12-2021,78.67,79.85,78.48,78.94,118016,251320,,0.004316371
29-12-2021,79.28,80.17,78.13,79.23,75498,229454,,0.003666945
30-12-2021,79.19,79.66,78.5,79.32,67049,208834,,0.001135289
31-12-2021,78.81,79.68,77.55,77.78,547197,221642,,-0.019605975
03-01-2022,78.11,79.28,77.04,78.98,536598,235372,,0.015310327
04-01-2022,78.91,80.55,78.62,80,526516,249425,,0.012831979
05-01-2022,80.07,81.5,79.51,80.8,519225,264043,,0.009950331
06-01-2022,80.22,82.83,79.61,81.99,515259,279601,,0.014620323
07-01-2022,82,83,81.42,81.75,483133,294352,,-0.002931479
10-01-2022,81.76,82.3,80.5,80.87,459239,310015,,-0.010822883
11-01-2022,81.08,83.98,80.89,83.72,435141,325547,,0.03463497
12-01-2022,83.78,85.21,83.52,84.67,407459,341201,,0.01128345
13-01-2022,84.87,85.1,83.79,84.47,396382,357542,,-0.002364906
14-01-2022,84.12,86.5,83.99,86.06,382966,373350,,0.018648286
17-01-2022,86.15,86.71,85.54,86.48,373776,389564,,0.004868446
18-01-2022,86.47,88.66,86.44,87.51,341216,404444,,0.011839899
19-01-2022,88.65,89.17,87.61,88.44,321125,420819,,0.010571283
20-01-2022,87.89,89.5,87.05,88.38,296361,436106,,-0.000678656
21-01-2022,86.75,88.23,85.71,87.89,266645,417403,,-0.005559667
24-01-2022,87.93,88.9,85.04,86.27,235846,397353,,-0.018604119
25-01-2022,86.76,88.37,86.2,88.2,207496,376085,,0.02212505
26-01-2022,87.95,90.47,87.79,89.96,141749,350920,,0.019758164
27-01-2022,89.7,91.04,89,89.34,108843,323825,,-0.006915811
28-01-2022,89.98,91.7,89.41,90.03,57444,295446,,0.007693632
31-01-2022,90.8,91.48,90.61,91.21,54771,268481,,0.013021592
01-02-2022,89.62,89.96,87.72,89.16,482096,271612,,-0.022732032
02-02-2022,89.48,90.52,88.28,89.47,474215,276062,,0.003470865
03-02-2022,89.07,91.3,88.02,91.11,468513,280871,,0.018164194
04-02-2022,91.3,93.7,91.2,93.27,457487,285839,,0.023430945
07-02-2022,92.75,94,92.13,92.69,427059,289391,,-0.006237921
08-02-2022,92.63,92.93,89.93,90.78,404008,293577,,-0.020821595
09-02-2022,91.08,92.09,90.05,91.55,380475,297534,,0.008446274
10-02-2022,91.75,93.1,90.88,91.41,366798,302230,,-0.001530389
11-02-2022,91.17,95.66,90.51,94.44,362403,308614,,0.032609831
14-02-2022,95.2,96.78,93.44,96.48,334871,315215,,0.021371021
15-02-2022,95.81,96.26,92.06,93.28,315772,322434,,-0.03373001
16-02-2022,93.49,96.07,91.11,94.81,286115,332058,,0.016269166
17-02-2022,92.2,94.5,92.14,92.97,269713,342783,,-0.019598028
18-02-2022,92.73,94.15,90.12,93.54,252453,355783,,0.006112292
21-02-2022,94.29,97.4,92.57,95.39,237072,367937,,0.019584599
22-02-2022,96.55,99.5,95.8,96.84,199955,349127,,0.015086381
23-02-2022,96.65,98.71,95.81,96.84,146383,327272,,0
24-02-2022,98.08,105.79,97.56,99.08,105781,303090,,0.022867473
25-02-2022,100.69,101.99,96,97.93,66725,277039,,-0.011674667
28-02-2022,101.98,105.07,99.64,100.99,59875,252560,,0.030768564
01-03-2022,98.43,107.67,98.3,104.97,462740,256475,,0.038653093
02-03-2022,107.34,115.11,106.83,112.93,436016,260178,,0.073093563
03-03-2022,115.27,119.84,109.4,110.46,408473,262956,,-0.022114693
04-03-2022,114.23,118.98,109.62,118.11,395912,265190,,0.066962929
07-03-2022,122.79,139.13,119.04,123.21,371643,267642,,0.042273823
08-03-2022,124.56,133.15,121.31,127.98,346114,269665,,0.037983785
09-03-2022,130.28,131.64,105.6,111.14,319668,271902,,-0.141083334
10-03-2022,112.65,118.36,109,109.33,291068,273325,,-0.016419836
11-03-2022,110.26,113.91,107.13,112.67,258950,273758,,0.030092361
14-03-2022,113.15,113.15,103.49,106.9,248236,274503,,-0.052569374
15-03-2022,105.34,105.71,97.44,99.91,236360,276930,,-0.067624037
16-03-2022,99.14,103.7,96.93,98.02,222194,281984,,-0.019098241
17-03-2022,98.61,107.5,97.75,106.64,216650,289375,,0.084287136
18-03-2022,106.8,109.59,105.78,107.93,208594,298833,,0.012024193
21-03-2022,107.5,116.8,107.06,115.62,197616,308016,,0.068826083
22-03-2022,117.04,119.48,112.64,115.48,187166,289644,,-0.001211597
23-03-2022,114.7,122.34,114.45,121.6,174767,272227,,0.051639615
24-03-2022,121.56,123.74,116.93,119.03,162668,255840,,-0.021361407
25-03-2022,118.88,120.92,115.16,120.65,150041,239449,,0.01351823
28-03-2022,119.9,119.9,109.06,112.48,118000,222539,,-0.070118364
29-03-2022,110.1,114.83,104.84,110.23,93596,205705,,-0.020206336
30-03-2022,112,114.8,110.74,113.45,57746,188243,,0.028793119
31-03-2022,112.81,112.94,106.5,107.91,53949,172436,,-0.050064665
01-04-2022,105.25,106.24,102.35,104.39,409905,182499,,-0.033163661
04-04-2022,104.08,108.68,102.89,107.53,403018,192818,,0.029635993
05-04-2022,108.51,109.9,104.53,106.64,392446,203224,,-0.008311203
06-04-2022,105.7,108.67,100.54,101.07,379570,213715,,-0.05364533
07-04-2022,101.78,103.59,98.41,100.58,357599,223112,,-0.004859915
08-04-2022,101.42,103.3,99.65,102.78,329147,231149,,0.021637351
11-04-2022,103.21,103.3,97.57,98.48,301860,238099,,-0.0427373
12-04-2022,99.35,105.6,98.9,104.64,279813,244275,,0.060672406
13-04-2022,105.44,109,104.06,108.78,256357,249714,,0.038801606
14-04-2022,108.29,112.39,106.63,111.7,243322,255091,,0.026489212
18-04-2022,112.32,114.84,110.71,113.16,237604,260929,,0.01298604
19-04-2022,112.85,114.21,106.74,107.25,222490,267895,,-0.053640189
20-04-2022,108.1,109,104.65,106.8,198484,274887,,-0.004204631
21-04-2022,107.07,109.8,106.76,108.33,178922,282966,,0.014224197
22-04-2022,108.26,108.76,105.54,106.65,169132,290645,,-0.015629679
25-04-2022,105.49,105.85,99.48,102.32,153561,273555,,-0.041447288
26-04-2022,102.53,106.2,101.08,104.99,93033,252889,,0.02575995
27-04-2022,105.45,106.33,103.27,105.32,79832,232048,,0.003138227
28-04-2022,104.96,108,103.29,107.59,54374,210369,,0.021324372
29-04-2022,107.55,110.3,107,109.34,52440,190025,,0.016134587
02-05-2022,106.3,108.46,103.1,107.58,468811,199336,,-0.016227537
03-05-2022,107.61,108.32,104.62,104.97,461554,209982,,-0.024560162
04-05-2022,105.91,111,105.46,110.14,453309,221548,,0.048077689
05-05-2022,110.55,114,109.2,110.9,433225,233340,,0.006876611
06-05-2022,111.27,113.5,109.87,112.39,407120,244259,,0.013346071
09-05-2022,112.94,113.2,105,105.94,374501,253386,,-0.059102069
10-05-2022,105.5,106.96,101.54,102.46,341218,261301,,-0.033400418
11-05-2022,101.51,108.29,101.3,107.51,315779,269121,,0.048111388
12-05-2022,107.67,108.71,104.69,107.45,301664,277304,,-0.000558243
13-05-2022,108.25,111.69,107.79,111.55,287014,285162,,0.037447298
16-05-2022,111.67,114.79,108.84,114.24,278194,293471,,0.023828578
17-05-2022,114.42,115.69,111.09,111.93,267329,305091,,-0.020427823
18-05-2022,112.91,114.15,108.35,109.11,265675,317480,,-0.025517128
19-05-2022,108.22,112.31,105.7,112.04,258039,331058,,0.026499403
20-05-2022,111.45,113.23,110.52,112.55,250157,344239,,0.004541617
23-05-2022,112.85,114.34,111.86,113.42,227626,328160,,0.007700175
24-05-2022,112.79,114.63,111.7,113.56,215036,311726,,0.001233589
25-05-2022,114.12,115.3,113.01,114.03,185256,293856,,0.00413024
26-05-2022,114.35,118,113.85,117.4,153963,275238,,0.029125336
27-05-2022,117.52,119.72,116.63,119.43,131494,256863,,0.017143518
30-05-2022,119.28,122.01,118.98,121.67,102414,238724,,0.018582036
31-05-2022,122.2,125.28,121.6,122.84,94688,222289,,0.009570234
01-06-2022,116.08,118.57,115.4,116.29,411608,228677,,-0.054795624
02-06-2022,115.02,118.46,112.45,117.61,403485,235465,,0.011286995
03-06-2022,118.22,121.45,116.02,119.72,396588,242770,,0.017781617
06-06-2022,121.55,121.95,118.77,119.51,394876,250549,,-0.001755633
07-06-2022,119.94,121.37,118.55,120.57,376862,257851,,0.008830447
08-06-2022,120.65,124.4,120.45,123.58,364741,264456,,0.024658223
09-06-2022,123.6,124.34,122.5,123.07,349020,270521,,-0.00413542
10-06-2022,122.89,124.33,119.81,122.01,327032,275646,,-0.008650291
13-06-2022,121.94,123.7,118.93,122.27,320782,281856,,0.002128706
14-06-2022,121.88,125.19,118.91,121.17,301769,287639,,-0.009037196
15-06-2022,120.79,121.88,117.75,118.51,289674,294600,,-0.022197173
16-06-2022,119.65,120.29,115.56,119.81,269050,302272,,0.010909809
17-06-2022,119.13,121.25,111.72,113.12,240632,309548,,-0.057457953
20-06-2022,113.88,114.5,111.52,114.13,222791,317573,,0.008888947
21-06-2022,114.21,116.25,114.02,114.65,202102,324734,,0.00454586
22-06-2022,114.4,114.45,107.03,111.74,182666,309471,,-0.025709265
23-06-2022,109.58,112.7,108.04,110.05,163315,293460,,-0.015239936
24-06-2022,110.04,114,109.24,113.12,148821,276942,,0.027514394
27-06-2022,112.92,116.08,111.26,115.09,113734,258199,,0.017265229
28-06-2022,115.74,118.27,115.72,117.98,89825,239064,,0.024800688
29-06-2022,117.96,120.41,115.2,116.26,60110,218755,,-0.014686056
30-06-2022,116.01,116.67,114.22,114.81,57719,199335,,-0.012550474
01-07-2022,109.49,112.45,108.03,111.63,419711,205513,,-0.028088757
04-07-2022,111.65,114,110.4,113.5,412777,211646,,0.016613006
05-07-2022,113.54,114.75,101.1,102.77,378943,216791,,-0.099309355
06-07-2022,104.88,105.85,98.5,100.69,369819,222134,,-0.020446992
07-07-2022,100.14,106.35,98.5,104.65,354363,227822,,0.038574959
08-07-2022,104.65,107.47,103.67,107.02,336296,234199,,0.022394284
11-07-2022,107,107.7,103.64,107.1,313648,240257,,0.000747245
12-07-2022,106.25,106.56,98.9,99.49,291795,246236,,-0.073705841
13-07-2022,98.5,101.21,98.28,99.57,273590,252298,,0.000803778
14-07-2022,99.43,100.39,94.5,99.1,271486,259509,,-0.004731473
15-07-2022,99.91,102.64,98.17,101.16,258463,266819,,0.02057398
18-07-2022,100.82,106.48,99.46,106.27,257953,276433,,0.049279604
19-07-2022,105.74,107.61,103.6,107.35,246784,286897,,0.010111499
20-07-2022,107.07,107.45,105.08,106.92,246509,299324,,-0.004013633
21-07-2022,106.49,106.78,101.5,103.86,231383,310901,,-0.029037053
22-07-2022,103.86,105.72,101.9,103.2,209495,296887,,-0.006374985
25-07-2022,103.85,105.38,101.64,105.15,177166,281180,,0.018719049
26-07-2022,104.73,107.34,103.99,104.4,137768,265101,,-0.007158227
27-07-2022,104.75,107.86,103.73,106.62,105012,247447,,0.021041436
28-07-2022,107.31,109.06,106,107.14,51793,227276,,0.004865279
29-07-2022,108,110.67,106.9,110.01,45140,207866,,0.02643488
01-08-2022,103.92,104.43,99.09,100.03,388342,212845,,-0.09510113
02-08-2022,99.87,102.41,98.49,100.54,374971,218390,,0.005085517
03-08-2022,99.73,102.41,96.5,96.78,353650,223728,,-0.038115297
04-08-2022,97.1,97.66,93.2,94.12,358931,229557,,-0.027869798
05-08-2022,93.65,96.4,92.78,94.92,339691,234973,,0.008463868
08-08-2022,94.51,96.82,93.01,96.65,325129,239451,,0.018061774
09-08-2022,96.36,98.4,94.9,96.31,308170,243543,,-0.00352405
10-08-2022,96.34,97.97,93.63,97.4,295855,246833,,0.011254055
11-08-2022,97.04,100.17,96.63,99.6,282667,250252,,0.022335954
12-08-2022,99.33,100.38,96.94,98.15,271289,254372,,-0.014665244
15-08-2022,97.72,98.17,92.78,95.1,270582,260599,,-0.031567951
16-08-2022,94.01,95.95,91.71,92.34,260011,268749,,-0.029451552
17-08-2022,92.67,94.48,91.51,93.65,236535,277517,,0.014087012
18-08-2022,93.29,97.42,93.05,96.59,209493,288030,,0.030910787
19-08-2022,96.68,97.88,94.25,96.72,191823,297809,,0.00134499
22-08-2022,95.95,97.28,92.36,96.48,170660,283297,,-0.002484473
23-08-2022,96.78,100.45,96.53,100.22,161424,269061,,0.038032037
24-08-2022,100.19,101.9,99.1,101.22,139529,254786,,0.009928596
25-08-2022,101.73,102.47,99.12,99.34,123376,239082,,-0.018748056
26-08-2022,99.83,101.21,98.1,100.99,98292,222989,,0.016473192
29-08-2022,100.67,105.48,100.16,105.09,78848,206570,,0.039795624
30-08-2022,104.9,105.45,97.55,99.31,52925,189554,,-0.056570855
31-08-2022,99.79,100.46,95.44,96.49,49715,173145,,-0.028806895
01-09-2022,95.18,95.68,91.81,92.36,391247,180383,,-0.043745392
02-09-2022,92.66,95.32,92.65,93.02,385625,188006,,0.007120539
05-09-2022,93.02,96.99,93.02,95.74,388416,195861,,0.02882166
06-09-2022,95.19,95.94,92.3,92.83,362798,202714,,-0.030866321
07-09-2022,92.81,93.8,87.4,88,351728,210393,,-0.053433049
08-09-2022,87.7,89.83,87.24,89.15,329021,218362,,0.01298353
09-09-2022,88.62,93.12,88.6,92.84,303541,225810,,0.040557237
12-09-2022,92.54,95.17,91.21,94,264266,232050,,0.012417201
13-09-2022,94.31,95.53,91.05,93.17,248360,237846,,-0.008869001
14-09-2022,93.4,95.8,91.93,94.1,238817,244465,,0.009932265
15-09-2022,94.65,94.66,90.03,90.84,219752,250890,,-0.035258329
16-09-2022,90.51,92.66,90.25,91.35,204984,258003,,0.005598566
19-09-2022,91.43,92.57,88.5,92,191755,265530,,0.007090294
20-09-2022,92.15,93.05,89.8,90.62,175704,273715,,-0.015113638
21-09-2022,90.74,93.5,89.3,89.83,166801,281521,,-0.008755944
22-09-2022,89.99,92.81,89.3,90.46,155212,265785,,0.006988769
23-09-2022,90.46,90.84,85.5,86.15,149874,250069,,-0.048817801
26-09-2022,86.62,87.65,83.65,84.06,134389,233133,,-0.024559133
27-09-2022,84.05,87.15,84.01,86.27,104106,215887,,0.025951084
28-09-2022,86.14,89.47,84.26,89.32,85110,198113,,0.034743514
29-09-2022,88.97,90.12,87.33,88.49,58364,180069,,-0.009335876
30-09-2022,88.53,89.8,87.69,87.96,56219,163581,,-0.006007386
03-10-2022,86.35,89.82,86.35,88.86,445420,175658,,0.010179932
04-10-2022,88.81,92.4,88.78,91.8,445516,188802,,0.0325502
05-10-2022,91.89,93.96,90.76,93.37,437941,202076,,0.016957797
06-10-2022,93.71,94.98,92.72,94.42,428432,215988,,0.011182821
07-10-2022,94.71,98.58,93.94,97.92,423722,230571,,0.036397904
10-10-2022,98.75,98.75,95.6,96.19,406234,244870,,-0.017825417
11-10-2022,95.93,96.46,93.11,94.29,391739,259272,,-0.019950263
12-10-2022,93.72,95.17,91.56,92.45,376228,273234,,-0.019707182
13-10-2022,92.49,94.92,91.08,94.57,356533,286655,,0.022672343
14-10-2022,94.53,95.11,91.28,91.63,345757,299714,,-0.031581572
17-10-2022,91.71,93.21,90.83,91.62,342522,313590,,-0.000109141
18-10-2022,91.99,92.66,88.77,90.03,338211,329197,,-0.01750664
19-10-2022,90.79,92.85,89.32,92.41,323850,345113,,0.02609225
20-10-2022,92.4,94.77,91.91,92.38,300271,361240,,-0.000324693
21-10-2022,92.45,93.8,91,93.5,274499,375792,,0.012050931
24-10-2022,93.59,94.4,91.22,93.26,243484,362329,,-0.002570145
25-10-2022,93.47,94.38,91.62,93.52,227246,347778,,0.002784026
26-10-2022,92.91,96.25,92.06,95.69,181678,330694,,0.022938483
27-10-2022,96.05,97.27,95.07,96.96,159072,312736,,0.013184723
28-10-2022,96.58,96.89,94.96,95.77,103996,291421,,-0.012349039
31-10-2022,96.47,96.47,94.25,94.83,97204,270819,,-0.009863669
01-11-2022,92.67,95.55,92.33,94.65,446016,274438,,-0.001899937
02-11-2022,94.85,96.5,94.01,96.16,441657,278800,,0.015827593
03-11-2022,95.36,95.98,94.19,94.67,426993,283497,,-0.015616311
04-11-2022,94.58,98.81,94.33,98.57,426884,288906,,0.040369796
07-11-2022,97.31,99.56,96.5,97.92,406555,293174,,-0.006616137
08-11-2022,98.24,98.3,95,95.36,386387,296386,,-0.026491615
09-11-2022,95.17,95.65,92.33,92.65,368749,299379,,-0.028830251
10-11-2022,92.53,94.32,91.73,93.67,360227,303376,,0.010949014
11-11-2022,93.84,96.92,93.69,95.99,347843,308266,,0.024466052
14-11-2022,95.87,96.95,92.5,93.14,324210,313648,,-0.030140282
15-11-2022,92.59,95.77,91.53,93.86,291201,317911,,0.007700573
16-11-2022,94.11,94.79,91.67,92.86,264988,323465,,-0.010711328
17-11-2022,92.73,92.91,89.53,89.78,252040,329663,,-0.033730749
18-11-2022,90.1,90.63,85.8,87.62,229469,338028,,-0.024352951
21-11-2022,87.74,87.98,82.31,87.45,199478,344846,,-0.001942081
22-11-2022,87.76,89.9,87.35,88.36,182925,327307,,0.010352177
23-11-2022,88.47,89.56,84.12,85.41,174296,309483,,-0.033956189
24-11-2022,85.04,85.54,83.9,85.34,160225,291698,,-0.000819912
25-11-2022,85.5,86.87,83.59,83.63,141051,272643,,-0.02024097
28-11-2022,83.58,84.1,80.61,83.19,115677,253251,,-0.005275159
29-11-2022,82.41,86,82.39,83.03,79391,232785,,-0.00192516
30-11-2022,83.77,85.67,83.61,85.43,76053,213272,,0.028495339
01-12-2022,86.78,89.37,86.26,86.88,387539,215092,,0.016830529
02-12-2022,86.9,87.91,85.16,85.57,367550,216406,,-0.015193102
05-12-2022,85.73,88.44,82.52,82.68,356416,218553,,-0.03435702
06-12-2022,83.28,83.69,78.7,79.35,353789,222726,,-0.041109288
07-12-2022,79.76,80.49,76.91,77.17,342732,227909,,-0.027857667
08-12-2022,77.46,79.17,75.74,76.15,321966,232570,,-0.013305701
09-12-2022,76.63,77.48,75.11,76.1,305101,237613,,-0.000656814
12-12-2022,76.88,78.59,75.26,77.99,285950,243377,,0.024532348
13-12-2022,78.13,81.28,78.1,80.68,257029,248318,,0.0339101
14-12-2022,80.35,83.15,80.11,82.7,236838,252487,,0.024728889
15-12-2022,82.76,83.18,80.83,81.21,223032,256674,,-0.01818121
16-12-2022,81.32,81.78,78.29,79.04,205212,260952,,-0.027084339
19-12-2022,79.21,80.87,78.6,79.8,189135,265849,,0.009569451
20-12-2022,80.25,80.89,78.28,79.99,179297,272509,,0.002378122
21-12-2022,79.94,82.52,79.55,82.2,157477,277938,,0.027253675
22-12-2022,82.52,83.85,80.67,80.98,126132,260510,,-0.014953091
23-12-2022,81.69,84.12,81.29,83.92,107927,243202,,0.035661753
27-12-2022,84.5,85.6,83.65,84.33,84962,225105,,0.004873709
28-12-2022,84.6,84.76,81.92,83.26,51093,204926,,-0.012769432
29-12-2022,82.88,83.14,81.28,82.26,46877,185202,,-0.012083279
30-12-2022,83.71,86,82.88,85.91,433320,192625,,0.043415274
02-01-2023,,,,85.91,433318,201173,,0
03-01-2023,85.96,87,81.78,82.1,421266,210194,,-0.04536222
04-01-2023,82.31,82.72,77.72,77.84,402184,219871,,-0.053282579
05-01-2023,78.16,79.97,77.61,78.69,389299,230035,,0.010860645
06-01-2023,78.8,80.59,78.05,78.57,382520,240668,,-0.001526135
09-01-2023,78.42,81.37,78.42,79.65,362478,251152,,0.013652089
10-01-2023,79.54,80.89,78.81,80.1,344044,261480,,0.005633818
11-01-2023,79.52,83,79.31,82.67,318352,270750,,0.031580925
12-01-2023,82.88,84.62,82.37,84.03,302701,280432,,0.016317099
13-01-2023,83.91,85.5,83.5,85.28,289266,291307,,0.014766082
16-01-2023,85.36,85.59,83.83,84.46,282405,302939,,-0.009661911
17-01-2023,84.2,86.82,84.04,85.92,260516,314643,,0.017138581
18-01-2023,86.45,87.85,84.36,84.98,253234,328119,,-0.011000696
19-01-2023,84.34,86.85,83.76,86.16,246649,341437,,0.013790098
20-01-2023,86.42,87.79,85.58,87.63,231950,328012,,0.016917372
23-01-2023,87.7,89.09,86.92,88.19,220862,313848,,0.006370173
24-01-2023,88.07,88.71,85.8,86.13,194785,298750,,-0.023635795
25-01-2023,86.28,87,85.41,86.12,173763,283522,,-0.00011611
26-01-2023,86.35,88.01,85.74,87.47,153301,267788,,0.015554205
27-01-2023,87.65,88.95,85.69,86.66,121642,250397,,-0.009303461
30-01-2023,86.88,87.48,84.66,84.9,94793,232551,,-0.020518323
31-01-2023,85.18,85.25,83.73,84.49,89902,215608,,-0.004840909
01-02-2023,85.56,86.21,82.37,82.84,487095,226858,,-0.019722148
02-02-2023,83.34,83.61,81.25,82.17,478407,238571,,-0.008120765
03-02-2023,82.27,84.2,79.62,79.94,460107,249961,,-0.027513919
06-02-2023,79.61,81.43,79.1,80.99,447551,260970,,0.013049337
07-02-2023,81.26,84.13,81.19,83.69,430872,272328,,0.032793806
08-02-2023,84.11,85.15,83.51,85.09,421498,283545,,0.016590024
09-02-2023,84.96,85.5,83.05,84.5,405487,294134,,-0.006957985
10-02-2023,84.22,86.9,83.93,86.39,389746,304654,,0.022120394
13-02-2023,86.51,86.95,85.1,86.61,373163,314807,,0.002543354
14-02-2023,85.83,86.42,84.13,85.58,363414,326049,,-0.011963671
15-02-2023,85.2,85.85,83.88,85.38,353737,338048,,-0.00233973
16-02-2023,85.27,86.21,84.6,85.14,333637,350070,,-0.002814921
17-02-2023,84.6,84.87,81.8,83,308511,362528,,-0.025456353
20-02-2023,83.15,84.3,82.73,84.07,286793,375328,,0.012809177
21-02-2023,83.86,84.2,82.56,83.05,249276,385953,,-0.012206949
22-02-2023,82.78,83.25,80.43,80.6,207592,367319,,-0.029944187
23-02-2023,80.48,82.77,80.4,82.21,178307,347313,,0.0197783
24-02-2023,82.49,83.39,81.07,83.16,140372,325997,,0.011489514
27-02-2023,83.19,83.6,81.73,82.45,104295,303113,,-0.008574414
28-02-2023,82.3,84.15,82.19,83.89,99088,280994,,0.017314368
01-03-2023,83.05,84.49,82.61,84.31,491516,285662,,0.004994065
02-03-2023,84.31,85.1,83.83,84.75,484129,290905,,0.005205264
03-03-2023,84.61,86,82.36,85.83,472464,296420,,0.012662849
06-03-2023,85.83,86.35,84.34,86.18,467381,302701,,0.004069536
07-03-2023,86.23,86.75,82.83,83.29,455442,308836,,-0.034109638
08-03-2023,83.03,83.59,82.06,82.66,428724,313835,,-0.007592685
09-03-2023,82.55,84,81.42,81.59,407376,318751,,-0.013029104
10-03-2023,81.47,83.11,80.73,82.78,389518,324152,,0.014479781
13-03-2023,82.6,83.48,78.34,80.77,351346,328455,,-0.024580877
14-03-2023,80.54,80.92,76.89,77.45,332159,333981,,-0.041973043
15-03-2023,77.82,78.73,71.67,73.69,309852,340798,,-0.049765462
16-03-2023,74.3,75.54,71.86,74.7,308194,349457,,0.013612987
17-03-2023,74.7,75.92,71.4,72.97,293179,359644,,-0.023431694
20-03-2023,73.01,73.87,70.12,73.79,269837,370680,,0.011174823
21-03-2023,73.64,75.42,72.82,75.32,252014,380875,,0.020522483
22-03-2023,75.15,77.12,74.5,76.69,233884,363700,,0.018025618
23-03-2023,75.87,77.44,75.12,75.91,207713,345272,,-0.010222894
24-03-2023,75.53,76.32,72.68,74.99,186614,326216,,-0.012193657
27-03-2023,75,78.42,74.8,78.12,170163,306401,,0.040891335
28-03-2023,78.23,79.2,77.54,78.65,134827,285027,,0.006761523
29-03-2023,78.97,79.68,77.94,78.28,110731,263827,,-0.004715487
30-03-2023,78.23,79.55,77.86,79.27,66371,241093,,0.012567604
31-03-2023,79.19,79.8,78.54,79.77,64337,219415,,0.006287747
03-04-2023,86,86.44,83.5,84.93,509376,229950,,0.062679894
04-04-2023,84.89,86.04,83.82,84.94,496641,240916,,0.000117737
05-04-2023,85.22,85.54,84.01,84.99,497025,253394,,0.000588478
06-04-2023,84.89,85.45,84.05,85.12,476677,264626,,0.001528423
10-04-2023,85.1,85.66,84.09,84.18,465689,276127,,-0.011104662
11-04-2023,84.24,85.67,83.75,85.61,453775,288389,,0.016844735
12-04-2023,85.59,87.49,85.39,87.33,451516,301689,,0.019891948
13-04-2023,87.19,87.47,86.05,86.09,437610,315271,,-0.014300786
14-04-2023,86.18,86.87,85.53,86.31,412140,328899,,0.002552206
17-04-2023,86.43,86.52,84.34,84.76,400722,343173,,-0.018121733
18-04-2023,84.74,85.41,83.81,84.77,367014,356297,,0.000117973
19-04-2023,84.9,85.15,82.39,83.12,335082,369647,,-0.01965636
20-04-2023,82.75,82.92,80.77,81.1,301898,382392,,-0.024602386
21-04-2023,80.79,82.05,80.45,81.66,279320,396588,,0.006881325
24-04-2023,81.87,82.99,80.48,82.73,241576,408404,,0.013018007
25-04-2023,82.59,83.06,80.35,80.77,191724,387227,,-0.023976684
26-04-2023,80.92,81.47,77.46,77.69,149119,364059,,-0.03887906
27-04-2023,77.77,78.61,77.39,78.37,111824,338379,,0.008714652
28-04-2023,78.25,79.61,77.69,79.54,106105,313674,,0.014818839
01-05-2023,80.11,80.24,78.13,79.31,554395,319588,,-0.002895816
02-05-2023,79.28,79.78,75.07,75.32,543775,325588,,-0.05161852
03-05-2023,75.31,75.58,71.7,72.33,526174,330565,,-0.040506723
04-05-2023,71.28,73.72,71.28,72.5,517165,335869,,0.002347581
05-05-2023,72.69,75.75,72.41,75.3,483297,340613,,0.037893573
08-05-2023,75.23,77.43,74.95,77.01,465447,344928,,0.022455149
09-05-2023,76.71,77.5,75.07,77.44,447714,350308,,0.005568159
10-05-2023,77.36,77.6,75.68,76.41,431085,356708,,-0.013389865
11-05-2023,76.62,77.41,74.61,74.98,402825,363436,,-0.018892166
12-05-2023,75.35,75.85,74.03,74.17,390835,370871,,-0.010861656
15-05-2023,74.15,75.75,73.49,75.23,389342,380722,,0.014190332
16-05-2023,75.55,75.95,74.5,74.91,374994,392940,,-0.004262695
17-05-2023,74.67,77.31,74.1,76.96,360993,407065,,0.026998413
18-05-2023,76.78,76.99,75.5,75.86,358006,423477,,-0.01439627
19-05-2023,76.03,77.5,75.12,75.58,338009,438937,,-0.003697838
22-05-2023,75.63,76.46,74.55,75.99,299492,421944,,0.005410055
23-05-2023,76.15,77.74,75.65,76.84,250520,402393,,0.011123585
24-05-2023,77.7,78.66,77.03,78.36,208731,381230,,0.019588255
25-05-2023,78.22,78.5,75.1,76.26,172330,358241,,-0.027165039
26-05-2023,76.09,77.35,75.73,76.95,131147,334765,,0.009007306
29-05-2023,77.39,77.75,76.15,77.07,126530,312170,,0.00155824
30-05-2023,76.98,77.57,73.2,73.54,92608,288496,,-0.046884624
31-05-2023,73.6,73.81,71.39,72.66,86067,265495,,-0.012038449
01-06-2023,72.15,75.25,72.03,74.28,517160,273118,,0.02205071
02-06-2023,74.28,76.5,74.18,76.13,515035,281398,,0.024600669
05-06-2023,77.68,78.73,76.31,76.71,488601,288015,,0.007589673
06-06-2023,76.55,76.75,74.72,76.29,476299,294769,,-0.00549021
07-06-2023,76.22,77.64,75.51,76.95,449314,300657,,0.008613992
08-06-2023,76.8,77.68,73.58,75.96,422533,304958,,-0.012948974
09-06-2023,75.53,76.57,74.71,74.79,397082,308897,,-0.0155227
12-06-2023,74.87,74.87,71.58,71.84,365124,313272,,-0.040242762
13-06-2023,72.11,74.66,71.94,74.29,351405,319998,,0.033534929
14-06-2023,74.05,75.49,73.03,73.2,335820,328470,,-0.014780932
15-06-2023,73.41,75.97,72.91,75.67,322754,338499,,0.03318636
16-06-2023,75.64,76.74,75.08,76.61,312637,350598,,0.012345836
19-06-2023,76.4,76.93,75.34,76.09,298304,362050,,-0.006810766
20-06-2023,76.12,77.15,74.51,75.9,256011,372943,,-0.002500166
21-06-2023,75.54,77.24,75.52,77.12,245966,383603,,0.015945966
22-06-2023,77.03,77.2,73.59,74.14,217058,363596,,-0.039407453
23-06-2023,74.02,74.44,72.11,73.85,192738,342110,,-0.003919189
26-06-2023,74.5,74.85,73.42,74.18,177218,321351,,0.004458563
27-06-2023,74.28,74.9,72.08,72.26,146366,299355,,-0.026223846
28-06-2023,72.62,74.2,71.57,74.03,114378,277026,,0.024199691
29-06-2023,73.72,74.98,73.39,74.34,82941,254387,,0.004178748
30-06-2023,74.22,75.4,74.21,74.9,79440,233211,,0.007504726
03-07-2023,75.11,76.6,74.56,74.65,530683,244248,,-0.003343367
04-07-2023,74.89,76.29,74.74,76.25,526879,255946,,0.021206892
05-07-2023,76.03,76.95,75.3,76.65,513089,267764,,0.00523219
06-07-2023,76.7,77.09,75.03,76.52,497762,279431,,-0.001697461
07-07-2023,76.52,78.54,76.03,78.47,502029,292057,,0.025164242
10-07-2023,78.6,78.77,77.36,77.69,472344,303660,,-0.009989837
11-07-2023,77.82,79.5,77.63,79.4,452148,316736,,0.021771819
12-07-2023,79.32,80.55,79.21,80.11,423636,328581,,0.008902322
13-07-2023,80.19,81.75,79.88,81.36,412897,341637,,0.015483062
14-07-2023,81.64,81.7,79.53,79.87,382331,354276,,-0.018483439
17-07-2023,79.36,80.64,78.25,78.5,359344,366418,,-0.017301688
18-07-2023,78.52,79.99,78.19,79.63,320431,378022,,0.014292281
19-07-2023,79.84,80.93,79.17,79.46,291352,389820,,-0.002137156
20-07-2023,79.33,80.27,78.66,79.64,276107,402698,,0.002262729
21-07-2023,79.78,81.24,79.65,81.07,249831,414058,,0.0177965
24-07-2023,80.95,83.16,80.42,82.74,229571,393983,,0.020390182
25-07-2023,82.85,83.87,82.22,83.64,208832,372780,,0.010818714
26-07-2023,83.19,83.85,82.58,82.92,153461,348805,,-0.008645587
27-07-2023,82.93,84.5,82.93,84.24,113192,323167,,0.01579358
28-07-2023,83.71,85.09,83.22,84.99,79194,294978,,0.008863735
31-07-2023,84.95,85.8,84.4,85.56,73703,268402,,0.006684282
01-08-2023,85.24,85.91,84.21,84.91,563614,275833,,-0.007626012
02-08-2023,85.86,85.99,82.74,83.2,540657,283634,,-0.020344524
03-08-2023,83.46,85.41,82.36,85.14,525522,291143,,0.023049613
04-08-2023,85.31,86.65,85.06,86.24,517390,300147,,0.012837147
07-08-2023,86.23,86.73,85.03,85.34,503662,309768,,-0.010490829
08-08-2023,85.79,86.34,83.32,86.17,484074,320677,,0.009678811
09-08-2023,86,87.65,85.91,87.55,462892,332113,,0.015887969
10-08-2023,87.39,88.1,86.2,86.4,432857,342563,,-0.013222383
11-08-2023,86.37,87.35,85.84,86.81,407060,353045,,0.004734147
14-08-2023,86.53,86.71,85.5,86.21,396861,364198,,-0.006935642
15-08-2023,86.12,86.68,84.29,84.89,389221,376224,,-0.015429879
16-08-2023,85.2,85.36,83.13,83.45,378573,391231,,-0.017108651
17-08-2023,83.2,84.88,83.05,84.12,368070,408223,,0.007996701
18-08-2023,83.88,85.08,83.33,84.8,370133,427619,,0.008051192
21-08-2023,84.8,85.86,84.31,84.46,329597,444679,,-0.004017493
22-08-2023,84.46,84.66,83.85,84.03,301125,427180,,-0.005104172
23-08-2023,83.99,84.26,81.94,83.21,267018,408937,,-0.009806345
24-08-2023,82.95,83.62,81.97,83.36,233084,389441,,0.001801045
25-08-2023,83.26,84.97,82.67,84.48,188688,367528,,0.013346242
28-08-2023,84.87,85.23,84.11,84.42,164860,344941,,-0.00071048
29-08-2023,84.39,85.65,83.8,85.49,124719,320984,,0.01259507
30-08-2023,85.62,86.23,85.11,85.86,77788,295310,,0.004318653
31-08-2023,86,86.94,85.74,86.86,73941,271383,,0.011579564
01-09-2023,86.82,88.99,86.74,88.55,506279,277997,,0.019269737
04-09-2023,88.95,89.22,88.26,89,500483,284905,,0.005069006
05-09-2023,88.91,91.15,88.06,90.04,508298,292844,,0.011617646
06-09-2023,90.12,91.1,89.25,90.6,494883,300598,,0.006200197
07-09-2023,90.81,90.89,89.46,89.92,488894,308653,,-0.007533827
08-09-2023,89.79,91.02,89.3,90.65,474586,315616,,0.008085551
11-09-2023,90.83,91.45,90.11,90.64,456241,324059,,-0.00011032
12-09-2023,90.62,92.4,90.52,92.06,435290,333003,,0.015544922
13-09-2023,92.04,92.84,91.63,91.88,414870,342860,,-0.001957161
14-09-2023,92.04,94.21,92.02,93.7,391537,353424,,0.019614811
15-09-2023,94.02,94.63,92.67,93.93,391054,366915,,0.002451635
18-09-2023,94.28,94.95,93.79,94.43,362132,380066,,0.005308995
19-09-2023,94.66,95.96,94.16,94.34,331723,393867,,-0.000953541
20-09-2023,94.49,94.72,92.76,93.53,293749,408264,,-0.008623037
21-09-2023,93.08,94.6,92.2,93.3,278548,421904,,-0.002462133
22-09-2023,93.37,94.64,92.8,93.27,227988,403352,,-0.000321595
25-09-2023,93.75,94.25,92.54,93.29,201462,383417,,0.000214408
26-09-2023,93.28,94.21,91.8,93.96,154983,359863,,0.007156239
27-09-2023,94.12,97.06,94.1,96.55,112062,334341,,0.027191849
28-09-2023,96.74,97.69,94.76,95.38,68330,306304,,-0.012192096
29-09-2023,95.07,96.26,94.9,95.31,64664,278976,,-0.000734176
02-10-2023,92.18,93.33,90.35,90.71,587776,287745,,-0.049467132
03-10-2023,90.4,91.56,89.5,90.92,566138,296468,,0.002312394
04-10-2023,91.04,91.21,85.75,85.81,543287,305029,,-0.057844449
05-10-2023,85.88,86.52,83.84,84.07,537381,314752,,-0.020485765
06-10-2023,84.49,84.95,83.44,84.58,520472,323380,,0.006048047
09-10-2023,86.45,89,86,88.15,514726,333553,,0.041342077
10-10-2023,88.17,88.49,86.91,87.65,498501,344671,,-0.005688297
11-10-2023,87.72,88.26,85.21,85.82,490728,357803,,-0.021099532
12-10-2023,85.53,87.64,85.18,86,476514,371001,,0.002095217
13-10-2023,86.35,91,86.28,90.89,452773,385986,,0.055302688
16-10-2023,90.98,91.39,89.5,89.65,436893,401682,,-0.013736784
17-10-2023,89.91,91,88.88,89.9,413968,418948,,0.002784741
18-10-2023,91.25,93,90.6,91.5,390248,437493,,0.017641031
19-10-2023,91.35,93.48,89.57,92.38,371296,457691,,0.009571533
20-10-2023,93.23,93.79,91.66,92.16,348511,476614,,-0.002384308
23-10-2023,92.11,92.45,89.62,89.83,316128,458504,,-0.025607202
24-10-2023,90.47,90.68,87.35,88.07,290783,440147,,-0.019787042
25-10-2023,88.04,90.35,86.68,90.13,268549,421831,,0.02312112
26-10-2023,89.92,90.4,87.53,87.93,206585,399778,,-0.024712029
27-10-2023,88.4,90.75,87.83,90.48,180425,377109,,0.028587788
30-10-2023,90.07,90.15,87.2,87.45,136666,351905,,-0.03406163
31-10-2023,87.9,88.61,87.4,87.41,132353,327495,,-0.000457509
01-11-2023,85.45,87.24,84.58,84.63,535419,330474,,-0.032320879
02-11-2023,85,87.05,84.64,86.85,525024,333708,,0.025893679
03-11-2023,86.92,87.8,84.56,84.89,500043,336859,,-0.022826192
06-11-2023,85.55,86.46,84.88,85.18,486222,340148,,0.003410364
07-11-2023,85.15,85.19,81.4,81.61,453935,342812,,-0.042814861
08-11-2023,81.4,81.96,79.2,79.54,418837,344718,,-0.025691764
09-11-2023,79.7,81.48,79.44,80.01,391475,346064,,0.005891587
10-11-2023,79.85,82.06,79.79,81.43,383442,348392,,0.017592129
13-11-2023,81.43,82.84,80.41,82.52,371783,352103,,0.013296933
14-11-2023,82.71,83.97,82.06,82.47,353996,356317,,-0.000606097
15-11-2023,82.39,83.04,80.79,81.18,347160,361558,,-0.015765679
16-11-2023,80.98,81.17,76.6,77.42,333900,370045,,-0.047423766
17-11-2023,77.55,80.81,77.28,80.61,303599,378257,,0.040377566
20-11-2023,80.3,82.94,79.58,82.32,283157,388023,,0.02099138
21-11-2023,82.13,82.54,81.43,82.45,258394,396426,,0.001577957
22-11-2023,82.47,82.65,78.41,81.96,235416,376426,,-0.005960726
23-11-2023,81.6,81.63,80.19,81.42,226820,356545,,-0.00661038
24-11-2023,81.4,82.2,80.13,80.58,213595,337449,,-0.010370463
27-11-2023,80.4,81.17,79.13,79.98,170919,316429,,-0.007473876
28-11-2023,80.19,82.16,79.8,81.68,124537,294469,,0.02103257
29-11-2023,81.91,83.25,80.96,83.1,92970,272744,,0.017235528
30-11-2023,82.78,84.75,82.58,82.83,89553,252616,,-0.003254387
01-12-2023,80.67,81.54,78.75,78.88,465691,258099,,-0.048862604
04-12-2023,79.5,79.72,77.52,78.03,453496,263547,,-0.010834342
05-12-2023,78.1,79.09,77,77.2,443741,269530,,-0.010693911
06-12-2023,77.12,77.65,74.11,74.3,424314,274673,,-0.038288505
07-12-2023,74.5,75.48,73.6,74.05,406517,279515,,-0.003370411
08-12-2023,74.59,76.36,74.2,75.84,390845,285331,,0.023885317
11-12-2023,75.73,76.5,75.01,76.03,377295,291607,,0.002502141
12-12-2023,76.17,76.66,72.86,73.24,367577,298886,,-0.037386279
13-12-2023,73.26,74.7,72.29,74.26,347748,306375,,0.013830729
14-12-2023,74.76,77.35,74.44,76.61,321851,312710,,0.031155168
15-12-2023,76.66,77.23,75.29,76.55,291960,317934,,-0.000783494
18-12-2023,76.8,79.51,75.76,77.95,259566,323844,,0.018123473
19-12-2023,78.06,79.67,77.41,79.23,231192,330954,,0.016287419
20-12-2023,79.17,80.6,79.07,79.7,195400,337783,,0.005914571
21-12-2023,79,80.13,77.81,79.39,168527,343048,,-0.00389717
22-12-2023,79.35,80.37,78.88,79.07,147491,321835,,-0.00403888
26-12-2023,79.04,81.72,78.76,81.07,123779,299854,,0.024979443
27-12-2023,80.79,81.33,79.29,79.65,83119,275812,,-0.017670943
28-12-2023,79.8,79.95,78.25,78.39,77638,252700,,-0.015945668
29-12-2023,77.38,77.98,76.73,77.04,552541,262435,,-0.017371601
