Date,Open,High,Low,Close,CO1 Comdty - Open Interest,SMAVG (15),target_return,parkinson_var,target_vol_parkinson,sigmahat_pre_m,target_jump_flag
2017-01-02,55.55,56.83,55.36,56.8,542793.0,263373.0,,0.0002477140405602558,0.01573893390799567,,
2017-01-03,56.45,57.05,56.24,56.36,562464.0,273301.0,-0.007776638696626037,7.375241132280985e-05,0.0085879224101531,,
2017-01-05,51.88,51.97,51.22,51.52,569644.0,307590.0,-0.0897896052343814,7.621441770273351e-05,0.008730086924122435,,
2017-01-06,51.17,51.45,50.23,50.63,550042.0,258682.0,-0.017425795814280498,0.00020771354086219167,0.014412270496427399,,
2017-01-08,52.7,52.93,50.88,51.78,537117.0,304652.0,0.02245968834157397,0.0005627516868345518,0.023722387882221127,,
2017-01-09,52.84,52.95,52.24,52.75,537015.0,248901.0,0.01855979803278407,6.57287717605518e-05,0.00810732827511948,,
2017-01-11,61.07,61.7,60.0,60.49,661419.0,332788.0,0.13691428976264675,0.0002815449390282326,0.016779300909997193,,
2017-01-12,62.74,64.32,62.59,63.73,629824.0,298935.0,0.05217734720738054,0.00026811978515760087,0.016374363656570013,,
2017-02-01,,,,,615838.0,272541.0,,,,,
2017-02-02,56.53,57.45,56.33,56.56,527015.0,268664.0,,0.00013979987425187838,0.011823699685457103,,
2017-02-03,56.31,56.44,55.03,55.08,541374.0,279815.0,-0.026515347727863237,0.0002308570226061311,0.015193979814588773,,
2017-02-05,51.39,52.16,50.14,50.46,582193.0,310951.0,-0.0876057306475424,0.0005626507688427995,0.023720260724595744,,
2017-02-06,50.23,50.52,48.95,49.95,536090.0,264287.0,-0.010158438118349267,0.0003594692490324935,0.01895967428603386,,
2017-02-08,51.38,52.43,51.18,52.36,499097.0,303542.0,0.04712043594713666,0.00021000680209039963,0.014491611438704794,,
2017-02-10,56.73,56.76,55.5,56.12,660801.0,269105.0,0.06934931419256074,0.00018176155498448286,0.01348189730655455,,
2017-02-11,60.5,60.86,60.02,60.62,638854.0,339008.0,0.0771326163953967,6.966877749268757e-05,0.008346782463481816,,
2017-03-01,57.05,58.37,55.3,55.47,608912.0,285310.0,-0.08878253756251375,0.001052860491203589,0.03244781180917427,,
2017-03-02,56.92,57.3,56.39,56.81,519066.0,275829.0,0.023870032501892346,9.243391347142639e-05,0.009614255741940006,,
2017-03-03,55.18,55.95,55.09,55.9,521037.0,286058.0,-0.016147986407982096,8.654259289604508e-05,0.009302827145338404,,
2017-03-04,53.62,53.74,53.03,53.12,570208.0,294060.0,-0.05101087499287482,6.379777816862451e-05,0.007987351135928888,,
2017-03-05,50.99,51.14,50.2,50.79,565150.0,314834.0,-0.044854020355024726,0.0001241347454275871,0.011141577331221423,,
2017-03-07,48.95,49.71,48.54,49.68,584159.0,260669.0,-0.022097047187930485,0.0002046078090976425,0.014304118606109308,,
2017-03-08,52.24,52.89,51.77,52.01,479629.0,302278.0,0.045833570159758086,0.0001652274809023007,0.012854084210954147,,
2017-03-10,56.1,56.4,55.7,56.0,645339.0,282051.0,0.07391568295016837,5.6256237632296346e-05,0.0075004158306254155,,
2017-03-11,60.88,62.23,60.6,62.07,635198.0,345286.0,0.1029110896904113,0.00025409249338544825,0.01594027896197078,,
2017-04-01,55.73,56.55,55.33,56.46,603835.0,300505.0,-0.09473035760021808,0.00017156303260289243,0.01309820722858256,,
2017-04-04,53.18,54.38,52.73,54.17,577763.0,303650.0,-0.04140517315553538,0.00034241367658666865,0.01850442316276486,,
2017-04-05,50.59,50.73,48.16,48.38,564595.0,320969.0,-0.11304074448792623,0.0009748361764745986,0.031222366605922085,,
2017-04-07,49.63,49.9,49.29,49.61,589693.0,271284.0,0.025105921131076236,5.456439933647379e-05,0.007386771915828577,,
2017-04-08,51.97,52.52,51.43,52.42,465687.0,302077.0,0.05509577158230261,0.0001586391533694912,0.012595203585869155,,
2017-04-09,52.85,52.85,51.99,52.34,523173.0,256672.0,-0.0015273007932603555,9.708159424393889e-05,0.0098529992511894,,
2017-04-10,55.67,56.2,55.38,55.8,616188.0,295897.0,0.06401297228526515,7.791932232085197e-05,0.008827192210485278,,
2017-04-12,63.5,63.68,62.31,62.45,589810.0,305899.0,0.11259236718432142,0.00017059950138080486,0.013061374406271526,,
2017-05-01,56.35,57.35,56.01,56.89,598922.0,317576.0,-0.09324665780903008,0.00020160668084040235,0.014198826741685468,,
2017-05-04,54.22,55.09,53.97,54.36,570776.0,313838.0,-0.045490989479613386,0.0001521633755619564,0.012335451980448726,,
2017-05-05,48.45,49.63,46.64,49.1,566370.0,330299.0,-0.10176955448246794,0.0013925614790051978,0.0373170400622182,,
2017-05-06,49.87,50.74,49.04,49.47,537060.0,271206.0,0.007507390439142281,0.0004188605286628072,0.020466082396560586,,
2017-05-07,49.67,49.84,47.0,47.79,576509.0,283860.0,-0.034550012649550155,0.0012415115444978349,0.035235089676313225,,
2017-05-09,52.3,53.66,52.09,53.38,511097.0,264626.0,0.11061973138631132,0.00031803646242030474,0.017833576826321317,,
2017-05-10,55.77,57.24,55.7,57.0,630303.0,313713.0,0.06561512385817192,0.0002682713223477871,0.016378990272534723,,
2017-05-12,62.45,63.15,62.12,62.86,577330.0,314424.0,0.09785876353487133,9.753812612913379e-05,0.009876139231963763,,
2017-06-01,56.88,57.47,56.28,57.1,592737.0,335867.0,-0.096105914707457,0.00015790553004762546,0.012566046715161672,,
2017-06-02,56.85,57.13,55.65,55.72,497960.0,282384.0,-0.02446496775035989,0.0002484755456403687,0.015763107106163073,,
2017-06-03,55.8,56.25,55.32,56.01,521062.0,294395.0,0.005191097310135895,0.00010024568493898255,0.010012276711067396,,
2017-06-04,54.13,55.0,54.02,54.89,561359.0,324822.0,-0.02019906365994295,0.00011658367233964844,0.01079739192303625,,
2017-06-06,49.57,50.3,49.0,50.12,547092.0,281581.0,-0.09091105253393028,0.0002472933131123061,0.015725562410047727,,
2017-06-07,48.28,49.18,47.77,48.11,566537.0,298037.0,-0.04093007431650486,0.00030519568081818137,0.017469850623808476,,
2017-06-09,53.16,54.31,53.09,54.2,508905.0,274147.0,0.11919085273423802,0.000186175701721231,0.013644621714112523,,
2017-06-10,56.99,57.28,55.13,55.62,612045.0,332109.0,0.02586194036021805,0.000527894935605357,0.02297596430196907,,
2017-06-11,62.27,64.44,62.08,64.27,611022.0,352182.0,0.14455011057737632,0.0005020892613860443,0.022407348379182315,,
2017-06-12,62.64,62.93,61.13,61.22,540993.0,321770.0,-0.04861902586592848,0.0003037504648074629,0.017428438392680594,,
2017-07-02,55.91,55.98,54.58,55.05,477283.0,289923.0,-0.10623207034857707,0.00023135611272283874,0.015210394890430648,,
2017-07-03,55.95,56.65,55.56,55.92,507579.0,303851.0,0.015680234756865197,0.00013614187618203412,0.011667985095209632,,
2017-07-04,54.88,56.08,54.57,55.24,551460.0,336787.0,-0.012234769384463107,0.00026870733435853747,0.016392294969238975,,
2017-07-06,49.97,50.14,47.96,48.06,529176.0,292444.0,-0.13923709823276864,0.0007126766331421635,0.026696004066941618,,
2017-07-07,47.76,47.76,46.28,46.71,556435.0,312250.0,-0.02849195579430619,0.00035739168858488256,0.0189048059652799,,
2017-07-08,52.39,52.53,51.37,52.37,448347.0,303107.0,0.1143756337773798,0.00017984381785305652,0.013410586036898481,,
2017-07-09,54.13,54.67,53.89,54.49,495289.0,284236.0,0.03968329030361062,7.447988921325304e-05,0.008630173185588633,,
2017-07-11,64.12,64.65,63.5,63.69,578023.0,359223.0,0.15601036578826744,0.00011618667284422928,0.010778992199840822,,
2017-07-12,61.3,62.26,61.15,62.2,515543.0,329971.0,-0.023672564638141047,0.00011671944544917846,0.010803677403975854,,
2017-08-02,54.5,55.68,54.44,55.12,465454.0,299118.0,-0.12084237303973033,0.00018294570477425415,0.013525742300304785,,
2017-08-03,55.63,55.77,52.93,53.11,509918.0,314720.0,-0.0371473922710952,0.0009852576768490696,0.03138881451805833,,
2017-08-05,49.27,49.92,48.48,49.34,539551.0,339367.0,-0.07363012333309715,0.0003090091484259769,0.017578656047206136,,
2017-08-06,48.26,48.6,47.56,47.86,505498.0,304374.0,-0.030455028620983704,0.0001687664738530044,0.012991015120189969,,
2017-08-08,52.24,52.73,51.82,52.14,443688.0,306321.0,0.08565232602512873,0.00010930277411131382,0.010454796703490404,,
2017-08-09,54.54,54.87,53.57,53.78,479765.0,294692.0,0.03096924233536269,0.0002073594530381568,0.01439998100825681,,
2017-08-11,63.69,64.64,62.95,63.49,544098.0,366554.0,0.16598076234164028,0.00025314273827545773,0.015910460027147477,,
2017-08-12,62.08,63.64,62.01,63.4,508521.0,338895.0,-0.0014185517391789304,0.0002428138692401828,0.015582485977538462,,
2017-09-01,56.81,57.0,54.74,54.94,568790.0,354315.0,-0.14322218077605164,0.000590326857900506,0.0242966429347864,,
2017-09-02,55.3,55.92,55.23,55.63,443668.0,309428.0,0.012480943420073665,5.55987393137197e-05,0.007456456216844548,0.017286975793210275,0.0
2017-09-03,53.49,53.86,51.5,52.19,477775.0,325653.0,-0.06383171843188018,0.0007240896154861796,0.026908913309276902,0.017246338157013756,1.0
2017-09-05,49.44,49.72,48.39,48.73,505820.0,349753.0,-0.0685960487999071,0.0002651578450473045,0.016283668046460063,0.017483041012385007,1.0
2017-09-06,47.79,48.56,47.4,48.15,489117.0,318271.0,-0.011973718611280049,0.0002108396808202176,0.01452031958395605,0.017340660530791342,0.0
2017-09-08,51.99,52.85,51.81,52.7,429322.0,311104.0,0.09029431730318205,0.0001424650539622819,0.011935872568115072,0.017269086489271515,1.0
2017-09-10,55.5,55.98,55.06,55.79,589444.0,351674.0,0.05697918631012033,9.904012119882135e-05,0.009951890332937826,0.017236462872985418,1.0
2017-09-11,63.52,64.25,63.26,63.93,520907.0,377391.0,0.13619409292119844,8.697088518200127e-05,0.009325818204425887,0.017196422936433912,1.0
2017-10-01,54.95,55.36,53.58,53.64,525652.0,371013.0,-0.17549367636515756,0.00038522734441581843,0.019627209287512538,0.017204805441219,1.0
2017-10-02,55.66,56.88,55.59,56.7,427392.0,321364.0,0.05547915232022893,0.00018980981260057432,0.013777148202751334,0.016878332594100324,1.0
2017-10-03,52.33,53.02,51.14,51.37,477077.0,338164.0,-0.09871986625453033,0.0004700917494782372,0.021681599329344624,0.016926341684168553,1.0
2017-10-04,55.19,56.05,55.19,55.98,531779.0,348884.0,0.08594013960813118,8.623166790412015e-05,0.009286100791188955,0.017114132427682636,1.0
2017-10-05,48.95,50.63,48.81,50.22,494318.0,361258.0,-0.10858113035786854,0.0004833837925124216,0.02198599082398657,0.01712505261056201,1.0
2017-10-07,46.84,47.38,46.11,46.88,543954.0,327442.0,-0.06882220846068154,0.0002662594887248032,0.0163174596284104,0.017298985838268013,1.0
2017-10-08,52.72,53.64,51.67,51.9,423798.0,318510.0,0.1017276449030855,0.0005049740944216332,0.02247162865529851,0.01732865946997584,1.0
2017-10-10,55.78,56.91,55.73,56.61,575608.0,370983.0,0.08686685787672532,0.00015833796007749985,0.012583241238945546,0.017491280187140072,1.0
2017-10-11,63.8,64.27,63.35,63.52,515186.0,390711.0,0.11516916889031226,7.497694828360983e-05,0.008658923044097912,0.017539847337585127,1.0
2017-11-01,53.8,55.67,53.7,55.1,491937.0,388372.0,-0.14220510078001158,0.0004681710075459995,0.02163725970510128,0.01745454054224177,1.0
2017-11-04,56.08,56.3,55.45,56.23,506916.0,360302.0,0.020300706145241598,8.347070430907895e-05,0.00913623031173574,0.01759558046186068,0.0
2017-11-05,50.28,51.16,50.25,50.77,476452.0,374411.0,-0.10214479334480764,0.00011617670980828426,0.010778530039308898,0.01747251371684071,1.0
2017-11-07,46.99,48.21,46.29,47.52,522905.0,343193.0,-0.06615495390491333,0.000595707294804476,0.024407115659259616,0.017058069775741966,1.0
2017-11-08,51.94,52.28,51.3,52.1,422130.0,329202.0,0.09201427370493187,0.00012915189877475578,0.01136450169496031,0.01732041548958574,1.0
2017-11-09,53.82,54.14,53.04,53.84,460626.0,306839.0,0.03285173657715079,0.00015197176304697338,0.012327682793087004,0.017306222536666863,0.0
2017-11-10,56.56,57.09,56.14,56.94,555120.0,390030.0,0.05598139651341949,0.00010155916373913555,0.010077656659121482,0.017332633228547625,1.0
2017-11-12,63.29,64.93,62.99,64.69,455375.0,346836.0,0.12760854820600187,0.00033186977095741265,0.018217293184153695,0.017343995271918308,1.0
2017-12-01,55.19,56.43,55.01,56.01,447638.0,406536.0,-0.144076383834153,0.00023426965280067384,0.01530586988056131,0.017421309073046187,1.0
2017-12-04,56.28,56.65,55.5,55.86,472571.0,371116.0,-0.0026816857047098352,0.00015170577324176508,0.012316889755200584,0.01743692612488239,0.0
2017-12-05,50.76,51.09,50.33,50.84,452016.0,388883.0,-0.09416511419577756,8.101599491439263e-05,0.00900088856249163,0.01743670742942226,1.0
2017-12-06,48.06,49.15,48.01,48.29,452299.0,331823.0,-0.051458946435802844,0.00019863194300515267,0.014093684507791164,0.01679820450458191,1.0
2017-12-07,48.21,48.79,47.35,47.74,515738.0,359858.0,-0.01145487897476638,0.0003237100989032257,0.017991945389624373,0.0166885948524772,0.0
2017-12-09,53.77,54.44,53.42,54.27,451154.0,320905.0,0.1282019671646295,0.00012902680521241155,0.011358996663984525,0.016223825300779662,1.0
2017-12-10,56.74,56.83,55.88,56.25,545548.0,410641.0,0.03583445300921584,0.00010249847873228304,0.010124153235322104,0.01612644866164753,0.0
2017-12-12,64.66,65.83,63.07,63.34,385663.0,352866.0,0.11871100002596435,0.0006616367746033168,0.025722301114078357,0.016040556901486567,1.0
2018-01-02,69.0,69.97,68.81,69.65,619898.0,310424.0,0.09496565911532073,0.00010079917551507327,0.01003987925799276,0.01633098618733923,1.0
2018-01-03,64.57,65.04,63.19,63.83,529687.0,250781.0,-0.08725940095784868,0.0003003301828881411,0.01733003701346714,0.016301820060211747,1.0
2018-01-05,74.65,74.98,72.74,73.13,616068.0,327790.0,0.13601538001489377,0.0003317863839348449,0.0182150043627457,0.01632830613473583,1.0
2018-01-06,77.71,77.95,76.35,76.79,540818.0,291053.0,0.04883574405959301,0.00015513642711872136,0.012455377437826657,0.01644605098130195,0.0
2018-01-08,74.07,74.12,72.13,72.39,452386.0,242255.0,-0.059006255037402866,0.0002671422329888518,0.016344486317680706,0.01646557435355862,1.0
2018-01-10,82.79,85.45,82.55,84.98,585925.0,253584.0,0.16034776638161574,0.0004299700986656501,0.020735720355600142,0.016475616957305213,1.0
2018-01-11,74.69,74.99,72.56,72.89,494632.0,280751.0,-0.15346447929254392,0.0003913696971321289,0.019783065918409334,0.016538607189078354,1.0
2018-02-01,66.55,67.29,66.24,66.57,631709.0,285590.0,-0.09069742978150952,8.920995947433309e-05,0.009445102406767917,0.016641677429819063,1.0
2018-02-02,70.0,70.02,67.96,68.58,598047.0,320775.0,0.029746921422161954,0.00032161866114236744,0.017933729705289066,0.016420536270454106,0.0
2018-02-03,64.07,64.64,63.2,64.37,508221.0,256973.0,-0.06335326097024918,0.0001830639110662997,0.01353011127324161,0.016328691560315058,1.0
2018-02-04,69.32,70.04,67.49,67.64,614545.0,281609.0,0.04955183796585505,0.000496088962251025,0.022273054623266765,0.016266982679942567,1.0
2018-02-05,73.28,73.63,72.38,73.36,601840.0,335532.0,0.08117930391782924,0.00010574274589499485,0.01028312918789776,0.016402040716580194,1.0
2018-02-07,78.55,78.95,77.16,77.3,522300.0,279655.0,0.052315127645167436,0.00018969558433939556,0.013773002008981032,0.016386588647333035,1.0
2018-02-08,72.42,73.75,71.84,73.45,435142.0,245445.0,-0.05108905297348976,0.00024832932941000257,0.01575846849823937,0.016346358156989736,1.0
2018-02-10,84.95,85.38,84.31,84.8,564273.0,264562.0,0.1436906401779705,5.7364221902180856e-05,0.007573917209884253,0.016107895680929758,1.0
2018-02-11,72.75,73.5,72.16,72.83,477269.0,283707.0,-0.15216758456803348,0.00012210347629118833,0.011050044175983566,0.015951922940187196,1.0
2018-03-01,66.54,68.03,66.4,67.84,619637.0,296541.0,-0.07097596674617623,0.0002121289393500861,0.014564646900975186,0.015921730636574635,1.0
2018-03-04,67.63,68.46,67.62,68.12,611532.0,295564.0,0.004118864310839854,5.4973772679864146e-05,0.007414430030680993,0.01599361301580269,0.0
2018-03-05,73.07,74.09,72.47,73.62,590654.0,343377.0,0.07764587215638752,0.00017628243138808513,0.013277139427907094,0.015961686699610223,1.0
2018-03-07,77.4,78.55,76.67,77.76,504212.0,283364.0,0.054710432201308556,0.00021165929977243515,0.014548515380355315,0.01599275331920145,1.0
2018-03-08,73.37,73.73,72.48,73.21,419656.0,249421.0,-0.060295136493632384,0.00010545363961561652,0.010269062255903239,0.016007708100957654,1.0
2018-03-09,77.69,78.44,77.3,78.15,492697.0,217112.0,0.06529803320893457,7.73035457429809e-05,0.008792243498844929,0.015542950750256778,1.0
2018-03-10,84.79,86.74,84.01,86.29,554769.0,276003.0,0.09908365965273092,0.0003688522420496976,0.01920552634138668,0.015418221621840542,1.0
2018-03-12,59.98,62.6,59.85,61.69,401319.0,221721.0,-0.3355918732986689,0.000727894452002316,0.02697951912103542,0.015525988560586712,1.0
2018-04-01,67.89,68.27,67.62,68.07,600783.0,310883.0,0.09841474423831276,3.300903889365898e-05,0.005745349327382886,0.01585453190988787,1.0
2018-04-04,68.15,68.28,66.69,68.02,615391.0,311202.0,-0.0007348078808107061,0.000200232456078003,0.014150351800503159,0.015762624839978624,0.0
2018-04-05,73.74,75.08,73.24,74.87,577053.0,351492.0,0.09595149666354441,0.00022205231881114432,0.014901420026666732,0.015734627539579285,1.0
2018-04-06,76.66,76.95,75.2,75.29,531339.0,296611.0,0.005594047619436715,0.00019087323205350736,0.01381568789650039,0.01572362801546777,0.0
2018-04-07,77.89,78.28,77.61,78.24,501424.0,287919.0,0.03843370186453132,2.664974013265019e-05,0.005162338630180142,0.01551047766956323,0.0
2018-04-09,78.19,79.72,77.44,78.17,460796.0,225922.0,-0.0008950834943233232,0.0003036834572158099,0.017426515923035502,0.015494916399204453,0.0
2018-04-10,85.99,86.43,84.14,84.58,541125.0,288595.0,0.07881188981210396,0.00026007128012464056,0.01612672564796216,0.015267143312153356,1.0
2018-04-12,61.9,63.58,61.24,62.08,387209.0,225358.0,-0.30927395616937936,0.0005071537813445792,0.02252007507413284,0.015264366637099114,1.0
2018-05-01,67.97,68.11,67.26,67.62,599424.0,326758.0,0.08547992140477678,5.6882535694739193e-05,0.007542051159647433,0.015425286291471456,1.0
2018-05-02,68.15,68.46,66.9,67.62,560630.0,328791.0,0.0,0.0001916379437381748,0.013843335715721656,0.01537898182160959,0.0
2018-05-03,64.65,65.88,64.1,65.54,509505.0,265395.0,-0.031243154009071183,0.00027059251566083337,0.01644969652184603,0.015429075763367056,0.0
2018-05-04,68.36,68.93,67.73,68.33,606587.0,328548.0,0.04168826552201832,0.00011124398121430376,0.01054722623320007,0.01552793416458549,0.0
2018-05-06,75.4,75.74,73.81,75.38,522606.0,302301.0,0.09819307904630215,0.00024030596242234186,0.01550180513431716,0.015380193432886642,1.0
2018-05-07,78.14,78.5,77.3,77.39,495848.0,294488.0,0.02631558544337853,8.558926576577265e-05,0.009251446685020277,0.015407529085808625,0.0
2018-05-09,77.82,78.09,76.91,77.27,437953.0,233676.0,-0.001551791336875219,8.361649089635542e-05,0.00914420531792432,0.015198143893301501,0.0
2018-05-10,84.89,85.12,83.92,84.16,514507.0,301207.0,0.08541396704390714,7.270640210395894e-05,0.008526804917667516,0.015196709891224318,1.0
2018-05-11,72.85,74.13,72.26,73.17,466233.0,287235.0,-0.13993424809346156,0.00023544104599377793,0.015344088307676605,0.014969815240829147,1.0
2018-05-12,61.35,63.29,60.8,61.56,374850.0,230216.0,-0.17277319192525997,0.0005810536890078717,0.02410505525834512,0.014952649518810266,1.0
2018-06-02,67.02,67.6,66.53,66.86,544513.0,337115.0,0.08258857202127423,9.181394974505751e-05,0.0095819595983837,0.01499498985913231,1.0
2018-06-03,65.74,66.16,65.3,65.79,498677.0,275047.0,-0.016133029894046302,6.174425810474256e-05,0.007857751466211092,0.014957974039619808,0.0
2018-06-04,68.09,68.62,66.86,67.11,593835.0,345012.0,0.019865213072241872,0.00024349966263818908,0.015604475724553807,0.014950600072693592,0.0
2018-06-06,75.19,76.25,74.46,75.36,499722.0,306983.0,0.1159435660979593,0.00020353415874646452,0.014266539830893283,0.01482484131849294,1.0
2018-06-07,77.57,77.68,76.36,77.11,474306.0,301329.0,0.022956343576761462,0.00010594406747999711,0.010292913459268815,0.014892178406547914,0.0
2018-06-08,73.21,74.47,73.08,73.75,418054.0,254479.0,-0.04455197862493954,0.00012804169289870124,0.01131555093217742,0.014886451345221504,0.0
2018-06-09,77.02,77.77,75.64,76.5,428388.0,242367.0,0.036609745612560474,0.00027815202424386054,0.016677890281563208,0.01462231195656889,0.0
2018-06-11,72.85,73.28,71.18,72.13,440090.0,290056.0,-0.05882069431690873,0.0003049152156717052,0.017461821659600845,0.014706982776208813,1.0
2018-06-12,61.36,61.97,58.36,60.06,358339.0,235260.0,-0.18312598396039714,0.0012992771544064938,0.0360454872960055,0.014793390413405853,1.0
2018-07-02,67.2,67.72,65.16,65.51,488637.0,342881.0,0.0868587401886014,0.0005356026408561049,0.02314309056405615,0.015453361007708673,1.0
2018-07-03,65.23,65.8,63.83,64.34,480678.0,286580.0,-0.018021280932905448,0.0003332443718088362,0.018254982109244484,0.01556283760328481,0.0
2018-07-05,75.0,76.34,74.83,76.17,558160.0,359741.0,0.1687861625738165,0.00014395478211364437,0.011998115773472281,0.015615745032381636,1.0
2018-07-06,75.88,77.45,75.44,77.32,480755.0,312485.0,0.014984969955433414,0.0002493782295424299,0.015791713952020215,0.015611608172474834,0.0
2018-07-08,73.61,74.9,73.57,74.65,406210.0,260112.0,-0.035142130354930856,0.0001157773589258566,0.010759988797664086,0.01570122119373788,0.0
2018-07-09,76.69,77.1,75.88,76.83,421386.0,251496.0,0.028784664894344836,9.175786531427897e-05,0.009579032587598759,0.015657184844027,0.0
2018-07-11,71.66,73.55,71.36,72.07,410028.0,291743.0,-0.06395731994319398,0.00032955825161361246,0.018153739328678607,0.015533240701161266,1.0
2018-07-12,60.25,63.73,59.1,61.67,354032.0,240911.0,-0.15584027993294836,0.002051819975654107,0.045297019500780696,0.01564045259746553,1.0
2018-08-01,67.8,67.99,67.44,67.78,570832.0,342383.0,0.09446957717550397,2.3794409758943643e-05,0.004877951389563414,0.016646694839184444,1.0
2018-08-02,65.28,65.6,64.1,64.81,457424.0,348044.0,-0.04480725373928074,0.00019298156877209306,0.013891780619204043,0.016324268528426947,0.0
2018-08-03,64.51,64.56,63.43,63.61,433554.0,296606.0,-0.018689221748911855,0.00011246099375308666,0.010604762786271395,0.016371258846195696,0.0
2018-08-05,75.6,76.18,73.1,74.85,513197.0,366891.0,0.16271542017492457,0.0006143218933906149,0.02478551781566435,0.016275348323673135,1.0
2018-08-06,77.39,77.61,76.12,76.46,466566.0,318966.0,0.02128161740262957,0.0001355367355315098,0.011642024546079165,0.01641937539051002,0.0
2018-08-08,74.64,74.87,71.65,72.28,399036.0,266358.0,-0.0562202625442394,0.0006969992729093302,0.0264007437946231,0.01640942493471458,1.0
2018-08-10,84.17,84.31,82.66,83.91,508873.0,314618.0,0.14919733015795078,0.00014089442468459836,0.011869895731833467,0.0166262897450606,1.0
2018-08-11,72.1,73.08,70.56,70.65,384383.0,292364.0,-0.17200668675144204,0.00044413393022174093,0.021074485289604133,0.01648076402315812,1.0
2018-09-01,68.0,69.29,67.7,68.82,537151.0,357719.0,-0.026243708761201745,0.00019437037053042811,0.013941677464725258,0.016507422169189528,0.0
2018-09-02,64.44,64.64,61.77,62.79,415345.0,352130.0,-0.09169857524331704,0.000743917450147916,0.027274850139788413,0.016560424517187096,1.0
2018-09-03,63.93,65.63,63.69,65.49,402202.0,305789.0,0.042101634103944185,0.00032472204315017966,0.018020045592344644,0.016771582314723435,0.0
2018-09-04,67.1,68.8,67.0,68.65,565866.0,360843.0,0.04712367298401876,0.000253495865507106,0.01592155348912618,0.016841821225972223,0.0
2018-09-05,76.19,77.43,76.08,77.21,494274.0,373887.0,0.11750785010674392,0.00011158122499923524,0.010563201455961882,0.016721355325706806,1.0
2018-09-07,77.21,78.31,77.04,78.07,458063.0,308737.0,0.01107687781147515,9.642259516345718e-05,0.009819500759379632,0.016724264764515478,0.0
2018-09-08,72.16,72.89,71.86,72.07,380452.0,272042.0,-0.07996799119584974,7.305105691574744e-05,0.008546991103057698,0.016677724128130164,1.0
2018-09-10,83.91,85.45,83.73,85.0,510411.0,329104.0,0.16501338755396677,0.00014912941666889997,0.012211855578449164,0.016589911921178004,1.0
2018-09-11,70.87,70.99,69.13,70.18,367649.0,294037.0,-0.19158788633524715,0.0002542442802992574,0.01594503936336494,0.016635942938866517,1.0
2018-10-01,69.12,69.37,68.75,69.2,503711.0,373935.0,-0.014062507531445334,2.9070373561998905e-05,0.005391694869148189,0.016702004197062414,0.0
2018-10-04,68.46,71.34,68.46,71.04,538820.0,376101.0,0.026242236060290303,0.0006124463762040665,0.02474765395353803,0.016610417457193015,0.0
2018-10-05,77.44,78.0,76.51,77.47,465255.0,381275.0,0.08664766595989626,0.00013417166729580267,0.011583249427332671,0.016887781919510896,1.0
2018-10-07,78.25,79.51,78.15,78.86,448633.0,316876.0,0.017783363805670582,0.00010735712088146143,0.010361328142736404,0.016866989419951458,0.0
2018-10-08,71.97,73.14,71.4,72.81,360464.0,278165.0,-0.07982082004286184,0.00020909271193320667,0.014460038448538326,0.016815378748174886,1.0
2018-10-09,77.08,77.92,76.9,77.37,411119.0,261402.0,0.06074580015474407,6.262292137430629e-05,0.007913464562017466,0.016866661801213996,1.0
2018-10-10,84.98,85.17,82.26,83.09,484386.0,344468.0,0.07132524911552629,0.0004358945454354252,0.020878087686266318,0.016859406965955833,1.0
2018-10-12,61.34,62.33,59.61,59.97,355816.0,247410.0,-0.32607992049647105,0.0007180654898544483,0.026796744015914475,0.016892512393567025,1.0
2018-11-01,69.15,70.05,69.0,69.26,465090.0,390548.0,0.14402310179385758,8.226737887343142e-05,0.009070136651309693,0.016887662920931888,1.0
2018-11-04,71.03,73.09,70.57,72.06,485704.0,389217.0,0.03963156634567078,0.0004440102509402192,0.021071550748348333,0.01691195231970614,0.0
2018-11-05,77.55,77.6,76.95,77.12,452840.0,391318.0,0.06786354498234282,2.551927634189518e-05,0.005051660750871457,0.017031649788312276,1.0
2018-11-06,76.3,76.84,75.52,76.46,460407.0,326296.0,-0.0085949220340229,0.00010829345409529355,0.010406414084366121,0.01693521608376748,0.0
2018-11-07,78.78,78.83,73.04,73.4,421191.0,324690.0,-0.04084379264779692,0.002098982295108893,0.0458146515332038,0.01689453207908582,0.0
2018-11-09,77.38,79.54,77.36,79.06,399601.0,271766.0,0.07428312224806977,0.00027854639173369134,0.01668970915665373,0.017887540079271118,1.0
2018-11-10,82.47,82.63,79.8,80.26,456089.0,360498.0,0.0150643069702312,0.00043802895715311217,0.02092914133817038,0.01787582554726248,0.0
2018-11-12,59.91,61.1,59.58,60.2,356064.0,253615.0,-0.28759901252399533,0.0002288953902146955,0.01512928915100427,0.017958594050759367,1.0
2018-12-01,69.15,69.93,68.59,69.87,442782.0,407361.0,0.14896402024958366,0.0001350163195689473,0.011619652299830115,0.017829006153675674,1.0
2018-12-02,62.5,64.4,62.5,62.59,383168.0,355794.0,-0.11003085162774973,0.00032346210449253745,0.017985052251593196,0.017865488802690004,1.0
2018-12-03,65.5,65.86,64.18,64.95,380827.0,314071.0,0.037012222179998666,0.0002408172028639026,0.015518286080102486,0.0179268725522593,0.0
2018-12-04,72.09,72.49,71.1,72.02,472984.0,401956.0,0.10332611510412093,0.00013520192685707134,0.01162763634007666,0.017913026106486468,1.0
2018-12-06,76.5,77.07,75.43,75.88,448589.0,336483.0,0.05220928684608417,0.00016686145785125778,0.01291748651446007,0.017924168136505297,0.0
2018-12-07,74.17,75.1,72.67,74.45,387288.0,332517.0,-0.01902538593679548,0.0003902050120945324,0.019753607571644537,0.017889989611778068,0.0
2018-12-09,79.42,80.13,78.75,79.74,383157.0,282071.0,0.06864358282319127,0.00010884690714473432,0.010432972114634176,0.01803132433891106,1.0
2018-12-10,80.28,81.48,79.23,80.43,432933.0,377334.0,0.008615898962768043,0.0002828202674667657,0.016817260997759584,0.018042981027326925,0.0
2018-12-11,70.69,71.88,68.87,70.12,355596.0,297224.0,-0.1371791808629439,0.0006599988243248358,0.025690442275773218,0.018139764665191394,1.0
2018-12-12,60.67,61.43,59.98,60.15,342783.0,260318.0,-0.15336661763234538,0.00020579884114174112,0.014345690681934458,0.018333767345548774,1.0
2019-01-02,61.06,62.97,60.46,62.75,449502.0,245300.0,0.042317135591205535,0.0005967607818934146,0.02442868768258775,0.018162400106160943,0.0
2019-01-03,66.48,67.14,64.59,65.07,419414.0,234180.0,0.036305035494999416,0.000540746886283046,0.023253964958325837,0.018392622383773365,0.0
2019-01-04,67.58,69.22,67.58,69.01,542963.0,280477.0,0.05878780812561768,0.00020736318457673008,0.014400110575156362,0.018608383467899246,1.0
2019-01-05,71.73,72.36,71.3,72.18,503678.0,291756.0,0.04491157758213227,7.854712770036502e-05,0.008862681744278365,0.018592193540677992,0.0
2019-01-07,65.05,66.75,64.22,65.06,498707.0,263193.0,-0.10385307816943712,0.0005384929045742831,0.02320544988950404,0.018536087598787578,1.0
2019-01-08,64.09,64.54,60.02,60.5,440172.0,232065.0,-0.07266655600840988,0.001901409588695691,0.04360515552885566,0.018729540591131206,1.0
2019-01-10,59.38,60.1,58.41,58.89,543417.0,266445.0,-0.02697206808031627,0.0002934248123984707,0.017129647176707133,0.019502610654767428,0.0
2019-01-11,59.45,61.82,59.4,61.69,511960.0,265702.0,0.04645054626506795,0.0005751380801406648,0.023982036613696193,0.019509135522126332,0.0
2019-02-01,54.12,56.56,52.51,54.91,499715.0,239409.0,-0.11642636193076683,0.001991009808836144,0.044620732948217515,0.019624221850267274,1.0
2019-02-04,69.22,69.58,68.69,69.37,524645.0,288718.0,0.23375901610642913,5.977376643406318e-05,0.007731349586848546,0.019915796765440617,1.0
2019-02-05,72.0,72.22,69.68,70.75,493689.0,296028.0,0.01969803912613699,0.00046234904150290894,0.021502303167402998,0.01971569120172984,0.0
2019-02-07,64.8,65.51,62.22,62.4,480024.0,269946.0,-0.12558726114796492,0.0009575746782201081,0.030944703556830336,0.01977018523071721,1.0
2019-02-08,61.16,62.95,60.98,61.89,437065.0,236933.0,-0.008206659624112156,0.0003646088951810278,0.01909473475021394,0.020110210234073715,0.0
2019-02-09,58.8,59.26,58.1,58.66,491984.0,229724.0,-0.05360055220196447,0.00014095438880397647,0.011872421353876238,0.02015790333225705,0.0
2019-02-10,59.25,59.5,57.22,57.69,515094.0,272703.0,-0.016674215280507276,0.0005506354533345385,0.023465622798778184,0.02016830890077934,0.0
2019-02-12,60.73,62.09,60.72,60.92,560467.0,280905.0,0.05447767975816298,0.0001795495176206575,0.013399608860733865,0.02035702934412565,0.0
2019-03-01,54.29,56.3,53.93,55.95,501313.0,249092.0,-0.08510309326902643,0.0006671223401494383,0.025828711546444554,0.02029552901875296,1.0
2019-03-04,69.47,69.96,68.8,69.31,513571.0,297308.0,0.21413076117195828,0.00010082823609065346,0.010041326410920693,0.019718777959751098,1.0
2019-03-05,70.48,71.54,69.95,70.85,490758.0,301828.0,0.02197577020679642,0.00018220230167950046,0.013498233279933358,0.019751306319620843,0.0
2019-03-06,61.64,62.84,60.55,61.28,434562.0,248705.0,-0.1451114407043539,0.0004970331039675604,0.02229423925518788,0.019746757882750047,1.0
2019-03-07,62.9,64.01,62.09,63.82,470481.0,278107.0,0.040613095417762146,0.00033451373315268514,0.018289716595745412,0.01990838974026258,0.0
2019-03-09,58.54,58.87,57.23,58.26,485150.0,241554.0,-0.09115086931880878,0.00028790921965765864,0.016967887896189634,0.019790919956204498,1.0
2019-03-10,57.54,57.99,56.15,57.71,494112.0,279090.0,-0.009485282808413764,0.00037498137544283836,0.019364435841067985,0.019854975550601818,0.0
2019-03-12,61.05,61.58,60.3,60.82,543671.0,288444.0,0.052488213526343586,0.00015913346610157161,0.012614811377962479,0.019719358233908656,0.0
2019-04-01,55.67,58.31,55.34,57.06,495064.0,259244.0,-0.06381533646386472,0.0009857036018399283,0.0313959169612854,0.019727064484632205,1.0
2019-04-02,62.83,63.63,61.28,62.51,432864.0,249962.0,0.09122319815836732,0.0005107617206929426,0.02260003806839587,0.019954529169451073,1.0
2019-04-03,64.97,66.34,64.93,65.67,411010.0,238897.0,0.0493156562591599,0.00016646203500260705,0.01290201670292699,0.020086224721033292,0.0
2019-04-04,69.44,70.03,68.87,69.4,507404.0,306058.0,0.05524466730987765,0.0001006250756121413,0.010031205092716492,0.019845205129319286,0.0
2019-04-06,61.0,62.12,60.21,61.97,443635.0,253043.0,-0.11323647053874275,0.0003517595616574051,0.018755254241342747,0.019750878896033795,1.0
2019-04-07,63.88,64.07,62.95,63.3,465881.0,286815.0,0.021234932176114718,0.00011217314044615076,0.010591182202481023,0.019792295102765742,0.0
2019-04-09,58.17,60.96,58.13,60.7,485441.0,253735.0,-0.0419416310846783,0.0008150051604115429,0.028548295227763476,0.019792544320839944,0.0
2019-04-10,57.69,58.96,57.67,58.37,492599.0,286406.0,-0.039141638849752525,0.00017650980308816914,0.013285699194553862,0.020092814307106945,0.0
2019-04-11,61.8,62.78,61.28,62.13,508730.0,275766.0,0.062426904859902876,0.00021092877603141332,0.014523387209305318,0.02013567727234643,1.0
2019-04-12,61.08,63.51,61.0,63.0,550001.0,297658.0,0.01390576231592977,0.0005864502790375824,0.024216735515704472,0.020161237276982706,0.0
2019-05-02,62.64,63.02,61.72,61.98,418746.0,254403.0,-0.016322974031930393,0.00015670440754720933,0.012518163105951661,0.020298085012740386,0.0
2019-05-03,65.46,66.23,65.04,65.86,422991.0,244676.0,0.06071952458861585,0.0001185663049312144,0.010888815588998391,0.02035041741793493,0.0
2019-05-04,69.13,70.48,68.92,70.34,490939.0,314785.0,0.06580935009761824,0.00018069013783495832,0.01344210317751498,0.02014716244444798,1.0
2019-05-06,61.58,62.27,59.45,60.63,446855.0,258054.0,-0.1485508069621968,0.0007746478328516595,0.027832495986735713,0.020166394382866125,1.0
2019-05-07,63.27,64.52,62.91,64.23,463509.0,295609.0,0.05768057118606151,0.0002303186705154353,0.01517625350722092,0.020440278233709648,0.0
2019-05-08,61.46,61.56,59.66,59.81,423295.0,241458.0,-0.07129752021323554,0.00035449026973548466,0.018827911985546477,0.020448930051419192,1.0
2019-05-09,60.49,62.4,60.25,60.95,480848.0,265319.0,0.018880984870815354,0.00044340984731297274,0.02105729914573502,0.020567527708838865,0.0
2019-05-11,62.04,63.19,61.85,62.96,508587.0,286179.0,0.03244574818186674,0.00016569883627334827,0.012872406001728981,0.020570572453997165,0.0
2019-05-12,62.97,63.91,62.75,63.39,531925.0,306463.0,0.00680651618692707,0.00012101406105140282,0.011000639120133103,0.02034557298755994,0.0
2019-06-02,62.06,62.8,61.05,62.69,411612.0,259588.0,-0.011104175010197892,0.00028808220072259837,0.016972984437705656,0.020361437037410404,0.0
2019-06-03,65.49,66.18,65.22,65.99,411141.0,249991.0,0.05130127010945351,7.700904347584203e-05,0.008775479672122888,0.020297519981304805,0.0
2019-06-05,70.59,71.79,68.79,71.24,488274.0,307875.0,0.07655124302613103,0.0006572064983171173,0.0256360390528084,0.02031864858146411,1.0
2019-06-06,60.4,62.43,60.22,61.67,449055.0,264539.0,-0.1442568694180597,0.0004685090642848121,0.021645070207435505,0.020542541977906822,1.0
2019-06-08,59.56,60.56,58.55,58.94,409799.0,246543.0,-0.04527761169385336,0.000410915633290403,0.0202710540744778,0.019870115174980642,0.0
2019-06-09,60.81,61.88,59.4,61.54,470476.0,276590.0,0.04316739258434765,0.0006034212647995376,0.02456463443244246,0.019925552215508135,0.0
2019-06-11,62.78,63.32,61.59,61.74,513952.0,297586.0,0.003244649180117243,0.0002767756447880948,0.016636575512649677,0.01999460351079048,0.0
2019-06-12,63.41,64.88,62.83,64.39,504338.0,314515.0,0.042026322476078626,0.00037179801064268975,0.019282064480824913,0.020014549053041515,0.0
2019-07-01,57.41,58.93,57.26,57.33,488207.0,270206.0,-0.1161342946298003,0.0002980779118863332,0.017264933011347978,0.020112894752235457,1.0
2019-07-02,62.5,62.91,60.6,61.63,400777.0,264065.0,0.07232471805385998,0.0005047723391287052,0.022467139095325536,0.020102374621863223,1.0
2019-07-03,65.88,67.0,65.75,66.3,412640.0,255715.0,0.07304113221766517,0.00012792374868725507,0.011310338133197215,0.02021149964027436,1.0
2019-07-05,71.15,71.33,69.38,69.88,476257.0,314456.0,0.05258958807403946,0.0002771082432068516,0.016646568511463605,0.02020849857706687,0.0
2019-07-06,62.4,63.59,61.77,63.29,431367.0,271288.0,-0.09905214647864202,0.00030413078295378905,0.01743934582929615,0.020253909774705398,1.0
2019-07-08,58.68,59.23,55.88,56.23,377371.0,250728.0,-0.11827691648310346,0.0012225970839796721,0.03496565577791545,0.020218464102800385,1.0
2019-07-10,58.02,59.68,58.02,58.35,460232.0,293004.0,0.03700893642845404,0.00028700891410427226,0.01694133743552357,0.020672416250247013,0.0
2019-07-11,61.73,62.89,61.65,62.29,496987.0,308170.0,0.06534154053348917,0.00014303057684919514,0.011959539157057646,0.0206741046819631,1.0
2019-08-01,57.64,58.87,57.13,58.72,446902.0,279608.0,-0.059020514959793324,0.00032465508355838393,0.018018187576956345,0.020464663860978543,0.0
2019-08-02,61.66,62.36,61.04,62.1,377459.0,268283.0,0.05596560463317246,0.0001650916898010079,0.01284880110364418,0.020513005735787525,0.0
2019-08-03,66.08,66.09,64.02,65.74,412629.0,262275.0,0.05696157929664025,0.00036523061006739674,0.01911100756285227,0.020336885687052605,0.0
2019-08-04,70.56,71.19,70.43,71.1,469905.0,322702.0,0.07837976857312157,4.1549029278399154e-05,0.0064458536500915965,0.020264837728883604,1.0
2019-08-05,69.88,70.7,69.33,70.37,461966.0,320438.0,-0.010320300830737317,0.00013810239502100993,0.011751697537845752,0.02019653631004614,0.0
2019-08-07,64.34,65.14,63.79,64.11,444816.0,303448.0,-0.09316667797929146,0.00015818520274038533,0.012577169901865257,0.020221094597268705,1.0
2019-08-08,57.48,58.01,56.77,57.38,359156.0,254642.0,-0.11090454744594691,0.00016839114941918874,0.012976561540685142,0.02006375351260222,1.0
2019-08-10,58.47,58.92,57.38,58.24,437430.0,301484.0,0.014876593335211297,0.0002529923104621994,0.01590573200020041,0.0193305603736635,0.0
2019-08-11,62.29,62.7,60.66,62.51,473741.0,318274.0,0.0707541400552909,0.00039460750409619865,0.01986473015412489,0.0193131222055777,1.0
2019-09-01,59.15,61.69,59.05,61.44,425796.0,288901.0,-0.01726545510430455,0.0006899513968737394,0.026266925912137862,0.019235068141119336,0.0
2019-09-04,71.19,71.34,70.3,70.61,445121.0,330473.0,0.1391106886888389,7.778305405964495e-05,0.00881947016887324,0.018662892046182548,1.0
2019-09-05,70.23,70.65,69.4,70.39,446996.0,326920.0,-0.0031205699082157423,0.00011493476285903978,0.010720763165887015,0.01867093180109722,0.0
2019-09-07,63.81,64.75,63.76,64.16,421533.0,311157.0,-0.09267124406178073,8.562257094736161e-05,0.009253246508515896,0.018515222287183747,1.0
2019-09-08,57.74,59.1,57.11,58.53,348001.0,259740.0,-0.09184052025513001,0.0004231346601529086,0.020570237241045827,0.018118524256202913,1.0
2019-09-09,61.6,63.0,61.57,62.59,447863.0,287051.0,0.0670660776334806,0.0001901331489669584,0.013788877726884027,0.01814542230533121,1.0
2019-09-10,58.02,59.35,57.91,58.32,410921.0,310354.0,-0.07066043323620708,0.00021759224337196642,0.014751008215439594,0.018167993742885528,1.0
2019-09-12,64.29,64.5,63.61,64.25,481699.0,322578.0,0.09683663607492665,6.96309729692284e-05,0.008344517539632139,0.01801458510417281,1.0
2019-10-01,61.15,61.91,60.44,61.68,400147.0,299052.0,-0.04082199452025481,0.00020827783673394373,0.014431834143099889,0.017963666127249592,0.0
2019-10-04,70.82,71.78,70.57,71.73,429612.0,337873.0,0.15094934088326895,0.00010424404538937794,0.010209997325630302,0.01774953217245559,1.0
2019-10-05,70.45,71.23,70.18,70.62,416392.0,334210.0,-0.015595679638103377,7.954426180746789e-05,0.008918758983595638,0.017751135808618413,0.0
2019-10-06,63.58,64.1,62.05,62.29,413871.0,278162.0,-0.12551249123418629,0.0003810519765539119,0.019520552670298858,0.01770287703072058,1.0
2019-10-07,64.78,67.12,64.63,67.01,400586.0,319174.0,0.07304096271902605,0.0005154367951825275,0.02270323314381737,0.017648196405712024,1.0
2019-10-09,62.82,63.78,62.17,62.38,441955.0,298745.0,-0.07159715080542295,0.00023576387460628008,0.015354604345481523,0.01773342101067222,1.0
2019-10-10,58.04,59.6,57.8,59.1,392306.0,319289.0,-0.054013786767604266,0.00033919654802443393,0.01841728937776767,0.017708899786761493,1.0
2019-10-12,64.03,64.69,63.78,64.34,453918.0,331136.0,0.08495059739882738,7.23883041624292e-05,0.008508131649335782,0.017692052392734272,1.0
2019-11-01,61.19,62.49,60.08,60.48,377813.0,311268.0,-0.06186878993960221,0.0005578946591415566,0.023619793799725616,0.01765114628482436,1.0
2019-11-02,62.11,62.34,60.9,61.51,340254.0,270293.0,0.016887031348999493,0.00019698614223735881,0.014035175176582542,0.017448003213069854,0.0
2019-11-03,65.76,66.75,65.63,66.58,404643.0,269387.0,0.07920446892660138,0.00010327294360161195,0.010162329634567655,0.017297491816706728,1.0
2019-11-04,71.56,71.68,70.57,70.83,403761.0,347619.0,0.06187840761865271,8.784834338653382e-05,0.009372744709343886,0.017267022662453602,1.0
2019-11-06,62.3,62.87,62.01,62.29,378735.0,284160.0,-0.12848174049947758,6.84225715938273e-05,0.008271793734966273,0.017260855311617463,1.0
2019-11-07,66.81,67.65,66.43,66.52,375312.0,327794.0,0.06570175505867315,0.00011945110442324439,0.01092936889409651,0.01712351724736675,1.0
2019-11-09,62.88,63.27,60.52,60.81,421218.0,309968.0,-0.08974840519270888,0.0007122159846069445,0.026687375004052844,0.017127058776114618,1.0
2019-11-10,59.53,60.69,59.21,60.51,374051.0,328716.0,-0.004945608497788356,0.0002198384840623469,0.014826951273351744,0.01707697248901011,0.0
2019-11-11,62.6,62.76,61.57,62.18,448788.0,328200.0,0.027224763996377632,0.00013217311313381118,0.011496656606762298,0.01709810323027999,0.0
2019-11-12,64.0,64.26,63.01,63.72,427836.0,338588.0,0.024465080411240514,0.0001391779410095574,0.011797370088691691,0.01705967583782542,0.0
2019-12-02,61.59,63.34,61.59,62.42,336305.0,274573.0,-0.020612748199214437,0.0002831222314906018,0.01682623640302851,0.016839774366794544,0.0
2019-12-03,66.7,67.39,66.34,66.67,401039.0,278621.0,0.06586933978733533,8.894331200750857e-05,0.009430976195893432,0.016902217737827793,1.0
2019-12-04,70.95,71.87,70.9,71.55,397564.0,358447.0,0.07064142937249152,6.659742746767656e-05,0.008160724690104216,0.016887606340396856,1.0
2019-12-06,61.79,61.85,59.57,59.97,348057.0,289554.0,-0.17655206882204144,0.0005088220006776632,0.022557083159789593,0.016831212158826353,1.0
2019-12-07,66.83,67.29,66.51,66.72,364045.0,338068.0,0.10666032087007249,4.902993946567589e-05,0.007002138206696287,0.01669907998062141,1.0
2019-12-08,58.3,58.88,57.88,58.57,325776.0,265141.0,-0.13028213794880017,0.00010582970963900383,0.010287356785832006,0.016608365161820154,1.0
2019-12-09,61.16,61.39,58.92,60.38,398311.0,322262.0,0.030435304177001576,0.0006082569065943313,0.024662864930788786,0.016483126241101438,0.0
2019-12-11,62.11,62.85,61.82,62.06,430581.0,338328.0,0.02744373474154127,9.847927270829521e-05,0.009923672339829404,0.016566257925920067,0.0
2019-12-12,63.9,64.85,63.87,64.2,410691.0,348401.0,0.03390155167568132,8.362794230427168e-05,0.009144831453026988,0.016532409854848502,0.0
2020-01-04,25.99,26.28,24.52,24.74,537045.0,209759.0,-0.9535818437315733,0.0017330861828904964,0.0416303517027,0.016513554239762345,1.0
2020-01-05,26.95,27.88,25.76,26.44,438210.0,276600.0,0.06645664801914375,0.0022559074989137763,0.047496394588576685,0.01722732925709529,1.0
2020-01-06,37.56,38.68,37.18,38.32,413696.0,230134.0,0.371093938119174,0.0005642149642257936,0.023753209556306144,0.018250913609725687,1.0
2020-01-07,41.58,42.62,41.03,42.03,532441.0,227164.0,0.09241169591436549,0.0005213645751613519,0.022833409188322096,0.018208404342175296,1.0
2020-01-09,45.6,46.22,45.47,45.58,481797.0,249221.0,0.0810853748005127,9.653226417048897e-05,0.009825083417991369,0.01823257836592027,1.0
2020-01-10,42.17,42.56,39.92,40.93,531522.0,232198.0,-0.10760573331322654,0.0014790465476985453,0.03845837422068886,0.01808831642388972,1.0
2020-01-12,47.79,48.3,46.88,47.42,476525.0,231569.0,0.14718079013294805,0.0003211620906813319,0.01792099580607428,0.018487318512043383,1.0
2020-02-01,66.41,66.58,65.72,66.25,647098.0,315791.0,0.3343913842290718,6.096267107666589e-05,0.00780785957075727,0.018507315306763503,1.0
2020-02-03,48.95,53.2,48.4,51.9,494581.0,227039.0,-0.24411667469448828,0.0032249015067868756,0.05678821626699394,0.018366821468920404,1.0
2020-02-04,25.61,36.29,25.45,29.94,537959.0,225093.0,-0.5501234111803606,0.045409486319447856,0.21309501711548268,0.019649949723079138,1.0
2020-02-06,38.34,39.75,38.26,39.57,408305.0,234525.0,0.27887587640585076,0.0005264439769299622,0.02294436699780498,0.03368282090014914,1.0
2020-02-07,41.84,43.23,41.73,43.14,519619.0,240297.0,0.08637938556367697,0.00044979881987009765,0.021208461044359105,0.033781273327030896,0.0
2020-02-09,45.83,46.05,44.2,44.43,483175.0,258813.0,0.02946427598680712,0.0006063805396036633,0.024624795219527477,0.0338238466746952,0.0
2020-02-10,40.65,40.77,38.79,39.27,526003.0,243186.0,-0.12345404835789875,0.0008939119454557523,0.029898360246939166,0.033898231514600495,1.0
2020-02-11,37.37,39.36,35.74,38.97,507992.0,277571.0,-0.00766874923930061,0.0033572617158878584,0.05794188222596724,0.033817333043505794,0.0
2020-02-12,47.05,48.76,46.82,48.25,477037.0,241000.0,0.21360370843437693,0.0005945155882254514,0.02438269034018706,0.034565631691104895,1.0
2020-03-01,66.28,69.5,66.22,68.6,625982.0,329001.0,0.35189670694684505,0.000842953602288817,0.029033663259892248,0.03467430813144971,1.0
2020-03-02,56.16,56.77,54.08,54.45,481495.0,263329.0,-0.23100968535287025,0.0008499203900088321,0.029153394142172058,0.034798648724343115,1.0
2020-03-03,53.47,53.9,51.22,51.86,474469.0,235968.0,-0.04873506926845117,0.000938127060800024,0.030628859933076583,0.03496226200791873,0.0
2020-03-04,29.89,35.0,28.25,34.11,505708.0,239466.0,-0.41895718367996393,0.016556741691555795,0.12867300296315384,0.035098547532472546,1.0
2020-03-06,39.75,40.53,38.76,39.79,401293.0,239369.0,0.15402502800828266,0.0007191650046799778,0.026817251997174836,0.0388221747191884,1.0
2020-03-07,42.76,42.99,42.32,42.8,503218.0,253076.0,0.07292247814891395,8.899018699025718e-05,0.009433461029243572,0.03894670238614356,0.0
2020-03-08,43.53,44.46,42.89,44.15,438839.0,220717.0,0.031054824462217745,0.0004661670483684673,0.021590901981354722,0.03893189407789375,0.0
2020-03-09,44.65,44.65,43.15,44.07,480371.0,269057.0,-0.0018136481960731032,0.00042116526070497755,0.02052231129051934,0.038995580623212844,0.0
2020-03-11,39.26,40.45,38.65,39.71,496579.0,283461.0,-0.10417623371073548,0.0007473371037698053,0.02733746703280692,0.03903150254147974,0.0
2020-03-12,48.0,48.94,47.67,48.71,469523.0,250338.0,0.204281302675291,0.00024933764507517565,0.015790428907258208,0.03910673877104515,1.0
2020-04-02,54.33,55.65,53.69,53.96,449213.0,265268.0,0.10235868352110389,0.0004636834452229193,0.021533310131582634,0.039012734520625314,0.0
2020-04-03,52.11,53.03,51.04,51.13,457747.0,246162.0,-0.05387162224764719,0.0005276372684800758,0.022970356298500808,0.039095078052906414,0.0
2020-04-05,26.1,28.08,25.5,27.2,431809.0,277082.0,-0.6311544357899566,0.003350275518856341,0.05788156458542168,0.039182949136793266,1.0
2020-04-06,39.6,40.1,39.04,39.99,395826.0,244535.0,0.38541244955677545,0.000258848780316929,0.016088778086508902,0.03987122252354044,1.0
2020-04-08,43.84,44.82,43.24,44.43,428947.0,225770.0,0.10528549408909038,0.00046454155666427605,0.021553226131237894,0.039836870955490614,0.0
2020-04-09,43.76,44.54,42.3,42.66,465461.0,278886.0,-0.04065320390461302,0.0009603369584385655,0.030989303936012593,0.03989423217692044,0.0
2020-04-11,40.13,41.33,39.42,41.23,487183.0,289652.0,-0.03409556632439559,0.0008074548280979674,0.028415749648706565,0.04004908038358031,0.0
2020-04-12,48.96,49.92,48.84,49.25,462929.0,259446.0,0.17774322089928907,0.00017254187504844512,0.013135519595678167,0.04020231217010562,1.0
2020-05-02,54.05,56.46,54.05,55.28,429817.0,267028.0,0.11550181184131691,0.0006863461336012625,0.02619820859526969,0.04019490396133816,0.0
2020-05-03,51.66,52.04,49.7,49.99,461330.0,257640.0,-0.10058819403393571,0.0007634418810357073,0.027630452059923073,0.04031540655793261,0.0
2020-05-05,28.1,32.06,27.77,30.97,426270.0,278260.0,-0.47880399144036767,0.007442914255159264,0.08627232612581663,0.040456523572660066,1.0
2020-05-06,39.84,42.48,39.72,42.3,379803.0,249840.0,0.31176809206712086,0.0016277047868405862,0.04034482354454641,0.0418858926636239,1.0
2020-05-08,44.28,46.23,44.24,45.17,423240.0,231818.0,0.0656460636142806,0.0006982510943002812,0.026424441229669953,0.0421066004812736,0.0
2020-05-10,39.19,41.78,39.14,41.29,503509.0,254037.0,-0.0898128097685138,0.0015366641375053425,0.039200307875134635,0.042198032233954026,0.0
2020-05-11,40.96,41.53,40.33,40.93,462175.0,295663.0,-0.008757049393687488,0.0003100671615803083,0.01760872401908521,0.04243385108113378,0.0
2020-06-01,69.35,70.74,68.21,68.91,607377.0,342113.0,0.5209380148648055,0.0004784036460598316,0.021872440331609812,0.042480501784538,1.0
2020-06-02,55.56,56.58,54.25,54.93,409084.0,268289.0,-0.22674165801458823,0.0006378223065767038,0.0252551441606795,0.04246490529423217,1.0
2020-06-03,50.25,50.45,45.18,45.27,455065.0,269518.0,-0.19341508590666123,0.004390236282872916,0.06625885814646156,0.04255132725372692,1.0
2020-06-04,31.76,34.24,30.03,33.05,485269.0,253127.0,-0.31462299515017245,0.006208215551765565,0.07879223027536132,0.043382771235153,1.0
2020-06-05,32.27,32.27,28.66,29.72,416652.0,279123.0,-0.10620134644813684,0.005076267388078891,0.07124792900905184,0.044542911447067186,0.0
2020-06-07,42.79,43.71,42.74,43.1,496281.0,267003.0,0.3717027772601438,0.00018164542541933434,0.013477589748146154,0.045470155491883026,1.0
2020-06-08,45.32,45.71,44.85,45.09,417796.0,239441.0,0.04513749532329081,0.00013011420885564924,0.01140676154110575,0.045481552441320884,0.0
2020-06-10,41.41,42.84,41.22,42.65,487366.0,266085.0,-0.05563321849530478,0.000535961196079233,0.023150835753363914,0.04537477180339423,0.0
2020-06-11,40.63,40.69,39.34,39.45,443518.0,301829.0,-0.07799322664580455,0.00041059989938104245,0.020263264775969406,0.04543279243098588,0.0
2020-07-01,68.63,68.75,67.65,68.27,588810.0,355063.0,0.5484363841383058,9.38317895305762e-05,0.009686681037929152,0.0454838331114969,1.0
2020-07-02,55.14,55.4,54.21,54.47,384964.0,269963.0,-0.22582034003460594,0.00017006002323625844,0.013040706393300112,0.045475524244621805,1.0
2020-07-04,33.66,34.18,31.74,31.87,462886.0,266438.0,-0.5359849629663382,0.001978411865952962,0.04447934201348938,0.04545480101359606,1.0
2020-07-05,29.64,31.84,29.08,29.46,383622.0,279522.0,-0.0786317173947606,0.0029652937583131223,0.0544545109087679,0.04579989167838032,0.0
2020-07-07,43.13,43.45,42.46,43.08,478058.0,281086.0,0.3800254412537032,0.00019160019224145924,0.013841972122550285,0.046324309852014654,1.0
2020-07-08,45.15,45.3,44.27,44.4,398364.0,246526.0,0.03018061714999165,0.00019079286446990398,0.013812779027766425,0.046267209264498094,0.0
2020-07-09,42.2,42.43,41.51,42.01,459632.0,289427.0,-0.05533178425688856,0.000173319347674149,0.013165080617837058,0.04629273559146829,0.0
2020-07-10,41.85,42.42,41.36,41.99,461647.0,277779.0,-0.0004761904851888765,0.00023096805009322573,0.015197633042458478,0.046304883066931306,0.0
2020-07-12,49.23,49.43,48.4,48.79,447146.0,269277.0,0.15009387913164396,0.0001599325923625711,0.012646445839150663,0.04623693381090305,1.0
2020-08-01,71.22,71.75,64.94,65.44,543176.0,365741.0,0.2936083184667462,0.0035868622131678316,0.05989041837529466,0.04624800828390415,1.0
2020-08-04,32.63,33.87,31.54,32.84,440360.0,279630.0,-0.6894864077102643,0.0018321695701533577,0.04280384994545885,0.04687499875280844,1.0
2020-08-05,29.6,31.14,29.43,30.97,369578.0,280768.0,-0.05862829059911645,0.0011504889644571288,0.0339188585370606,0.046892610269247195,0.0
2020-08-06,42.4,43.41,40.68,40.8,360679.0,254554.0,0.2756630874250048,0.0015216558114117624,0.03900840693250318,0.04669575200832045,1.0
2020-08-07,42.81,43.47,42.75,43.29,439560.0,293139.0,0.05923958004377328,0.00010061058765132968,0.010030482922139377,0.04686630562649101,0.0
2020-08-09,42.08,42.23,39.31,39.78,421052.0,298766.0,-0.08455738802806323,0.0018516987253187466,0.04303136908487513,0.04679143123069824,0.0
2020-08-10,42.15,43.47,41.86,43.34,447091.0,290173.0,0.08571172268238714,0.0005137193067359279,0.02266537682757399,0.04710298091384062,0.0
2020-08-12,48.58,49.0,48.09,48.84,431421.0,279588.0,0.11947365313429081,0.00012674585257814653,0.011258146054219875,0.04693188706647386,0.0
2020-09-01,66.0,66.1,64.56,65.37,500247.0,375751.0,0.2915137883821344,0.00020043377033070284,0.014157463414422191,0.046897353368662534,1.0
2020-09-03,38.28,38.34,31.02,34.36,412503.0,279306.0,-0.6431703405085836,0.01618896039812705,0.12723584557084158,0.04692212986753802,1.0
2020-09-04,33.82,36.4,31.18,31.48,439662.0,293921.0,-0.08754067356685225,0.008641936513295938,0.09296201650833494,0.049170661165934174,0.0
2020-09-06,41.1,41.45,39.85,41.18,345216.0,259187.0,0.2686002780504406,0.0005589147483162266,0.023641377885314268,0.04248483756266355,1.0
2020-09-07,43.3,43.5,41.94,42.35,407695.0,304026.0,0.0280157194984203,0.0004810583870453628,0.021933043269126217,0.04249120617550192,0.0
2020-09-09,39.65,41.2,39.37,40.79,391948.0,307600.0,-0.03753146776859628,0.0007445251785326185,0.02728598868526883,0.04249733632870732,0.0
2020-09-10,43.36,43.57,42.61,42.85,443411.0,303404.0,0.049268691714321466,0.0001790358302591547,0.013380427132911515,0.04252441658252448,0.0
2020-09-11,39.65,43.48,39.46,42.4,417944.0,307506.0,-0.010557282805876422,0.003394528395135428,0.0582625814321287,0.04238409375891078,0.0
2020-09-12,48.84,49.55,48.4,48.86,414300.0,289027.0,0.14181070359168224,0.00019888464350774294,0.0141026466844966,0.042391420300397255,1.0
2020-10-01,65.29,65.66,64.86,64.98,475981.0,386568.0,0.28512046441135963,5.420149432602277e-05,0.007362166415262749,0.04231357543397041,1.0
2020-10-02,54.2,54.71,53.11,53.27,371460.0,272488.0,-0.1987062093120464,0.0003177456497282334,0.0178254214460201,0.04215795058515366,1.0
2020-10-03,35.84,38.22,35.0,37.22,374646.0,287840.0,-0.35852706971480286,0.0027937481188541674,0.05285591848463299,0.04205262439534043,1.0
2020-10-06,40.72,41.99,40.14,41.73,337489.0,264692.0,0.1143740433893563,0.0007322532133250304,0.027060177629221697,0.04241874863983869,0.0
2020-10-07,42.36,43.42,41.32,43.24,392542.0,314910.0,0.03554569816754638,0.0008863679943509406,0.02977193299654795,0.03918684424054375,0.0
2020-10-08,44.66,45.26,44.37,44.99,377978.0,253726.0,0.03967425008207348,0.00014225787203008417,0.011927190449979584,0.03922238490998671,0.0
2020-10-09,40.58,40.96,39.71,40.06,368023.0,317680.0,-0.11606191261540877,0.0003464495287969209,0.018613154724466265,0.039233700727535466,0.0
2020-10-11,41.75,44.11,41.71,43.61,374157.0,311173.0,0.08490815161700294,0.0011288767047585,0.033598760464613873,0.03920826418989953,0.0
2020-10-12,49.0,51.06,48.86,50.25,399809.0,298901.0,0.14172406508450974,0.0006996090780405377,0.0264501243483001,0.03935839391437592,1.0
2020-11-02,53.62,54.69,53.6,54.01,340526.0,274830.0,0.07215866766561474,0.00014617737629560573,0.012090383628967517,0.03934828718538706,0.0
2020-11-03,37.27,39.7,35.35,35.79,335241.0,293970.0,-0.41150068982686516,0.004857644843119615,0.06969680654893462,0.039326433433642345,1.0
2020-11-05,30.7,31.47,29.35,29.63,355738.0,282701.0,-0.18888116319246073,0.0017543061876733595,0.041884438490606024,0.04024675212455842,1.0
2020-11-06,40.95,41.01,37.82,38.55,322626.0,271261.0,0.26316873842386457,0.0023650880410054998,0.04863217084405651,0.04049994492048357,1.0
2020-11-08,45.05,45.79,44.39,44.5,357381.0,260189.0,0.14353308916285634,0.0003477602467150842,0.018648330936442654,0.040296721296709595,1.0
2020-11-09,39.96,40.34,39.38,39.83,361195.0,329730.0,-0.11086879197864175,0.0002092302207555847,0.014464792454632202,0.04031510393187634,0.0
2020-11-11,43.77,45.3,43.6,43.8,335579.0,312999.0,0.09501342018884751,0.000527685001215386,0.02297139528229372,0.0402622952165693,0.0
2020-11-12,50.45,50.74,49.74,49.97,369865.0,309522.0,0.13178900797371318,0.0001429038615316902,0.01195424031595861,0.04017264679047747,1.0
2020-12-02,54.41,56.36,54.39,55.79,304844.0,276680.0,0.11017181650132324,0.0004565739647218093,0.021367591458136066,0.04003455633211999,0.0
2020-12-03,35.99,36.46,32.5,33.22,307942.0,300695.0,-0.5184425376722879,0.00476789322045475,0.06904993280557738,0.040093635016931445,1.0
2020-12-05,30.07,30.7,29.35,29.98,342441.0,287144.0,-0.10262161151069726,0.0007293943836693677,0.027007302413780014,0.040933181572555564,0.0
2020-12-06,37.88,39.45,37.01,38.73,311538.0,279316.0,0.25608400085220895,0.0014702141101008237,0.038343371136362325,0.040926249466111154,1.0
2020-12-08,44.62,45.63,44.49,45.43,339297.0,266818.0,0.15955818624465135,0.00023088100730874327,0.015194769077177293,0.03969147128722647,1.0
2020-12-10,42.6,42.71,41.36,41.72,424904.0,316429.0,-0.08519204963874039,0.00037207856179985704,0.019289338034257603,0.039397112795472616,0.0
2020-12-11,43.73,44.5,43.26,43.53,329449.0,317563.0,0.04246972543163441,0.0002880596888131334,0.016972321255889936,0.0393280598014215,0.0
2021-01-02,54.91,56.53,54.6,56.35,539484.0,294582.0,0.25813188492157924,0.0004352250320993001,0.020862047648764013,0.03906259353395925,1.0
2021-01-03,64.85,65.93,63.17,63.69,663221.0,313963.0,0.12244532389748919,0.0006595877403647447,0.02568244031171385,0.03908928469680617,1.0
2021-01-04,63.12,65.17,62.38,64.86,553818.0,255960.0,0.018203536495897232,0.0006904950622723653,0.026277272732769762,0.039127891752726046,0.0
2021-01-06,69.39,71.34,69.29,70.25,548775.0,313712.0,0.0798292073346838,0.0003066110745981853,0.01751031337806909,0.039139108220227,0.0
2021-01-07,74.69,76.74,74.55,75.84,646528.0,281085.0,0.07656554973291119,0.00030234514316749184,0.01738807474010541,0.03825976178881318,0.0
2021-01-09,71.68,72.38,70.42,71.59,569337.0,257237.0,-0.0576704585386727,0.0002718221326176629,0.016487029223533962,0.036951024324910056,0.0
2021-01-10,78.49,79.41,77.55,79.28,607001.0,286245.0,0.10203049061363867,0.00020261104071646213,0.014234150509126357,0.0358511382116255,0.0
2021-01-11,83.63,85.12,83.03,84.71,576332.0,323325.0,0.06624776842172686,0.00022290412226103903,0.014929973953796404,0.035856011183491854,0.0
2021-01-12,69.8,72.87,68.14,68.87,513160.0,262647.0,-0.20701298888685216,0.0016245120140708953,0.040305235566498,0.03587757010372148,1.0
2021-02-02,56.35,58.05,56.33,57.46,537998.0,299326.0,-0.18113161600546412,0.0003262847122957539,0.018063352742382955,0.03612952463264143,1.0
2021-02-03,63.12,64.13,62.38,62.7,627917.0,325394.0,0.0872723940877318,0.00027609359435048586,0.01661606434600221,0.03611007196147019,0.0
2021-02-06,70.55,71.48,70.35,71.35,536400.0,317691.0,0.12923589628397014,9.158273294681395e-05,0.009569886778160647,0.03615210911979485,1.0
2021-02-07,75.64,76.43,75.21,76.17,621980.0,294737.0,0.0653703404618513,9.338677761692932e-05,0.009663683439399768,0.03613401498548697,0.0
2021-02-08,75.39,75.39,72.31,72.89,533627.0,279652.0,-0.044016228990575,0.000627539268750814,0.025050733896451297,0.03569663785520698,0.0
2021-02-09,71.31,73.47,70.92,73.03,562386.0,269972.0,0.00191886023789678,0.0004500605863046678,0.021214631420429342,0.03514665530800559,0.0
2021-02-11,84.45,85.23,83.76,84.72,554606.0,327117.0,0.14848138566113267,0.00010917145674361007,0.010448514571153646,0.03520788338673804,1.0
2021-02-12,69.72,70.7,65.72,69.67,490969.0,267544.0,-0.19558189225112343,0.0019242574947614572,0.043866359488353455,0.03518855916031099,1.0
2021-03-02,57.85,58.94,57.5,58.46,521834.0,305350.0,-0.1754270493589276,0.0002206680275971495,0.014854899110971757,0.03560080052793984,1.0
2021-03-03,62.38,64.7,62.38,64.07,609519.0,337309.0,0.09163347596783034,0.00048094189200160976,0.021930387411115422,0.03559838944655446,0.0
2021-03-05,66.7,67.82,66.1,67.56,624820.0,322379.0,0.05303985628866936,0.00023800622402847,0.015427450341144192,0.03567345632515224,0.0
2021-03-06,71.27,71.99,70.66,71.31,524449.0,323355.0,0.054020478100612834,0.0001254178749978581,0.011199012233132799,0.034882391255429836,0.0
2021-03-08,73.08,73.55,71.05,72.41,516069.0,283058.0,0.015307841360517216,0.00043132489523001736,0.02076836284424021,0.0344722403987754,0.0
2021-03-09,72.86,73.69,72.4,72.61,550789.0,283337.0,0.002758241991426047,0.00011249560543328589,0.010606394553913497,0.03429794877672003,0.0
2021-03-11,84.07,84.2,81.1,81.99,545135.0,331456.0,0.12149463521593074,0.0005075210547009785,0.022528227952969992,0.033953840531779855,1.0
2021-03-12,70.22,72.62,69.24,69.88,481079.0,272921.0,-0.1598178033422304,0.0008193178805418355,0.028623729326239716,0.034053562632638465,1.0
2021-04-01,51.5,53.33,50.56,51.09,586077.0,266494.0,-0.31319070192314946,0.0010261065887762575,0.03203289853847537,0.03379998196097273,1.0
2021-04-02,58.59,59.12,58.04,58.84,514071.0,311325.0,0.14123311239053038,0.00012259928220013585,0.011072456014820554,0.033926075054389764,1.0
2021-04-03,64.1,67.75,63.33,66.74,583449.0,347746.0,0.12598257758999054,0.0016416311273246345,0.040517047366813816,0.033925056508277,1.0
2021-04-05,67.75,69.5,67.37,68.88,615626.0,331674.0,0.031561386796247426,0.000349451844937958,0.018693631133034534,0.03427724339907873,0.0
2021-04-06,71.25,72.17,70.73,71.89,518313.0,330666.0,0.04277131287630542,0.0001465090550562811,0.012104092492057433,0.0301817429221685,0.0
2021-04-08,72.33,72.83,70.11,70.38,495415.0,287796.0,-0.02122804110234089,0.0005225280958866752,0.02285887346057708,0.027737107783302507,0.0
2021-04-10,79.49,82.0,78.75,81.26,601860.0,298108.0,0.14374475866614134,0.0005898718427705385,0.024287277384888957,0.02772617362665432,1.0
2021-04-11,81.58,84.49,80.2,80.54,538097.0,337017.0,-0.008899935136272852,0.000979379888538847,0.031295045750707046,0.027758859154705925,0.0
2021-05-01,50.95,53.9,50.7,53.6,577670.0,280348.0,-0.40720488734655147,0.001351083566961449,0.036757088662752506,0.027829274276156956,1.0
2021-05-02,59.17,59.79,59.08,59.34,486461.0,316808.0,0.10173454678591964,5.147034038006944e-05,0.007174283265948553,0.02817805237560981,1.0
2021-05-03,67.16,69.69,66.67,69.36,569041.0,357956.0,0.15602671760961062,0.0007078748531446824,0.026605917633952834,0.02717140043201099,1.0
2021-05-04,64.57,64.81,61.25,62.15,542134.0,263559.0,-0.10975951451556654,0.001151200360359434,0.033929343647636834,0.027327059329487004,1.0
2021-05-05,69.35,69.95,68.35,68.96,605749.0,340763.0,0.103975808398717,0.00019311183818302078,0.01389646855078731,0.02765956409691217,1.0
2021-05-07,76.23,77.26,75.7,77.16,620623.0,309464.0,0.1123545616820909,0.00015007145817880189,0.01225036563449442,0.027621988629328856,1.0
2021-05-08,70.27,71.5,69.75,71.29,486593.0,294526.0,-0.07912512290799079,0.0002214716637344618,0.01488192406023031,0.026812552622994514,0.0
2021-05-10,81.27,83.13,81.19,82.56,597896.0,311525.0,0.14676923660371521,0.00020111177794922876,0.014181388435171952,0.026653329104153956,1.0
2021-05-11,81.25,83.16,80.26,82.74,508370.0,342212.0,0.0021778593000130186,0.00045441358923738347,0.021316978895645215,0.026438211274485115,0.0
2021-06-01,53.52,54.73,53.02,54.3,550313.0,293878.0,-0.4211789340933758,0.00036341690941213233,0.019063496778191885,0.02653642045719619,1.0
2021-06-04,62.32,64.28,62.08,62.74,529718.0,271593.0,0.14447497582264246,0.00043740973273126074,0.02091434275159659,0.026541748253610206,1.0
2021-06-05,68.47,69.37,67.93,68.09,602062.0,350850.0,0.08183115673234287,0.00015870488612902974,0.012597812751784721,0.026323752597687,1.0
2021-06-07,77.06,77.84,74.13,74.53,607309.0,323806.0,0.09037136939872781,0.0008601599745904608,0.02932848401452862,0.026151957497652853,1.0
2021-06-08,71.2,72.43,70.28,70.7,466014.0,301295.0,-0.05275615599107564,0.0003274977853282993,0.018096899881700712,0.02637848727525182,0.0
2021-06-09,72.57,72.78,71.51,72.22,551421.0,297761.0,0.021271442946784624,0.00011177172272880146,0.010572214655823134,0.0249062670821509,0.0
2021-06-10,82.57,83.47,80.6,81.08,576779.0,324494.0,0.11571930573448697,0.00044153850292227555,0.0210128175864703,0.024350494154158166,1.0
2021-06-12,70.24,73.8,70.24,73.08,462716.0,277689.0,-0.10388159007399267,0.0008816276762608942,0.029692215751959204,0.02368306159650051,1.0
2021-07-01,54.13,54.9,53.94,54.38,545864.0,307763.0,-0.29555829230548136,0.00011224382661875206,0.010594518706328855,0.023870173796519942,1.0
2021-07-04,62.6,63.55,61.6,63.16,515507.0,279120.0,0.14967475018311616,0.0003503098527085275,0.018716566263835027,0.02383629075954954,1.0
2021-07-05,68.26,68.65,67.39,68.28,578276.0,361901.0,0.0779457085387989,0.00012376767157481076,0.011125091980510128,0.02377419829770654,1.0
2021-07-06,71.82,72.27,71.1,71.49,498201.0,338323.0,0.04594068185252009,9.608353534865665e-05,0.00980222093959612,0.023767489732813413,0.0
2021-07-07,74.69,75.99,72.6,73.43,608890.0,338965.0,0.02677499168475883,0.0007511825729548174,0.027407710100532248,0.02364075706013886,0.0
2021-07-09,72.29,72.81,71.1,71.69,535156.0,311975.0,-0.02398130359873818,0.00020371626034506652,0.014272920526124515,0.022179725357140315,0.0
2021-07-10,80.98,82.5,79.08,81.95,556054.0,336846.0,0.13375803732505798,0.0006465189778652908,0.025426737460108616,0.02198133105302698,1.0
2021-07-12,73.6,76.27,73.2,75.44,427361.0,281727.0,-0.08277166686463655,0.0006087870200615051,0.024673609789844394,0.021666810163446824,1.0
2021-08-01,54.56,56.36,54.34,55.99,520897.0,321097.0,-0.29816453496439976,0.0004804834743470104,0.021919933265113066,0.021811673393041672,1.0
2021-08-02,59.43,60.72,59.43,60.56,467407.0,321905.0,0.0784615057683915,0.0001663182038602249,0.012896441519280615,0.021853051154179237,1.0
2021-08-03,69.97,71.38,67.8,68.24,550474.0,368041.0,0.11939629405422991,0.0009549454045848503,0.030902190935026764,0.021806577448053588,1.0
2021-08-04,63.02,63.43,62.38,63.2,513894.0,287707.0,-0.07672660203061188,0.0001004946587978634,0.010024702429392277,0.02200429108619616,1.0
2021-08-06,71.42,72.42,70.71,72.22,481405.0,346484.0,0.13341271469650007,0.0002059428629142571,0.014350709491668247,0.021791526063585753,1.0
2021-08-07,73.35,74.4,72.11,74.12,574814.0,354654.0,0.02596838556784764,0.000352518333709882,0.018775471597536026,0.021605433071119756,0.0
2021-08-09,71.64,72.95,71.55,72.6,521625.0,326083.0,-0.020720479586409546,0.00013543225040939675,0.011637536268875674,0.02162313250146311,0.0
2021-08-10,82.38,83.43,81.96,82.39,540673.0,349398.0,0.12649914849674904,0.0001139760461396299,0.010675956450811791,0.021558710017759924,1.0
2021-08-11,82.58,84.0,82.53,83.43,486170.0,348381.0,0.012543886586484199,0.00011242083464569006,0.010602869170450517,0.02149760939085774,0.0
2021-08-12,75.44,76.37,74.38,75.82,403483.0,286041.0,-0.09564584682579458,0.0002514296591802612,0.0158565336432734,0.02146261958430786,1.0
2021-09-02,60.8,61.34,60.05,61.09,456449.0,328437.0,-0.21601392342651327,0.00016293741997674814,0.012764694276665937,0.02147369239409086,1.0
2021-09-03,68.13,69.33,67.12,67.52,517217.0,377583.0,0.10007566362602649,0.00037851924522466725,0.019455571058816734,0.020898801125131556,1.0
2021-09-04,63.28,63.49,62.57,62.95,490452.0,298824.0,-0.0700830897973459,7.684418510542388e-05,0.008766081513733709,0.020919619117388707,1.0
2021-09-06,72.17,72.87,71.82,72.22,450265.0,354422.0,0.13737625535895592,7.597861130871058e-05,0.008716571075182637,0.020840096941453928,1.0
2021-09-07,74.39,75.8,73.8,75.55,541887.0,369590.0,0.04507767286943665,0.0002578832262348111,0.01605874298426907,0.020833856384146192,0.0
2021-09-08,70.26,70.26,67.6,69.04,439756.0,309164.0,-0.09010864194357548,0.000537240904509029,0.02317845776813093,0.020899549739460743,1.0
2021-09-09,72.61,73.2,70.88,71.45,485786.0,339064.0,0.0343118576007031,0.0003741262550317735,0.01934234357651041,0.020863513763861318,0.0
2021-09-11,83.47,85.3,83.16,84.78,466287.0,354506.0,0.1710617615486152,0.0002328387283996504,0.015259053981150024,0.020833161891248026,1.0
2021-09-12,75.94,76.7,73.84,74.42,376356.0,290591.0,-0.130334943006015,0.000520843560835954,0.0228219973016376,0.020882570617172982,1.0
2021-10-02,61.21,61.69,60.87,61.47,430805.0,336151.0,-0.19117547199955798,6.458292341673571e-05,0.00803635013029769,0.020314810443347108,1.0
2021-10-03,67.46,68.42,66.5,67.9,475808.0,386191.0,0.09948678364573205,0.0002922018556130017,0.01709391282337083,0.020250681592137033,1.0
2021-10-05,68.74,69.2,67.41,68.32,543161.0,371209.0,0.006166514915664223,0.00024772242961637895,0.015739200412231206,0.020172863893680896,0.0
2021-10-06,72.03,72.93,70.95,72.52,429331.0,365241.0,0.0596598364063361,0.00027324919817863164,0.01653025100168269,0.020176877222027514,0.0
2021-10-08,69.35,71.24,68.94,70.63,413188.0,316971.0,-0.02640740246581963,0.00038845082817487393,0.01970915594780441,0.020237841530635597,0.0
2021-10-09,71.37,73.15,70.94,72.92,449217.0,351868.0,0.03190796638963089,0.00033943726573136123,0.01842382332012987,0.02022017957474331,0.0
2021-10-11,84.99,85.5,82.08,82.64,434747.0,360783.0,0.12513087500092102,0.000601039462955598,0.02451610619481809,0.020313493619755183,1.0
2021-10-12,73.99,75.71,73.8,75.15,355078.0,296333.0,-0.09500770861239971,0.00023547675682083003,0.015345251930836131,0.02035182210951667,1.0
2021-11-01,56.24,56.39,54.99,55.66,490568.0,334599.0,-0.30022436010123865,0.00022796172276826727,0.01509840133154061,0.020111339532265408,1.0
2021-11-02,61.01,61.5,60.72,61.14,426886.0,346578.0,0.09390456036494399,5.8761243545859785e-05,0.007665588271350072,0.019777855377886525,1.0
2021-11-03,68.45,69.84,67.99,69.63,466775.0,398170.0,0.13002919249176692,0.00025994570666397314,0.016122831843816184,0.019750939117867034,1.0
2021-11-05,68.29,68.75,67.13,68.55,517290.0,381110.0,-0.015632102946132598,0.00020508535469801364,0.014320801468423953,0.019159110253175796,0.0
2021-11-06,72.41,73.09,71.88,72.69,417207.0,376900.0,0.05864041748822135,0.0001005099767336785,0.010025466409782564,0.019096214219647835,1.0
2021-11-08,70.83,71.72,69.07,71.44,384896.0,324776.0,-0.017345886928300303,0.0005112405102570401,0.02261062825878662,0.019076130273650984,0.0
2021-11-10,82.65,84.6,82.54,83.65,519045.0,363212.0,0.1577834908645892,0.00021917558181439807,0.014804579758115327,0.01907119869830271,1.0
2021-11-11,82.85,83.44,81.66,82.87,417507.0,367801.0,-0.00936831257188242,0.0001677081054673978,0.012950216425504162,0.018908525822342877,0.0
2021-12-01,55.66,56.79,55.51,56.58,466845.0,349469.0,-0.38161754898752953,0.00018744444834551682,0.013691035327743363,0.018547357917585362,1.0
2021-12-02,60.82,62.83,60.35,62.43,415893.0,359299.0,0.09839036320023187,0.0005849447946755286,0.024185631988342348,0.018016950363831025,1.0
2021-12-03,69.59,69.9,69.03,69.22,428150.0,410488.0,0.10324390913354531,5.657601142674187e-05,0.007521702694652447,0.018262030043718448,1.0
2021-12-04,63.03,64.31,62.41,63.28,475944.0,313618.0,-0.08972051474779974,0.0003243818214199967,0.01801060302766114,0.017962370684917295,1.0
2021-12-05,68.78,69.9,68.18,69.32,476707.0,389903.0,0.09116414138800621,0.00022387974526207472,0.014962611578934833,0.017574596770340203,1.0
2021-12-07,75.79,75.84,74.23,75.16,494746.0,383157.0,0.08088570969785991,0.0001660626070041465,0.012886528120643918,0.017589179915259545,1.0
2021-12-08,71.57,71.9,70.67,71.31,371354.0,333454.0,-0.052582604505052366,0.00010738658047632784,0.010362749658094026,0.017596754508671732,0.0
2021-12-10,83.49,84.23,82.72,83.42,497732.0,377444.0,0.15685151872858683,0.00011802643044080751,0.010863996982731884,0.01754264379117802,1.0
2021-12-11,82.83,82.87,81.26,82.17,400424.0,375009.0,-0.015097816825702992,0.00013882836610419993,0.011782544975691794,0.01750313101683095,0.0
2022-01-02,89.62,89.96,87.72,89.16,482096.0,271612.0,0.08164223657457192,0.00022931871739057937,0.015143273007859937,0.01735222872352319,1.0
2022-01-03,98.43,107.67,98.3,104.97,462740.0,256475.0,0.16324208653003858,0.0029898232197712463,0.05467927596239042,0.017287708691623577,1.0
2022-01-04,105.25,106.24,102.35,104.39,409905.0,182499.0,-0.005540709627499751,0.0005018656631566942,0.02240235842844887,0.018477150662113386,0.0
2022-01-06,116.08,118.57,115.4,116.29,411608.0,228677.0,0.10795318588474512,0.0002648657884579395,0.01627469779928154,0.018631275932534292,1.0
2022-01-07,109.49,112.45,108.03,111.63,419711.0,205513.0,-0.04089724027831121,0.0005799586847174705,0.02408233138044302,0.018363084520454515,0.0
2022-01-08,103.92,104.43,99.09,100.03,388342.0,212845.0,-0.10971969002955184,0.0009936701629004328,0.031522534208093624,0.01847729836209402,1.0
2022-01-09,95.18,95.68,91.81,92.36,391247.0,180383.0,-0.0797761565107944,0.0006148421452499537,0.024796010672080974,0.018870846883434676,1.0
2022-01-11,92.67,95.55,92.33,94.65,446016.0,274438.0,0.02449189316903766,0.0004238480936409001,0.020587571339060372,0.018947222913578414,0.0
2022-01-12,86.78,89.37,86.26,86.88,387539.0,215092.0,-0.08565802146970736,0.00045246887750463604,0.021271315838580274,0.018744801850819805,1.0
2022-02-02,89.48,90.52,88.28,89.47,474215.0,276062.0,0.029375517373879667,0.00022645451889420393,0.015048405858900934,0.018895449556474236,0.0
2022-02-03,107.34,115.11,106.83,112.93,436016.0,260178.0,0.23286478417607448,0.0020098667776257137,0.04483153775664754,0.018840747288196673,1.0
2022-02-05,106.3,108.46,103.1,107.58,468811.0,199336.0,-0.048533400890482525,0.0009264519512506269,0.030437673223336684,0.019657282199697357,0.0
2022-02-06,115.02,118.46,112.45,117.61,403485.0,235465.0,0.08913930901784894,0.0009777643390066692,0.03126922351141245,0.020006204464538116,1.0
2022-02-08,99.87,102.41,98.49,100.54,374971.0,218390.0,-0.15681840759851617,0.0005494106188535591,0.023439509782705762,0.020100362679425356,1.0
2022-02-09,92.66,95.32,92.65,93.02,385625.0,188006.0,-0.07774113446847863,0.00029112426215895023,0.017062363908877054,0.020243175454612943,1.0
2022-02-11,94.85,96.5,94.01,96.16,441657.0,278800.0,0.03319894699094661,0.00024648309748229603,0.015699780173056437,0.020096340642626248,0.0
2022-02-12,86.9,87.91,85.16,85.57,367550.0,216406.0,-0.11667871635693405,0.0003643086195945961,0.019086870345727088,0.01994553856166381,1.0
2022-03-01,78.11,79.28,77.04,78.98,536598.0,235372.0,-0.08014009857145954,0.0002962790471580741,0.017212758266997016,0.019896940994424524,1.0
2022-03-02,89.07,91.3,88.02,91.11,468513.0,280871.0,0.14287291186726314,0.0004827937604347938,0.02197256836227376,0.01995129757661329,1.0
2022-03-03,115.27,119.84,109.4,110.46,408473.0,262956.0,0.1925858967472749,0.002996372326627887,0.05473912975767779,0.019753103070692658,1.0
2022-03-05,107.61,108.32,104.62,104.97,461554.0,209982.0,-0.05097886942533503,0.0004356632362825624,0.020872547431556178,0.020939190736954827,0.0
2022-03-06,118.22,121.45,116.02,119.72,396588.0,242770.0,0.13148108793679114,0.0007545849000081963,0.027469708771812568,0.021030415630891523,1.0
2022-03-08,99.73,102.41,96.5,96.78,353650.0,223728.0,-0.21271532161932516,0.0012743594980942502,0.035698172195425495,0.021189136156208724,1.0
2022-03-10,86.35,89.82,86.35,88.86,445420.0,175658.0,-0.0853782638574101,0.0005598632060043554,0.02366142865518385,0.021632420387952416,1.0
2022-03-11,95.36,95.98,94.19,94.67,426993.0,283497.0,0.0633350626330369,0.00012782689523745157,0.01130605568876483,0.021803510371165267,0.0
2022-04-01,78.91,80.55,78.62,80.0,526516.0,249425.0,-0.16837052546691833,0.00021213351849135349,0.014564804100685787,0.021809397795034158,1.0
2022-04-02,91.3,93.7,91.2,93.27,457487.0,285839.0,0.1534718780648907,0.00026377502195189294,0.01624115211282417,0.02179437763515839,1.0
2022-04-03,114.23,118.98,109.62,118.11,395912.0,265190.0,0.23611788088498376,0.00242136092105973,0.049207325888120865,0.021832900018171616,1.0
2022-04-04,104.08,108.68,102.89,107.53,403018.0,192818.0,-0.09384651522132081,0.0010810366203103006,0.03287912134334341,0.022599178844980094,1.0
2022-04-05,105.91,111.0,105.46,110.14,453309.0,221548.0,0.023982405431900666,0.0009454280123223522,0.030747813130730977,0.02296648482145545,0.0
2022-04-07,111.65,114.0,110.4,113.5,412777.0,211646.0,0.03005055308712201,0.00037137131897595145,0.019270996833997755,0.023279824922115954,0.0
2022-04-08,97.1,97.66,93.2,94.12,358931.0,229557.0,-0.18723227306229617,0.0007880840813559806,0.028072835292431375,0.023320414160488735,1.0
2022-04-10,88.81,92.4,88.78,91.8,445516.0,188802.0,-0.024958266232716575,0.0005760852705331071,0.024001776403697855,0.023409879030675047,0.0
2022-04-11,94.58,98.81,94.33,98.57,426884.0,288906.0,0.0711546580509026,0.0007765008341580398,0.027865764553624574,0.02348166135141481,1.0
2022-05-01,80.07,81.5,79.51,80.8,519225.0,264043.0,-0.1987899901502974,0.00022040387325798945,0.01484600529630747,0.02367381369611794,1.0
2022-05-04,108.51,109.9,104.53,106.64,392446.0,203224.0,0.2774817103434035,0.0009051772904150634,0.030086164435086493,0.023567819729287686,1.0
2022-05-05,110.55,114.0,109.2,110.9,433225.0,233340.0,0.03917021848586799,0.0006674251412029341,0.025834572595708528,0.02386319410533386,0.0
2022-05-07,113.54,114.75,101.1,102.77,378943.0,216791.0,-0.07613541271933943,0.0057848966216348,0.07605850788461999,0.023993869098903987,1.0
2022-05-08,93.65,96.4,92.78,94.92,339691.0,234973.0,-0.07945905006941878,0.0005283810915701466,0.022986541531299278,0.02584554102488435,1.0
2022-05-09,93.02,96.99,93.02,95.74,388416.0,195861.0,0.008601752396799611,0.0006299833230504711,0.025099468581037152,0.025927672265210616,0.0
2022-05-10,91.89,93.96,90.76,93.37,437941.0,202076.0,-0.025066089468528396,0.0004330455260957613,0.020809745940202184,0.02600518661100958,0.0
2022-05-12,85.73,88.44,82.52,82.68,356416.0,218553.0,-0.12159235968226678,0.0017313157856423795,0.04160908297045706,0.02603516599421198,1.0
2022-06-01,80.22,82.83,79.61,81.99,515259.0,279601.0,-0.008380446205481284,0.0005670405377721699,0.023812612997572733,0.026394465462623376,0.0
2022-06-04,105.7,108.67,100.54,101.07,379570.0,213715.0,0.2092160574784847,0.002180862409809508,0.04669970460088059,0.026498940923619457,1.0
2022-06-05,111.27,113.5,109.87,112.39,407120.0,244259.0,0.10616161944360503,0.0003810786107476117,0.0195212348673851,0.02710612873240099,1.0
2022-06-06,121.55,121.95,118.77,119.51,394876.0,250549.0,0.06142508434861327,0.00025179955613731207,0.0158681932222075,0.027205039440837495,0.0
2022-06-07,104.88,105.85,98.5,100.69,369819.0,222134.0,-0.17135355995126567,0.0018679906608962634,0.04322025752926819,0.027202544031801133,1.0
2022-06-09,95.19,95.94,92.3,92.83,362798.0,202714.0,-0.08127662651568279,0.000539587346103203,0.02322901948217365,0.02770728226006147,0.0
2022-06-10,93.71,94.98,92.72,94.42,428432.0,215988.0,0.016983051706299435,0.00020917262603519418,0.014462801458749069,0.027839027396711895,0.0
2022-06-12,83.28,83.69,78.7,79.35,353789.0,222726.0,-0.17388446814572234,0.0013631089334982256,0.03692030516529116,0.027748459086187918,1.0
2022-07-01,82.0,83.0,81.42,81.75,483133.0,294352.0,0.029797362804944605,0.00013323126832841527,0.011542584993337292,0.028089900988064055,0.0
2022-07-02,92.75,94.0,92.13,92.69,427059.0,289391.0,0.12559478211037867,0.0001456311311782736,0.012067772419890658,0.028079671001757223,1.0
2022-07-03,122.79,139.13,119.04,123.21,371643.0,267642.0,0.2846296247488356,0.008771638411370072,0.09365702542452473,0.028067259127807113,1.0
2022-07-04,101.78,103.59,98.41,100.58,357599.0,223112.0,-0.2029367858927582,0.0009491214015469445,0.030807813968974567,0.03040091986369898,1.0
2022-07-06,119.94,121.37,118.55,120.57,376862.0,257851.0,0.18127706638540086,0.00019933329802239956,0.014118544472515556,0.030644602870016944,1.0
2022-07-07,100.14,106.35,98.5,104.65,354363.0,227822.0,-0.14160904823721054,0.0021206419805916794,0.04605042866892424,0.030610578939386693,1.0
2022-07-09,92.81,93.8,87.4,88.0,351728.0,210393.0,-0.17328463441380215,0.001801272780744049,0.04244140408544526,0.03112266452164056,1.0
2022-07-10,94.71,98.58,93.94,97.92,423722.0,230571.0,0.106814004285809,0.0008383531829521437,0.02895432926096102,0.031557467417748356,1.0
2022-07-11,97.31,99.56,96.5,97.92,406555.0,293174.0,0.0,0.00035148753675296314,0.018748000873505505,0.03174990592946977,0.0
2022-07-12,79.76,80.49,76.91,77.17,342732.0,227909.0,-0.23814003829450403,0.0007465879022950019,0.02732376076412253,0.031811122975599515,1.0
2022-08-02,92.63,92.93,89.93,90.78,404008.0,293577.0,0.16242821655880757,0.00038838062424682753,0.01970737486949562,0.03196993698104354,1.0
2022-08-03,124.56,133.15,121.31,127.98,346114.0,269665.0,0.3434350046829948,0.003127997000524396,0.05592849900117467,0.03201137145379487,1.0
2022-08-04,101.42,103.3,99.65,102.78,329147.0,231149.0,-0.219283220147231,0.0004667408557735025,0.02160418607060915,0.032047321240607905,1.0
2022-08-06,120.65,124.4,120.45,123.58,364741.0,264456.0,0.1842979380687506,0.00037552933886120536,0.019378579381915624,0.0320381863600662,1.0
2022-08-07,104.65,107.47,103.67,107.02,336296.0,234199.0,-0.14387298674967486,0.00046740622580709293,0.02161957968618014,0.032066957725188916,1.0
2022-08-08,94.51,96.82,93.01,96.65,325129.0,239451.0,-0.10191952722881936,0.000581314888315664,0.02411047258590474,0.03203769503934202,1.0
2022-08-09,87.7,89.83,87.24,89.15,329021.0,218362.0,-0.08077586134518988,0.00030870669110925566,0.01757005097059356,0.03193025705383742,0.0
2022-08-11,98.24,98.3,95.0,95.36,386387.0,296386.0,0.06733885900789005,0.0004205552944413352,0.020507444854036185,0.03185025993544044,0.0
2022-08-12,77.46,79.17,75.74,76.15,321966.0,232570.0,-0.224954123975869,0.0007075316095182142,0.026599466338974063,0.031849398392567216,1.0
2022-09-02,91.08,92.09,90.05,91.55,380475.0,297534.0,0.1841801917793493,0.00018099248006771222,0.013453344568088346,0.031916065288534905,1.0
2022-09-03,130.28,131.64,105.6,111.14,319668.0,271902.0,0.19390539673125495,0.017522142048489557,0.1323712281747418,0.031904192872644725,1.0
2022-09-05,112.94,113.2,105.0,105.94,374501.0,253386.0,-0.04791777173539469,0.0020393975637756404,0.04515968958900892,0.0357269568258476,0.0
2022-09-06,123.6,124.34,122.5,123.07,349020.0,270521.0,0.14988040306786488,8.016691987404342e-05,0.00895359815236553,0.03598561570375116,1.0
2022-09-08,96.36,98.4,94.9,96.31,308170.0,243543.0,-0.24518114361147259,0.0004730879156579295,0.021750584260151026,0.03577715165566592,1.0
2022-09-09,88.62,93.12,88.6,92.84,303541.0,225810.0,-0.03669457416653632,0.0008929458613711696,0.029882199741169818,0.03575936989852111,0.0
2022-09-11,95.17,95.65,92.33,92.65,368749.0,299379.0,-0.0020486286748671034,0.0004501090449056842,0.021215773492985923,0.03589934394283729,0.0
2022-09-12,76.63,77.48,75.11,76.1,305101.0,237613.0,-0.19678068786372904,0.00034808790858358404,0.018657114154755662,0.03594658066237341,1.0
2022-10-01,81.76,82.3,80.5,80.87,459239.0,310015.0,0.06079466224009078,0.00017637870267612658,0.013280764385987976,0.03594282009154264,0.0
2022-10-02,91.75,93.1,90.88,91.41,366798.0,302230.0,0.12251195455799646,0.00021007840785193402,0.014494081821624094,0.035915010469973446,1.0
2022-10-03,112.65,118.36,109.0,109.33,291068.0,273325.0,0.17901594978066626,0.0024478746603615173,0.04947600085254989,0.03585167668578307,1.0
2022-10-05,105.5,106.96,101.54,102.46,341218.0,261301.0,-0.0648983529353373,0.0009753414934420681,0.03123045778470223,0.03572395685546066,0.0
2022-10-06,122.89,124.33,119.81,122.01,327032.0,275646.0,0.17463053007618612,0.0004946212652588057,0.022240082402248552,0.03584962665119596,1.0
2022-10-08,96.34,97.97,93.63,97.4,295855.0,246833.0,-0.22527679793875333,0.0007404770019429752,0.027211707075135424,0.03578914645230194,1.0
2022-10-10,98.75,98.75,95.6,96.19,406234.0,244870.0,-0.012500808483965287,0.00037905534356099513,0.01946934368593341,0.035664617791051616,0.0
2022-10-11,92.53,94.32,91.73,93.67,360227.0,303376.0,-0.02654743494348466,0.00027962167454597363,0.01672189207434295,0.035622345484368934,0.0
2022-11-01,81.08,83.98,80.89,83.72,435141.0,325547.0,-0.11230006964323991,0.0005068855826588127,0.022514119628775465,0.03565783799946675,1.0
2022-11-02,91.17,95.66,90.51,94.44,362403.0,308614.0,0.12048681463951283,0.001104564882070024,0.03323499484083041,0.03572665594761153,1.0
2022-11-03,110.26,113.91,107.13,112.67,258950.0,273758.0,0.1764984799587621,0.0013582030339197543,0.03685380623381734,0.03592223697842756,1.0
2022-11-04,103.21,103.3,97.57,98.48,301860.0,238099.0,-0.134609710299876,0.001174598130174849,0.03427241062684166,0.0356747503343094,1.0
2022-11-05,101.51,108.29,101.3,107.51,315779.0,269121.0,0.0877303846209383,0.001605868457740441,0.040073288581553186,0.035696598856376376,0.0
2022-11-07,107.0,107.7,103.64,107.1,313648.0,240257.0,-0.003820889043433695,0.0005325618698742451,0.02307730204929175,0.03585044645007952,0.0
2022-11-08,97.04,100.17,96.63,99.6,282667.0,250252.0,-0.07260081286315057,0.0004669007467093934,0.0216078862156712,0.03588789517165443,0.0
2022-11-10,95.93,96.46,93.11,94.29,391739.0,259272.0,-0.05478702511296607,0.00045062508160905905,0.021227931637563258,0.03581323727721657,0.0
2022-11-11,93.84,96.92,93.69,95.99,347843.0,308266.0,0.017868879897859458,0.0004143538425088409,0.020355683297517697,0.03578403220887048,0.0
2022-12-01,83.78,85.21,83.52,84.67,407459.0,341201.0,-0.12548267172125982,0.00014474127106319738,0.012030846647813169,0.03569959632728817,1.0
2022-12-04,99.35,105.6,98.9,104.64,279813.0,244275.0,0.2117645400547028,0.001549702902507466,0.0393662660473084,0.03568193008458782,1.0
2022-12-05,107.67,108.71,104.69,107.45,301664.0,277304.0,0.02649973537963124,0.0005120832549710926,0.022629256615520815,0.0358321395969636,0.0
2022-12-07,106.25,106.56,98.9,99.49,291795.0,246236.0,-0.0769684864872513,0.0020071516580902216,0.04480124616671083,0.03579599414262844,0.0
2022-12-08,99.33,100.38,96.94,98.15,271289.0,254372.0,-0.01356021587879841,0.0004385682815100272,0.020942021905967608,0.034905454883155634,0.0
2022-12-09,92.54,95.17,91.21,94.0,264266.0,232050.0,-0.04320213845246634,0.0006514739046574504,0.02552398684879481,0.034884006370145396,0.0
2022-12-10,93.72,95.17,91.56,92.45,376228.0,273234.0,-0.016626824436870358,0.0005393478835175418,0.02322386452590399,0.03488913981158694,0.0
2022-12-12,76.88,78.59,75.26,77.99,285950.0,243377.0,-0.17008734449072715,0.0006760886916824851,0.02600170555333794,0.034914521087213705,1.0
2023-01-02,85.56,86.21,82.37,82.84,487095.0,226858.0,0.06033042318497728,0.0007488160559673557,0.02736450357611765,0.03466174641469794,0.0
2023-01-03,83.05,84.49,82.61,84.31,491516.0,285662.0,0.017589445407200976,0.00018263078598153548,0.01351409582552734,0.03470542113974048,0.0
2023-01-05,80.11,80.24,78.13,79.31,554395.0,319588.0,-0.06113625783935639,0.00025612089692016366,0.016003777582813492,0.034222250015006506,0.0
2023-01-06,72.15,75.25,72.03,74.28,517160.0,273118.0,-0.06552248761072299,0.0006898221796888264,0.026264466103251106,0.034191808485744386,0.0
2023-01-08,85.24,85.91,84.21,84.91,563614.0,275833.0,0.13375013552676673,0.00014407563654005628,0.01200315110877374,0.03429839857172655,1.0
2023-01-09,86.82,88.99,86.74,88.55,506279.0,277997.0,0.041975492217570576,0.00023653489786181544,0.01537969108473299,0.03387695717611618,0.0
2023-01-11,85.45,87.24,84.58,84.63,535419.0,330474.0,-0.04527855054682828,0.00034582770448205857,0.0185964433288212,0.033802327632502675,0.0
2023-01-12,80.67,81.54,78.75,78.88,465691.0,258099.0,-0.07036110338763457,0.0004371775150585344,0.020908790377698428,0.03383600062087473,0.0
2023-02-01,,,,85.91,433318.0,201173.0,0.08537252635558534,,,0.03360718297787702,0.0
2023-02-02,83.34,83.61,81.25,82.17,478407.0,238571.0,-0.04450996470686874,0.0002956836365068133,0.017195453948843958,,
2023-02-03,84.31,85.1,83.83,84.75,484129.0,290905.0,0.030915474317463776,8.15426424632355e-05,0.009030096481391298,,
2023-02-05,79.28,79.78,75.07,75.32,543775.0,325588.0,-0.11796004247160852,0.001335555389107412,0.03654525125248713,,
2023-02-06,74.28,76.5,74.18,76.13,515035.0,281398.0,0.010696701529169239,0.00034206444084810303,0.018494984207836,,
2023-02-08,85.86,85.99,82.74,83.2,540657.0,283634.0,0.08880494250904203,0.0005353823907153128,0.02313833163206269,,
2023-02-10,92.18,93.33,90.35,90.71,587776.0,287745.0,0.08642025679969034,0.0003798040072445002,0.019488560933134603,,
2023-02-11,85.0,87.05,84.64,86.85,525024.0,333708.0,-0.04348511193973881,0.0002842992246617449,0.016861175067644157,,
2023-03-01,85.96,87.0,81.78,82.1,421266.0,210194.0,-0.05624447622873152,0.0013808631458990712,0.03715996697925163,,
2023-03-02,82.27,84.2,79.62,79.94,460107.0,249961.0,-0.02666166317520524,0.0011282310074606859,0.03358915014496029,,
2023-03-03,84.61,86.0,82.36,85.83,472464.0,296420.0,0.07109224244695067,0.0006745821371948727,0.025972719095136588,,
2023-03-04,86.0,86.44,83.5,84.93,509376.0,229950.0,-0.010541207938210562,0.0004318815374632096,0.020781759729705508,,
2023-03-05,75.31,75.58,71.7,72.33,526174.0,330565.0,-0.16058840693072796,0.001001731754120893,0.031650146194305215,,
2023-03-07,75.11,76.6,74.56,74.65,530683.0,244248.0,0.03157154312400934,0.0002627930310804714,0.01621089235916615,,
2023-03-08,83.46,85.41,82.36,85.14,525522.0,291143.0,0.13148643641480717,0.0004769153619646371,0.02183839192716893,,
2023-03-10,90.4,91.56,89.5,90.92,566138.0,296468.0,0.06568303858433655,0.0001867675527793692,0.013666292576239147,,
2023-03-11,86.92,87.8,84.56,84.89,500043.0,336859.0,-0.06862369823446635,0.0005099104499100379,0.02258119682191442,,
2023-04-01,82.31,82.72,77.72,77.84,402184.0,219871.0,-0.08670086287212708,0.0014020727689527412,0.03744426216328399,,
2023-04-04,84.89,86.04,83.82,84.94,496641.0,240916.0,0.0872896870073756,0.00024646071709987844,0.015699067395863946,,
2023-04-05,71.28,73.72,71.28,72.5,517165.0,335869.0,-0.15835856302449614,0.000408601712666066,0.020213898997127347,,
2023-04-07,74.89,76.29,74.74,76.25,526879.0,255946.0,0.05043085362689226,0.00015196444454406954,0.012327385957455438,,
2023-04-08,85.31,86.65,85.06,86.24,517390.0,300147.0,0.1231166916731663,0.00012370932506320197,0.011122469377939504,,
2023-04-09,88.95,89.22,88.26,89.0,500483.0,284905.0,0.03150226257145228,4.2211096723959896e-05,0.0064970067511093054,,
2023-04-10,91.04,91.21,85.75,85.81,543287.0,305029.0,-0.03650081991311005,0.001374312035785403,0.03707171476726431,,
2023-04-12,79.5,79.72,77.52,78.03,453496.0,263547.0,-0.09504218169035994,0.00028245581026318335,0.016806421697172284,,
2023-05-01,78.16,79.97,77.61,78.69,389299.0,230035.0,0.008422714418222732,0.00032363933438541115,0.017989978721093897,,
2023-05-04,85.22,85.54,84.01,84.99,497025.0,253394.0,0.07701751996364248,0.00011748580304654871,0.010839086817926532,,
2023-05-05,72.69,75.75,72.41,75.3,483297.0,340613.0,-0.12105346770468728,0.0007334199244479685,0.027081726762670958,,
2023-05-06,77.68,78.73,76.31,76.71,488601.0,288015.0,0.01855194316535691,0.00035155096878839494,0.018749692498502342,,
2023-05-07,76.03,76.95,75.3,76.65,513089.0,267764.0,-0.0007824726533813831,0.00016945790454747617,0.013017599799789368,,
2023-05-09,88.91,91.15,88.06,90.04,508298.0,292844.0,0.16100441072070826,0.00042899586478430823,0.020712215351919944,,
2023-05-10,85.88,86.52,83.84,84.07,537381.0,314752.0,-0.06860423089132617,0.00035709233137652875,0.018896886817053458,,
2023-05-12,78.1,79.09,77.0,77.2,443741.0,269530.0,-0.0852503281164747,0.0002586835796839644,0.016083643234166955,,
2023-06-01,78.8,80.59,78.05,78.57,382520.0,240668.0,0.01759049015699965,0.0003699055099829086,0.019232927753800477,,
2023-06-02,79.61,81.43,79.1,80.99,447551.0,260970.0,0.03033574307316833,0.0003039729721803754,0.01743482068105019,,
2023-06-03,85.83,86.35,84.34,86.18,467381.0,302701.0,0.06211244192679377,0.00020007399676815653,0.014144751562617016,,
2023-06-04,84.89,85.45,84.05,85.12,476677.0,264626.0,-0.01237610659435795,9.842625425554576e-05,0.009921000668054899,,
2023-06-06,76.55,76.75,74.72,76.29,476299.0,294769.0,-0.10952015749119592,0.0002591584485708633,0.016098398944331804,,
2023-06-07,76.7,77.09,75.03,76.52,497762.0,279431.0,0.0030102764699133644,0.0002645997597875732,0.016266522670428774,,
2023-06-09,90.12,91.1,89.25,90.6,494883.0,300598.0,0.16890206847688205,0.00015181551915685704,0.01232134404831133,,
2023-06-10,84.49,84.95,83.44,84.58,520472.0,323380.0,-0.06875638100459103,0.00011601632974670506,0.01077108767705031,,
2023-06-11,85.55,86.46,84.88,85.18,486222.0,340148.0,0.007068832450724649,0.00012268622644471606,0.011076381468905631,,
2023-06-12,77.12,77.65,74.11,74.3,424314.0,274673.0,-0.13665571277135413,0.0007852790336241235,0.028022830578371693,,
2023-07-02,81.26,84.13,81.19,83.69,430872.0,272328.0,0.11900854432106911,0.00045636253688423204,0.021362643490079405,,
2023-07-03,86.23,86.75,82.83,83.29,455442.0,308836.0,-0.004791002097532804,0.0007711736042310937,0.02777001267970711,,
2023-07-06,76.22,77.64,75.51,76.95,449314.0,300657.0,-0.07917263366236149,0.00027909737519961293,0.016706207684558844,,
2023-07-07,76.52,78.54,76.03,78.47,502029.0,292057.0,0.019560525854493527,0.00038049409696530156,0.019506257892412414,,
2023-07-08,86.23,86.73,85.03,85.34,503662.0,309768.0,0.08392689162047251,0.0001413372648795226,0.011888535018223338,,
2023-07-09,90.81,90.89,89.46,89.92,488894.0,308653.0,0.05227710838552646,9.0705270674772e-05,0.009523931471549552,,
2023-07-11,85.15,85.19,81.4,81.61,453935.0,342812.0,-0.09696858266422925,0.000746973151026164,0.02733080955672854,,
2023-07-12,74.5,75.48,73.6,74.05,406517.0,279515.0,-0.0972112627673436,0.00022945499494083323,0.015147771946422788,,
2023-08-02,84.11,85.15,83.51,85.09,421498.0,283545.0,0.13896897914765827,0.00013641603404186843,0.011679727481489816,,
2023-08-03,83.03,83.59,82.06,82.66,428724.0,313835.0,-0.028973710777879802,0.00012308332527882039,0.011094292464092534,,
2023-08-05,75.23,77.43,74.95,77.01,465447.0,344928.0,-0.07080052553242755,0.00038220702154979463,0.019550115640317698,,
2023-08-06,76.8,77.68,73.58,75.96,422533.0,304958.0,-0.013728397607073894,0.0010604906653228737,0.032565175653186236,,
2023-08-08,85.79,86.34,83.32,86.17,484074.0,320677.0,0.12611520330759074,0.00045721582103464237,0.021382605571694073,,
2023-08-09,89.79,91.02,89.3,90.65,474586.0,315616.0,0.0506838479491849,0.0001312713583572874,0.011457371354603436,,
2023-08-11,81.4,81.96,79.2,79.54,418837.0,344718.0,-0.13074589742131604,0.0004232170092631054,0.02057223880045887,,
2023-08-12,74.59,76.36,74.2,75.84,390845.0,285331.0,-0.04763418183277768,0.00029697673311772767,0.017233012885671722,,
2023-09-01,78.42,81.37,78.42,79.65,362478.0,251152.0,0.049016178409290845,0.0004918334634103322,0.02217731867044193,,
2023-09-02,84.96,85.5,83.05,84.5,405487.0,294134.0,0.05910949800707055,0.0003048669694758881,0.017460440128355532,,
2023-09-03,82.55,84.0,81.42,81.59,407376.0,318751.0,-0.03504482892241878,0.0003510010010939133,0.018735020712396164,0.020678181769581503,0.0
2023-09-05,76.71,77.5,75.07,77.44,447714.0,350308.0,-0.05220326247238738,0.0003660346909516878,0.019132033110772304,0.02070046273328943,0.0
2023-09-06,75.53,76.57,74.71,74.79,397082.0,308897.0,-0.034819256764746065,0.0002181128067828866,0.014768642685869497,0.02081467490771304,0.0
2023-09-08,86.0,87.65,85.91,87.55,462892.0,332113.0,0.15752587252828487,0.0001450116365358067,0.01204207774994858,0.0203623831727781,1.0
2023-09-10,86.45,89.0,86.0,88.15,514726.0,333553.0,0.006829850112018754,0.0004240587688293116,0.020592687265855118,0.020281578712462986,0.0
2023-09-11,79.7,81.48,79.44,80.01,391475.0,346064.0,-0.09688828198184662,0.00023187896823845933,0.015227572631199606,0.020235786156503326,1.0
2023-10-01,79.54,80.89,78.81,80.1,344044.0,261480.0,0.0011242272122808927,0.00024476002829622366,0.015644808349616294,0.020174776927018655,0.0
2023-10-02,84.22,86.9,83.93,86.39,389746.0,304654.0,0.07559607429647919,0.00043616085079279163,0.020884464340576028,0.020158438368308006,1.0
2023-10-03,81.47,83.11,80.73,82.78,389518.0,324152.0,-0.042685442050206746,0.00030447362316660543,0.017449172563952866,0.019764048148016158,0.0
2023-10-04,85.1,85.66,84.09,84.18,465689.0,276127.0,0.016770877021838437,0.00012341815385479192,0.011109372342972034,0.019413611448127477,0.0
2023-10-05,77.36,77.6,75.68,76.41,431085.0,356708.0,-0.0968437856829496,0.0002263869789826334,0.01504616160296816,0.019175563696274094,1.0
2023-10-07,78.6,78.77,77.36,77.69,472344.0,303660.0,0.01661297130285444,0.00011766943254158255,0.010847554219342836,0.019086050763891815,0.0
2023-10-08,87.39,88.1,86.2,86.4,432857.0,342563.0,0.10626112684768074,0.00017144363735408871,0.013093648741053378,0.018696068082234125,1.0
2023-10-10,88.17,88.49,86.91,87.65,498501.0,344671.0,0.01436393555723292,0.00011707199769738424,0.01081998140929014,0.018655306801017606,0.0
2023-10-11,79.85,82.06,79.79,81.43,383442.0,348392.0,-0.07360785588820296,0.00028382967772362975,0.016847245404624157,0.01849386607596258,1.0
2023-11-01,79.52,83.0,79.31,82.67,318352.0,270750.0,0.015113023785543689,0.0007459099353486227,0.027311351767142954,0.018537550661240118,0.0
2023-11-04,84.24,85.67,83.75,85.61,453775.0,288389.0,0.03494531948981017,0.00018530401464171328,0.013612641721639238,0.01864333954192096,0.0
2023-11-05,76.62,77.41,74.61,74.98,402825.0,363436.0,-0.13258068744662843,0.0004895390958942897,0.02212553040933233,0.018091286024957888,1.0
2023-11-07,77.82,79.5,77.63,79.4,452148.0,316736.0,0.05727695694532464,0.0002043527754549973,0.014295201133772036,0.018202910106630665,1.0
2023-11-08,86.37,87.35,85.84,86.81,407060.0,353045.0,0.08922345415062605,0.00010967428679108396,0.010472549202132399,0.018109163078302622,1.0
2023-11-09,90.83,91.45,90.11,90.64,456241.0,324059.0,0.04317379431603463,7.858860123621526e-05,0.008865021220291312,0.018089691855695308,0.0
2023-11-10,87.72,88.26,85.21,85.82,490728.0,357803.0,-0.05464353715637227,0.0004460822852829717,0.021120660152631872,0.018068894248686778,1.0
2023-11-12,75.73,76.5,75.01,76.03,377295.0,291607.0,-0.12112408032303357,0.00013953799621952686,0.011812620209738688,0.018254208442060958,1.0
2023-12-01,82.88,84.62,82.37,84.03,302701.0,280432.0,0.10004587869978199,0.0002619456631462272,0.01618473549818554,0.017681531566018586,1.0
2023-12-04,85.59,87.49,85.39,87.33,451516.0,301689.0,0.03852016848551454,0.0002128954326840007,0.014590936662325716,0.017671862458010165,0.0
2023-12-05,75.35,75.85,74.03,74.17,390835.0,370871.0,-0.16333429067717464,0.0002127515050215371,0.01458600373719742,0.01761956273690711,1.0
2023-12-06,74.87,74.87,71.58,71.84,365124.0,313272.0,-0.03191833175452263,0.0007283392818480799,0.026987761705041045,0.017664562059088493,0.0
2023-12-07,79.32,80.55,79.21,80.11,423636.0,328581.0,0.10895926623308139,0.00010150055137169339,0.010074748203885464,0.017662165081402784,1.0
2023-12-09,90.62,92.4,90.52,92.06,435290.0,333003.0,0.13903984816206982,0.00015240472685064169,0.012345230935492526,0.017543790023987944,1.0
2023-12-10,85.53,87.64,85.18,86.0,476514.0,371001.0,-0.0680932421355882,0.00029235829549556904,0.017098488105548076,0.017535687861543907,1.0
2023-12-12,76.17,76.66,72.86,73.24,367577.0,298886.0,-0.16060557644719786,0.0009322453299341346,0.030532692805157795,0.01747063410286013,1.0
,56.0,56.21,55.28,55.45,411590.0,425657.0,-0.2782600060099334,0.00010038960644276913,0.010019461384863416,0.017742856006441373,1.0
,55.64,55.92,55.19,55.86,399648.0,445058.0,0.007366846720654685,6.227682482375064e-05,0.007891566690065455,0.017668353244656376,0.0
,55.74,56.95,55.4,55.47,364194.0,462645.0,-0.007006226449887798,0.00027462931507774084,0.016571943611952727,0.017522658520478757,0.0
,55.48,55.9,53.77,53.92,327519.0,480717.0,-0.02834086746309117,0.0005443362916715574,0.023331015658808286,0.017508697857739057,0.0
,54.29,54.77,53.9,54.16,289023.0,497504.0,0.00444116199996758,9.247242948111859e-05,0.00961625860099023,0.01767179123882616,0.0
,54.33,55.8,54.18,55.49,248359.0,472973.0,0.0242601957337909,0.0003130689256721095,0.01769375386039123,0.017668983422250012,0.0
,55.7,55.75,54.65,55.23,206057.0,445654.0,-0.004696540424713902,0.00014323544685032483,0.01196810122159421,0.01769439129010753,0.0
,55.42,55.87,55.07,55.44,191153.0,417804.0,0.0037950709685512507,7.50227960086398e-05,0.008661570066023815,0.01763714105456094,0.0
,55.24,55.65,54.75,55.08,176043.0,389284.0,-0.006514681021193347,9.588278789986556e-05,0.009791975689301192,0.017600820033718375,0.0
,55.39,56.55,55.21,56.24,127745.0,357872.0,0.020841573641955158,0.0002074211198857703,0.014402122061896653,0.017591284968090346,0.0
,56.09,56.5,54.86,55.52,105536.0,325392.0,-0.01288493130386037,0.000312943972383739,0.01769022250803361,0.017631379839722672,0.0
,55.47,55.7,54.97,55.23,61984.0,291605.0,-0.005237032285452692,6.277302200789344e-05,0.00792294276187159,0.01740670284780854,0.0
,55.25,56.0,54.9,55.7,51306.0,259982.0,0.00847386302014197,0.00014194670088197886,0.011914138696606602,0.01721724364652969,0.0
,56.68,56.81,55.41,55.59,396012.0,334027.0,-0.0019768179678605335,0.0002245614202860073,0.01498537354509414,0.016909948661310254,0.0
,55.75,56.46,55.53,55.97,365732.0,345666.0,0.006812503937890568,9.949515061800266e-05,0.009974725591112904,0.016883051594609757,0.0
,55.82,56.25,55.56,55.75,346891.0,357056.0,-0.0039384225630403336,5.494427560811979e-05,0.007412440597274274,0.016743778407928123,0.0
,55.74,56.24,55.13,55.65,313775.0,369458.0,-0.0017953326186743723,0.00014332198660570102,0.011971716109468225,0.016700725499788224,0.0
,55.73,55.88,55.1,55.81,289409.0,381716.0,0.0028709870787881897,7.126702102020036e-05,0.008441979686080769,0.016726959600740124,0.0
,55.9,56.42,55.7,56.18,246728.0,394032.0,0.006607756875755655,5.949566094374818e-05,0.007713343045900926,0.016386866956540513,0.0
,56.17,57.31,56.1,56.66,207855.0,404469.0,0.00850767272627273,0.00016423871495573007,0.012815565338904487,0.016300207148522417,0.0
,56.74,57.01,55.64,55.84,169471.0,379581.0,-0.014578035948253465,0.0002134008310497986,0.014608245310433372,0.016314425041456585,0.0
,56.2,57.26,56.18,56.58,134533.0,353415.0,0.013165107419304434,0.00013077232886462482,0.011435572957426525,0.016360493763824955,0.0
,56.4,56.66,55.74,55.99,105695.0,325857.0,-0.010482462512618973,9.66578139648284e-05,0.009831470590142067,0.01623191849365736,0.0
,55.96,56.77,55.86,55.93,53740.0,296243.0,-0.001072194527306003,9.418203198799498e-05,0.009704742757435407,0.015729313307604003,0.0
,56.02,56.15,55.23,55.59,36153.0,266834.0,-0.00609757986811843,9.843635437676886e-05,0.009921509682340126,0.015535788810935572,0.0
,51.49,51.7,50.85,51.35,465175.0,352727.0,-0.07933839259081044,9.911992224913598e-05,0.00995589886696003,0.015518166254801144,1.0
,51.34,51.86,50.25,50.92,433915.0,367798.0,-0.008409162685361515,0.0003587250673441299,0.018940038736605845,0.015343137416928438,0.0
,51.5,52.15,51.36,51.81,417948.0,384363.0,0.017327407137491146,8.403901812272805e-05,0.009167279755888769,0.015376638276896639,0.0
,52.08,52.65,51.5,51.74,396597.0,401834.0,-0.0013520040688139723,0.00017590855965018504,0.013263052425825098,0.01515402357825789,0.0
,51.74,52.18,51.53,51.76,371985.0,419587.0,0.00038647343476183593,5.66723676614646e-05,0.007528105184006438,0.015082941483012115,0.0
,51.8,51.94,51.01,51.62,350330.0,439359.0,-0.002708455902177054,0.00011773656523733918,0.010850648148260046,0.014919438546945845,0.0
,51.7,52.22,50.73,50.96,335637.0,459325.0,-0.012868183026559787,0.0003022421478645382,0.01738511282288781,0.014780099609300825,0.0
,50.86,50.98,49.71,50.64,310363.0,442518.0,-0.0062992334279874385,0.00022953840670138557,0.015150524964547782,0.014827457642682666,0.0
,50.83,51.1,50.25,50.56,272049.0,424563.0,-0.0015810279973185182,0.00010148111958308267,0.010073783776867691,0.014874887550778603,0.0
,50.64,51.06,50.4,50.8,237885.0,405686.0,0.00473560474583401,6.1049898446682e-05,0.007813443443622153,0.014693059092449211,0.0
,51.03,51.1,50.03,50.75,219156.0,385559.0,-0.0009847366625392873,0.00016151560667851346,0.012708879048858458,0.01459584990094815,0.0
,50.77,51.87,50.77,51.33,179397.0,363680.0,0.011363758650314804,0.00016571425865146515,0.01287300503578963,0.01454824481867302,0.0
,51.43,52.48,51.36,52.42,150134.0,339695.0,0.02101282132304849,0.00016784751243726406,0.012955597725974053,0.014392497493544716,0.0
,52.39,53.1,52.03,52.96,93142.0,314053.0,0.010248713733492565,0.00014945785979933427,0.01222529589823225,0.014313171635112948,0.0
,52.83,53.45,52.35,52.83,72150.0,287058.0,-0.002457700452528133,0.00015596238672088125,0.01248849016978759,0.014328324303814371,0.0
,55.66,56.06,55.56,55.89,426421.0,381408.0,0.056306262105382476,2.8949183621139154e-05,0.0053804445560882005,0.01428730674938125,1.0
,55.55,55.98,55.29,55.36,403521.0,392450.0,-0.009528161972192528,5.547887911748977e-05,0.007448414537167609,0.01423546498487402,0.0
,55.39,55.48,54.61,54.89,350038.0,401176.0,-0.008526128747616823,9.01021974350915e-05,0.009492217730071908,0.014167417455731454,0.0
,54.78,55.2,52.58,52.93,321739.0,410665.0,-0.036360896691901345,0.0008528485095064973,0.02920357015000901,0.014151544816518305,0.0
,53.09,53.55,52.68,52.99,279161.0,419267.0,0.0011329306347742651,9.676941180137384e-05,0.00983714449428155,0.01448274379702642,0.0
,53.0,53.29,51.57,51.96,234927.0,428719.0,-0.019629024702271902,0.0003882304844024712,0.01970356527135308,0.014104285134827635,0.0
,52.11,52.57,51.42,51.6,197830.0,437098.0,-0.006952519314881389,0.00017645032940941344,0.013283460746711056,0.014223676282658634,0.0
,51.6,52.39,51.3,52.1,138498.0,408317.0,0.009643276271804169,0.00015943577665872296,0.012626788057884038,0.01403904629544986,0.0
,51.81,52.46,51.38,51.82,97884.0,376325.0,-0.005388773625357501,0.00015607164638271672,0.012492863818305102,0.014012358981955176,0.0
,51.57,51.76,50.45,51.44,45762.0,341324.0,-0.0073600952046000145,0.0002370161382749066,0.015395328456220303,0.014039924984333324,0.0
,51.58,52.12,51.31,51.73,37166.0,306378.0,0.005621804086059612,8.848492453508853e-05,0.00940664257506835,0.014133646115435038,0.0
,50.89,52.63,50.74,51.82,433264.0,404579.0,0.0017382911185404026,0.00048239846604250514,0.02196357134080214,0.013921206718668006,0.0
,51.88,52.36,51.1,51.65,391465.0,421443.0,-0.003285979568316222,0.00021399992763418437,0.014628736364914926,0.014124954430638123,0.0
,51.2,52.61,51.04,52.21,366238.0,439334.0,0.010783851856813076,0.000331056154398567,0.018194948595656076,0.014096639389433785,0.0
,52.19,52.74,51.11,52.51,326551.0,458053.0,0.005729580227307185,0.0003554741961906146,0.018854023342263437,0.01416631876803729,0.0
,52.57,53.82,52.55,53.61,280657.0,474286.0,0.020731990189678307,0.00020567662515261914,0.014341430373314203,0.014250028033555942,0.0
,53.85,54.37,53.66,53.87,249024.0,452911.0,0.004838118852996232,6.231821289186746e-05,0.007894188551831497,0.013941027748300071,0.0
,53.87,54.43,53.2,54.15,210755.0,428148.0,0.005184236754557148,0.00018843253728271155,0.013727073150628707,0.013917586561764535,0.0
,54.14,54.62,53.66,53.96,184978.0,402804.0,-0.0035149421074445186,0.00011340788989020952,0.010649314057262538,0.013939141982611768,0.0
,54.15,54.67,51.03,51.46,149709.0,375145.0,-0.047438224485957026,0.0017122645493886223,0.04137951847700287,0.013831745097829147,1.0
,51.38,52.3,50.71,52.15,113290.0,344939.0,0.01331937459318322,0.0003437787287008964,0.018541270957000127,0.01429396700624295,0.0
,52.24,52.61,51.86,52.29,102790.0,315822.0,0.0026809667532576853,7.435818812586648e-05,0.008623119396475181,0.014435164638705401,0.0
,52.25,52.35,51.19,51.84,43685.0,285013.0,-0.00864309615601977,0.00018109670092043305,0.013457217428593217,0.014442137452661435,0.0
,51.92,51.92,49.81,50.31,25761.0,253776.0,-0.029958187540791936,0.0006208203415610014,0.02491626660559325,0.014388066489245326,0.0
,48.32,48.82,47.87,48.72,430464.0,346470.0,-0.03211424110158578,0.0001392793014531669,0.011801665198317011,0.014432296818724606,0.0
,48.18,48.69,46.74,47.0,387871.0,359996.0,-0.035942021691583115,0.0006025524081375622,0.024546942948920587,0.014459298253948422,0.0
,46.8,47.2,46.7,46.92,353875.0,373607.0,-0.0017035779247835947,4.0906429355748964e-05,0.006395813424088367,0.01462518480923894,0.0
,46.82,47.61,46.81,47.37,343248.0,388938.0,0.00954509315038532,0.00010357317894869247,0.010177090888298702,0.014566761722479152,0.0
,47.21,47.76,46.77,46.91,316074.0,403157.0,-0.009758244595293508,0.000158247686564439,0.012579653674264606,0.014583085640396938,0.0
,46.96,47.23,45.42,46.02,286637.0,419354.0,-0.019154787733146605,0.0005507460092716836,0.023467978380586677,0.014618679891593983,0.0
,45.89,46.63,44.35,44.82,265759.0,435353.0,-0.02642161623443906,0.0009064299558055229,0.030106975201861823,0.014813098368088274,0.0
,44.81,45.79,44.53,45.22,226311.0,413771.0,0.008884998477042938,0.0002808045383248144,0.01675722346705487,0.01514329278326511,0.0
,45.28,45.75,45.03,45.54,186621.0,390473.0,0.007051593785769583,9.075642670322008e-05,0.009526616750096546,0.015262803639075333,0.0
,45.63,46.24,45.04,45.83,174432.0,366298.0,0.006347837885439134,0.0002493651797848647,0.015791300762915787,0.015234828639950584,0.0
,45.85,47.06,45.79,46.65,149270.0,339777.0,0.01773402877232,0.0002699431654948048,0.016429947215216633,0.015248390068473006,0.0
,46.25,47.47,46.25,47.31,122506.0,312665.0,0.014048762349704091,0.000244499911570267,0.015636492943440577,0.01534125809470178,0.0
,47.39,48.03,47.14,47.42,47370.0,282124.0,0.0023223909942027277,0.0001261768657057122,0.011232847622295613,0.015443881006004353,0.0
,47.46,48.12,47.46,47.92,35436.0,251878.0,0.010488873169934632,6.879266961245377e-05,0.008294134651213095,0.015434626931436412,0.0
,47.7,48.53,47.18,48.42,498594.0,378011.0,0.01037999770271858,0.00028706817713372703,0.0169430864110919,0.015433290942715137,0.0
,48.37,49.11,48.15,48.91,468699.0,396816.0,0.010068923041353095,0.0001405648337931039,0.011856004124202383,0.015555685281990186,0.0
,49.14,49.26,48.31,48.42,432905.0,414047.0,-0.010068923041353095,0.00013677810689160543,0.011695217265686236,0.015542997777336337,0.0
,48.4,49.41,48.24,48.84,395481.0,430461.0,0.008636697732591347,0.00020713015686008612,0.014392017122699866,0.015501862291468266,0.0
,48.7,49.81,48.58,49.7,357565.0,446132.0,0.017455283860078996,0.00022549041814820994,0.01501633837352535,0.015542855753375464,0.0
,49.65,50.19,49.19,49.3,312710.0,463821.0,-0.008080852053938603,0.00014608508270802338,0.012086566208316711,0.015611776805987196,0.0
,49.33,49.65,47.81,48.06,261756.0,478909.0,-0.025473850740321602,0.0005143521812527956,0.022679333792084713,0.015639457339859768,0.0
,47.96,48.77,47.68,48.6,224057.0,454903.0,0.01117330059812538,0.00018427229755209885,0.013574693276538473,0.015859525728508638,0.0
,48.64,50.91,48.63,50.2,193593.0,428496.0,0.032391495791235236,0.0007571830754941534,0.027516959779273462,0.01590420581444659,0.0
,50.63,51.06,50.07,50.97,156947.0,400525.0,0.0152221976542668,0.00013826512831347496,0.01175861932003392,0.016111633355770517,0.0
,50.86,51.64,50.5,51.49,114386.0,370382.0,0.010150389706099716,0.0001797333229099185,0.013406465712853574,0.01613965606492147,0.0
,51.6,52.7,51.31,52.52,58754.0,337203.0,0.019806435376545473,0.00025769480321341894,0.01605287523197695,0.016141630771030698,0.0
,52.6,52.92,52.2,52.65,41475.0,303704.0,0.0024721891453891587,6.76834379523656e-05,0.00822699446653306,0.016245079805102564,0.0
,52.02,52.38,50.55,50.73,406615.0,341372.0,-0.03714878700138602,0.00045612544954983273,0.021357093658778404,0.01621938343729712,0.0
,50.65,51.15,50.02,50.8,391784.0,354585.0,0.0013789030058375396,0.0001799964947661892,0.013416277232011465,0.016298255145285434,0.0
,50.98,51.4,50.15,50.27,366090.0,368528.0,-0.010487876879952118,0.00021861430719721594,0.014785611492164128,0.016272904542477037,0.0
,50.4,51.12,50.0,51.03,343949.0,383832.0,0.01500521737139593,0.0001769994768902386,0.013304115035966827,0.01633277814831692,0.0
,50.89,52.96,50.78,52.72,322929.0,401444.0,0.03258119511837165,0.0006372691825261372,0.025244191064998246,0.01639183135028536,0.0
,53.0,53.0,51.3,51.66,278420.0,417240.0,-0.02031110252655699,0.00038333695672185876,0.01957899274022693,0.016631937989312163,0.0
,51.78,52.28,51.39,51.87,240163.0,397443.0,0.004056800695614093,0.00010633339850141856,0.01031180869204906,0.016740621441516588,0.0
,51.68,52.63,51.45,52.57,208656.0,378080.0,0.013405026468047865,0.00018545613469804785,0.01361822803076993,0.016709972202726756,0.0
,52.55,52.71,51.61,52.04,180392.0,358131.0,-0.010132961187052203,0.00016041942143813013,0.012665678877901891,0.01672791506028808,0.0
,52.3,52.68,51.93,52.41,154343.0,337375.0,0.0070847591697704715,7.415928674214814e-05,0.008611578644020394,0.016730135270707373,0.0
,52.38,52.84,51.52,51.89,129938.0,316148.0,-0.00997131943442664,0.00023083442886760987,0.015193236286835332,0.01675263943069421,0.0
,52.04,52.19,51.36,52.0,95481.0,292934.0,0.002117625201779383,9.269346550530362e-05,0.009627744570007226,0.01683964133794677,0.0
,51.97,52.01,50.58,50.86,44919.0,267307.0,-0.022166958587453767,0.0002803449989774555,0.01674350617336332,0.01684092361457221,0.0
,50.58,52.43,50.56,52.38,32823.0,241242.0,0.029448079085592216,0.00047573280677704147,0.02181129997907143,0.01655521014715222,0.0
,54.18,55.21,54.03,55.16,408488.0,334227.0,0.051713213845534955,0.00016834838520082257,0.012974913687605887,0.016744880996868855,1.0
,55.02,55.99,54.93,55.47,363067.0,346406.0,0.0056042811420420335,0.00013176285309586414,0.011478800159244176,0.01663509356589072,0.0
,55.29,55.85,54.86,55.62,336107.0,358523.0,0.002700514738675608,0.00011537039498197497,0.010741061166475822,0.016612692336705884,0.0
,55.59,55.95,54.82,55.48,295959.0,369591.0,-0.0025202533591874854,0.00015014720296621374,0.012253456776200492,0.01659057333687117,0.0
,55.48,55.89,54.89,55.14,285985.0,382291.0,-0.006147189850980617,0.00011756428596162755,0.010842706579153913,0.016587597261884923,0.0
,55.35,56.48,55.26,56.29,269408.0,397257.0,0.020641493880284578,0.00017199324168582164,0.013114619387760425,0.016527477687695448,0.0
,56.17,56.53,55.76,56.43,236391.0,410829.0,0.0024840325051140866,6.784025006770183e-05,0.008236519293227074,0.016569529987393018,0.0
,56.5,56.91,56.22,56.86,214019.0,389296.0,0.007591174241804666,5.3669545421294775e-05,0.00732595013778382,0.01635970722242719,0.0
,56.87,59.25,56.7,59.02,185335.0,366773.0,0.0372842632919399,0.0006979968403999905,0.026419629830866112,0.016277833005859683,0.0
,59.05,59.49,57.77,58.44,132277.0,341518.0,-0.00987578263229505,0.0003104516364572163,0.017619637807208648,0.01646461434308981,0.0
,58.57,58.89,57.57,57.9,95394.0,313951.0,-0.009283202303548954,0.00018535573468736916,0.013614541295518154,0.016441811015551845,0.0
,57.7,58.65,56.85,57.41,57872.0,284790.0,-0.008498880399404385,0.0003504498733227461,0.01872030644307796,0.0164315083897787,0.0
,57.6,57.8,57.14,57.54,44316.0,255760.0,0.0022618539438568064,4.756960781914623e-05,0.006897072409301372,0.016576991955836937,0.0
,56.44,57.57,56.34,57.17,541030.0,432441.0,-0.006451072847521999,0.00016822665829017462,0.012970221983072404,0.01650602759033266,0.0
,57.28,58.47,57.12,57.82,507582.0,453924.0,0.01130545131232008,0.00019680722772517613,0.014028799938882019,0.016533680562803382,0.0
,57.78,58.35,57.18,57.88,472400.0,476599.0,0.0010371651750826771,0.00014797433997771258,0.012164470394460771,0.0157513482256313,0.0
,58.16,58.54,57.74,58.15,434133.0,499182.0,0.004653977201390269,6.829016648932521e-05,0.008263786449886347,0.01564741398590766,0.0
,58.24,58.3,57.02,57.23,358351.0,519214.0,-0.015947642543662433,0.00017775461407606088,0.013332464666222104,0.015644182009694092,0.0
,57.32,57.94,56.6,57.75,315391.0,537286.0,0.009045112980892611,0.00019747376535681212,0.014052535904839814,0.0156424016476061,0.0
,57.95,58.05,57.27,57.37,264629.0,510874.0,-0.006601830788123486,6.6003615064397e-05,0.008124260893422674,0.015415218228586977,0.0
,57.41,58.57,57.04,58.33,230538.0,483221.0,0.016595022151766337,0.00025270702269468393,0.015896761390128616,0.015375555001207188,0.0
,58.44,58.74,57.85,58.44,206422.0,455903.0,0.0018840461169524758,8.407150450936629e-05,0.009169051450906265,0.01518475996422398,0.0
,58.42,59.55,58.05,59.3,169757.0,425200.0,0.014608719121181224,0.00023474130857600436,0.015321269809516584,0.01520843032960096,0.0
,59.37,60.65,58.82,60.44,141967.0,393861.0,0.01904183140085891,0.00033855320571025906,0.018399815371635094,0.015280133788161506,0.0
,60.66,61.0,60.14,60.9,76013.0,359633.0,0.007582037311312462,7.271280443256162e-05,0.008527180333062132,0.01537815270342568,0.0
,60.86,61.41,60.53,61.37,66634.0,325701.0,0.00768794168515452,7.513851039157641e-05,0.00866824725025633,0.015116889907954827,0.0
,63.68,63.77,62.61,63.16,485349.0,405426.0,0.02875007298643517,0.0001215509083066533,0.011025012848366812,0.014651467607910846,0.0
,63.06,63.17,61.21,62.21,449454.0,420020.0,-0.015155430860512631,0.00035830880482875724,0.0189290465905908,0.014560606989363163,0.0
,61.55,62.13,61.3,61.87,430814.0,434980.0,-0.005480348984030492,6.52382583146846e-05,0.008077020385927263,0.014712935879721072,0.0
,61.88,62.15,61.25,61.36,392517.0,449830.0,-0.008277252483897435,7.674403680697211e-05,0.008760367389954152,0.014608275058208641,0.0
,61.41,62.92,61.08,62.72,374662.0,465343.0,0.02192221898315161,0.00031770977096505217,0.017824415024484033,0.014497645143199987,0.0
,62.8,62.8,61.44,62.22,336268.0,482694.0,-0.00800388457266088,0.00017288772739392814,0.013148677781204016,0.014539665712161217,0.0
,62.1,62.87,62.07,62.57,295204.0,497932.0,0.00560943854078122,5.915117560301653e-05,0.007690980145795238,0.0145664131955285,0.0
,62.78,63.43,62.62,63.32,246541.0,470273.0,0.0119153050025389,5.95759302900789e-05,0.007718544570712726,0.014560896325983605,0.0
,63.24,63.57,62.88,63.55,233155.0,443227.0,0.003625762622651685,4.295796245498309e-05,0.00655423240776394,0.014430113110043481,0.0
,63.35,63.95,63.28,63.86,218043.0,415416.0,0.004866189651172803,4.0008578307620996e-05,0.006325233458744506,0.0143736350023117,0.0
,63.8,63.99,63.1,63.84,156869.0,385139.0,-0.0003132341450822196,7.075318454771807e-05,0.008411491220212862,0.014317421475366307,0.0
,63.78,63.89,63.1,63.61,118462.0,354502.0,-0.003609262450840589,5.5834274869122995e-05,0.00747223359305121,0.0142378231540057,0.0
,63.3,64.07,62.5,63.11,66961.0,322693.0,-0.00789145509456457,0.00022200197332163837,0.01489973064594251,0.01413817547552569,0.0
,63.28,64.21,63.21,63.57,49904.0,291293.0,0.007262425352169366,8.886222242859122e-05,0.00942667610712234,0.014182851874252335,0.0
,63.8,64.32,62.36,62.44,361300.0,360517.0,-0.01793556530108642,0.0003454139621113202,0.018585315765714615,0.013930606159577058,0.0
,62.81,63.5,62.01,63.31,336444.0,367403.0,0.01383719890880375,0.0002033439350796493,0.014259871495902384,0.014026670395449043,0.0
,63.39,63.68,63.08,63.23,307124.0,373342.0,-0.0012644224855131725,3.2323551008903816e-05,0.00568538046298608,0.013693678470094325,0.0
,63.36,63.91,63.0,63.41,260457.0,380247.0,0.0028427056414184193,7.417892272338666e-05,0.008612718660410698,0.013629054886060468,0.0
,63.41,63.91,63.3,63.8,215903.0,386743.0,0.006131612638803574,3.317403979474042e-05,0.005759690946113378,0.01356436128552096,0.0
,63.83,64.6,63.67,64.56,190588.0,394985.0,0.011841833610949593,7.584124727291663e-05,0.00870868803396451,0.013425717275456652,0.0
,64.49,64.93,64.2,64.9,148812.0,401579.0,0.005252599748351017,4.6107885957498795e-05,0.006790278783488849,0.013430779867497309,0.0
,64.63,65.28,64.38,65.25,131240.0,368340.0,0.005378422492758439,6.95122703554967e-05,0.008337401894804922,0.013173922035191295,0.0
,65.2,67.1,65.0,67.02,104652.0,335996.0,0.026765036106361606,0.00036465373818765623,0.019095908938504505,0.013103847452146282,0.0
,66.76,66.94,66.03,66.44,59143.0,301451.0,-0.00869179756407057,6.757149795046494e-05,0.008220188437649403,0.01319639377124023,0.0
,66.43,66.85,66.23,66.72,42967.0,268249.0,0.004205473305397334,3.131400508976707e-05,0.005595891804687352,0.013127109693936122,0.0
,66.15,66.98,66.15,66.87,652480.0,277378.0,0.002245678015396102,5.607768975958513e-05,0.007488503839859143,0.012736630479030115,0.0
,69.88,70.37,69.55,70.26,440381.0,426799.0,0.0494522107717934,4.955101955877648e-05,0.007039248508099176,0.012520680286762415,1.0
,70.05,70.13,68.83,69.15,419658.0,446027.0,-0.01592458872691349,0.00012627197500644885,0.011237080359526173,0.012482830683019922,0.0
,69.35,69.59,68.55,69.38,402155.0,465860.0,0.003320583430836521,8.177465585238855e-05,0.009042934028974697,0.012443257579887066,0.0
,69.53,69.63,68.8,69.31,379968.0,487249.0,-0.0010094456117109019,5.1865753850088783e-05,0.007201788239742181,0.012390476710212617,0.0
,69.01,69.08,68.28,68.61,354058.0,507988.0,-0.010150899227093113,4.893772427321989e-05,0.006995550319540265,0.01237547389899825,0.0
,68.8,69.51,68.39,69.03,328212.0,486370.0,0.006102896012584402,9.517023704858269e-05,0.009755523412333277,0.012252377013524645,0.0
,69.17,70.24,69.12,69.96,297885.0,464115.0,0.013382457435016981,9.318650206833076e-05,0.00965331559974762,0.01225406144946517,0.0
,69.97,70.94,69.54,70.53,256528.0,439908.0,0.00811450106968703,0.0001432947799475636,0.011970579766559495,0.012126117009391328,0.0
,70.95,71.28,69.97,70.42,225590.0,414895.0,-0.0015608374931819213,0.00012409809694789112,0.011139932537851885,0.01189546467965663,0.0
,70.07,70.83,70.05,70.52,181840.0,387056.0,0.0014190438027634755,4.422562039075331e-05,0.006650234611707568,0.011864424770748174,0.0
,70.47,70.64,69.07,69.46,141779.0,358453.0,-0.015145310213742214,0.00018220295790965645,0.013498257587913206,0.011802780234433086,0.0
,69.3,69.39,68.4,69.02,87147.0,328452.0,-0.006354729646070645,7.447739438571004e-05,0.008630028643388736,0.011849873303589328,0.0
,68.43,69.15,68.33,69.05,78477.0,300103.0,0.00043456218544424274,5.132553642434964e-05,0.007164184281853004,0.01179653906172388,0.0
,62.85,63.1,61.76,62.72,353897.0,359528.0,-0.09615050381314916,0.0001661769650768867,0.012890964474269824,0.011749653385348127,1.0
,62.84,64.58,61.95,64.36,307693.0,362939.0,0.025811946082030524,0.0006234823042952716,0.024969627636295892,0.011745527520394324,0.0
,64.44,65.15,63.12,64.33,283166.0,366777.0,-0.0004662367012739921,0.00036140066666785824,0.019010540935698234,0.012133347338477263,0.0
,64.66,65.22,64.19,64.84,264457.0,372285.0,0.007896611444566659,9.139694003695831e-05,0.009560174686529442,0.0123428914625751,0.0
,64.96,65.9,64.84,65.67,256595.0,379940.0,0.012719503335405946,9.483930023680356e-05,0.009738547131723682,0.011926314238587102,0.0
,65.64,65.81,64.78,65.25,219385.0,388755.0,-0.0064161540000782225,8.975262442826394e-05,0.009473786171761738,0.011774694576952667,0.0
,65.05,65.53,64.4,65.42,201691.0,396970.0,0.002601975907435161,0.00010912756106243929,0.010446413789547075,0.01170683762634186,0.0
,64.91,66.56,64.62,66.39,178125.0,367518.0,0.014718420620829953,0.00031557753144798896,0.01776450200394002,0.01153377686067585,0.0
,66.3,67.37,65.79,67.31,139887.0,336974.0,0.013762371291553777,0.00020313366523877664,0.014252496807183528,0.011725817984217948,0.0
,67.29,67.9,66.72,67.5,102895.0,306459.0,0.002818783855862428,0.00011085151351536345,0.010528604537894063,0.01175059959526119,0.0
,67.57,67.61,66.32,66.63,67082.0,274630.0,-0.012972671304038563,0.00013385206746018645,0.01156944542578366,0.011689482264468441,0.0
,66.41,66.87,65.43,65.78,58645.0,245964.0,-0.012839085813534545,0.00017092836437936925,0.01307395748728629,0.011679410276323748,0.0
,64.92,65.68,64.05,64.64,346387.0,322538.0,-0.017482426548070862,0.00022777949313754445,0.015092365392394409,0.011752415114953927,0.0
,64.73,65.21,64.06,64.89,346873.0,332216.0,0.0038601144202372595,0.00011418199753725555,0.010685597668696662,0.011787833092581333,0.0
,64.9,65.38,64.61,65.12,328408.0,342235.0,0.0035381930612077284,5.062281145388831e-05,0.0071149709383727154,0.011728802704804512,0.0
,65.07,66.42,64.88,66.21,309956.0,353573.0,0.016599787242469688,0.00019848439156069402,0.014088448869932204,0.011717869523142329,0.0
,66.01,66.39,65.39,66.05,288955.0,365977.0,-0.0024194779684210133,8.307918073422185e-05,0.00911477815057623,0.011679244652052117,0.0
,66.15,67.88,66.15,67.42,281904.0,380299.0,0.02052967883758061,0.0002403869850912359,0.01550441824420497,0.011678536591238745,0.0
,67.61,69.86,67.48,69.47,233396.0,391949.0,0.029953294898874994,0.00043333256238026565,0.020816641476959382,0.01168256442402478,0.0
,69.63,69.7,68.58,68.91,199526.0,369938.0,-0.00809369933567261,9.464786825331928e-05,0.009728713597044539,0.011749977338956429,0.0
,69.11,70.57,68.87,70.45,176855.0,347847.0,0.022101932975572502,0.00021445721939305189,0.014644357937207485,0.011765523866917368,0.0
,70.43,71.05,69.67,70.12,139161.0,323157.0,-0.004695178291655999,0.00013875508395191693,0.01177943478915338,0.011863790724147156,0.0
,70.13,71.03,69.45,70.11,115692.0,297625.0,-0.0001426228341570024,0.00018251406704813955,0.013509776720884012,0.011875869088496829,0.0
,69.72,70.25,68.78,69.53,59443.0,269543.0,-0.008307123107949899,0.00016129634714924553,0.0127002498853072,0.011751865992716683,0.0
,69.86,70.44,69.1,70.27,,,0.010586651093179356,0.0001330495466526087,0.011534710514469304,0.011819785212008447,0.0
,71.94,72.88,71.56,72.58,455326.0,416751.0,0.03234443658081876,0.00012049572060936744,0.010977054277417391,0.01185941598992579,0.0
,72.7,72.85,71.11,71.42,434424.0,432411.0,-0.016111459618621815,0.0002107810963327499,0.014518302116044766,0.011720019060686126,0.0
,71.65,71.89,70.83,71.58,405956.0,447684.0,0.0022377631715766455,7.958524671135369e-05,0.008921056367457483,0.01174693163902074,0.0
,71.72,73.93,71.66,73.48,389326.0,464362.0,0.026197555009045637,0.00035077897437036683,0.01872909432862056,0.01176141874025545,0.0
,73.72,74.75,73.46,73.78,354436.0,480278.0,0.004074431821604385,0.00010930018063896607,0.010454672670101445,0.011965966523922626,0.0
,73.94,74.2,72.83,74.06,302204.0,496462.0,0.003787883316936913,0.0001252647561354945,0.011192173878898348,0.012012079690379871,0.0
,73.77,75.1,73.13,74.71,275429.0,473855.0,0.008738376502243739,0.0002548507506381142,0.015964045559885946,0.012071080928614794,0.0
,75.09,75.47,73.68,73.86,246325.0,449508.0,-0.01144254256329269,0.00020781447275873,0.014415771667126598,0.012197511531182953,0.0
,74.0,74.19,73.17,74.0,180206.0,420495.0,0.0018936837797527417,6.912410622258831e-05,0.008314090823571048,0.01230090609880025,0.0
,74.23,74.97,74.11,74.74,154504.0,390356.0,0.009950330853167877,4.801117208300871e-05,0.006929009459007016,0.012196898228642,0.0
,74.72,75.03,74.35,74.64,76777.0,355886.0,-0.0013388675182497423,2.9896025402979558e-05,0.005467725798079084,0.012168955401379255,0.0
,74.62,75.41,73.47,75.17,67181.0,322640.0,0.007075658650289363,0.00024499343310874303,0.015652266069446398,0.011950934828802514,0.0
,77.05,78.53,76.55,78.23,447969.0,402820.0,0.03990099050761131,0.00023520174248042357,0.015336288419315267,0.011979941635198808,1.0
,78.42,79.47,77.9,78.43,437267.0,415550.0,0.002553301527585816,0.00014360143253742621,0.011983381515141134,0.01212024359383762,0.0
,78.1,79.35,77.61,79.28,429485.0,432168.0,0.010779382797157844,0.0001773089418303773,0.01331574037860371,0.0121678817632403,0.0
,79.26,80.5,79.12,79.3,398220.0,448416.0,0.0002522386190699777,0.00010783996555598462,0.010384602330180228,0.012266197249818563,0.0
,79.46,79.87,78.33,78.51,369354.0,467921.0,-0.01001212343063873,0.00013671949938003335,0.011692711378462797,0.012287917111652445,0.0
,78.61,79.59,78.1,79.22,350457.0,486806.0,0.009002786983606903,0.0001288144608831931,0.011349645848359898,0.012349214570161261,0.0
,79.36,80.49,79.16,79.57,295788.0,465454.0,0.0044083451956726805,0.00010012904392984846,0.010006450116292413,0.012389167459599996,0.0
,79.47,79.85,78.21,79.8,256734.0,442447.0,0.0028863670663197283,0.00015532789305432792,0.012463061143006878,0.012209943711488381,0.0
,79.65,79.78,78.57,78.79,224691.0,418050.0,-0.0127374191981664,8.424149201084913e-05,0.009178316403940819,0.012269691602594545,0.0
,78.82,78.88,76.01,76.44,170718.0,390961.0,-0.030279965885524618,0.0004954399157010883,0.022258479635884575,0.012305586406376459,0.0
,76.11,76.17,74.49,75.3,159585.0,364389.0,-0.015025984566224615,0.00017940443679700002,0.013394194145113772,0.01259960954039802,0.0
,75.82,76.2,74.54,75.39,137458.0,339340.0,0.0011945054177626702,0.00017497210101504333,0.013227702030777807,0.012685203356317386,0.0
,75.37,77.73,74.81,77.5,78500.0,311621.0,0.027603296135691124,0.0005287846854390211,0.022995318772285396,0.0127171558517593,0.0
,77.37,78.75,77.04,77.59,68756.0,285188.0,0.0011606165465565255,0.00017382910308062793,0.01318442653590318,0.013006775930941263,0.0
,75.4,76.87,75.26,76.74,433097.0,348240.0,-0.011015468087051339,0.0001615953984214735,0.012712017873708072,0.013084683511835074,0.0
,76.56,76.92,75.76,75.94,397310.0,359748.0,-0.010479530015150118,8.32804240570759e-05,0.009125810871208975,0.013156236943266092,0.0
,75.98,76.06,73.0,73.44,371688.0,373146.0,-0.03347480849142137,0.0006081590803749553,0.02466088158146329,0.013148703622696083,0.0
,73.06,75.49,72.45,75.34,346941.0,385637.0,0.02554245595166016,0.0006093583343723168,0.024685184511611752,0.013471127765061524,0.0
,75.24,75.55,74.45,75.08,326552.0,398243.0,-0.003456990545586791,7.758771498825109e-05,0.00880838889855864,0.013756417017875356,0.0
,75.2,75.86,74.1,74.74,303988.0,413276.0,-0.004538787660970378,0.0001987416515957252,0.014097576089375266,0.013728213144361871,0.0
,74.46,74.69,72.93,73.05,269872.0,426683.0,-0.022871285860629698,0.0002050929021830129,0.014321064980755199,0.01382168959728801,0.0
,73.24,75.83,73.24,75.55,206107.0,404369.0,0.033650550522040135,0.0004355930839950171,0.02087086687215021,0.013835483453605883,0.0
,74.8,75.13,73.74,74.73,181214.0,381028.0,-0.01091307077654946,0.00012578098887543242,0.011215212386550351,0.014051305890266,0.0
,74.74,76.72,74.13,76.31,138025.0,355389.0,0.020922373359343105,0.00042537190156782844,0.02062454609361933,0.014095393624491016,0.0
,76.54,78.16,76.28,77.62,123125.0,330282.0,0.017021134639217728,0.00021380288318531869,0.014621999972141933,0.014247808148537247,0.0
,77.5,78.42,77.09,77.85,67474.0,302730.0,0.00295877233924724,0.00010553155963589176,0.010272855476248644,0.014006143176681146,0.0
,77.79,79.7,77.45,79.44,58550.0,275529.0,0.020218121456910154,0.0002957809237293663,0.017198282580809233,0.013853070474392758,0.0
,74.34,75.93,73.22,75.33,360024.0,342778.0,-0.05312355789931367,0.00047638952439860133,0.02182634931450061,0.01397547714021597,1.0
,74.92,75.37,71.52,71.84,342177.0,353509.0,-0.04743703784365927,0.000991540581015592,0.03148873736775725,0.014201166561215872,1.0
,72.01,72.78,71.35,72.16,321718.0,365756.0,0.004444451760424073,0.00014202550513664873,0.01191744541152376,0.014720833229673219,0.0
,71.74,73.28,71.19,72.9,305344.0,377903.0,0.010202763260243941,0.0003019759562453337,0.017377455401908926,0.014739444699301083,0.0
,73.06,73.79,71.83,72.58,295191.0,393085.0,-0.004399237229687714,0.00026139488468367823,0.01616771117640584,0.014731752683360883,0.0
,72.65,73.47,72.26,73.07,268621.0,407089.0,0.006728484018201364,9.946431834066762e-05,0.009973179951282721,0.014764672615665822,0.0
,73.22,74.5,72.52,73.06,206897.0,386062.0,-0.00013686443598981413,0.0002617005288268938,0.01617716071586401,0.014758244165941532,0.0
,72.91,74.0,72.68,73.44,178897.0,364375.0,0.005187724945098893,0.0001168433626912797,0.010809410839230772,0.014830258883478482,0.0
,73.7,74.6,73.07,73.93,171096.0,342353.0,0.006649953256773422,0.00015488306452242367,0.012445202470125734,0.014799836548293057,0.0
,74.37,74.83,73.77,74.54,129351.0,317920.0,0.00821719448210434,7.34113791637955e-05,0.008568044068735611,0.014758733732243842,0.0
,74.5,74.85,73.83,74.29,101814.0,293087.0,-0.0033595408873976496,6.790213106258876e-05,0.008240274938531406,0.014735695133689754,0.0
,74.31,75.27,74.14,74.97,62975.0,266748.0,0.009111680351255202,8.252559343460723e-05,0.009084359825249506,0.014745463700175486,0.0
,74.93,75.1,74.14,74.25,50046.0,240175.0,-0.009650255832161392,5.969782447534939e-05,0.007726436725641995,0.01467978382326382,0.0
,73.0,73.09,71.04,72.61,349123.0,287647.0,-0.02233512429065332,0.0002918986357325822,0.017085041285656355,0.014666504826535084,0.0
,72.82,73.93,72.16,72.46,328650.0,297630.0,-0.0020679679252246785,0.00021179836205819584,0.01455329385596937,0.0146957439872048,0.0
,72.22,72.44,70.3,70.76,321634.0,307666.0,-0.02374081617534607,0.0003243215331726237,0.018008929262247206,0.01456957976969245,0.0
,70.65,71.52,70.4,71.43,298026.0,318911.0,0.009424079875296698,8.985482686724812e-05,0.009479178596653199,0.014700358807891504,0.0
,71.35,72.49,71.25,71.83,284459.0,331088.0,0.0055842669198282735,0.00010737030224766866,0.010361964207990137,0.014629553736825214,0.0
,71.77,72.75,71.42,72.21,262527.0,344391.0,0.005276324376380259,0.00012278707821534006,0.011080933093171354,0.014611665300149252,0.0
,72.15,72.95,72.05,72.63,244143.0,357331.0,0.005799519154986221,5.558206884912577e-05,0.007455338278651464,0.014577561971389652,0.0
,72.76,75.0,72.7,74.78,228569.0,342410.0,0.029172409930890986,0.00034989636920210003,0.018705517079249643,0.014517004112122115,0.0
,74.72,74.87,74.21,74.73,193352.0,326290.0,-0.0006688516067683281,2.827673856914587e-05,0.0053175876644532966,0.014640953592595278,0.0
,74.73,76.42,74.68,75.82,159502.0,308947.0,0.014480492145989565,0.00019132974953509844,0.013832199735945778,0.014588369993475106,0.0
,75.54,76.34,75.39,76.21,147113.0,290884.0,0.005130577589837593,5.655749738749193e-05,0.007520471885958483,0.014577254541004309,0.0
,76.34,76.97,75.73,75.95,125670.0,272181.0,-0.0034174586362443193,9.513907574204322e-05,0.009753926170627049,0.014564084390416253,0.0
,75.99,77.42,75.67,77.14,88280.0,251464.0,0.015546723738300017,0.0001885362331108523,0.013730849686412428,0.014417069367733083,0.0
,77.33,78.03,77.18,77.77,44719.0,229082.0,0.008133799926770102,4.326948000991757e-05,0.006577954089982505,0.014462796756801883,0.0
,77.53,77.79,77.0,77.42,37338.0,207540.0,-0.004510607557349999,3.75794537274235e-05,0.006130208293967139,0.014415474397089149,0.0
,79.6,79.71,77.87,78.18,352236.0,292664.0,0.009768715215306756,0.00019671952651048382,0.014025673834453866,0.014289321670789272,0.0
,78.45,78.94,77.37,78.09,325339.0,303719.0,-0.001151852690225219,0.00014555580417524927,0.01206465101754913,0.014282849787086743,0.0
,78.07,78.9,77.73,78.05,307701.0,314425.0,-0.0005123607131425345,8.050308477075766e-05,0.008972351128369735,0.01432737448638194,0.0
,77.78,79.73,77.46,79.03,293128.0,325589.0,0.012477880255443274,0.00030091013197182316,0.017346761426036365,0.014346260542425588,0.0
,78.97,79.5,78.51,79.4,253915.0,336632.0,0.004670841036205964,5.663529250251643e-05,0.007525642331556585,0.014502830528117768,0.0
,79.44,79.83,78.51,78.7,215643.0,348026.0,-0.008855212829733006,0.00010026774370017248,0.010013378236148502,0.014394192960491659,0.0
,78.67,80.12,78.23,78.8,180398.0,357564.0,0.0012698414404761493,0.00020554326945292932,0.014336780302875864,0.014315861518057402,0.0
,78.97,81.48,78.97,81.2,177443.0,336547.0,0.03000225030379866,0.0003531127507444577,0.018791294546796334,0.01435187287265284,0.0
,81.35,82.55,81.17,81.87,124949.0,314157.0,0.008217376220724937,0.00010250612375423043,0.010124530791806129,0.01445359188695633,0.0
,81.45,82.22,81.1,81.34,105712.0,292008.0,-0.006494722909278217,6.784931354280291e-05,0.008237069475414355,0.014450516290822526,0.0
,81.8,82.44,81.32,81.72,52349.0,266938.0,0.004660869470342277,6.748518895362412e-05,0.008214936941548859,0.01441074545749479,0.0
,81.63,82.87,81.6,82.72,46263.0,241930.0,0.012162640810697845,8.602523345863168e-05,0.00927497889262459,0.014375236697479012,0.0
,81.0,81.92,79.85,80.78,413319.0,393059.0,-0.023732000624852034,0.00023624719933406282,0.015370335042999643,0.014367058383701713,0.0
,80.88,81.75,79.8,81.41,397768.0,411247.0,0.007768705450619251,0.00021021902800300724,0.014498931960768947,0.014413917639051359,0.0
,81.74,81.85,79.17,80.05,384728.0,429848.0,-0.016846676143162043,0.00039972811660677677,0.019993201759767664,0.014486567823512413,0.0
,80.23,80.31,78.69,79.29,375068.0,451362.0,-0.009539422158416855,0.0001497753615364106,0.012238274450935092,0.014431405013152855,0.0
,79.44,80.88,79.22,79.78,342553.0,471115.0,0.006160829192953798,0.00015510977893429693,0.0124543076457223,0.01441428571704625,0.0
,80.11,80.41,78.99,79.83,307793.0,452573.0,0.0006265271804464234,0.00011449791318283152,0.010700369768509474,0.014402798132005384,0.0
,80.04,80.12,75.88,76.44,238026.0,430823.0,-0.04339325428563523,0.0010662793696917668,0.0326539334490007,0.014161066855773776,1.0
,76.35,77.57,75.11,76.17,209791.0,407825.0,-0.003538434987375716,0.0003745895185751921,0.01935431524428576,0.014676852033180693,0.0
,75.67,77.08,75.35,76.89,193137.0,384625.0,0.009408144659392548,0.0001858502469470493,0.013632690378170016,0.014797293252701394,0.0
,76.6,77.91,75.77,77.62,145716.0,360039.0,0.009449296896670845,0.00027978442102045146,0.016726757636208265,0.014854944788002694,0.0
,77.64,78.03,76.55,77.34,124424.0,334409.0,-0.0036138397616092277,0.0001322567679741835,0.011500294255982474,0.014669576465098326,0.0
,76.82,77.32,75.09,75.91,83868.0,305973.0,-0.018662858150474193,0.0003089010098621617,0.017575579929611475,0.014395998780635699,0.0
,76.28,76.92,75.42,75.47,67516.0,278182.0,-0.0058132017318994755,0.0001398805161216552,0.011827109373031738,0.014529280865662152,0.0
,69.13,69.68,64.61,65.47,332658.0,303533.0,-0.14214320384377732,0.002058334971652743,0.045368876684933945,0.014495481487302465,1.0
,65.62,67.63,65.02,66.12,301972.0,309678.0,0.009879250499824188,0.0005586671713663256,0.023636141211422934,0.015524379258869708,0.0
,66.12,67.42,65.77,66.62,282674.0,315647.0,0.007533559812709534,0.00022143365404716852,0.014880646963326848,0.01559030423573401,0.0
,66.68,68.38,66.06,66.76,269272.0,323884.0,0.0020992660281011766,0.0004297142274929851,0.02072954962108403,0.01564134895873567,0.0
,66.99,67.64,65.27,66.79,258333.0,332812.0,0.0004492699439104797,0.000458825966797366,0.02142022331343364,0.01564366227415096,0.0
,66.9,66.9,61.71,62.53,262983.0,344753.0,-0.06590692715833857,0.0023519690774679793,0.0484971038049488,0.01577364534303643,1.0
,62.6,64.48,62.56,63.48,242248.0,356401.0,0.01507845407900188,0.0003295809985258597,0.01815436582549387,0.01691888036204217,0.0
,63.6,63.81,62.27,62.6,228951.0,338689.0,-0.013959617552155912,0.00021526170656839514,0.014671799704480536,0.016935520283860125,0.0
,62.58,62.79,58.41,58.8,210988.0,320937.0,-0.06262342320147152,0.0018858009927397738,0.04342581021397038,0.01680653792391127,1.0
,58.98,61.13,58.6,60.48,180563.0,301893.0,0.028170876966696845,0.0006443753527354515,0.02538454948852651,0.017244247074989116,0.0
,60.39,61.4,58.92,60.21,121093.0,280626.0,-0.004474280394921593,0.0006130914804582712,0.024760684167814732,0.017485323978790063,0.0
,60.63,61.27,58.55,58.76,103909.0,260218.0,-0.024377100170680066,0.0007437088525164183,0.027271025879427754,0.017632975170972513,0.0
,59.12,60.37,57.5,59.51,68839.0,239182.0,0.012683014351084765,0.0008556643971062982,0.02925174177901716,0.017859461904287003,0.0
,59.28,59.93,58.25,58.71,60010.0,218673.0,-0.013534295580666544,0.00029158397044720376,0.017075830007563433,0.018208891074328843,0.0
,60.29,62.02,59.33,61.45,323785.0,266640.0,0.04561376593594968,0.0007091560943233905,0.026629984872759326,0.01822256215566601,0.0
,61.53,61.58,59.92,60.28,305864.0,272965.0,-0.01922346225374927,0.000269334637307647,0.01641141789449184,0.018491448033554493,0.0
,60.25,61.21,58.64,59.61,286411.0,280022.0,-0.01117702852645941,0.0006635869973374469,0.025760182401090386,0.01854295490451113,0.0
,59.0,59.24,55.89,56.26,247883.0,288474.0,-0.057839542170124325,0.0012221721099758965,0.034959578229376516,0.018806313750802616,1.0
,56.51,58.11,56.04,57.24,194563.0,294518.0,0.017269151626539525,0.00047452447967920503,0.021783582801715724,0.01931101421146792,0.0
,56.49,56.75,54.28,54.35,165800.0,300982.0,-0.051808341121032164,0.000714218480472392,0.026724866332170718,0.01947944004960767,0.0
,54.97,55.33,52.79,53.82,109100.0,304255.0,-0.009799468268458789,0.0007965072366571195,0.028222459791044426,0.019757460926095993,0.0
,53.49,54.66,50.36,50.47,94251.0,283783.0,-0.06426604494658861,0.002421325410428944,0.04920696506013091,0.01996916136433757,1.0
,50.84,55.29,49.93,54.47,80651.0,263346.0,0.07627099104341228,0.0037502454385897406,0.061239247534483475,0.020870861419719392,1.0
,54.65,54.67,51.94,52.16,47706.0,241537.0,-0.043334173777185736,0.0009464416750133535,0.03076429220725472,0.02219665713926499,0.0
,53.44,53.8,51.6,52.2,43746.0,220564.0,0.0007665772701956897,0.0006287309563934011,0.025074508098732486,0.022515950693390345,0.0
,53.0,54.82,52.66,53.8,492814.0,229816.0,0.030190972279145356,0.0005828323932103665,0.024141921903824613,0.02270809062565471,0.0
,60.62,61.04,58.9,58.99,362941.0,324411.0,0.09209447084724509,0.0004593737556212917,0.021433006219877128,0.0228762934449515,1.0
,59.36,60.86,59.11,60.64,352122.0,340613.0,0.027586803319132436,0.00030702018596959327,0.017521991495534784,0.02302291604523054,0.0
,60.42,61.45,60.03,61.32,333846.0,356586.0,0.011151312669497315,0.0001971429377344109,0.014040759870263821,0.02300739142475432,0.0
,61.05,61.54,60.04,61.18,333622.0,373450.0,-0.002285715280856415,0.0002196225110388277,0.014819666360577343,0.02306847408964479,0.0
,61.33,63.0,61.32,62.7,314182.0,391215.0,0.02454110891611805,0.0002634899021241441,0.016232372042438655,0.023078692399043654,0.0
,62.74,63.15,62.25,62.74,310107.0,408973.0,0.0006377551236571577,7.431549909166498e-05,0.008620643774780685,0.023153291693881303,0.0
,62.59,62.71,60.57,61.5,272112.0,394259.0,-0.019962027950059635,0.0004348145713530394,0.02085220782922133,0.023145795658199204,0.0
,61.37,62.33,60.21,61.14,238753.0,376862.0,-0.005870858349783958,0.00043189400735192484,0.020782059747578557,0.023234295677334753,0.0
,61.02,61.51,60.41,61.09,198934.0,356703.0,-0.0008181298010132565,0.00011744473990058126,0.01083719243626232,0.023373266161953413,0.0
,61.13,61.92,60.7,61.64,170591.0,335072.0,0.008962823790239938,0.00014282368655724214,0.011950886433953012,0.023401723423295183,0.0
,61.49,61.69,59.49,59.93,115534.0,310227.0,-0.028133795981821308,0.00047561270356740126,0.02180854657164024,0.023382523285162826,0.0
,59.87,61.79,59.75,61.32,102837.0,287289.0,0.02292883953351943,0.0004065163212758687,0.020162249906096014,0.02349985837200693,0.0
,61.26,62.67,61.04,61.65,66051.0,263306.0,0.005367175606739494,0.0002504900052945669,0.0158268760434448,0.023615183620843097,0.0
,61.97,62.32,61.57,61.89,58370.0,240521.0,0.0038853861409169355,5.2873148265016204e-05,0.007271392457089371,0.02359738464325051,0.0
,62.7,63.98,62.69,63.61,331419.0,280750.0,0.027412074939443087,0.00014963612313518984,0.012232584483059573,0.02359605601785088,0.0
,63.69,64.81,63.25,64.57,326790.0,289274.0,0.014979215947662716,0.00021411135923176116,0.014632544523484668,0.023613484832219783,0.0
,64.86,66.39,64.42,66.25,314223.0,298850.0,0.025685558227955596,0.00032725837748891147,0.018090284063245428,0.023616508366348057,0.0
,66.39,66.83,65.9,66.5,297958.0,311011.0,0.0037664827954770885,7.082987277602083e-05,0.008416048525051458,0.023607383616082108,0.0
,66.44,66.65,65.58,66.45,262530.0,321657.0,-0.0007521625025539436,9.447155357526948e-05,0.009719647811277396,0.023596199348211958,0.0
,66.3,67.38,65.63,67.08,221659.0,332031.0,0.009436151795753744,0.00024976534051322346,0.01580396597418583,0.023605599498447385,0.0
,67.05,67.31,66.69,67.07,180153.0,340150.0,-0.00014908684336223388,3.088549168281817e-05,0.005557471698786974,0.023669861220697787,0.0
,66.96,67.73,66.87,67.12,162400.0,321010.0,0.0007452120473052659,5.8896995583487206e-05,0.007674437802437857,0.023650440471814246,0.0
,66.97,67.47,64.54,64.76,127974.0,300684.0,-0.03579393334951675,0.0007109495427547598,0.026663637087891063,0.023587867597170648,0.0
,64.79,65.74,64.32,65.21,101393.0,279527.0,0.006924702595676457,0.00017198803836900405,0.013114421007768664,0.023764111730945236,0.0
,65.64,66.7,65.27,66.39,49746.0,255403.0,0.017933611325957166,0.00016940654186541637,0.013015626833365206,0.023684115740095078,0.0
,66.38,66.38,65.67,66.03,40486.0,231383.0,-0.0054372585245880956,4.170832947153628e-05,0.006458198624348455,0.023691022027954724,0.0
,66.91,67.76,66.7,67.55,384711.0,289491.0,0.022758880199727827,8.966398771217034e-05,0.009469107017674387,0.023651099352277972,0.0
,67.65,68.14,67.03,67.23,376157.0,302558.0,-0.004748487925262168,9.729250692248064e-05,0.009863696412728884,0.02364234763752278,0.0
,67.18,67.71,66.13,67.16,360029.0,315734.0,-0.001041744271605971,0.00020107459777972945,0.014180077495547387,0.023298300812877412,0.0
,67.14,67.69,66.69,67.54,351164.0,330613.0,0.005642182748082369,7.989531238744091e-05,0.008938417778748145,0.023236155134202675,0.0
,67.49,68.2,67.13,67.61,328548.0,345757.0,0.0010358861451642554,9.019283349593855e-05,0.009496990760021752,0.023198124705345036,0.0
,67.66,68.57,67.19,68.5,318608.0,363681.0,0.013077844165593433,0.00014907985811800934,0.012209826293523154,0.023129918505102102,0.0
,68.38,68.69,67.59,67.86,257580.0,378154.0,-0.009386985912095192,9.399711476398566e-05,0.009695210919004582,0.02313597879685221,0.0
,67.76,67.98,66.2,67.03,235140.0,365869.0,-0.012306478986218394,0.0002539159158199055,0.015934739276809818,0.023058442777070295,0.0
,67.0,67.65,66.36,67.21,217707.0,352982.0,0.002681765612008391,0.00013369229385341004,0.011562538382786456,0.02309961846651144,0.0
,67.36,68.23,67.24,67.97,171594.0,336222.0,0.011244385376672383,7.70502636829538e-05,0.008777827959293449,0.022394530478111702,0.0
,67.9,68.35,67.19,67.83,122566.0,316984.0,-0.0020618564005587814,0.00010567609636316145,0.010279887954796075,0.02221459085541943,0.0
,67.75,68.0,66.54,67.82,73269.0,294359.0,-0.0001474382604955693,0.00016990708968464321,0.013034841375507537,0.02217112433426906,0.0
,68.01,68.89,67.81,68.39,66084.0,271256.0,0.008369478412512343,9.00540176634047e-05,0.009489679534283795,0.022073256109648737,0.0
,71.55,71.6,70.78,71.18,377547.0,369103.0,0.039985264972042245,4.785351790327911e-05,0.006917623717959738,0.02193359150093556,0.0
,71.21,71.95,70.74,71.72,372240.0,382479.0,0.007557768654884889,0.00010374783057288912,0.010185667900186473,0.02103997410020192,0.0
,71.83,72.27,71.45,71.62,349762.0,397626.0,-0.0013952841666453608,4.696531633761251e-05,0.006853124567495655,0.02095033708570385,0.0
,71.63,72.04,71.2,71.97,307045.0,413211.0,0.0048750009494265,4.961516539289069e-05,0.007043803332922541,0.020883287197360437,0.0
,71.93,74.52,71.86,74.04,288149.0,428015.0,0.02835612218558392,0.00047650772748686007,0.021829056953676675,0.020137243779747772,0.0
,74.38,74.73,73.99,74.51,245937.0,408213.0,0.006327856860338876,3.5719584078768174e-05,0.005976586323208941,0.02006765540093927,0.0
,74.27,74.73,74.02,74.57,233242.0,388787.0,0.0008049369900673398,3.286880265501052e-05,0.005733132010952697,0.019826445176863876,0.0
,74.46,75.6,74.0,74.35,167848.0,365738.0,-0.0029546086495395585,0.00016503818440376954,0.01284671881858436,0.019525383330086812,0.0
,74.2,74.42,71.3,72.15,142400.0,341405.0,-0.030036387686283916,0.000661573585090074,0.02572107278264408,0.019228368555560208,0.0
,71.56,72.5,71.06,72.04,85921.0,314404.0,-0.0015257649121247496,0.00014516494564069575,0.012048441627060976,0.019388054334714397,0.0
,71.94,73.27,71.73,72.8,71638.0,287852.0,0.010494434894884996,0.00016274686684999417,0.01275722802375164,0.0191441061010378,0.0
,70.83,72.58,69.72,70.23,392878.0,341192.0,-0.0359403850317106,0.0005829264740546486,0.02414387032053164,0.019097652619283655,0.0
,70.02,71.65,69.93,71.24,378560.0,350033.0,0.014278888250531807,0.00021294642372400645,0.014592683910919418,0.019062423600164767,0.0
,70.9,72.25,70.42,71.77,371692.0,359263.0,0.007412103020519645,0.00023738814934232933,0.015407405665534004,0.018616002938545116,0.0
,72.05,73.36,71.82,72.62,351784.0,371526.0,0.011773804544208843,0.00016234352655327607,0.01274140991230076,0.01850954600295856,0.0
,72.82,73.23,71.79,72.21,330123.0,384040.0,-0.005661825523099573,0.00014225654931232116,0.011927135000171717,0.01825939148320631,0.0
,72.5,73.4,71.6,71.97,310759.0,399030.0,-0.0033291749433770335,0.0002223454081314376,0.014911251058561035,0.017958318384931646,0.0
,72.15,72.52,71.63,72.18,288765.0,413505.0,0.002913633694929807,5.499665754580094e-05,0.00741597313545572,0.016907144422096107,0.0
,71.91,72.04,70.42,70.99,267157.0,397737.0,-0.016623977163348513,0.00018657615132129576,0.013659288097162887,0.014975448334709377,0.0
,70.86,70.97,67.02,67.76,241296.0,380910.0,-0.04656697170749524,0.0011827986697939927,0.03439184016295134,0.014546464430599012,1.0
,67.99,69.3,67.33,68.69,199176.0,361472.0,0.01363157788199132,0.00029996808549348746,0.017319586758739004,0.014860487519616982,0.0
,69.15,70.23,68.53,70.11,192343.0,341743.0,0.020461808993085917,0.00021656449620101963,0.014716130476488024,0.01470100963172521,0.0
,69.99,70.59,69.58,70.11,144605.0,319633.0,0.0,7.490696005572306e-05,0.008654880707191928,0.014562721696226277,0.0
,70.1,70.1,68.08,69.45,112444.0,296331.0,-0.009458368018523622,0.0003083534277138155,0.017559995094356247,0.014429286518622755,0.0
,69.68,69.96,66.31,66.87,57133.0,270340.0,-0.03785663313446541,0.0010355415772615936,0.032179831840169607,0.01449337150572053,0.0
,66.24,66.28,64.37,64.49,50171.0,245926.0,-0.036240263043601395,0.00030837866906039524,0.01756071379700709,0.014955148568521296,0.0
,59.94,62.64,59.78,61.31,335267.0,295818.0,-0.05056721124768959,0.0007876983129053334,0.02806596360193844,0.014980140680986569,1.0
,61.25,62.57,60.74,62.01,331594.0,304646.0,0.011352700587190512,0.0003177926850401007,0.01782674072959218,0.015371868083798725,0.0
,62.07,62.37,60.74,60.94,327240.0,313639.0,-0.017405888804224112,0.000252937862600777,0.015904020328230753,0.015308297214707701,0.0
,60.93,62.84,60.25,62.14,305898.0,324392.0,0.019500130407338112,0.0006389350844387389,0.025277165276959734,0.015210567418781865,0.0
,62.4,62.55,61.4,61.82,280325.0,335584.0,-0.005162967260930351,0.00012419441928401256,0.01114425499008402,0.01549363956414409,0.0
,62.45,64.82,62.4,64.45,246019.0,348177.0,0.04166279268122608,0.000522154793270278,0.022850706625185093,0.015483616475349805,0.0
,64.86,65.76,64.0,65.2,209933.0,358828.0,0.011569739547410585,0.000265443117603072,0.016292425160272243,0.01550864535189234,0.0
,65.5,65.79,64.08,64.86,192089.0,342663.0,-0.005228368053435517,0.00025014929213607517,0.015816108628106826,0.015432655655769636,0.0
,64.89,65.98,64.17,65.05,155818.0,323475.0,0.0029251040793427663,0.00027906112783973315,0.016705122802294307,0.015432471676206537,0.0
,65.8,66.85,65.6,66.49,136386.0,302777.0,0.02189535545584942,0.00012850393544932705,0.011335957632654025,0.015554130695622165,0.0
,66.05,66.82,65.63,66.55,104271.0,279791.0,0.0009019844267568189,0.00011646298272546568,0.010791801644093801,0.015542804720139733,0.0
,66.51,66.84,66.08,66.55,97560.0,257538.0,0.0,4.716616042871411e-05,0.006867762403338813,0.015490361700961871,0.0
,66.87,67.47,66.11,66.48,355423.0,348957.0,-0.001052394293927783,0.00014955450175508235,0.012229247800052231,0.015338940706872702,0.0
,66.31,67.09,63.82,64.35,333532.0,360804.0,-0.03256421650505725,0.0009005443368576761,0.030009070909604585,0.015381650729314049,0.0
,64.44,65.28,63.22,63.66,314586.0,372684.0,-0.010780512188189206,0.0003708319466324033,0.019256997342067723,0.015812328277222412,0.0
,63.52,64.46,61.29,61.93,300454.0,385763.0,-0.027551706903977013,0.0009171938144768744,0.030285207849325955,0.015876003978183572,0.0
,62.5,63.37,61.83,62.47,271528.0,397361.0,0.00868172655550925,0.00021829869071963458,0.014774934541974613,0.016334604607862457,0.0
,63.05,64.03,62.77,63.26,244759.0,380431.0,0.01256677637202408,0.00014246418964405057,0.011935836361313377,0.016415724248845597,0.0
,63.26,64.46,62.66,63.83,210779.0,362482.0,0.008970081390462958,0.0002893009347513791,0.017008848719163184,0.016124554155974632,0.0
,64.13,64.66,62.59,63.18,185399.0,343476.0,-0.01023550389402672,0.0003818354729700526,0.01954061086481312,0.01618506909681466,0.0
,63.21,64.23,63.01,63.39,170685.0,323796.0,0.0033183249221355737,0.00013263968990448466,0.011516930576524488,0.016294076956174665,0.0
,63.28,63.96,63.01,63.46,112448.0,300392.0,0.0011036658589747006,8.076732866498746e-05,0.008987064518795192,0.016340516103465787,0.0
,63.32,63.9,62.92,63.71,83531.0,276307.0,0.0039317499733471095,8.615261855194949e-05,0.009281843488873828,0.01633597835689183,0.0
,63.91,65.14,63.9,64.72,50479.0,251570.0,0.015728736621840156,0.00013322813150450828,0.01154244911206059,0.01633029467188706,0.0
,64.95,65.42,64.95,65.17,43159.0,227741.0,0.00692896759405226,1.8750751869168557e-05,0.004330213836425236,0.016295635907590183,0.0
,58.47,61.5,58.0,61.3,307694.0,271602.0,-0.06121939740212312,0.0012382925958321273,0.035189381862035136,0.016264337478794043,1.0
,61.07,61.08,58.21,59.48,302728.0,279424.0,-0.0301397213502117,0.0008354065721962664,0.028903400702966882,0.016842317823359144,0.0
,59.07,59.42,57.67,58.23,307081.0,288517.0,-0.02123943574292575,0.000322311428192153,0.017953033955077146,0.017178546161739416,0.0
,58.41,59.5,58.28,58.64,301417.0,301115.0,0.007016371729367421,0.00015480399585634453,0.01244202539204709,0.017288946954286954,0.0
,58.72,59.92,58.64,59.74,290942.0,314942.0,0.01858475520956837,0.00016817128621960008,0.012968087222855963,0.01724110847525246,0.0
,59.68,60.32,58.95,60.03,266544.0,329347.0,0.004842624475787538,0.00019036689996505474,0.013797351193800017,0.01725776553694574,0.0
,60.11,61.41,60.07,60.3,252877.0,343328.0,0.004487666469388252,0.00017555362412645937,0.013249665057142365,0.017312396770317325,0.0
,60.43,60.89,59.47,59.92,213900.0,328243.0,-0.006321764524175322,0.00020082934510421582,0.014171427066608917,0.01734599975197784,0.0
,60.11,60.29,58.3,59.34,179903.0,311099.0,-0.009726724346288407,0.0004063180269275304,0.02015733184048748,0.017360849009172185,0.0
,58.35,60.17,58.24,58.7,168881.0,294138.0,-0.010843888028625237,0.00038334457544981565,0.019579187303098555,0.01751200003255892,0.0
,58.8,60.17,58.51,59.51,142343.0,276308.0,0.013704638822710002,0.0002822879166720886,0.016801426030908465,0.017670927048859638,0.0
,60.04,61.0,59.8,60.49,115439.0,258845.0,0.01633369646206173,0.000142374343477168,0.011932072052965821,0.017754924130160978,0.0
,60.48,61.19,59.98,61.08,57569.0,238740.0,0.009706418231608893,0.00014387453626861634,0.011994771205346784,0.017799648348214594,0.0
,60.98,61.17,60.25,60.43,46552.0,218643.0,-0.010698809976964263,8.282975164396865e-05,0.00910108519045771,0.017843723569779205,0.0
,60.45,60.81,59.6,60.22,382863.0,335793.0,-0.003481147319879696,0.00014569659609300222,0.012070484501170707,0.01765891194941841,0.0
,66.45,71.95,64.75,69.02,361255.0,348618.0,0.13639179461626938,0.0040096518459709395,0.06332181177107095,0.017710734638561713,1.0
,68.15,69.26,63.55,64.55,310240.0,359811.0,-0.06695620037720573,0.002670058741310774,0.05167261113308262,0.01949230204019393,1.0
,64.23,64.99,63.04,63.6,277865.0,370639.0,-0.014826646946574762,0.00033472445398551856,0.01829547632573469,0.02053533981801288,0.0
,63.51,65.57,63.46,64.4,258278.0,384020.0,0.012500162764231604,0.0003858650893823226,0.019643449019515962,0.020402271832392977,0.0
,65.0,65.28,64.05,64.28,232656.0,396427.0,-0.001865092240995736,0.00013050056617431856,0.0114236844395457,0.020500350362499087,0.0
,65.23,65.5,63.53,64.77,206589.0,377401.0,0.007593992325513277,0.0003363512873786147,0.018339882425430505,0.02048723814086764,0.0
,64.4,64.6,62.3,63.1,186486.0,357490.0,-0.026121763647657836,0.0004740259204389921,0.02177213633153605,0.02038669517592347,0.0
,62.44,62.81,61.23,62.39,144895.0,334787.0,-0.011315763424472713,0.00023410580233819908,0.015300516407566089,0.020493137025386597,0.0
,62.58,62.92,61.45,62.74,125350.0,311087.0,0.005594196639837179,0.00020156651643039102,0.014197412314587156,0.020491802247676234,0.0
,62.48,62.75,60.76,61.91,79899.0,285048.0,-0.013317485231391757,0.00037458606594078316,0.019354226048612307,0.02050774672790311,0.0
,62.24,62.24,60.73,60.78,67352.0,259681.0,-0.018420930042493566,0.00021755734329931525,0.01474982519555114,0.020601937638637175,0.0
,60.69,60.73,58.5,59.35,357778.0,338795.0,-0.02380866643296997,0.0005047943372352752,0.022467628651802022,0.020600000810333956,0.0
,59.3,59.68,58.0,58.74,352392.0,349855.0,-0.010331195285202988,0.00029406734163585336,0.017148391809025516,0.020781161213478526,0.0
,58.9,59.75,58.36,59.42,342843.0,363052.0,0.011509944263988103,0.0001998347002058206,0.014136290185399442,0.020824221023105768,0.0
,58.99,60.04,58.69,59.91,338225.0,377243.0,0.00821256606137144,0.00018653424520221674,0.013657754032131958,0.02042707635450288,0.0
,59.78,60.29,59.01,59.42,322185.0,393396.0,-0.00821256606137144,0.00016609131452665772,0.012887641930417594,0.020380747885880835,0.0
,59.23,59.55,58.26,58.96,299905.0,408899.0,-0.00777162215338123,0.00017299134035850467,0.013152617243670731,0.020360099820316783,0.0
,59.05,60.26,58.75,59.7,278651.0,391248.0,0.012472772517475583,0.00023227803132306137,0.015240670304257006,0.02040020598829768,0.0
,59.48,61.3,58.85,61.17,237064.0,372713.0,0.024324852855917456,0.0006000391201484329,0.024495695951502028,0.02036910604547478,0.0
,60.99,61.9,60.64,61.67,222275.0,354590.0,0.008140715748927718,0.0001525423700240094,0.012350804428214764,0.0201901487564252,0.0
,61.5,62.11,60.93,62.02,212120.0,335892.0,0.005659324668901178,0.00013270049390780105,0.011519570040057964,0.020125725705076366,0.0
,62.04,62.34,61.19,61.57,163774.0,316128.0,-0.007282174749184023,0.0001250404218682928,0.011182147462285266,0.019852662411861687,0.0
,61.61,61.98,60.66,61.59,144231.0,296581.0,0.000324780775833311,0.00016714433450400887,0.012928431246829944,0.019771587369754,0.0
,61.6,61.93,60.45,60.61,103527.0,276088.0,-0.01603962373575829,0.00021101795944432784,0.01452645722274801,0.01973539396578821,0.0
,60.57,61.13,60.07,60.23,98606.0,256508.0,-0.006289328907564062,0.0001103578362382564,0.010505133803919701,0.01955386976794183,0.0
,61.85,62.74,61.22,62.37,411797.0,349977.0,0.034913823482401796,0.00021694123860782012,0.014728925236004836,0.019547972099023477,0.0
,62.61,63.21,62.15,62.28,399847.0,361815.0,-0.001444043572234044,0.00010315469611142666,0.010156510036002852,0.01941742311962359,0.0
,62.47,63.65,61.7,63.3,383553.0,373244.0,0.016244982184333345,0.0003491927027398864,0.018686698551105448,0.019347648786910306,0.0
,63.36,63.57,61.94,62.44,360757.0,386376.0,-0.013679233502899457,0.00024335592526717029,0.015599869399042105,0.01939026139823018,0.0
,62.28,62.57,60.7,60.91,325545.0,398464.0,-0.024808730798838496,0.0003320546722304685,0.018222367360759373,0.019374910332235158,0.0
,60.94,62.8,60.3,62.4,316062.0,412633.0,0.02416791052698919,0.0005951930978230946,0.024396579633692395,0.019462262526793703,0.0
,62.22,64.03,61.92,63.97,263495.0,423625.0,0.024848948086663825,0.00040497141817133513,0.020123901663726525,0.019666176494516303,0.0
,63.62,64.27,62.98,63.39,222232.0,404310.0,-0.009108103165971215,0.0001482750686060369,0.012176825062635864,0.019817212691895965,0.0
,63.6,63.8,62.97,63.65,183478.0,382627.0,0.0040932047073409805,6.184579186678032e-05,0.00786420955130141,0.019816674670338236,0.0
,63.7,64.32,63.44,64.27,141533.0,358157.0,0.009693634379779326,6.844848080623336e-05,0.008273359704874033,0.01946078841945628,0.0
,64.02,64.6,63.51,64.06,103840.0,330816.0,-0.0032728152021830326,0.00010444374423099172,0.010219772220112918,0.019330870685936714,0.0
,63.91,64.0,63.19,63.87,58238.0,301566.0,-0.0029703766075144244,5.851273315696751e-05,0.007649361617610159,0.01897726869105007,0.0
,63.77,63.86,62.36,62.43,52144.0,273459.0,-0.022803838499844353,0.00020377063465515364,0.014274825205765345,0.01890697299092581,0.0
,64.56,65.79,64.5,65.22,394568.0,359890.0,0.04372024128752017,0.00014143606828012222,0.011892689699143848,0.018933974800952824,0.0
,65.05,65.66,64.88,65.34,383006.0,373192.0,0.001838235811750799,5.15094443222051e-05,0.007177008034146617,0.01886878340863366,0.0
,65.31,66.24,65.12,66.1,350100.0,387096.0,0.01156434068471679,0.00010488306083525071,0.010241243129388674,0.01872232767342596,0.0
,65.84,66.43,65.56,66.17,313717.0,401088.0,0.0010584411663270288,6.268210402102727e-05,0.007917203042806674,0.01870996908139199,0.0
,66.19,66.78,66.03,66.54,264694.0,414852.0,0.005576082566363105,4.600920676041122e-05,0.006783008680549599,0.01870191227163446,0.0
,66.56,66.72,65.7,66.14,225899.0,426435.0,-0.006029563036684671,8.560219370464652e-05,0.009252145356869752,0.01868401631750302,0.0
,66.15,66.62,65.81,66.39,194739.0,402053.0,0.0037727351774217155,5.397375710985563e-05,0.007346683408848895,0.018662762392602054,0.0
,66.44,67.26,66.36,67.2,168949.0,377072.0,0.012126804798035629,6.545303035814727e-05,0.00809030471355358,0.018678483616452014,0.0
,67.27,67.99,67.22,67.92,144884.0,350064.0,0.010657294473988443,4.678942990483253e-05,0.0068402799580742695,0.018147683712221606,0.0
,67.91,68.33,67.57,68.16,82183.0,320081.0,0.003527340517968547,4.5120288204317726e-05,0.006717163702361118,0.01778186731141144,0.0
,68.2,68.99,68.16,68.44,69571.0,291097.0,0.004099566502931751,5.28384055274306e-05,0.007269003062829909,0.017651485850984677,0.0
,66.65,66.93,65.63,66.0,658933.0,302913.0,-0.03630270699756721,0.00013875993872507705,0.011779640857219588,0.017603281689560907,0.0
,65.13,65.27,63.92,64.2,436923.0,398050.0,-0.027651531330509904,0.00015754908914019665,0.012551856003802651,0.01758935294765335,0.0
,64.29,65.05,63.92,64.49,420126.0,410999.0,0.0045069623263707115,0.00011075829293808275,0.010524176591927881,0.017573797927692633,0.0
,64.44,64.6,63.55,64.0,403419.0,424911.0,-0.007627089662614495,9.685796804122594e-05,0.009841644580110885,0.017543045671060114,0.0
,64.26,64.97,63.9,64.62,390169.0,439659.0,0.009640877036680706,9.946227708303054e-05,0.009973077613406532,0.01749358725740715,0.0
,64.69,65.6,64.48,64.85,359853.0,453990.0,0.0035529503661004824,0.00010695743820427588,0.010342022926114402,0.017346796033709207,0.0
,65.98,66.0,64.92,65.2,333583.0,470750.0,0.005382558170154539,9.818152196857112e-05,0.009908658938956932,0.017213508658831988,0.0
,65.26,65.35,64.06,64.59,305399.0,486472.0,-0.009399868888225527,0.00014336629309129954,0.011973566431573324,0.017124147874739884,0.0
,64.57,64.58,62.62,63.21,277090.0,461016.0,-0.021597083560174646,0.0003425951492060972,0.018509326006262282,0.017124630592498264,0.0
,62.68,62.69,61.25,62.04,222523.0,432711.0,-0.018683178175868953,0.0001947671123796117,0.01395589883811185,0.017221062195612445,0.0
,62.01,62.46,60.25,60.69,185656.0,403355.0,-0.02200039846057411,0.00046805091498592147,0.02163448439380799,0.017275144162179356,0.0
,60.23,60.49,58.5,59.32,174645.0,374507.0,-0.022832422578032308,0.00040359033057247283,0.020089557749549212,0.01742995059676384,0.0
,59.03,60.12,58.5,59.51,147971.0,345117.0,0.0031978483870291896,0.00026911799262386367,0.01640481614111733,0.015610962575990857,0.0
,59.86,60.62,59.26,59.81,120025.0,316907.0,0.005028505399704564,0.00018569326491646478,0.013626931603132995,0.014271877010547884,0.0
,59.6,59.65,57.71,58.29,69273.0,288176.0,-0.02574231899900692,0.00039429105173081246,0.01985676337500179,0.014184590944156772,0.0
,59.3,59.45,57.94,58.16,58711.0,260358.0,-0.002232718832194891,0.00023873392438071486,0.015451016936781697,0.014189540265944576,0.0
,55.75,56.83,54.96,56.34,289161.0,281123.0,-0.03179307077703708,0.00040376890072452143,0.020094001610543418,0.01425296257843619,0.0
,56.41,57.53,56.15,57.32,276882.0,287205.0,0.017244840511744464,0.00021262153577670596,0.014581547783987335,0.014292325533355335,0.0
,57.29,57.7,56.83,57.67,265692.0,293275.0,0.0060875046673505295,8.325133950066565e-05,0.00912421719933637,0.014139088704970678,0.0
,57.35,57.83,56.3,57.75,246635.0,299852.0,0.0013862417745817979,0.0002593043502365804,0.01610292986498359,0.014049896382526713,0.0
,57.6,59.4,57.51,59.12,243288.0,308070.0,0.023445927238043396,0.00037711213096147217,0.019419375143435284,0.014084100453697438,0.0
,59.31,60.0,58.9,59.31,207062.0,317256.0,0.003208649210688641,0.00012348692656582931,0.011112467168267779,0.014085595006016555,0.0
,59.0,59.25,57.73,58.5,186070.0,325746.0,-0.013751171612824464,0.00024360565589190883,0.015607871600314658,0.014029830590375176,0.0
,57.85,57.86,55.13,56.3,173944.0,305243.0,-0.03833221909216622,0.0008425367994322178,0.029026484448382957,0.01387382433597784,0.0
,56.46,56.98,54.62,54.95,143792.0,284881.0,-0.024270854296013944,0.0006453564524519594,0.025403866879905496,0.014199442219168695,0.0
,55.13,55.45,53.03,53.43,105836.0,263283.0,-0.028051294879950728,0.0007182076650830927,0.026799396729835032,0.014458544943145074,0.0
,53.18,53.25,50.97,52.18,68422.0,240572.0,-0.023673106261097754,0.0006906860607811543,0.02628090677242995,0.014761800213308243,0.0
,51.42,51.52,50.05,50.52,58844.0,218831.0,-0.03232998222629169,0.000302230962556024,0.017384791127765212,0.015055032092577405,0.0
,32.85,36.15,32.5,33.85,290120.0,307632.0,-0.40043029812400643,0.004086002702165857,0.06392184839447196,0.01512640026615148,1.0
,35.82,35.84,29.45,30.05,280356.0,314726.0,-0.11907633837706744,0.013908100711964204,0.11793261089267974,0.017118315615909006,1.0
,30.14,31.25,28.5,28.73,263225.0,322688.0,-0.04492078799001842,0.003060398530263766,0.055320868849501686,0.022690036493054323,0.0
,28.4,29.21,24.52,24.88,242476.0,331798.0,-0.14387760512021952,0.011048411942454355,0.10511142631728652,0.023733984608435777,1.0
,27.19,29.42,24.96,28.47,225293.0,342256.0,0.13478663341896757,0.009748079918600659,0.09873236510182798,0.02729891114194683,1.0
,28.1,30.94,26.81,26.98,214457.0,352630.0,-0.05375505051033658,0.007403800920779505,0.08604534223756394,0.030093430199100185,0.0
,26.75,27.54,24.68,27.03,189125.0,332266.0,0.0018515095087465738,0.004336131698597882,0.06584931054003437,0.03203475431859446,0.0
,27.72,28.65,26.69,27.15,162218.0,311450.0,0.004429686091588003,0.0018112222880917563,0.04255845730394555,0.03309044242534793,0.0
,27.8,28.29,25.68,27.39,149118.0,290874.0,0.008800936895042355,0.003379313865918049,0.05813186618299854,0.033516042737314476,0.0
,27.35,27.75,26.03,26.34,104072.0,267057.0,-0.03908928695985159,0.0014766790586662074,0.038427582003896725,0.03429331321445423,0.0
,26.68,27.0,24.13,24.93,88225.0,242601.0,-0.05501679877966881,0.004555124240246035,0.06749166052369755,0.034625473338770515,0.0
,23.85,24.44,21.65,22.76,47614.0,218275.0,-0.09106728827733601,0.005299466496716809,0.07279743468499979,0.03562333873870252,0.0
,23.0,23.87,22.59,22.74,45099.0,196305.0,-0.0008791209357403851,0.0010956097857959246,0.033099996764288736,0.036787100625307566,0.0
,33.99,33.99,30.63,31.74,424592.0,307930.0,0.33345222677587305,0.003907535041544672,0.06251027948701456,0.03695966302573561,1.0
,32.25,32.32,29.38,29.6,408592.0,322561.0,-0.06980335376824831,0.0032806273466408895,0.057276760964992506,0.037699103305489305,0.0
,30.26,30.33,27.16,27.69,403715.0,338661.0,-0.06670302414714424,0.004395313940128279,0.066297163892042,0.038329492415707524,0.0
,28.05,29.0,27.2,27.82,377626.0,353895.0,0.004683849312426602,0.0014809624814020477,0.038483275346597616,0.03924199243205954,0.0
,28.66,28.93,27.58,28.08,350890.0,370349.0,0.009302392662313252,0.0008236766228512654,0.02869976694768209,0.03954220422363182,0.0
,28.05,28.25,25.37,25.57,326749.0,386251.0,-0.09363778985451487,0.004170059065595866,0.06457599449947221,0.039701045963099715,0.0
,26.33,26.5,17.51,19.33,275799.0,401463.0,-0.27976149608285583,0.06192935837418869,0.24885609973273448,0.040545447412998634,1.0
,20.23,22.45,15.98,20.37,253347.0,415347.0,0.05240493701847493,0.04168228036522375,0.20416238724413405,0.05172150487567139,0.0
,20.89,23.22,20.07,21.33,234787.0,395196.0,0.04605130224454479,0.007665791317478575,0.08755450483829244,0.05802088039760838,0.0
,21.93,22.7,20.5,21.44,226925.0,374460.0,0.005143803719342088,0.0037480392724732635,0.06122123220316023,0.059091695549658665,0.0
,21.55,21.91,19.11,19.99,142359.0,350237.0,-0.07002618769029256,0.006742967078317871,0.08211557147288126,0.059610714753328825,0.0
,19.9,21.29,18.73,20.46,125044.0,326222.0,0.02323961201117175,0.005919528766765955,0.07693847390458142,0.06053157892395873,0.0
,20.66,23.88,20.53,22.54,86009.0,301097.0,0.09681974808814964,0.008240511444592919,0.09077726281725462,0.061332586429019884,0.0
,22.87,25.76,22.87,25.27,74363.0,276697.0,0.11432641278847244,0.0051072344332993335,0.07146491750012263,0.06243605685315499,0.0
,29.35,30.55,28.86,29.19,328633.0,292163.0,0.14420826346592097,0.0011680547831333437,0.034176816456968954,0.06310273421992357,0.0
,29.52,31.55,28.88,31.13,318342.0,297733.0,0.06434579958749298,0.002820054896690412,0.05310418906913476,0.06324968840342778,0.0
,31.52,32.91,30.94,32.5,300217.0,302619.0,0.04306810488217527,0.0013742347218948197,0.03707067199141148,0.06361158003254001,0.0
,32.78,35.72,32.69,34.81,289969.0,312460.0,0.06866461248765576,0.0028339297900128475,0.05323466718232441,0.06378524282650397,0.0
,35.66,35.76,34.2,34.65,275727.0,322505.0,-0.004606976187435219,0.0007175763642488253,0.026787615874669123,0.06414855696583946,0.0
,34.45,36.46,34.38,35.75,254918.0,333766.0,0.031252543504104224,0.0012444968666959749,0.035277427155278415,0.06423485289761503,0.0
,35.82,36.98,35.75,36.06,224086.0,343747.0,0.008633948635154542,0.0004127056416458162,0.020315157928153457,0.06437814284039076,0.0
,36.18,36.23,33.54,35.13,190712.0,327248.0,-0.02612875149743532,0.002146704756177397,0.04633254532375053,0.06441116273431324,0.0
,34.98,35.97,34.46,35.53,183870.0,310718.0,0.011321943755199904,0.0006633552475517455,0.025755683791189577,0.06467403130963904,0.0
,35.66,36.68,35.26,36.17,130559.0,291004.0,0.017852635931070893,0.0005622418708720635,0.0237116399869782,0.06474698407775722,0.0
,35.93,36.16,33.98,34.74,98814.0,269815.0,-0.04033828515104787,0.0013945555187050128,0.03734374805379091,0.06480651927387525,0.0
,33.92,35.95,33.62,35.29,52913.0,247768.0,0.015707876874219817,0.0016194490572248492,0.040242378871344686,0.06497187782728393,0.0
,35.15,35.37,34.06,35.33,47113.0,226270.0,0.0011328236838750172,0.0005137193067359221,0.02266537682757386,0.06516670443811354,0.0
,38.8,39.9,37.24,39.72,287376.0,286216.0,0.11712237780591828,0.0017168129834163463,0.04143444199475053,0.06521404693432127,0.0
,39.94,41.65,38.95,40.96,266813.0,295300.0,0.03074114155428065,0.001620156779199638,0.040251171153143334,0.06538941464887134,0.0
,40.61,41.46,40.03,40.71,258755.0,305963.0,-0.006122218216364939,0.0004443520083390984,0.021079658639055292,0.06557081700397693,0.0
,40.43,41.64,40.06,41.51,244392.0,318728.0,0.019460599550059854,0.0005397006002186245,0.023231457126461623,0.06556780506309162,0.0
,41.72,42.92,41.03,42.19,229292.0,330873.0,0.016248864071299884,0.0007314818045772274,0.027045920294514428,0.06558510170218299,0.0
,41.74,43.18,41.58,43.08,207501.0,317127.0,0.020875626151940274,0.0005142044059600514,0.022676075629615707,0.06564382399600316,0.0
,43.21,43.93,42.21,42.63,192266.0,302724.0,-0.010500621511068786,0.0005753566718974147,0.023986593586781235,0.06568551449522414,0.0
,42.45,42.89,39.63,40.31,174559.0,287609.0,-0.05595865364804453,0.0022539458210422405,0.04747573928905416,0.06570848175721618,0.0
,40.35,41.64,39.47,41.05,138989.0,270486.0,0.018191258769362673,0.0010331241258456838,0.03214224830103961,0.06596356145466048,0.0
,41.44,41.81,40.29,41.02,115378.0,252858.0,-0.0007310832542022361,0.0004946233983572724,0.022240130358369584,0.06604302153547179,0.0
,40.56,41.95,40.04,41.71,65624.0,233188.0,0.016681155564619132,0.0007832071795946725,0.027985838911754504,0.06607859505602248,0.0
,41.33,41.62,40.9,41.15,59912.0,214167.0,-0.013516981085774926,0.00010983560216691183,0.010480248192047353,0.0661668093174065,0.0
,43.12,43.34,42.14,42.72,371187.0,325822.0,0.03744326752886051,0.0002843577493874632,0.016862910466092833,0.0661479819000162,0.0
,42.24,43.22,41.8,42.9,353151.0,336548.0,0.0042046312820316345,0.00040252216696192757,0.02006295509046281,0.06613629565590519,0.0
,43.07,43.85,42.7,43.79,332516.0,347078.0,0.020533654879336005,0.00025473416402928414,0.01596039360508644,0.06617144543098057,0.0
,43.71,43.8,43.14,43.37,303458.0,358043.0,-0.009637522966032375,8.314570581417713e-05,0.00911842671814481,0.06617284689025298,0.0
,43.4,43.45,42.64,43.14,292094.0,369824.0,-0.005317316886264578,0.00012772173004049476,0.011301403896883553,0.06607714542361749,0.0
,43.08,43.45,42.36,43.28,269972.0,383447.0,0.0032399935772158273,0.00023280829522099875,0.015258056731477922,0.06601183153011564,0.0
,43.17,44.89,43.16,44.32,260434.0,396815.0,0.023745407900802373,0.000557082881925529,0.023602603287042914,0.06595052624856505,0.0
,44.03,44.4,43.62,44.29,239859.0,377310.0,-0.0006771245039214335,0.00011329839377592803,0.010644171821984462,0.06593364234451995,0.0
,44.1,44.77,43.13,43.31,188278.0,355220.0,-0.022375362708571434,0.000502325571199551,0.022412620801672233,0.06590975888795786,0.0
,43.27,43.9,42.79,43.34,166135.0,332748.0,0.0006924408816777472,0.0002365538180066913,0.015380306174023042,0.06545508662041452,0.0
,43.35,43.77,42.39,43.41,146986.0,309462.0,0.0016138332032888947,0.00037016522262533667,0.019239678339965476,0.06369073126905261,0.0
,43.55,43.84,43.0,43.22,111692.0,285037.0,-0.004386478232762059,0.0001349958981935109,0.011618773523634536,0.06333776146812185,0.0
,43.31,43.95,43.2,43.75,91345.0,261823.0,0.012188261724883187,0.00010685226346192761,0.010336936851017694,0.061885230551306465,0.0
,43.73,43.8,41.38,42.94,59423.0,238605.0,-0.018687820352988105,0.001165101538478647,0.034133583733306515,0.06057305203473496,0.0
,43.29,43.44,43.05,43.3,56575.0,216207.0,0.0083488425578091,2.9334442967111502e-05,0.005416128041979021,0.059708594940463655,0.0
,45.32,45.58,44.82,44.96,326712.0,276047.0,0.03762057057699142,0.00010197303066875925,0.010098169669240027,0.05910445292449503,0.0
,45.29,45.29,44.47,44.8,318024.0,286173.0,-0.0035650661644961446,0.00012040949085476263,0.010973125847030217,0.058862966862706916,0.0
,44.86,45.41,44.53,45.37,301516.0,296475.0,0.012642954254932892,0.00013812167466815224,0.011752517801226775,0.05839977564137049,0.0
,45.27,45.55,44.76,45.46,280958.0,307760.0,0.0019817247485249823,0.00011040257246541328,0.010507262843643594,0.05820845733421485,0.0
,45.17,45.48,44.81,45.37,259442.0,318966.0,-0.0019817247485249823,7.944394122739617e-05,0.008913133075826713,0.057568618280848985,0.0
,45.14,45.18,44.02,44.9,216825.0,329460.0,-0.010413298927663739,0.0002440112088826636,0.01562085813528385,0.056807969817986595,0.0
,45.03,45.08,43.59,44.35,180438.0,337717.0,-0.012325085992620277,0.0004074510332377152,0.02018541635036828,0.05668290858121216,0.0
,44.5,45.18,44.29,45.13,160252.0,319145.0,0.01743450508332156,0.00014276716262122998,0.011948521357106492,0.056165980733485575,0.0
,45.12,46.07,45.08,45.86,132087.0,299354.0,0.01604606359084837,0.00017020242307041992,0.013046165071407764,0.055698471451383756,0.0
,45.97,46.1,45.54,45.64,99530.0,277773.0,-0.004808752435883523,5.387549134180419e-05,0.007339992598211813,0.0550627024104004,0.0
,45.7,45.87,44.56,45.09,80057.0,255257.0,-0.012124032560882014,0.0003027978820377258,0.01740108853025367,0.05484629808445273,0.0
,45.1,45.3,44.8,45.05,74185.0,233645.0,-0.0008875083786459292,4.442975128185185e-05,0.006665564588378981,0.054767098711012166,0.0
,45.8,46.53,45.21,45.28,487191.0,240926.0,0.0050924498405806595,0.0002987203958268943,0.017283529611363944,0.05413570552463365,0.0
,39.78,40.09,39.3,39.61,340735.0,341763.0,-0.13378382226110208,0.00014286498110314017,0.011952613986201519,0.04362908792320196,1.0
,39.7,40.82,39.39,40.53,306646.0,353400.0,0.022960829006391847,0.0004586502339422641,0.021416120889233514,0.03480192125838952,0.0
,40.72,42.44,40.59,42.22,286248.0,365848.0,0.04085160177995739,0.0007164595684524776,0.026766762382710346,0.033031117226279307,0.0
,42.32,43.5,41.5,43.3,261171.0,377922.0,0.02525859258826957,0.0007990188233099994,0.028266921008663102,0.0322572220877102,0.0
,43.22,43.8,42.53,43.15,244943.0,389306.0,-0.0034702174790073315,0.00031226345672111147,0.017670977808856857,0.030683262091337805,0.0
,43.01,43.3,40.96,41.44,229531.0,372129.0,-0.0404358195782093,0.0011132346495235014,0.033365171204768326,0.029120579505422742,0.0
,41.79,42.2,41.21,41.72,209778.0,353994.0,0.006734032181344052,0.00020325885546034164,0.014256888000554035,0.027004077546680924,0.0
,41.67,42.62,41.21,41.77,179303.0,333736.0,0.0011977483765122088,0.00040822138433412817,0.02020448921240347,0.02544577131567916,0.0
,41.36,42.02,41.27,41.94,157055.0,312181.0,0.004061646964689913,0.00011698624968730589,0.01081601819928692,0.025195701773712383,0.0
,41.85,42.33,41.52,41.92,134554.0,290121.0,-0.00047698546098695616,0.00013463732120119916,0.01160333233175708,0.024285226862295006,0.0
,41.87,42.62,41.48,42.43,109306.0,266766.0,0.012092619201446553,0.0002651218088561068,0.016282561495541997,0.023856074427174894,0.0
,42.47,42.52,40.43,41.03,66468.0,243127.0,-0.033552152760138565,0.0009162588535711232,0.03026976798013363,0.02294120355871277,0.0
,40.66,40.98,40.3,40.95,64522.0,221299.0,-0.0019516961550163359,0.00010098229578598104,0.010048994764949429,0.023013261297441825,0.0
,41.81,42.68,41.66,42.45,408229.0,329659.0,0.03597510245827795,0.00021103283786330174,0.01452696932822885,0.02259538933859075,0.0
,42.43,43.45,42.13,43.32,394329.0,343994.0,0.020287509375433554,0.0003432785955308334,0.018527779023154216,0.022520888214413864,0.0
,43.45,43.48,41.56,43.16,372009.0,358325.0,-0.003700281742855971,0.0007356616438389846,0.027123083228847426,0.021843381223809712,0.0
,43.1,43.21,42.27,42.93,351025.0,372756.0,-0.005343258153464703,0.00017447621577411737,0.013208944536718949,0.021870948993893018,0.0
,42.69,43.23,42.36,42.62,332782.0,387654.0,-0.007247255565998145,0.00014907228468986124,0.012209516152979251,0.021722698933953184,0.0
,42.45,43.3,42.19,43.16,319155.0,404500.0,0.012590513719462848,0.00024324206174600963,0.015596219469666668,0.021239529069047608,0.0
,42.91,43.04,41.45,41.73,308196.0,420745.0,-0.03369384578647283,0.0005110468540774857,0.022606345438338452,0.02069253033867385,0.0
,41.59,42.79,41.46,42.46,260989.0,402710.0,0.017342161671648704,0.0003595921173412067,0.018962914262876544,0.020691454055703697,0.0
,42.4,42.8,41.5,41.77,229909.0,382970.0,-0.016384077766026017,0.00034314285053647963,0.018524115377973643,0.020137425932114015,0.0
,41.53,41.63,40.22,40.46,218235.0,363952.0,-0.03186454676948447,0.00042821445924343387,0.020693343355858033,0.019601845772621994,0.0
,40.5,41.47,40.4,41.2,166367.0,342552.0,0.018124424615881374,0.00024645746226312687,0.01569896373214254,0.01959498401484585,0.0
,40.61,40.7,38.75,39.12,148226.0,321657.0,-0.05180441118886403,0.0008694215794461224,0.029485955630539133,0.019469874496500297,0.0
,39.16,39.45,36.64,37.65,75469.0,296882.0,-0.03830089092071409,0.0019693690610433417,0.04437757385260422,0.01952882508389298,0.0
,37.5,38.1,36.8,37.46,70659.0,272032.0,-0.005059257229960146,0.0004346951949184924,0.02084934519159996,0.020140202417271675,0.0
,43.2,43.34,42.63,42.78,326304.0,323989.0,0.13279700663831706,9.84049921809846e-05,0.009919929041126483,0.02008191712608702,1.0
,42.71,44.67,42.71,43.82,299682.0,329419.0,0.024019630513060886,0.0007261198451752723,0.02694661101465771,0.019166578071685255,0.0
,43.89,44.25,43.08,43.75,276760.0,336778.0,-0.0015987213636972086,0.0002589830340290721,0.0160929498237294,0.01903262927098704,0.0
,43.75,44.89,43.48,44.34,272711.0,345077.0,0.013395591384542271,0.00036734723187416724,0.019166304596196088,0.018929174244043577,0.0
,43.96,44.57,43.79,44.2,251697.0,356826.0,-0.0031624151045130944,0.00011242810545297165,0.010603212034707769,0.018745203077926032,0.0
,44.15,45.24,44.05,44.96,210553.0,366152.0,0.017048416501783237,0.00025627972281629043,0.0160087389514693,0.018746355561036085,0.0
,45.08,46.12,44.89,46.06,181411.0,344380.0,0.02417168880710374,0.00026354781586330464,0.016234155840797657,0.018733869854124348,0.0
,45.9,48.03,45.89,47.86,169046.0,322545.0,0.038335188087687655,0.0007492664169282145,0.027372731265407447,0.018671947957465282,0.0
,47.8,49.06,47.72,48.61,122534.0,298235.0,0.015549188577137052,0.0002766103394764744,0.016631606641466554,0.01889136958352343,0.0
,48.76,49.09,47.53,47.8,104182.0,274368.0,-0.016803631559954013,0.00037615354037061707,0.01939467814557945,0.018976518524279222,0.0
,47.81,48.44,47.34,48.18,50413.0,248161.0,0.007918357689315147,0.0001903042267131681,0.013795079800898873,0.019085302865673396,0.0
,47.91,47.99,46.85,47.59,66691.0,224745.0,-0.012321342053706275,0.00020846972173206238,0.014438480589454777,0.019066735020256718,0.0
,50.05,50.8,49.13,50.29,347355.0,320585.0,0.05518359505085435,0.0004029921405624121,0.020074664145693998,0.01891375597273387,0.0
,50.3,50.89,49.78,50.76,337585.0,331821.0,0.009302392662313697,0.00017541048964263482,0.013244262517884294,0.019040966207344474,0.0
,50.64,51.2,50.34,51.08,320894.0,345045.0,0.006284388318151368,0.00010349464827909724,0.010173231948554856,0.01889734926958326,0.0
,51.12,51.9,51.08,51.5,288036.0,357302.0,0.008188776505352102,9.147761365783103e-05,0.00956439301042314,0.018838581597026505,0.0
,51.43,52.48,51.13,52.26,243794.0,370194.0,0.014649452422776044,0.0002449558896502262,0.015651066725633312,0.018714896823253765,0.0
,52.22,52.32,49.2,50.91,211345.0,379838.0,-0.026171892178222134,0.0013634966777464439,0.03692555588947097,0.01876379571486837,0.0
,50.65,50.86,49.56,50.08,178792.0,359989.0,-0.016437641122401203,0.00024180725952468755,0.01555015303862594,0.019313831913960553,0.0
,49.7,51.59,49.2,51.2,135884.0,337245.0,0.02211780525361906,0.000811518248073275,0.02848715935422967,0.01891126291970357,0.0
,51.11,51.77,50.62,51.29,128364.0,314501.0,0.0017562693557149345,0.00018200849529466446,0.013491052416126196,0.019252850749172823,0.0
,51.25,52.02,50.53,50.86,105934.0,290702.0,-0.008419041407203398,0.00030460489172543697,0.017452933613734883,0.019287461895759025,0.0
,51.02,51.63,50.86,51.09,76543.0,265995.0,0.0045120233487327965,8.143467091184558e-05,0.009024116073713014,0.019366881776068157,0.0
,51.32,51.56,51.04,51.34,69295.0,241853.0,0.004881392100287929,3.705902096938912e-05,0.006087612090909631,0.019342474669293546,0.0
,51.49,51.84,50.9,51.8,597646.0,254076.0,0.008919973822442806,0.00012077453129545764,0.010989746643824762,0.019310850157549478,0.0
,56.83,57.42,55.77,56.06,431472.0,364144.0,0.07903239647120452,0.0003066110745981853,0.01751031337806909,0.01932867757957408,1.0
,55.93,56.57,55.24,56.42,424452.0,380522.0,0.006401159837208681,0.00020415381292627542,0.014288240371937877,0.019355647963072393,0.0
,56.41,56.5,54.64,55.1,404203.0,398410.0,-0.023673989414981556,0.0004041482888612581,0.020103439727102875,0.019267922074401218,0.0
,54.75,55.21,54.49,54.75,390965.0,415916.0,-0.006372347462258787,6.214965886173885e-05,0.00788350549322691,0.019380639132113218,0.0
,55.01,56.08,54.89,55.9,358468.0,432752.0,0.02078701146444306,0.00016591688523134992,0.012880872844312606,0.019334122523810594,0.0
,56.07,56.64,55.66,56.08,315090.0,448655.0,0.0032148625652812512,0.0001098725559035304,0.01048201106198283,0.01938235409671761,0.0
,55.82,56.24,55.49,56.1,270479.0,462067.0,0.0003565698023164643,6.500855525480174e-05,0.00806278830522058,0.019299228695165756,0.0
,56.0,56.03,54.48,55.41,225077.0,437229.0,-0.01237572964939293,0.00028385185723050685,0.016847903644979303,0.019308112499530482,0.0
,55.26,56.02,55.07,55.88,211639.0,412267.0,0.00844645150950285,0.00010550984621920516,0.010271798587355828,0.019301694208486434,0.0
,55.93,56.34,55.39,55.91,154489.0,384055.0,0.0005367206497925991,0.0001043045092733223,0.010212957910092565,0.019285559720591983,0.0
,56.05,56.49,55.2,55.81,122352.0,355524.0,-0.0017901902382115864,0.00019247042386043506,0.013873371034483113,0.019131833463071544,0.0
,55.41,56.59,55.31,55.53,55470.0,322831.0,-0.00502964954682561,0.00018878704603387698,0.01373997984110155,0.01890221942653393,0.0
,55.52,56.37,55.31,55.88,48249.0,291321.0,0.006283119135244597,0.00012997551374982234,0.011400680407318781,0.01863124713022636,0.0
,62.83,63.76,62.82,63.3,399197.0,371803.0,0.1246787947613699,7.956389410240938e-05,0.008919859533782434,0.01854953469078708,1.0
,63.47,63.7,62.69,63.35,374090.0,386443.0,0.0007895776170174784,9.213196802729157e-05,0.009598539890383931,0.018079197751034982,0.0
,63.15,64.96,62.73,64.34,346683.0,401398.0,0.015506615043731742,0.0004401075395019986,0.020978740179095564,0.018027902721350523,0.0
,65.02,65.52,63.22,63.93,287100.0,416840.0,-0.006392787032244662,0.00046056997743505886,0.021460894143419534,0.018042635961797324,0.0
,63.3,63.94,62.09,62.91,243370.0,429849.0,-0.01608360119669694,0.00031090844258729725,0.01763259602518294,0.01820063482168698,0.0
,62.68,65.85,62.55,65.24,221779.0,408668.0,0.036367644170874236,0.000953374806734854,0.03087676807463589,0.018281164074957213,0.0
,65.51,66.79,64.47,65.37,169527.0,384103.0,0.001990659871825784,0.0004507919688805899,0.02123186211524062,0.018592252236711,0.0
,65.06,67.31,64.8,67.04,132777.0,358166.0,0.02522601854918971,0.0005209009216612273,0.022823253967417252,0.018382438951944774,0.0
,67.2,67.7,66.48,66.88,75039.0,328898.0,-0.002389487397381984,0.00011927311489542258,0.01092122314099582,0.018571825585724306,0.0
,66.89,66.9,65.72,66.13,66631.0,300909.0,-0.011277467089874982,0.00011422033471191003,0.010687391389479007,0.018530606489546762,0.0
,69.08,70.03,67.82,68.88,409207.0,422983.0,0.040743358432903776,0.00037086851843043037,0.01925794689032116,0.01842730960260117,0.0
,68.81,68.94,67.36,68.39,402603.0,438522.0,-0.007139245009470052,0.0001938812938845523,0.013924126323922528,0.018261595049902987,0.0
,68.39,68.89,66.96,68.0,385091.0,455343.0,-0.005718909933897898,0.00029122477180503295,0.017065309015808442,0.018270448044181854,0.0
,67.77,68.15,61.45,63.28,323686.0,471919.0,-0.0719383817167083,0.003862681022914163,0.062150470818121424,0.018335170570620136,1.0
,62.99,64.95,62.07,64.53,254042.0,484413.0,0.019560908488349682,0.0007419321243738322,0.02723843101894513,0.019912369586261466,0.0
,64.53,65.12,63.45,64.62,238393.0,456091.0,0.0013937284486038592,0.00024343165124714828,0.015602296345318796,0.02000876184020748,0.0
,64.3,64.3,60.27,60.79,186889.0,426690.0,-0.06109865863572139,0.001510987471268908,0.03887142229542043,0.019960324211041984,1.0
,60.5,64.57,60.47,64.41,167692.0,397234.0,0.05784359879816847,0.0015522288670651032,0.039398335841315725,0.020442079630559017,0.0
,63.99,64.19,60.98,61.95,152433.0,368500.0,-0.038941292483647416,0.0009492368057561578,0.030809686881825945,0.020895267241311136,0.0
,62.01,64.89,61.85,64.57,122276.0,338716.0,0.04142229856322377,0.0008303494804928854,0.02881578526594209,0.021173690801181252,0.0
,64.58,65.46,63.13,64.98,103614.0,308925.0,0.0063296236025784935,0.00047376945823220795,0.021766245846084897,0.02115830759996666,0.0
,65.2,65.41,63.52,64.14,56778.0,278229.0,-0.013011335975945393,0.00031006475631396944,0.017608655721376616,0.02056082003345087,0.0
,64.13,64.79,63.53,63.54,54726.0,250157.0,-0.009398565423638594,0.00013910887678436192,0.011794442622878027,0.02051024491494952,0.0
,63.24,64.19,63.18,63.67,476195.0,329471.0,0.0020438651875638314,9.071961424283673e-05,0.009524684469463371,0.020526776282405762,0.0
,64.01,66.9,63.88,66.58,469412.0,348306.0,0.04469073811794466,0.0007695913652650389,0.027741509787050866,0.0202671789033171,0.0
,66.38,67.03,65.95,66.94,450764.0,367178.0,0.005392463636302303,9.516308013529241e-05,0.009755156592043636,0.02047605136624233,0.0
,66.86,67.38,66.44,66.77,412500.0,384515.0,-0.0025428179134037165,7.118729343757855e-05,0.008437256274262301,0.020364976725349166,0.0
,66.7,67.23,66.17,67.05,403544.0,403267.0,0.004184731857910684,9.109465419141979e-05,0.009544351952407234,0.020348094017796605,0.0
,67.2,68.08,65.51,66.57,368782.0,420945.0,-0.007184584115075943,0.0005340723052318066,0.023110004440324253,0.020280331498277064,0.0
,66.22,66.52,64.96,65.32,344807.0,440146.0,-0.018955757510347837,0.0002031164541100209,0.014251893000932223,0.02039118895919225,0.0
,65.13,65.83,64.58,65.4,307857.0,457022.0,0.001223990360888827,0.00013255599585791026,0.011513296480935001,0.02016675699732559,0.0
,65.8,66.3,65.16,66.11,273305.0,438321.0,0.010797762882333473,0.00010849725717704259,0.010416201667452612,0.020107142563333173,0.0
,66.1,66.26,64.57,65.65,227313.0,417333.0,-0.006982420596680861,0.00024075847320045277,0.015516393691849043,0.019995905681138286,0.0
,65.76,66.8,65.66,66.42,171598.0,393458.0,0.01166061519979511,0.00010686517130030867,0.010337561187258273,0.02001692154446082,0.0
,66.58,67.85,66.13,67.27,129868.0,367749.0,0.012716156088913522,0.00023779307662218487,0.015420540737022969,0.01997457731575908,0.0
,67.18,68.95,67.13,68.56,90275.0,339508.0,0.01899490225201017,0.00025809554479664244,0.016065352308512953,0.019905537450943145,0.0
,68.33,68.4,67.06,67.25,84640.0,312454.0,-0.019292255807576097,0.00014118557488893498,0.0118821536300847,0.019940123005224086,0.0
,68.88,69.04,66.48,67.05,439492.0,398679.0,-0.0029784087542603643,0.0005149333442451078,0.022692142786548557,0.0199558684996076,0.0
,67.0,68.89,66.5,68.71,408642.0,407701.0,0.024456139315296888,0.0004496632543002074,0.021205264777884935,0.02013192199178754,0.0
,68.92,69.62,68.18,69.46,383349.0,418104.0,0.010856298272942766,0.00015755518733408198,0.012552098921458593,0.02021648022021271,0.0
,69.61,70.24,67.28,68.71,358993.0,430597.0,-0.010856298272942766,0.0006685908002814923,0.02585712281522235,0.01971311866889777,0.0
,68.41,68.46,65.3,66.66,331187.0,444018.0,-0.030289676163390844,0.0008054856601179737,0.028381079262740763,0.019892714914426818,0.0
,66.63,67.17,64.8,65.11,267046.0,455803.0,-0.023526925630823037,0.0004653869355476589,0.021572828640390646,0.019890187619378327,0.0
,65.22,66.94,64.57,66.44,242324.0,466315.0,0.02022113749632304,0.000468649027252899,0.021648303103312717,0.020008561605929783,0.0
,66.72,68.64,66.46,68.46,204432.0,438289.0,0.029950348356945433,0.00037570954055648727,0.019383228331639888,0.020076767829103993,0.0
,68.47,68.9,67.83,68.65,164918.0,408242.0,0.002771499111941189,8.835521706975853e-05,0.009399745585374028,0.020198544195671356,0.0
,68.55,69.17,68.02,68.87,132924.0,376720.0,0.0031995373426267903,0.00010137845129035711,0.01006868667157525,0.020219696442483056,0.0
,68.78,69.51,68.11,69.46,99694.0,343229.0,0.008530377759320196,0.00014931294714975904,0.01221936770662701,0.02021170097310162,0.0
,69.69,69.92,69.26,69.63,85224.0,310359.0,0.0024444616385279616,3.244257045649597e-05,0.0056958379942284145,0.02014674218747545,0.0
,68.98,69.82,68.75,69.32,561967.0,311613.0,-0.0044620441070506445,8.602425577363993e-05,0.009274926186964504,0.02007559131700584,0.0
,72.7,73.64,72.59,72.86,399707.0,389919.0,0.04980632673301244,7.438666792037098e-05,0.008624770601028817,0.019943101551897918,0.0
,73.03,74.33,72.79,73.99,392186.0,405070.0,0.015390157357042078,0.00015808995429614133,0.012573382770604788,0.01994821419727316,0.0
,74.26,74.96,73.86,74.39,381500.0,421642.0,0.005391575265790927,7.882303036876585e-05,0.008878233516233161,0.01994494424187168,0.0
,73.8,74.5,72.01,73.08,339490.0,437628.0,-0.017766792693444167,0.00041679484220052076,0.02041555392832927,0.019931967005770507,0.0
,73.0,73.76,72.18,73.51,317847.0,453136.0,0.005866719876189919,0.0001691118212068963,0.013004300104461458,0.020078506256730175,0.0
,73.33,74.95,72.98,74.9,291237.0,435088.0,0.018732439137178147,0.00025588558873911575,0.015996424248534914,0.020030828229701984,0.0
,74.88,75.3,74.32,74.81,245167.0,414847.0,-0.00120232463886083,6.189560481582358e-05,0.007867375980326831,0.020093290968459045,0.0
,74.75,76.02,74.7,75.19,217285.0,393573.0,0.005066677505622508,0.0001106631017229247,0.01051965311799418,0.02007569492866601,0.0
,75.3,75.78,74.51,75.56,197573.0,371781.0,0.004908799243373174,0.00010302496777592242,0.010150121564588398,0.020041708297944757,0.0
,75.54,76.21,74.95,76.18,159060.0,347831.0,0.00817191841714937,0.0001002448291901931,0.010012233976001214,0.020006016683211624,0.0
,75.99,76.6,74.51,74.68,110240.0,321967.0,-0.01988664237693616,0.0002760171647668196,0.016613764316578575,0.019993628788181863,0.0
,74.67,75.51,73.9,74.76,52539.0,293376.0,0.0010706639138398089,0.00016753308287058603,0.012943457145236972,0.02007534341667297,0.0
,75.18,75.6,74.39,75.13,48711.0,266605.0,0.004936963793706894,9.389436136946536e-05,0.009689910286966818,0.020106618277192786,0.0
,75.25,76.6,74.93,76.49,464971.0,397810.0,0.01794006695270589,0.0001752449061241616,0.013238009900440533,0.019962612026215427,0.0
,76.28,76.72,73.79,74.76,424350.0,411615.0,-0.022877030746412785,0.0005468759303190817,0.023385378558387328,0.019843146450450322,0.0
,74.5,74.59,73.19,73.47,385639.0,424152.0,-0.01740582295517612,0.00012948673240111792,0.01137922371698166,0.01994199720479911,0.0
,73.18,74.09,72.34,73.59,364482.0,437847.0,0.0016319873063217472,0.00020607811221300137,0.01435542100438024,0.019594687663003287,0.0
,72.86,73.34,67.75,68.62,321724.0,451946.0,-0.06992510950820385,0.002267046807796733,0.04761351496998235,0.019490336588495853,1.0
,68.99,69.73,67.44,69.35,296081.0,468182.0,0.010582109330536937,0.00040216838853489464,0.02005413644450677,0.02022314643591476,0.0
,68.92,72.38,68.63,72.23,267820.0,482790.0,0.040689325301914714,0.0010208033274634093,0.031950012949346504,0.020339384774269265,0.0
,72.24,73.9,71.74,73.79,241182.0,455767.0,0.0213677490075197,0.00031738353436197163,0.017815261276837104,0.02070749356010125,0.0
,73.56,74.22,73.32,74.1,223580.0,429207.0,0.0041923112317663325,5.368473000965177e-05,0.007326986420736138,0.020685958356829733,0.0
,74.12,74.84,72.75,74.5,209170.0,401776.0,0.005383593083472249,0.00028934188736990925,0.0170100525387169,0.02062940289350564,0.0
,74.67,75.05,74.02,74.48,166740.0,372405.0,-0.00026849241670223734,6.887828232745848e-05,0.008299294086093013,0.02062864228046351,0.0
,74.77,75.32,74.42,74.74,126261.0,340230.0,0.0034847910885265065,5.211879422621069e-05,0.007219334749560425,0.019034464443710562,0.0
,74.76,76.15,74.63,76.05,87861.0,307766.0,0.01737559464796412,0.00014662352680312773,0.012108820206904045,0.0187300279717647,0.0
,75.81,76.38,75.38,76.33,81285.0,277059.0,0.0036750271050767225,6.264298941024922e-05,0.007914732428215701,0.018686906621545322,0.0
,71.12,71.38,70.0,70.59,350320.0,341903.0,-0.07817755440299834,0.0001374625333384499,0.011724441706898027,0.018029459348097767,1.0
,70.05,70.45,68.14,69.51,335058.0,350296.0,-0.015417864294986039,0.00040088070675680184,0.02002200556280019,0.017363236031606142,0.0
,69.77,70.0,68.82,69.03,321949.0,360643.0,-0.006929434397010326,0.0001042450384043176,0.01021004595505415,0.01709803196782044,0.0
,68.96,70.04,67.23,68.23,309999.0,372892.0,-0.01165684188805205,0.0006047240759822834,0.024591138159554212,0.01674039893404974,0.0
,67.57,67.64,65.57,66.45,291080.0,386440.0,-0.02643456566807778,0.0003484267531547439,0.018666192786820347,0.016805461416861928,0.0
,66.54,66.93,64.94,65.18,257158.0,398165.0,-0.019297111749838614,0.0003285902097144498,0.01812705739259546,0.016824473247256447,0.0
,64.97,68.9,64.6,68.75,240424.0,378618.0,0.05332406313726512,0.0014977848429344393,0.03870122534151134,0.016918064968049665,1.0
,68.66,71.27,68.53,71.05,224466.0,359178.0,0.032907117996428425,0.0005543353309174573,0.023544326937023647,0.01759750008972892,0.0
,71.0,72.42,70.5,72.25,186786.0,338603.0,0.016748472449432228,0.00026040135405465875,0.01613695615829264,0.017495268184156244,0.0
,71.94,72.13,70.66,71.07,146855.0,315954.0,-0.0164670201537378,0.00015291296453600638,0.012365798176260455,0.017573798111607492,0.0
,71.53,72.76,71.17,72.7,114781.0,292538.0,0.022676077700669595,0.00017607653047632286,0.013269383198789718,0.0176125090372112,0.0
,73.25,73.69,72.0,73.41,71194.0,267967.0,0.009718781583216263,0.00019414554205257023,0.013933611952848774,0.01765267229601781,0.0
,73.14,73.52,72.62,72.99,67794.0,244941.0,-0.005737720659149126,5.4718266835706905e-05,0.007397179654145687,0.017491466294670875,0.0
,72.88,73.92,72.69,73.51,423918.0,364101.0,0.0070990059224556035,0.00010154953840227239,0.010077179089520657,0.017420622549621147,0.0
,73.62,74.28,73.08,73.6,396634.0,375579.0,0.0012235743488346884,9.567467721342441e-05,0.009781343323563712,0.017405783973307307,0.0
,73.92,76.13,73.78,75.46,382241.0,388609.0,0.024957688801333866,0.00035458487903643155,0.01883042429252277,0.017399643848636133,0.0
,75.46,75.87,74.48,75.67,370780.0,403537.0,0.00277906617026602,0.000123316736285624,0.011104806899970121,0.017454074390334025,0.0
,75.68,75.78,74.58,75.34,352398.0,419378.0,-0.004370578442535411,9.189477923154225e-05,0.009586176465700088,0.017461927315536203,0.0
,75.33,75.4,73.52,73.92,311828.0,435421.0,-0.019027774930466812,0.0002299483662089524,0.015164048476872936,0.017392161087203206,0.0
,74.33,75.18,73.26,74.36,284259.0,449852.0,0.005934735519814716,0.00024139237482189636,0.015536807098689756,0.017378669328809306,0.0
,74.56,76.26,74.49,76.19,266513.0,429663.0,0.024312057631675543,0.00019890529587241355,0.014103378881403334,0.017426653751432406,0.0
,75.9,77.35,75.6,77.25,230819.0,407559.0,0.013816695292936387,0.00018888156763435563,0.013743419066387942,0.01727486980653598,0.0
,77.26,78.24,76.85,78.09,211203.0,384920.0,0.010815091896728468,0.00011589369388995984,0.01076539334580766,0.01714860826388945,0.0
,78.25,79.9,78.21,79.53,167892.0,359351.0,0.018272301294460114,0.00016483990331806739,0.012838999311397575,0.017128350976211012,0.0
,79.4,80.75,78.1,79.09,135673.0,332719.0,-0.00554786443771782,0.00040158033260304934,0.020039469369298412,0.016881485683480142,0.0
,78.25,79.4,77.5,78.64,79371.0,303235.0,-0.00570596869241502,0.00021158180310557108,0.014545851749057911,0.01668091134869324,0.0
,78.46,79.11,77.6,78.52,73143.0,275726.0,-0.001527106430650349,0.00013395591490370146,0.011573932560011806,0.01655363156175289,0.0
,83.1,83.69,82.2,83.18,480058.0,391680.0,0.05765356490650486,0.00011639384624832549,0.010788597974172802,0.016384275978605468,1.0
,83.45,84.5,83.18,84.0,454674.0,406604.0,0.00980986452854804,8.94082951050319e-05,0.009455595967734234,0.016251848236574166,0.0
,84.3,85.1,84.16,84.86,430442.0,421220.0,0.010186040930865836,4.449697656244819e-05,0.006670605411988345,0.016252388206206086,0.0
,84.95,86.04,83.95,84.33,393633.0,436269.0,-0.006265166187628957,0.00021810425205804777,0.014768353058416764,0.01622319628884605,0.0
,84.21,85.4,83.7,85.08,374415.0,452185.0,0.008854316745486202,0.00014581910548867308,0.012075558185387253,0.01625849376710216,0.0
,85.19,85.89,83.61,85.82,340601.0,469600.0,0.008660089231342205,0.0002610701501602589,0.016157665368494886,0.01631650172347316,0.0
,85.9,86.1,83.36,84.61,312232.0,485540.0,-0.014199616626969558,0.0003772393281659685,0.01942264987497763,0.016405659391356783,0.0
,84.52,85.93,83.82,85.53,292309.0,464560.0,0.01081472865628097,0.00022292800048353525,0.014930773606331832,0.01655878028124776,0.0
,85.65,86.7,85.43,85.99,255585.0,441475.0,0.00536381883011483,7.85388621183517e-05,0.008862215418187018,0.016591378438989415,0.0
,86.03,86.5,85.27,86.4,180194.0,413628.0,0.004756665387205317,7.397840726372478e-05,0.008601070123172162,0.016591235709502047,0.0
,86.07,86.28,84.05,84.58,136254.0,384260.0,-0.02128984376566745,0.0002473156522964671,0.0157262726765266,0.01641814530083436,0.0
,84.21,84.59,82.32,84.32,65609.0,351564.0,-0.0030787472512905367,0.00026687942661963494,0.016336444736221985,0.01645779123406709,0.0
,84.33,84.83,83.79,84.38,59812.0,319506.0,0.0007113219031404938,5.48825221962836e-05,0.007408273901273062,0.016463356976494117,0.0
,81.92,82.49,80.67,82.05,391195.0,384049.0,-0.028001589160092877,0.00017952541897203218,0.013398709601003828,0.01645980674932582,0.0
,82.0,83.14,81.52,82.43,366801.0,396490.0,0.004620630789036184,0.00013965496237506933,0.011817570070664668,0.016494633779282186,0.0
,82.05,82.22,79.78,80.28,338773.0,409991.0,-0.026428924396998177,0.00032733304494706383,0.01809234769030995,0.01651312942547907,0.0
,80.1,81.41,79.28,81.24,308104.0,426157.0,0.011887212784046142,0.00025351690235425573,0.015922214115953088,0.016627334332916105,0.0
,81.0,82.24,78.05,78.89,268949.0,440100.0,-0.029353259605185755,0.0009862513779935339,0.03140463943422268,0.01661605376270274,0.0
,78.58,80.07,77.58,79.7,228916.0,416939.0,0.010215108689171082,0.0003599627147428552,0.018972683382770483,0.01702170812708712,0.0
,79.51,82.6,78.55,82.31,193228.0,392847.0,0.032223021188383605,0.0009116053929774458,0.03019280366208885,0.017151472826552442,0.0
,81.88,83.0,81.74,82.25,166588.0,367610.0,-0.0007292173390718304,8.439844466369107e-05,0.009186862612649166,0.017505590389954143,0.0
,82.24,82.58,81.7,82.22,145036.0,341406.0,-0.00036480817574879865,4.139794687187768e-05,0.0064341236288928795,0.017284031266073273,0.0
,81.65,81.66,72.14,72.72,111952.0,314978.0,-0.1227821316005091,0.005541749928637081,0.07444293068275241,0.017241507775746037,1.0
,73.88,77.02,72.41,73.44,48627.0,285809.0,0.009852296443011888,0.0013739675396907246,0.03706706812914564,0.01965190713361375,0.0
,74.42,74.56,70.22,70.57,40442.0,257419.0,-0.03986362129949672,0.0012971706797399178,0.03601625577069218,0.019269478444414255,0.0
,75.37,76.39,74.2,74.39,330646.0,303115.0,0.052716399190511964,0.00030516290545099504,0.01746891254345831,0.01965272256897661,0.0
,74.42,75.16,72.57,73.7,315715.0,311281.0,-0.009318725007958939,0.00044353273261355864,0.021060216822567583,0.01934689029292018,0.0
,73.25,74.58,72.5,73.88,299961.0,320172.0,0.002439356135747417,0.000288570462843238,0.016987361856487252,0.019401150755659197,0.0
,74.47,75.61,74.0,75.02,281887.0,329295.0,0.015312589322702408,0.00016708542822220173,0.012926152877875217,0.019501779735647425,0.0
,74.5,74.98,72.65,73.52,261873.0,339290.0,-0.020197266606309938,0.0003594258175637121,0.018958528887118645,0.019449467992859,0.0
,72.82,72.87,69.28,71.52,224289.0,351001.0,-0.027580347182172282,0.0009205649294617787,0.030340812933436354,0.019573560333415355,0.0
,71.88,74.27,71.24,73.98,202163.0,361782.0,0.03381765553904881,0.0006257483039612082,0.025014961602233335,0.019939868765359945,0.0
,74.05,75.67,73.62,75.29,172645.0,339081.0,0.017552537457723005,0.00027206672118901856,0.016494445161599664,0.02013911068871741,0.0
,75.47,77.0,74.78,76.85,151268.0,316435.0,0.02050814612257401,0.0003086834435580626,0.01756938939058676,0.020225582188457717,0.0
,76.72,76.79,75.75,76.14,145842.0,294086.0,-0.009281719030253655,6.706365084531363e-05,0.008189239943078578,0.02029600592971562,0.0
,76.32,79.08,75.75,78.6,130576.0,271943.0,0.031797948480809524,0.0006675545082606507,0.025837076232821908,0.02015847809484949,0.0
,78.67,79.85,78.48,78.94,118016.0,251320.0,0.004316370799540614,0.00010802168013214756,0.01039334787891503,0.020390015455236884,0.0
,79.28,80.17,78.13,79.23,75498.0,229454.0,0.0036669447424495516,0.00023961893331961453,0.015479629624755707,0.02018599408007022,0.0
,79.19,79.66,78.5,79.32,67049.0,208834.0,0.0011352886744440127,7.760912369272221e-05,0.008809604059929267,0.020141025131226842,0.0
,78.81,79.68,77.55,77.78,547197.0,221642.0,-0.019605974923993408,0.0002647988266105846,0.01627264043142921,0.020036912817007244,0.0
,84.87,85.1,83.79,84.47,396382.0,357542.0,0.08251211301180383,8.680138973485359e-05,0.009316726342168347,0.019517379647319928,1.0
,84.12,86.5,83.99,86.06,382966.0,373350.0,0.01864828567104837,0.00031274251221339103,0.0176845274806366,0.019316725290394715,0.0
,86.15,86.71,85.54,86.48,373776.0,389564.0,0.004868445920498843,6.65642678812701e-05,0.008158692780174413,0.01933929234952907,0.0
,86.47,88.66,86.44,87.51,341216.0,404444.0,0.011839899216787408,0.00023192883097997434,0.015229209794995088,0.019302048690134115,0.0
,88.65,89.17,87.61,88.44,321125.0,420819.0,0.010571283441505486,0.00011235179714056851,0.010599613065606146,0.019326146933917505,0.0
,87.89,89.5,87.05,88.38,296361.0,436106.0,-0.0006786562866514245,0.00027786063527123926,0.01666915220613332,0.019290845658744518,0.0
,86.75,88.23,85.71,87.89,266645.0,417403.0,-0.005559667126040502,0.00030285689494016093,0.017402784114622608,0.019386999914979823,0.0
,87.93,88.9,85.04,86.27,235846.0,397353.0,-0.018604119488066395,0.0007107106617590473,0.026659157183959274,0.019473337883177413,0.0
,86.76,88.37,86.2,88.2,207496.0,376085.0,0.022125049924258455,0.00022294591717152224,0.014931373586228503,0.019734778642154047,0.0
,87.95,90.47,87.79,89.96,141749.0,350920.0,0.019758164078369056,0.0003261382757312064,0.018059298871528937,0.01967911342914287,0.0
,89.7,91.04,89.0,89.34,108843.0,323825.0,-0.006915811167141683,0.0001852396873416532,0.013610278738573034,0.019764813794919265,0.0
,89.98,91.7,89.41,90.03,57444.0,295446.0,0.007693632196412281,0.00023067840232911444,0.015188100682083802,0.01980413120579473,0.0
,90.8,91.48,90.61,91.21,54771.0,268481.0,0.013021592071681631,3.293422603203708e-05,0.005738834901967217,0.019804438393577387,0.0
,95.2,96.78,93.44,96.48,334871.0,315215.0,0.05617119278680871,0.0004448815480391064,0.02109221534213764,0.01971652803120192,0.0
,95.81,96.26,92.06,93.28,315772.0,322434.0,-0.03373001037669354,0.000717834408433006,0.02679243192457538,0.01982021901513576,0.0
,93.49,96.07,91.11,94.81,286115.0,332058.0,0.016269166327686158,0.0010134967678196085,0.03183546399567012,0.020041381251997746,0.0
,92.2,94.5,92.14,92.97,269713.0,342783.0,-0.019598028462101347,0.00023069351628558042,0.015188598233068791,0.020411198243123495,0.0
,92.73,94.15,90.12,93.54,252453.0,355783.0,0.006112291829973415,0.0006902618489730404,0.026272834810370967,0.02043806678568726,0.0
,94.29,97.4,92.57,95.39,237072.0,367937.0,0.019584598859376356,0.0009330092926392675,0.030545200811899525,0.02055543559602616,0.0
,96.55,99.5,95.8,96.84,199955.0,349127.0,0.015086380912741504,0.0005179375939608649,0.022758242330216647,0.020845856279716784,0.0
,96.65,98.71,95.81,96.84,146383.0,327272.0,0.0,0.0003207054726222924,0.017908251523314395,0.020998795648454707,0.0
,98.08,105.79,97.56,99.08,105781.0,303090.0,0.02286747255130095,0.002365704192928157,0.048638505249731484,0.021079720407502084,0.0
,100.69,101.99,96.0,97.93,66725.0,277039.0,-0.011674666888455754,0.0013213162811126005,0.036349914458119435,0.021961167487685587,0.0
,101.98,105.07,99.64,100.99,59875.0,252560.0,0.030768564305762247,0.0010155465958865903,0.03186764183127754,0.022440436697281116,0.0
,113.15,113.15,103.49,106.9,248236.0,274503.0,0.05687231599253373,0.002872285855871411,0.05359371097313015,0.022734641076893138,0.0
,105.34,105.71,97.44,99.91,236360.0,276930.0,-0.06762403728607236,0.0023934924445029055,0.04892333231192358,0.02371297150087976,0.0
,99.14,103.7,96.93,98.02,222194.0,281984.0,-0.019098241263525217,0.0016439551392300887,0.04054571665700446,0.024450877059400408,0.0
,98.61,107.5,97.75,106.64,216650.0,289375.0,0.08428713638905183,0.0032604039720122713,0.05709994721549461,0.02487885285052981,1.0
,106.8,109.59,105.78,107.93,208594.0,298833.0,0.012024192966801905,0.0004515903945101101,0.021250656331278574,0.025876281005658332,0.0
,107.5,116.8,107.06,115.62,197616.0,308016.0,0.06882608281707459,0.00273456343072458,0.05229305336968362,0.025996142872042705,0.0
,117.04,119.48,112.64,115.48,187166.0,289644.0,-0.0012115968595960425,0.0012534676265354987,0.035404344740942444,0.026835471450078984,0.0
,114.7,122.34,114.45,121.6,174767.0,272227.0,0.051639614737332806,0.0016029627867702508,0.0400370177057464,0.027146118092991764,0.0
,121.56,123.74,116.93,119.03,162668.0,255840.0,-0.02136140735227876,0.0011557309490121618,0.03399604313757944,0.027553217298913843,0.0
,118.88,120.92,115.16,120.65,150041.0,239449.0,0.013518229891253064,0.0008591589342353957,0.029311413037166865,0.02788417575079869,0.0
,119.9,119.9,109.06,112.48,118000.0,222539.0,-0.07011836400868621,0.003238646024535652,0.05690910317810018,0.028086553411834265,0.0
,110.1,114.83,104.84,110.23,93596.0,205705.0,-0.020206336087130516,0.002987881392842067,0.05466151656185608,0.028991452767873307,0.0
,112.0,114.8,110.74,113.45,57746.0,188243.0,0.028793119250626553,0.00046759869198622153,0.021624030428812793,0.029746374670819056,0.0
,112.81,112.94,106.5,107.91,53949.0,172436.0,-0.05006466485020855,0.0012432662412080683,0.035259980731816465,0.029806288529166877,0.0
,105.44,109.0,104.06,108.78,256357.0,249714.0,0.008029947619172084,0.0007758544859531655,0.027854164606987687,0.029878059122665925,0.0
,108.29,112.39,106.63,111.7,243322.0,255091.0,0.026489212080340607,0.0009982797593318684,0.03159556550106151,0.029993831806851428,0.0
,112.32,114.84,110.71,113.16,237604.0,260929.0,0.012986040358211604,0.00048382250815046384,0.021995965724433738,0.030017903311694943,0.0
,112.85,114.21,106.74,107.25,222490.0,267895.0,-0.05364018862524045,0.0016502845450824144,0.0406236943800341,0.030128584217567304,0.0
,108.1,109.0,104.65,106.8,198484.0,274887.0,-0.0042046312820316345,0.0005982287813044983,0.024458715855590177,0.03057035105444306,0.0
,107.07,109.8,106.76,108.33,178922.0,282966.0,0.014224197431381924,0.00028432973430476824,0.01686207977400084,0.029191682796126675,0.0
,108.26,108.76,105.54,106.65,169132.0,290645.0,-0.01562967904011714,0.0003257671691583792,0.018049021279791855,0.02887894932957071,0.0
,105.49,105.85,99.48,102.32,153561.0,273555.0,-0.04144728764677197,0.001389400211898629,0.03727465911176961,0.028597266580395755,0.0
,102.53,106.2,101.08,104.99,93033.0,252889.0,0.025759950256262876,0.0008805952925927771,0.02967482590669703,0.02891149040856156,0.0
,105.45,106.33,103.27,105.32,79832.0,232048.0,0.0031382271012585505,0.0003075364173107192,0.017536716263620144,0.029037194314258406,0.0
,104.96,108.0,103.29,107.59,54374.0,210369.0,0.021324371977708978,0.0007171373965032739,0.026779421138315777,0.02904263681013013,0.0
,107.55,110.3,107.0,109.34,52440.0,190025.0,0.016134586861035416,0.0003327742749253776,0.01824210171349172,0.029200039138497915,0.0
,108.25,111.69,107.79,111.55,287014.0,285162.0,0.02001062741168802,0.00045562262370185577,0.02134531854299335,0.029192432123968437,0.0
,111.67,114.79,108.84,114.24,278194.0,293471.0,0.023828577712732724,0.0010217705113885723,0.0319651452583681,0.029059405618201698,0.0
,114.42,115.69,111.09,111.93,267329.0,305091.0,-0.02042782269009802,0.0005937448362549163,0.024366879903978605,0.029172751413038878,0.0
,112.91,114.15,108.35,109.11,265675.0,317480.0,-0.02551712823416885,0.0009807702679663173,0.03131725192232417,0.02926449601350973,0.0
,108.22,112.31,105.7,112.04,258039.0,331058.0,0.02649940272490081,0.001327061025048137,0.03642884880212573,0.029455257153829056,0.0
,111.45,113.23,110.52,112.55,250157.0,344239.0,0.004541616960833217,0.00021165547530851997,0.014548383941473361,0.02980959795493578,0.0
,112.85,114.34,111.86,113.42,227626.0,328160.0,0.007700175233140705,0.00017343130971492424,0.013169332166625771,0.029681876844617535,0.0
,112.79,114.63,111.7,113.56,215036.0,311726.0,0.0012335890188888143,0.00024180988969302577,0.015550237608892854,0.02970023524337962,0.0
,114.12,115.3,113.01,114.03,185256.0,293856.0,0.004130240064496249,0.000145152581832936,0.012047928528711315,0.02970084997860576,0.0
,114.35,118.0,113.85,117.4,153963.0,275238.0,0.029125335724729418,0.00046232705405656495,0.021501791880133268,0.029719794981694986,0.0
,117.52,119.72,116.63,119.43,131494.0,256863.0,0.017143518286339088,0.0002466208419439765,0.01570416638806328,0.02977512973738456,0.0
,119.28,122.01,118.98,121.67,102414.0,238724.0,0.01858203611902276,0.00022809067249136524,0.015102671038308596,0.02981982576097488,0.0
,122.2,125.28,121.6,122.84,94688.0,222289.0,0.009570233773263936,0.0003205993928476541,0.01790528952146974,0.029796159893844272,0.0
,121.94,123.7,118.93,122.27,320782.0,281856.0,-0.004650981416522981,0.0005577431204265923,0.02361658570637577,0.029867123449856592,0.0
,121.88,125.19,118.91,121.17,301769.0,287639.0,-0.009037195912667606,0.0009553223943283388,0.030908290058305376,0.029957892137572318,0.0
,120.79,121.88,117.75,118.51,289674.0,294600.0,-0.022197173043074336,0.00042862577194307844,0.02070327925578647,0.03019146918054083,0.0
,119.65,120.29,115.56,119.81,269050.0,302272.0,0.010909809451450592,0.0005804188797796108,0.024091884106055523,0.030233054155301788,0.0
,119.13,121.25,111.72,113.12,240632.0,309548.0,-0.057457952503544796,0.002416824839663824,0.049161212756235216,0.03030946381310742,0.0
,113.88,114.5,111.52,114.13,222791.0,317573.0,0.008888947417245774,0.0002508208644448705,0.015837325040702756,0.03077497088441322,0.0
,114.21,116.25,114.02,114.65,202102.0,324734.0,0.004545859738405156,0.00013531211983492463,0.011632373783322329,0.030782518015767278,0.0
,114.4,114.45,107.03,111.74,182666.0,309471.0,-0.025709265272911175,0.0016204604634552323,0.04025494334184601,0.03073081481932154,0.0
,109.58,112.7,108.04,110.05,163315.0,293460.0,-0.015239936058532244,0.0006431516000573539,0.02536043375136462,0.031117572619470044,0.0
,110.04,114.0,109.24,113.12,148821.0,276942.0,0.02751439417579249,0.0006561091208140043,0.025614627087154798,0.031227838206053626,0.0
,112.92,116.08,111.26,115.09,113734.0,258199.0,0.017265228832136437,0.0006487047483281394,0.02546968292555169,0.03139369566122837,0.0
,115.74,118.27,115.72,117.98,89825.0,239064.0,0.02480068759452969,0.00017135417585219863,0.013090232077858614,0.03144775318855036,0.0
,117.96,120.41,115.2,116.26,60110.0,218755.0,-0.01468605630172437,0.0007056740547919319,0.02656452624821177,0.03130260654852296,0.0
,116.01,116.67,114.22,114.81,57719.0,199335.0,-0.012550474167484005,0.00016245349592345065,0.012745724613510628,0.031220550894902083,0.0
,98.5,101.21,98.28,99.57,273590.0,252298.0,-0.14241767370572767,0.00031126478003649173,0.01764269764056766,0.0312023310749128,1.0
,99.43,100.39,94.5,99.1,271486.0,259509.0,-0.00473147306405064,0.0013185316912256203,0.03631159169226296,0.03110094607391968,0.0
,99.91,102.64,98.17,101.16,258463.0,266819.0,0.02057398046582204,0.0007150928009964987,0.02674121913818625,0.031204073772548233,0.0
,100.82,106.48,99.46,106.27,257953.0,276433.0,0.049279603582839115,0.00167765995817273,0.040959247529376436,0.03125668152763331,0.0
,105.74,107.61,103.6,107.35,246784.0,286897.0,0.010111498940186259,0.0005201621076655256,0.022807062670706316,0.031616388917971014,0.0
,107.07,107.45,105.08,106.92,246509.0,299324.0,-0.0040136330540718745,0.00017941830617984014,0.013394711873714946,0.0311261467814123,0.0
,106.49,106.78,101.5,103.86,231383.0,310901.0,-0.029037052854545387,0.0009275415286486925,0.03045556646409146,0.030818912708635213,0.0
,103.86,105.72,101.9,103.2,209495.0,296887.0,-0.006374985368710284,0.0004884958946495238,0.02210194323242922,0.030795107231861452,0.0
,103.85,105.38,101.64,105.15,177166.0,281180.0,0.018719049101246554,0.00047096392675709367,0.021701703314650066,0.030143138468560537,0.0
,104.73,107.34,103.99,104.4,137768.0,265101.0,-0.007158226700170189,0.00036258898735817325,0.01904176954377332,0.0296068683715854,0.0
,104.75,107.86,103.73,106.62,105012.0,247447.0,0.021041435946075993,0.0005497872833095897,0.023447543225455194,0.029243983180154944,0.0
,107.31,109.06,106.0,107.14,51793.0,227276.0,0.004865279058199334,0.00029211693161852655,0.01709142860086677,0.028461089357743743,0.0
,108.0,110.67,106.9,110.01,45140.0,207866.0,0.02643488029853014,0.0004332575692427089,0.020814840120517594,0.028414357574671308,0.0
,97.72,98.17,92.78,95.1,270582.0,260599.0,-0.14564230119999966,0.0011501209513756394,0.033913433199480696,0.02773122100971965,1.0
,94.01,95.95,91.71,92.34,260011.0,268749.0,-0.02945155247250142,0.000736733915810589,0.0271428428100409,0.027700147546609183,0.0
,92.67,94.48,91.51,93.65,236535.0,277517.0,0.014087011811254158,0.00036794430543020065,0.019181874398249005,0.027438313108764375,0.0
,93.29,97.42,93.05,96.59,209493.0,288030.0,0.030910787301107412,0.0007596904908734123,0.02756248339452402,0.027198000824721628,0.0
,96.68,97.88,94.25,96.72,191823.0,297809.0,0.0013449901153324006,0.0005151109604239819,0.022696056054389315,0.027167507089760592,0.0
,95.95,97.28,92.36,96.48,170660.0,283297.0,-0.0024844733276614406,0.0009714932474661807,0.031168786429153456,0.026318837178030186,0.0
,96.78,100.45,96.53,100.22,161424.0,269061.0,0.038032036552703374,0.0005715011239246776,0.0239060896828544,0.025672450629304285,0.0
,100.19,101.9,99.1,101.22,139529.0,254786.0,0.00992859625435294,0.0002799978367944272,0.016733135892426955,0.025706155459598392,0.0
,101.73,102.47,99.12,99.34,123376.0,239082.0,-0.018748056106727695,0.0003984796504141929,0.019961955074946764,0.025391966349736412,0.0
,99.83,101.21,98.1,100.99,98292.0,222989.0,0.01647319235926137,0.0003513238559687588,0.018743635078840998,0.025267813014066533,0.0
,100.67,105.48,100.16,105.09,78848.0,206570.0,0.039795623839039784,0.0009659984863010773,0.031080516184598308,0.025053538195720877,0.0
,104.9,105.45,97.55,99.31,52925.0,189554.0,-0.05657085496223768,0.0021871341370844873,0.046766805932033535,0.02521340997221429,0.0
,99.79,100.46,95.44,96.49,49715.0,173145.0,-0.028806894882975165,0.0009477706968034599,0.030785884700678327,0.025390225198429997,0.0
,94.31,95.53,91.05,93.17,248360.0,237846.0,-0.035013594569958784,0.0008320843527613933,0.02884587236956777,0.025504690435655928,0.0
,93.4,95.8,91.93,94.1,238817.0,244465.0,0.009932265129000584,0.0006132706373881924,0.024764301673743848,0.025683038719349054,0.0
,94.65,94.66,90.03,90.84,219752.0,250890.0,-0.03525832935397677,0.0009070511217668545,0.03011728941599583,0.025776155693393837,0.0
,90.51,92.66,90.25,91.35,204984.0,258003.0,0.005598565586658388,0.0002504863081478111,0.01582675924337674,0.025619739476190687,0.0
,91.43,92.57,88.5,92.0,191755.0,265530.0,0.007090294225024607,0.0007291496431400732,0.027002771027064484,0.02541395747262648,0.0
,92.15,93.05,89.8,90.62,175704.0,273715.0,-0.015113637810048708,0.000455871888628204,0.02135115661101768,0.02555183205794886,0.0
,90.74,93.5,89.3,89.83,166801.0,281521.0,-0.008755943997876159,0.0007618572639740767,0.0276017619722741,0.025466481821923733,0.0
,89.99,92.81,89.3,90.46,155212.0,265785.0,0.006988768808581014,0.0005360789542282053,0.02315337889441205,0.025606504633338453,0.0
,90.46,90.84,85.5,86.15,149874.0,250069.0,-0.04881780107575828,0.001323795777203554,0.036384004414076715,0.02563267481905253,0.0
,86.62,87.65,83.65,84.06,134389.0,233133.0,-0.024559133396967248,0.0007869328998149838,0.028052324321078705,0.025730677659353225,0.0
,84.05,87.15,84.01,86.27,104106.0,215887.0,0.025951083511515982,0.00048565373830259994,0.02203755291094272,0.025793169131940217,0.0
,86.14,89.47,84.26,89.32,85110.0,198113.0,0.034743513883469745,0.00129825748306655,0.036031340289622175,0.025632706289188654,0.0
,88.97,90.12,87.33,88.49,58364.0,180069.0,-0.009335875692698004,0.00035669951500588937,0.018886490277600265,0.025623340388692205,0.0
,88.53,89.8,87.69,87.96,56219.0,163581.0,-0.006007385592698533,0.00020390721398196634,0.014279608327330492,0.025670468895920232,0.0
,92.49,94.92,91.08,94.57,356533.0,286655.0,0.07245813534086043,0.0006150841361948552,0.024800889826674673,0.02568036029876123,0.0
,94.53,95.11,91.28,91.63,345757.0,299714.0,-0.03158157205029877,0.000609325202677316,0.02468451341787632,0.025801204284216835,0.0
,91.71,93.21,90.83,91.62,342522.0,313590.0,-0.00010914051852584095,0.00024129728041365615,0.015533746502813034,0.025950690797419934,0.0
,91.99,92.66,88.77,90.03,338211.0,329197.0,-0.01750664033821092,0.0006634201615960621,0.02575694394908026,0.025879615980585576,0.0
,90.79,92.85,89.32,92.41,323850.0,345113.0,0.02609224977956348,0.0005418498601177331,0.02327766870023141,0.0260134807096266,0.0
,92.4,94.77,91.91,92.38,300271.0,361240.0,-0.00032469289748959795,0.00033867175943465695,0.0184030366905752,0.026113799004049337,0.0
,92.45,93.8,91.0,93.5,274499.0,375792.0,0.012050931292182376,0.0003312479058531643,0.0182002171924723,0.02611956555024741,0.0
,93.59,94.4,91.22,93.26,243484.0,362329.0,-0.00257014491446661,0.00042351054601266736,0.020579371856610865,0.026047203003216696,0.0
,93.47,94.38,91.62,93.52,227246.0,347778.0,0.002784025783638455,0.00031770977096504756,0.017824415024483904,0.025876500023873393,0.0
,92.91,96.25,92.06,95.69,181678.0,330694.0,0.022938482627358425,0.0007144949954417432,0.0267300391964124,0.025840755667534555,0.0
,96.05,97.27,95.07,96.96,159072.0,312736.0,0.013184722529832271,0.0001887637334362294,0.013739131465861639,0.025883957491019828,0.0
,96.58,96.89,94.96,95.77,103996.0,291421.0,-0.012349038787475841,0.0001460141189617514,0.012083630206264647,0.02515640879828561,0.0
,96.47,96.47,94.25,94.83,97204.0,270819.0,-0.009863668637891898,0.00019549121372388638,0.013981817253986922,0.025121666436267245,0.0
,95.87,96.95,92.5,93.14,324210.0,313648.0,-0.017982077341405223,0.0007962787456358114,0.02821841146549202,0.025141621058182097,0.0
,92.59,95.77,91.53,93.86,291201.0,317911.0,0.007700572812040285,0.0007395696855337821,0.027195030530113073,0.024866940854668243,0.0
,94.11,94.79,91.67,92.86,264988.0,323465.0,-0.010711327774495238,0.00040401123423445715,0.020100030702326233,0.0248992312242937,0.0
,92.73,92.91,89.53,89.78,252040.0,329663.0,-0.03373074923799013,0.0004952987184270762,0.02225530764620153,0.024814715072268106,0.0
,90.1,90.63,85.8,87.62,229469.0,338028.0,-0.024352950968033582,0.0010817850967651413,0.03289050161923866,0.024763144326858656,0.0
,87.74,87.98,82.31,87.45,199478.0,344846.0,-0.0019420809211414536,0.0016006025418025724,0.040007531063570675,0.02506765177743449,0.0
,87.76,89.9,87.35,88.36,182925.0,327307.0,0.010352177087305847,0.0002986361248673808,0.017281091541548547,0.025363411450714298,0.0
,88.47,89.56,84.12,85.41,174296.0,309483.0,-0.03395618859386129,0.0014163053183174452,0.03763383209716285,0.025408115847119085,0.0
,85.04,85.54,83.9,85.34,160225.0,291698.0,-0.0008199121982013224,0.00013516289161946587,0.011625957664616961,0.025767997462071177,0.0
,85.5,86.87,83.59,83.63,141051.0,272643.0,-0.020240970366419475,0.0005342991405690851,0.02311491164960587,0.025382412806479557,0.0
,83.58,84.1,80.61,83.19,115677.0,253251.0,-0.005275159097638316,0.0006479111770820007,0.02545409941604693,0.025322986636744628,0.0
,82.41,86.0,82.39,83.03,79391.0,232785.0,-0.001925160021857053,0.0006632686092496109,0.025754001810390767,0.024981816837850317,0.0
,83.77,85.67,83.61,85.43,76053.0,213272.0,0.028495338889587885,0.0002136685279186335,0.014617404965267724,0.025029508202911947,0.0
,78.13,81.28,78.1,80.68,257029.0,248318.0,-0.057206614077515816,0.0005744819847005389,0.023968353817075943,0.02504090888743091,0.0
,80.35,83.15,80.11,82.7,236838.0,252487.0,0.024728888943633898,0.0005003368899150249,0.02236821159402389,0.024923137687220428,0.0
,82.76,83.18,80.83,81.21,223032.0,256674.0,-0.01818120973532622,0.0002962300097337897,0.01721133375813129,0.024927096543665865,0.0
,81.32,81.78,78.29,79.04,205212.0,260952.0,-0.027084338854706402,0.0006860300901135279,0.02619217612405521,0.024868612951808356,0.0
,79.21,80.87,78.6,79.8,189135.0,265849.0,0.009569451016150587,0.000292366047182244,0.01709871478159233,0.024976761102928718,0.0
,80.25,80.89,78.28,79.99,179297.0,272509.0,0.0023781224049672645,0.00038798146528109016,0.01969724511907922,0.024890726009044354,0.0
,79.94,82.52,79.55,82.2,157477.0,277938.0,0.027253675201404093,0.0004845955453806521,0.022013530961221377,0.02492280047436537,0.0
,82.52,83.85,80.67,80.98,126132.0,260510.0,-0.014953091458119516,0.0005391375311120547,0.023219335285749564,0.024939960232940605,0.0
,81.69,84.12,81.29,83.92,107927.0,243202.0,0.03566175348402645,0.00042238515670672,0.0205520110136872,0.024734966331415652,0.0
,84.5,85.6,83.65,84.33,84962.0,225105.0,0.004873709498508738,0.00019152472270696626,0.013839245741981976,0.024628832969330914,0.0
,84.6,84.76,81.92,83.26,51093.0,204926.0,-0.0127694318197209,0.0004189173049552388,0.020467469432131534,0.024569067687897336,0.0
,82.88,83.14,81.28,82.26,46877.0,185202.0,-0.012083278964551525,0.00018464102123732669,0.013588267779129417,0.024453211117434957,0.0
,83.71,86.0,82.88,85.91,433320.0,192625.0,0.043415273847687175,0.0004925225521475499,0.02219284912190298,0.024340330762626605,0.0
,83.91,85.5,83.5,85.28,289266.0,291307.0,-0.007360276232430962,0.00020206992136923512,0.01421513001591034,0.024175790715343516,0.0
,85.36,85.59,83.83,84.46,282405.0,302939.0,-0.009661910911736626,0.00015570471604443918,0.012478169579086477,0.024048111568329696,0.0
,84.2,86.82,84.04,85.92,260516.0,314643.0,0.017138581254757312,0.00038199702770815535,0.019544744247703916,0.024005001936895,0.0
,86.45,87.85,84.36,84.98,253234.0,328119.0,-0.011000696073889316,0.000592689990701538,0.024345225213612997,0.023999279314427316,0.0
,84.34,86.85,83.76,86.16,246649.0,341437.0,0.01379009816146759,0.00047334469982041554,0.021756486384993685,0.024082943684776405,0.0
,86.42,87.79,85.58,87.63,231950.0,328012.0,0.01691737221962608,0.0002344543192807912,0.015311901230114802,0.023911864839087044,0.0
,87.7,89.09,86.92,88.19,220862.0,313848.0,0.006370172832330212,0.00021931247310845824,0.014809202311686415,0.023221382742048453,0.0
,88.07,88.71,85.8,86.13,194785.0,298750.0,-0.023635795099006707,0.00040123646681728857,0.02003088781899815,0.022958476562215294,0.0
,86.28,87.0,85.41,86.12,173763.0,283522.0,-0.00011611030492009178,0.0001227067656630875,0.011077308592933913,0.022801553630371785,0.0
,86.35,88.01,85.74,87.47,153301.0,267788.0,0.01555420493560078,0.00024627824471473904,0.015693254752113694,0.022621555725236248,0.0
,87.65,88.95,85.69,86.66,121642.0,250397.0,-0.009303461120000023,0.0005028323346423496,0.022423923266064516,0.02237681617535808,0.0
,86.88,87.48,84.66,84.9,94793.0,232551.0,-0.020518322994461435,0.00038724593587856354,0.01967856539178005,0.022470595658638185,0.0
,85.18,85.25,83.73,84.49,89902.0,215608.0,-0.004840909152548534,0.00011673861345370512,0.010804564473115291,0.02234343917424048,0.0
,86.51,86.95,85.1,86.61,373163.0,314807.0,0.024782098178199874,0.0001668176961466432,0.01291579250942981,0.022216594088205234,0.0
,85.83,86.42,84.13,85.58,363414.0,326049.0,-0.011963671354282113,0.0002601322869365685,0.01612861701872075,0.021992265157314252,0.0
,85.2,85.85,83.88,85.38,353737.0,338048.0,-0.0023397296588552052,0.00019436979429096076,0.013941656798636263,0.021887453383801672,0.0
,85.27,86.21,84.6,85.14,333637.0,350070.0,-0.0028149209298096167,0.00012818152360471205,0.011321727942532096,0.021453131455482548,0.0
,84.6,84.87,81.8,83.0,308511.0,362528.0,-0.02545635260340795,0.0004895923981631843,0.02212673491871732,0.02119569908360444,0.0
,83.15,84.3,82.73,84.07,286793.0,375328.0,0.012809177350606937,0.0001274707269936683,0.011290293485718974,0.021197247556551297,0.0
,83.86,84.2,82.56,83.05,249276.0,385953.0,-0.012206949087901542,0.00013954248921327217,0.011812810385901916,0.02073186415575081,0.0
,82.78,83.25,80.43,80.6,207592.0,367319.0,-0.029944186546720708,0.00042831913309134825,0.020695872368454254,0.02064439167447893,0.0
,80.48,82.77,80.4,82.21,178307.0,347313.0,0.01977829965145883,0.00030440493639454245,0.017447204257259742,0.020734780111231418,0.0
,82.49,83.39,81.07,83.16,140372.0,325997.0,0.011489513825770459,0.0002871359421475216,0.016945086076722113,0.020609539529008878,0.0
,83.19,83.6,81.73,82.45,104295.0,303113.0,-0.008574413984204554,0.0001845828990693646,0.013586128921417041,0.020478850030920915,0.0
,82.3,84.15,82.19,83.89,99088.0,280994.0,0.017314367852595325,0.00020032423294462826,0.014153594347183624,0.020455758575517995,0.0
,82.6,83.48,78.34,80.77,351346.0,328455.0,-0.03790080740399837,0.001456560830285822,0.038164916222701475,0.02026622296883053,0.0
,80.54,80.92,76.89,77.45,332159.0,333981.0,-0.04197304259132739,0.0009412488506897126,0.030679779182544855,0.020638918970200183,0.0
,77.82,78.73,71.67,73.69,309852.0,340798.0,-0.04976546208396915,0.003183661299063048,0.056423942604740485,0.020880802852845638,0.0
,74.3,75.54,71.86,74.7,308194.0,349457.0,0.013612987359863382,0.0008996130013961383,0.02999354932974986,0.021989728306633788,0.0
,74.7,75.92,71.4,72.97,293179.0,359644.0,-0.023431694361242705,0.0013589411499128762,0.0368638189816638,0.022169420198161004,0.0
,73.01,73.87,70.12,73.79,269837.0,370680.0,0.011174823292746439,0.0009789687885716017,0.03128847692955989,0.022557416701351824,0.0
,73.64,75.42,72.82,75.32,252014.0,380875.0,0.020522482718676294,0.000443894229679624,0.021068797537582062,0.02265490994885194,0.0
,75.15,77.12,74.5,76.69,233884.0,363700.0,0.01802561798781621,0.00043087431074435243,0.020757512152094537,0.022748563025562305,0.0
,75.87,77.44,75.12,75.91,207713.0,345272.0,-0.010222893748091266,0.0003336845594733739,0.018267034775063355,0.022852675764361244,0.0
,75.53,76.32,72.68,74.99,186614.0,326216.0,-0.012193656715378864,0.0008613459300927868,0.029348695543290962,0.02290301316465111,0.0
,75.0,78.42,74.8,78.12,170163.0,306401.0,0.04089133469518025,0.0008056054901227292,0.028383190273870363,0.02292667584048034,0.0
,78.23,79.2,77.54,78.65,134827.0,285027.0,0.006761523495809385,0.00016183166664013448,0.012721307583740536,0.02295066582558367,0.0
,78.97,79.68,77.94,78.28,110731.0,263827.0,-0.004715486976412109,0.000175827043799878,0.013259979027128135,0.022862561879873435,0.0
,78.23,79.55,77.86,79.27,66371.0,241093.0,0.012567604321189307,0.00016630935740846888,0.012896098534381197,0.022745817369366803,0.0
,79.19,79.8,78.54,79.77,64337.0,219415.0,0.006287747073973726,9.135928295540904e-05,0.009558205006977462,0.022407906613767174,0.0
,87.19,87.47,86.05,86.09,437610.0,315271.0,0.07624576674682526,9.662100265942492e-05,0.009829598295933812,0.021839419051274952,1.0
,86.18,86.87,85.53,86.31,412140.0,328899.0,0.0025522055617024364,8.716198350150321e-05,0.009336058242186753,0.021762199010985205,0.0
,86.43,86.52,84.34,84.76,400722.0,343173.0,-0.01812173283146734,0.00023488422945474967,0.015325933232751266,0.021247139028116854,0.0
,84.74,85.41,83.81,84.77,367014.0,356297.0,0.00011797322021589451,0.00012898434652423195,0.011357127564848074,0.02128621476865676,0.0
,84.9,85.15,82.39,83.12,335082.0,369647.0,-0.019656359829342662,0.00039159240794910897,0.019788693942479098,0.021126942339344017,0.0
,82.75,82.92,80.77,81.1,301898.0,382392.0,-0.024602385669604487,0.00024891846489910786,0.015777150087994594,0.02102559661756162,0.0
,80.79,82.05,80.45,81.66,279320.0,396588.0,0.006881324770062314,0.00013987362933588925,0.011826818225367686,0.020860725715689848,0.0
,81.87,82.99,80.48,82.73,241576.0,408404.0,0.01301800731066205,0.0003401841879295608,0.018444082734838316,0.020831225657864317,0.0
,82.59,83.06,80.35,80.77,191724.0,387227.0,-0.023976683747886973,0.00039685832932720487,0.019921303404325855,0.020737285240101905,0.0
,80.92,81.47,77.46,77.69,149119.0,364059.0,-0.03887906049187517,0.0009188315247391383,0.03031223391205502,0.020695660328988893,0.0
,77.77,78.61,77.39,78.37,111824.0,338379.0,0.008714652102443488,8.82394336145351e-05,0.009393584705240864,0.02094485732512018,0.0
,78.25,79.61,77.69,79.54,106105.0,313674.0,0.01481883871477141,0.00021496249279811782,0.01466159925786126,0.020705648281599973,0.0
,74.15,75.75,73.49,75.23,389342.0,380722.0,-0.05570995220741448,0.0003308928163206681,0.018190459486243555,0.02067447246053907,0.0
,75.55,75.95,74.5,74.91,374994.0,392940.0,-0.0042626946123380804,0.0001340148898344451,0.011576480027816966,0.0206514487152576,0.0
,74.67,77.31,74.1,76.96,360993.0,407065.0,0.02699841339765907,0.0006486428648763492,0.025468468051226583,0.0205094934874839,0.0
,76.78,76.99,75.5,75.86,358006.0,423477.0,-0.014396270096698416,0.0001377501216096073,0.011736699775047809,0.020553939087416217,0.0
,76.03,77.5,75.12,75.58,338009.0,438937.0,-0.0036978383394092873,0.0003508940227737915,0.018732165458744794,0.020438211633056296,0.0
,75.63,76.46,74.55,75.99,299492.0,421944.0,0.005410054760350391,0.0002308214576964675,0.015192809407626606,0.02050308878580765,0.0
,76.15,77.74,75.65,76.84,250520.0,402393.0,0.011123585218662413,0.0002678716619807576,0.016366785328241998,0.02042649551369655,0.0
,77.7,78.66,77.03,78.36,208731.0,381230.0,0.01958825517598406,0.00015814666851639064,0.01257563789699714,0.020460422681772464,0.0
,78.22,78.5,75.1,76.26,172330.0,358241.0,-0.027165038646922213,0.000707117905584935,0.026591688656137185,0.020323778313171406,0.0
,76.09,77.35,75.73,76.95,131147.0,334765.0,0.009007305855470271,0.0001615846448256131,0.012711594897006948,0.020529818102616774,0.0
,77.39,77.75,76.15,77.07,126530.0,312170.0,0.0015582395050133258,0.0001559439604678067,0.012487752418582245,0.02053220470722886,0.0
,76.98,77.57,73.2,73.54,92608.0,288496.0,-0.0468846239167755,0.001212692989138562,0.03482374174523126,0.02044025144216378,0.0
,73.6,73.81,71.39,72.66,86067.0,265495.0,-0.012038449080070457,0.00040082285098518266,0.02002056070606372,0.020691478012122823,0.0
,72.11,74.66,71.94,74.29,351405.0,319998.0,0.02218532637065973,0.0004967571089954844,0.02228804856858232,0.020662249752763494,0.0
,74.05,75.49,73.03,73.2,335820.0,328470.0,-0.014780932196448937,0.000395871569660877,0.019896521546764828,0.020767770174178222,0.0
,73.41,75.97,72.91,75.67,322754.0,338499.0,0.033186359739164395,0.0006096309458953502,0.02469070565810848,0.02083849633770857,0.0
,75.64,76.74,75.08,76.61,312637.0,350598.0,0.0123458358222992,0.00017249136406331073,0.013133596767957768,0.02092166749890317,0.0
,76.4,76.93,75.34,76.09,298304.0,362050.0,-0.006810766340298535,0.00015731555343086816,0.01254254971809433,0.020941487870763425,0.0
,76.12,77.15,74.51,75.9,256011.0,372943.0,-0.002500165786846864,0.0004372482027764424,0.020910480692141978,0.020906056603767573,0.0
,75.54,77.24,75.52,77.12,245966.0,383603.0,0.015945965900705517,0.00018291479760526697,0.013524599720704009,0.02087989784111747,0.0
,77.03,77.2,73.59,74.14,217058.0,363596.0,-0.03940745257970413,0.0008271987050702976,0.028761062307750346,0.020798187778849397,0.0
,74.02,74.44,72.11,73.85,192738.0,342110.0,-0.003919188745197033,0.00036474381005218706,0.019098267200251103,0.021080930160010104,0.0
,74.5,74.85,73.42,74.18,177218.0,321351.0,0.004458563084056344,0.00013420446689154313,0.011584665160959256,0.021159026087613674,0.0
,74.28,74.9,72.08,72.26,146366.0,299355.0,-0.026223846341951074,0.0005312058709768607,0.023047903830432405,0.02110937204124191,0.0
,72.62,74.2,71.57,74.03,114378.0,277026.0,0.024199690735512647,0.00046972533932082734,0.021673147886747495,0.021241928410269093,0.0
,73.72,74.98,73.39,74.34,82941.0,254387.0,0.004178748414099154,0.00016569516892563237,0.012872263550970061,0.021375498111520095,0.0
,74.22,75.4,74.21,74.9,79440.0,233211.0,0.007504725654068345,9.127787771901192e-05,0.009553945662343487,0.0212488501421051,0.0
,80.19,81.75,79.88,81.36,412897.0,341637.0,0.08272986121713011,0.00019313125553324932,0.013897167176559738,0.02123465135591028,1.0
,81.64,81.7,79.53,79.87,382331.0,354276.0,-0.01848343881100689,0.0002613694053688251,0.01616692318806597,0.02125567134466459,0.0
,79.36,80.64,78.25,78.5,359344.0,366418.0,-0.017301688140934246,0.00032646958367501643,0.018068469322967465,0.02119011724484679,0.0
,78.52,79.99,78.19,79.63,320431.0,378022.0,0.014292281480989821,0.0001868331347212322,0.013668691770657212,0.021198792724391038,0.0
,79.84,80.93,79.17,79.46,291352.0,389820.0,-0.002137155882900643,0.000174362144539657,0.013204625876550118,0.021159326537359115,0.0
,79.33,80.27,78.66,79.64,276107.0,402698.0,0.0022627288095433684,0.00014806221347481857,0.012168081750005569,0.02115530083940574,0.0
,79.78,81.24,79.65,81.07,249831.0,414058.0,0.017796499803619525,0.0001409090744091906,0.011870512811550755,0.021134704160407143,0.0
,80.95,83.16,80.42,82.74,229571.0,393983.0,0.020390182033650284,0.0004048521966371896,0.020120939258324637,0.020609419950190753,0.0
,82.85,83.87,82.22,83.64,208832.0,372780.0,0.010818713527167567,0.00014239148936169663,0.011932790510257717,0.020391376766886335,0.0
,83.19,83.85,82.58,82.92,153461.0,348805.0,-0.008645586992853893,8.401089552300715e-05,0.009165745770149156,0.019108124352940105,0.0
,82.93,84.5,82.93,84.24,113192.0,323167.0,0.015793580258140594,0.0001268623489328247,0.011263318735293995,0.01874905458566388,0.0
,83.71,85.09,83.22,84.99,79194.0,294978.0,0.00886373468481505,0.00017810399213068548,0.013345560764939235,0.018193196562814432,0.0
,84.95,85.8,84.4,85.56,73703.0,268402.0,0.006684281703670081,9.761826604560423e-05,0.009880195648144031,0.017822588323974,0.0
,86.53,86.71,85.5,86.21,396861.0,364198.0,0.007568296007628206,7.122670273175026e-05,0.00843959138416963,0.017659937386788418,0.0
,86.12,86.68,84.29,84.89,389221.0,376224.0,-0.015429879471956731,0.0002819597393622963,0.01679165683791496,0.017489404269587838,0.0
,85.2,85.36,83.13,83.45,378573.0,391231.0,-0.017108650642032153,0.0002527474167112993,0.015898031850241693,0.017464741090834773,0.0
,83.2,84.88,83.05,84.12,368070.0,408223.0,0.007996700726654815,0.00017133832889976516,0.013089626767015366,0.01717189194042213,0.0
,83.88,85.08,83.33,84.8,370133.0,427619.0,0.008051191963358129,0.00015579235750972842,0.012481680876778112,0.01686127971002849,0.0
,84.8,85.86,84.31,84.46,329597.0,444679.0,-0.004017493292059804,0.00011970049859728964,0.010940772303511743,0.016858294644110507,0.0
,84.46,84.66,83.85,84.03,301125.0,427180.0,-0.005104171565670335,3.333495777651532e-05,0.005773643371088599,0.016830527498792245,0.0
,83.99,84.26,81.94,83.21,267018.0,408937.0,-0.009806345027788765,0.0002811544043436515,0.01676765947720944,0.01676455832683152,0.0
,82.95,83.62,81.97,83.36,233084.0,389441.0,0.0018010450927183896,0.00014325274852966042,0.011968824024508858,0.016858637783548035,0.0
,83.26,84.97,82.67,84.48,188688.0,367528.0,0.013346241952894466,0.00027159977806269237,0.01648028452614494,0.016881672419561317,0.0
,84.87,85.23,84.11,84.42,164860.0,344941.0,-0.0007104796035983796,6.311086589094149e-05,0.007944234758045704,0.016972472622575174,0.0
,84.39,85.65,83.8,85.49,124719.0,320984.0,0.01259506968378954,0.00017197660127735363,0.013113984950325116,0.01688792283057137,0.0
,85.62,86.23,85.11,85.86,77788.0,295310.0,0.004318652758271924,6.164607503770279e-05,0.00785150145116861,0.016909124019610013,0.0
,86.0,86.94,85.74,86.86,73941.0,271383.0,0.011579564310261858,6.967338864284751e-05,0.00834705868212555,0.01674572690455774,0.0
,92.04,92.84,91.63,91.88,414870.0,342860.0,0.056185750714221605,6.207350108452163e-05,0.00787867381508599,0.016656288650969776,1.0
,92.04,94.21,92.02,93.7,391537.0,353424.0,0.01961481142347843,0.0001995278502395986,0.014125432745215228,0.01661731876146796,0.0
,94.02,94.63,92.67,93.93,391054.0,366915.0,0.002451634762048016,0.00015799481457960546,0.01256959882333583,0.01654663139510282,0.0
,94.28,94.95,93.79,94.43,362132.0,380066.0,0.005308995268554106,5.449712011742467e-05,0.007382216477280023,0.01642589272905055,0.0
,94.66,95.96,94.16,94.34,331723.0,393867.0,-0.0009535414188626135,0.000129327204955382,0.011372211964054399,0.015981375990067746,0.0
,94.49,94.72,92.76,93.53,293749.0,408264.0,-0.008623037409655865,0.0001576915557168768,0.012557529841369153,0.01600278646751646,0.0
,93.08,94.6,92.2,93.3,278548.0,421904.0,-0.0024621325931617477,0.00023817220354649694,0.01543282876035683,0.015972935206370407,0.0
,93.37,94.64,92.8,93.27,227988.0,403352.0,-0.00032159511452611866,0.00013903160455528503,0.01179116637806816,0.015924487921458293,0.0
,93.75,94.25,92.54,93.29,201462.0,383417.0,0.00021440823409779597,0.0001209160026064055,0.010996181273806171,0.015927112967285852,0.0
,93.28,94.21,91.8,93.96,154983.0,359863.0,0.007156238817842109,0.0002422058587683136,0.015562964331010773,0.015648561587832475,0.0
,94.12,97.06,94.1,96.55,112062.0,334341.0,0.027191849083811448,0.00034596593936255454,0.018600159659598478,0.01570408891724799,0.0
,96.74,97.69,94.76,95.38,68330.0,306304.0,-0.012192096004445041,0.0003344575979366565,0.01828818191993552,0.01570147362502356,0.0
,95.07,96.26,94.9,95.31,64664.0,278976.0,-0.0007341759205434784,7.302523563553088e-05,0.008545480421575541,0.015756381024883654,0.0
,86.35,91.0,86.28,90.89,452773.0,385986.0,-0.047484752818856,0.0010231618796711496,0.03198690168914691,0.015652990211529123,1.0
,90.98,91.39,89.5,89.65,436893.0,401682.0,-0.013736784079537045,0.00015750728248977824,0.01255019053599499,0.016106924683133624,0.0
,89.91,91.0,88.88,89.9,413968.0,418948.0,0.002784741426433257,0.00020041061532185704,0.014156645623941325,0.015820014086484036,0.0
,91.25,93.0,90.6,91.5,390248.0,437493.0,0.017641030803901003,0.00024654780792055767,0.015701840908650094,0.01584045280933673,0.0
,91.35,93.48,89.57,92.38,371296.0,457691.0,0.0095715327209831,0.0006584468354300668,0.025660218927945,0.015888046114265798,0.0
,93.23,93.79,91.66,92.16,348511.0,476614.0,-0.0023843080548777706,0.00019033482931904547,0.01379618894184352,0.015594632840624846,0.0
,92.11,92.45,89.62,89.83,316128.0,458504.0,-0.025607201706465688,0.000348610595843217,0.018671116620149343,0.015481745371225406,0.0
,90.47,90.68,87.35,88.07,290783.0,440147.0,-0.01978704242374718,0.0005048681041450048,0.022469270218344984,0.015401796362337787,0.0
,88.04,90.35,86.68,90.13,268549.0,421831.0,0.023121119750950214,0.0006202080283906037,0.024903976156240668,0.015460657815726675,0.0
,89.92,90.4,87.53,87.93,206585.0,399778.0,-0.024712029177408112,0.0003754181902249201,0.01937571134758464,0.015466357838975682,0.0
,88.4,90.75,87.83,90.48,180425.0,377109.0,0.02858778841695475,0.0003857909386680823,0.019641561512977586,0.015575311829064763,0.0
,90.07,90.15,87.2,87.45,136666.0,351905.0,-0.03406163034325438,0.0003992420736946091,0.01998104285803444,0.01569707812492158,0.0
,87.9,88.61,87.4,87.41,132353.0,327495.0,-0.0004575088722145182,6.818428288325127e-05,0.008257377482182299,0.01567688828100763,0.0
,81.43,82.84,80.41,82.52,371783.0,352103.0,-0.05756900438934576,0.00031970163902941205,0.017880202432562445,0.015615782110731035,1.0
,82.71,83.97,82.06,82.47,353996.0,356317.0,-0.0006060973577861617,0.00019094419356234158,0.013818255807530181,0.015342567141642649,0.0
,82.39,83.04,80.79,81.18,347160.0,361558.0,-0.015765679434513125,0.0002721493660570936,0.016496950204722496,0.015247875465814308,0.0
,80.98,81.17,76.6,77.42,333900.0,370045.0,-0.047423766261249334,0.0012111588414028378,0.034801707449532385,0.015323080234526644,1.0
,77.55,80.81,77.28,80.61,303599.0,378257.0,0.04037756614600774,0.000719547614346325,0.02682438469650935,0.015688509724662847,0.0
,80.3,82.94,79.58,82.32,283157.0,388023.0,0.02099138023028413,0.0006168268116982019,0.02483599830283055,0.015820652387452262,0.0
,82.13,82.54,81.43,82.45,258394.0,396426.0,0.0015779574798138185,6.611575651213824e-05,0.00813115960439458,0.01605652212272244,0.0
,82.47,82.65,78.41,81.96,235416.0,376426.0,-0.00596072563490857,0.0010003030145913781,0.03162756732016198,0.016043457669426935,0.0
,81.6,81.63,80.19,81.42,226820.0,356545.0,-0.006610380295866136,0.00011425048638013941,0.010688801915095041,0.01645738122064573,0.0
,81.4,82.2,80.13,80.58,213595.0,337449.0,-0.010370463311631717,0.00023461984084582497,0.015317305273638213,0.016382716949838266,0.0
,80.4,81.17,79.13,79.98,170919.0,316429.0,-0.007473876344528563,0.00023367632991143104,0.015286475392039561,0.016335929285209484,0.0
,80.19,82.16,79.8,81.68,124537.0,294469.0,0.021032570437737874,0.0003063687677408424,0.017503393035090152,0.016359807625128158,0.0
,81.91,83.25,80.96,83.1,92970.0,272744.0,0.017235528004992062,0.0002806096573836164,0.016751407623946606,0.016426911332258657,0.0
,82.78,84.75,82.58,82.83,89553.0,252616.0,-0.003254387251230284,0.0002426582609929864,0.015577492127842221,0.016494015277761644,0.0
,73.26,74.7,72.29,74.26,347748.0,306375.0,-0.10921786586123794,0.0003878920549361907,0.01969497537282519,0.016545342539803495,1.0
,74.76,77.35,74.44,76.61,321851.0,312710.0,0.031155167779795434,0.0005303720442371025,0.02302980773339418,0.01653679807976989,0.0
,76.66,77.23,75.29,76.55,291960.0,317934.0,-0.0007834944250371123,0.0002334378376685388,0.01527867264092463,0.01673116951418334,0.0
,76.8,79.51,75.76,77.95,259566.0,323844.0,0.01812347340009257,0.0008418425869879943,0.02901452372498977,0.01680543014469123,0.0
,78.06,79.67,77.41,79.23,231192.0,330954.0,0.01628741947336554,0.00029868235761487465,0.01728242915839306,0.017156305536129166,0.0
,79.17,80.6,79.07,79.7,195400.0,337783.0,0.005914570819018472,0.0001324760393883274,0.01150982360370164,0.017214774441558993,0.0
,79.0,80.13,77.81,79.39,168527.0,343048.0,-0.00389717005914747,0.00031133555393659894,0.017644703282758793,0.01723164014140262,0.0
,79.35,80.37,78.88,79.07,147491.0,321835.0,-0.004038879654186367,0.00012630296345833293,0.011238459122955109,0.01734736971847737,0.0
,79.04,81.72,78.76,81.07,123779.0,299854.0,0.02497944291677978,0.0004909244292508748,0.022156814510458735,0.017272433428765797,0.0
,80.79,81.33,79.29,79.65,83119.0,275812.0,-0.01767094264355773,0.00023274606005272225,0.015256017175289304,0.017386965618727317,0.0
,79.8,79.95,78.25,78.39,77638.0,252700.0,-0.015945668155426418,0.0001666068518839458,0.012907627662895525,0.0174163726307371,0.0
,77.38,77.98,76.73,77.04,552541.0,262435.0,-0.017371600710760937,9.41839052018847e-05,0.009704839267184424,0.017421546348863295,0.0
