Date,y_true,y_pred,base_value,shap_vol_lag1,shap_vol_lag2,shap_vol_lag3,shap_vol_lag4,shap_ret_lag1,shap_ret_lag2,shap_ret_lag3,shap_ret_lag4,shap_CO1 Comdty - Open Interest,shap_SMAVG (15),shap_raw_decay__z_OPEC producer policy,vol_lag1,vol_lag2,vol_lag3,vol_lag4,ret_lag1,ret_lag2,ret_lag3,ret_lag4,CO1 Comdty - Open Interest,SMAVG (15),raw_decay__z_OPEC producer policy
2024-01-02,0.0268755791411837,0.021524327,0.019854913330078126,0.0015191110610961913,-0.0003306134700775147,-0.00025385618209838867,-0.0008614422798156738,7.801450490951538e-05,0.00025178799629211424,-0.00010373159646987914,-8.169545531272888e-05,-1.6366280615329742e-05,0.0012034969329833985,0.0002647034883499146,0.0305326928051577,0.0118126202097386,0.0172330128856717,0.0151477719464227,-0.1606055764471978,-0.1211240803230335,-0.0476341818327776,-0.0972112627673436,526073.0,271450.0,-0.09038421011000619
2024-01-03,0.0303750057111838,0.016543431,0.019854913330078126,-0.000713165283203125,0.0002570823431015015,-0.0008289663314819336,-0.0009179728507995605,-0.00047129487991333006,0.00026848416328430176,-7.508755922317505e-05,-0.0003208536148071289,-9.310746192932129e-05,-0.0005354502201080322,0.00011884374618530273,0.0268755791411837,0.0305326928051577,0.0118126202097386,0.0172330128856717,0.0374565566600884,-0.1606055764471978,-0.1211240803230335,-0.0476341818327776,520589.0,281003.0,0.004471141074234316
2024-01-04,0.0224210902049511,0.018839426,0.019854913330078126,0.0012962814331054688,0.00015590641498565674,0.0008321941375732422,-0.00110640869140625,-0.000627460241317749,-0.00015992672443389892,-0.00018555009365081788,-8.454082608222961e-05,-0.00013749167919158937,-0.0009097555160522461,-8.874051570892334e-05,0.0303750057111838,0.0268755791411837,0.0305326928051577,0.0118126202097386,0.0856066133335531,0.0374565566600884,-0.1606055764471978,-0.1211240803230335,499963.0,289829.0,0.12138749643119856
2024-01-05,0.0122474028643059,0.018117487,0.019854913330078126,-0.001183066463470459,0.0006873386383056641,0.0010366507530212403,-0.00020821082592010497,-0.0006635573863983154,-0.00020967154502868652,-5.2800416946411136e-05,-8.896980285644531e-05,-0.00019331284761428834,-0.000923049259185791,6.122130155563355e-05,0.0224210902049511,0.0303750057111838,0.0268755791411837,0.0305326928051577,0.052521824954983,0.0856066133335531,0.0374565566600884,-0.1606055764471978,494881.0,299638.0,0.0476100752441586
2024-01-08,0.0287464359063487,0.016601587,0.019854913330078126,-0.0022299484252929686,4.366644620895386e-05,0.001167344856262207,-0.00046412553787231447,-0.0006684248924255372,-0.0002758234977722168,-3.574853539466858e-05,-0.00035478434562683105,-0.00020631322860717775,-0.0007271624088287354,0.0004979867935180664,0.0122474028643059,0.0224210902049511,0.0303750057111838,0.0268755791411837,0.0854428215840643,0.052521824954983,0.0856066133335531,0.0374565566600884,464344.0,309138.0,-0.35531585244489333
2024-01-09,0.0174562321228529,0.020304939,0.019854913330078126,0.0017210483551025391,-0.0005339603900909424,0.0009394538879394531,-0.0001916223883628845,-0.00046733365058898926,-0.00021822373867034912,-7.167264223098755e-05,-0.0003761772394180298,-0.0001897757411003113,-0.0009044308662414551,0.0007427128791809082,0.0287464359063487,0.0122474028643059,0.0224210902049511,0.0303750057111838,0.0064580125600111,0.0854428215840643,0.052521824954983,0.0856066133335531,444047.0,319277.0,-0.548695518673765
2024-01-10,0.018199043638031,0.015536273,0.019854913330078126,-0.002080942535400391,0.0004665266036987305,-0.0008756739616394043,-0.0009988129615783692,-0.0005524660110473633,0.0003335775375366211,-8.567554950714112e-05,-0.00035252363681793214,0.00030311899185180664,-0.0006438414573669434,0.00016806550025939943,0.0174562321228529,0.0287464359063487,0.0122474028643059,0.0224210902049511,0.0491317613652118,0.0064580125600111,0.0854428215840643,0.052521824954983,418606.0,329879.0,-0.27415819634721506
2024-01-11,0.0188172730060492,0.016050085,0.019854913330078126,-0.002086935234069824,-0.00036390557289123535,0.0009621724128723144,-0.0006318567276000977,-0.0006654906272888184,-0.00021122288703918457,-3.342512547969818e-05,-0.00042557759284973145,0.00021862614154815674,-0.0006961992740631103,0.0001289833903312683,0.018199043638031,0.0174562321228529,0.0287464359063487,0.0122474028643059,0.0625959646782332,0.0491317613652118,0.0064580125600111,0.0854428215840643,413438.0,342029.0,-0.14075751132775885
2024-01-12,0.0211169855960029,0.015025589,0.019854913330078126,-0.0021020292282104493,-0.0005155370235443115,-0.00012763421535491942,-0.0005792006015777588,-0.0006028664112091064,-0.00028602571487426756,-9.873347282409668e-05,-0.00030661022663116454,0.00025956578254699705,-0.0006590986251831055,0.00018883835077285766,0.0188172730060492,0.018199043638031,0.0174562321228529,0.0287464359063487,0.0698144390655528,0.0625959646782332,0.0491317613652118,0.0064580125600111,400825.0,355724.0,-0.07222125049528663
2024-02-01,0.0223567207366301,0.01834366,0.019854913330078126,-0.0008007195472717286,-0.00036121795177459717,3.776289224624634e-05,-0.0005510787010192871,-0.0005861645221710205,-0.00018816173076629638,-0.00012319214344024657,-0.00039587740898132325,9.817618131637574e-05,0.0013589527130126954,2.606939524412155e-07,0.0211169855960029,0.0188172730060492,0.018199043638031,0.0174562321228529,0.0628624028723914,0.0698144390655528,0.0625959646782332,0.0491317613652118,590281.0,269978.0,0.12476066520632811
2024-02-08,0.0214228971673926,0.014506242,0.019854913330078126,-0.0022369047164916994,-0.00046310930252075195,-0.0009228758811950684,-0.0007183597087860107,0.0002456433773040772,-0.0003096036434173584,-6.536719799041748e-05,-0.0003106087684631348,-5.1014018058776855e-05,-0.0006436025142669677,0.00012712494134902954,0.0076786515564334,0.0111140144062705,0.0132559064659743,0.0199065318407285,0.1077339622705393,0.0863291264615968,-0.0098246404285182,0.0187970552051224,520213.0,323188.0,-0.1673871133348573
2024-02-09,0.0091006983254929,0.014330545,0.019854913330078126,-0.0009759701728820801,-0.0011283167839050293,-0.0008371795654296875,-0.0005283063888549804,-0.0005332319259643554,-0.0003473240613937378,-7.976341247558594e-05,-0.00032630879878997804,-0.00012750822305679322,-0.0007997602462768555,0.0001592974066734314,0.0214228971673926,0.0076786515564334,0.0111140144062705,0.0132559064659743,0.0698857990353154,0.1077339622705393,0.0863291264615968,-0.0098246404285182,486916.0,335666.0,-0.08632190682088516
2024-02-12,0.0104665991111197,0.014030835,0.019854913330078126,-0.0022328495025634764,-9.640074372291565e-05,-0.0009166932106018066,-0.0005350069522857666,-0.0005609230041503906,-0.00029647719860076904,-8.330214023590088e-05,-0.00041356372833251955,-0.00015757243633270264,-0.0006410626411437988,0.0001097656011581421,0.0091006983254929,0.0214228971673926,0.0076786515564334,0.0111140144062705,0.0575950872545503,0.0698857990353154,0.1077339622705393,0.0863291264615968,457637.0,347726.0,-0.16123723699397405
2024-03-01,0.0182911501447669,0.014088464,0.019854913330078126,-0.002260599136352539,-0.0012496280670166015,0.000120524001121521,-0.0007742331981658936,-0.0006089256763458252,-0.0002065709352493286,-9.676843881607056e-05,-0.00042543516159057615,0.00011296840906143188,-0.000374334454536438,-3.455161303281784e-06,0.0104665991111197,0.0091006983254929,0.0214228971673926,0.0076786515564334,0.0462993663444306,0.0575950872545503,0.0698857990353154,0.1077339622705393,593033.0,281457.0,0.11702255601498274
2024-03-04,0.0108835552025583,0.013064446,0.019854913330078126,-0.002075111198425293,-0.0007346179485321044,-0.0009385062217712402,-0.000765910530090332,-0.0005400229930877685,-0.0002211038112640381,-9.913419485092163e-05,-0.00036221771240234373,9.32408332824707e-05,-0.0005802240371704101,-0.0005668603897094727,0.0182911501447669,0.0104665991111197,0.0091006983254929,0.0214228971673926,0.0598020996180457,0.0462993663444306,0.0575950872545503,0.0698857990353154,564495.0,288581.0,0.43080038283724675
2024-03-05,0.0103459662850915,0.013690733,0.019854913330078126,-0.0021436824798583983,-0.0003933042287826538,-0.00088626070022583,-0.0006630587100982667,-0.0005468777179718018,-0.000256569504737854,-0.000102580726146698,-0.00036183347702026367,0.00012469805479049684,-0.0005225047588348388,-0.00041220974922180176,0.0108835552025583,0.0182911501447669,0.0104665991111197,0.0091006983254929,0.0649895084853557,0.0598020996180457,0.0462993663444306,0.0575950872545503,551331.0,296740.0,0.3174997622661495
2024-03-06,0.0159290187586606,0.0144930035,0.019854913330078126,-0.0021450984954833985,-0.0006456007480621338,3.81456196308136e-05,-0.000551310920715332,-0.0005814185619354248,-0.00022676515579223632,-9.904199838638305e-05,-0.00036763114929199217,0.0001174700140953064,-0.0005341270446777344,-0.00036653876304626465,0.0103459662850915,0.0108835552025583,0.0182911501447669,0.0104665991111197,0.0506263198617737,0.0649895084853557,0.0598020996180457,0.0462993663444306,541646.0,306169.0,0.2273949882522958
2024-03-07,0.0105898801651431,0.013383139,0.019854913330078126,-0.0020875261306762694,-0.0007524239540100098,-0.0007727104187011718,-0.0005942918300628663,-0.0005436460971832276,-0.00023465723991394043,-9.904199838638305e-05,-0.00036518163681030274,-0.00010313767194747925,-0.0004927853107452393,-0.0004263779163360596,0.0159290187586606,0.0103459662850915,0.0108835552025583,0.0182911501447669,0.054114099043188,0.0506263198617737,0.0649895084853557,0.0598020996180457,505293.0,314645.0,0.3306571107512032
2024-03-08,0.0154547382425353,0.013499941,0.019854913330078126,-0.002156613540649414,-0.00039304535388946533,-0.0008588064193725586,-0.000531356143951416,-0.0005505008220672607,-0.00029647719860076904,-0.000102580726146698,-0.0003614866018295288,-0.00013500570058822632,-0.0005025691986083984,-0.00046653566360473634,0.0105898801651431,0.0159290187586606,0.0103459662850915,0.0108835552025583,0.0462560104450835,0.054114099043188,0.0506263198617737,0.0649895084853557,481810.0,324322.0,0.5772506135425116
2024-03-11,0.0122440572667198,0.013682095,0.019854913330078126,-0.0020830841064453124,-0.0007769367218017578,-0.0007722187042236328,-0.0005381216526031494,-0.00030198874473571775,-0.0002443084478378296,-9.904199838638305e-05,-0.0003649057149887085,-0.00016433945894241334,-0.0005275120735168457,-0.00030036606788635256,0.0154547382425353,0.0105898801651431,0.0159290187586606,0.0103459662850915,0.0054975399591947,0.0462560104450835,0.054114099043188,0.0506263198617737,465992.0,334169.0,0.22907007039401586
2024-03-12,0.0096266880864888,0.014680953,0.019854913330078126,-0.002126636505126953,-0.0003324324607849121,-0.0008627899169921875,-0.0005458684921264648,-0.000543062973022461,0.0003228160858154297,-0.0001003071665763855,-0.0003575293302536011,-0.00014339383840560914,-0.0006236797332763672,0.0001389130473136902,0.0122440572667198,0.0154547382425353,0.0105898801651431,0.0159290187586606,0.0601609779474197,0.0054975399591947,0.0462560104450835,0.054114099043188,452565.0,345737.0,-0.0705815755733868
2024-04-01,0.0108832741226215,0.0144205615,0.019854913330078126,-0.002183731651306152,-0.00037113006114959716,-0.0008165312767028809,-0.0005425653457641602,-0.0002867560863494873,-0.00026977391242980956,-6.754856109619141e-05,-0.00035643911361694333,0.00012469805479049684,-0.0006263141632080079,-3.826523423194885e-05,0.0096266880864888,0.0122440572667198,0.0154547382425353,0.0105898801651431,-0.0009760859730558,0.0601609779474197,0.0054975399591947,0.0462560104450835,619616.0,319189.0,0.1938292474119667
2024-04-02,0.0115404709364853,0.014170682,0.019854913330078126,-0.0021022546768188475,-0.0008427766799926758,-0.0007247800827026367,-0.0005453258514404297,-0.0005552256107330322,0.00028254544734954834,-9.904199838638305e-05,-0.0003194231986999512,8.70373547077179e-05,-0.00048706884384155274,-0.0003779279708862305,0.0108832741226215,0.0096266880864888,0.0122440572667198,0.0154547382425353,0.0452788343937653,-0.0009760859730558,0.0601609779474197,0.0054975399591947,596214.0,327871.0,0.26337965589154444
2024-04-03,0.008874456675817,0.013988148,0.019854913330078126,-0.002122469139099121,-0.0006614106178283692,-0.0009807741165161132,-0.0005334146022796631,-6.0247665643692016e-05,-0.00018901631832122804,-6.400983333587646e-05,-0.00036440839767456053,0.00011105774641036988,-0.0005392453193664551,-0.0004628286361694336,0.0115404709364853,0.0108832741226215,0.0096266880864888,0.0122440572667198,0.1396551104750516,0.0452788343937653,-0.0009760859730558,0.0601609779474197,582389.0,336526.0,0.32248978904114056
2024-04-04,0.0172153539087068,0.014363442,0.019854913330078126,-0.0021239204406738282,-0.00045014891624450685,-0.0009418381690979004,-0.0005674867630004883,7.1794293820858005e-06,-0.00027574925422668456,-0.000102580726146698,-0.00031513190269470215,0.00012469805479049684,-0.000524721622467041,-0.00032177793979644773,0.008874456675817,0.0115404709364853,0.0108832741226215,0.0096266880864888,0.1326524121851742,0.1396551104750516,0.0452788343937653,-0.0009760859730558,577998.0,344561.0,0.24421215716219571
2024-04-05,0.0088203252893755,0.013960202,0.019854913330078126,-0.0021387462615966796,-0.0011123345375061034,-0.0008707413673400879,-0.0005411179065704345,-0.00015451482534408568,-0.00026980853080749514,9.990296363830566e-05,-0.0003609872341156006,0.0001365157961845398,-0.0006801852703094483,-2.7019262313842776e-06,0.0172153539087068,0.008874456675817,0.0115404709364853,0.0108832741226215,0.0905778758096467,0.1326524121851742,0.1396551104750516,0.0452788343937653,582038.0,353457.0,0.11459616912201366
2024-04-08,0.0154923199717508,0.014727439,0.019854913330078126,-0.0022222576141357423,-0.00037529685497283933,-0.0010024076461791992,-0.0005307425022125245,0.00019820036888122558,-0.00032162370681762694,0.00011907107830047607,-0.00044587783813476565,0.0001103558897972107,-0.000739420509338379,8.251741528511047e-05,0.0088203252893755,0.0172153539087068,0.008874456675817,0.0115404709364853,0.1055189623926313,0.0905778758096467,0.1326524121851742,0.1396551104750516,559240.0,362963.0,0.048977652946658276
2024-04-09,0.0112656440104461,0.012828519,0.019854913330078126,-0.002202120018005371,-0.001168888759613037,-0.00013732149600982667,-0.0008085094451904297,4.0592449903488156e-05,-0.0003039293050765991,-7.542445659637451e-05,-0.00045267624855041506,0.00010312784910202027,-0.0022114252090454103,0.00019018300771713256,0.0154923199717508,0.0088203252893755,0.0172153539087068,0.008874456675817,0.0963286225606747,0.1055189623926313,0.0905778758096467,0.1326524121851742,555476.0,374735.0,-0.042026913414790895
2024-04-10,0.0125776577083159,0.012300366,0.019854913330078126,-0.002248679542541504,-0.00038339641094207766,-0.000906795597076416,-0.0005549784660339355,-0.0005512959957122802,-0.000376432991027832,-7.896318435668946e-05,-0.00041150527000427246,0.00012469805479049684,-0.0021444831848144532,-2.2713595628738403e-05,0.0112656440104461,0.0154923199717508,0.0088203252893755,0.0172153539087068,0.0843107306454262,0.0963286225606747,0.1055189623926313,0.0905778758096467,549106.0,389449.0,0.14239799058307273
2024-04-11,0.0102594203732067,0.0124970265,0.019854913330078126,-0.0022087411880493163,-0.0004765104293823242,-0.0010273274421691895,-0.0008777894973754883,-7.708651423454285e-05,-0.00021730926036834717,-7.896318435668946e-05,-0.00041930255889892576,0.0001103558897972107,-0.002211787796020508,0.00012657583951950074,0.0125776577083159,0.0112656440104461,0.0154923199717508,0.0088203252893755,0.1639241916542388,0.0843107306454262,0.0963286225606747,0.1055189623926313,557234.0,407109.0,-0.13904267871736392
2024-04-12,0.0143068164563057,0.012549372,0.019854913330078126,-0.002273830986022949,-0.0004582369327545166,-0.000920150089263916,-0.0005548110961914063,-0.0003446657180786133,-0.0003540741205215454,-7.819525003433227e-05,-0.0004082020282745361,8.73088240623474e-06,-0.002153622627258301,0.0002315187692642212,0.0102594203732067,0.0125776577083159,0.0112656440104461,0.0154923199717508,0.0876396513837951,0.1639241916542388,0.0843107306454262,0.0963286225606747,535181.0,426952.0,-0.3298703806553927
2024-05-01,0.0184605991120153,0.014191371,0.019854913330078126,-0.0020940458297729492,-0.0007782014846801758,-0.0007969913959503174,-0.0005317497253417969,-5.113887786865234e-05,-0.00028693127632141115,0.00011117188930511475,-0.0003640532970428467,0.0001365157961845398,-0.0006087892055511475,-0.0003993354558944702,0.0143068164563057,0.0102594203732067,0.0125776577083159,0.0112656440104461,0.0990540505501069,0.0876396513837951,0.1639241916542388,0.0843107306454262,598810.0,362212.0,0.30401410432322556
2024-05-02,0.0099683472401499,0.01652853,0.019854913330078126,-0.0020569196701049806,-0.0002940873146057129,-0.0008791144371032715,-0.00048756675720214846,-7.708104848861695e-05,-0.0004019168853759766,-7.732748985290527e-05,0.001695473289489746,0.00010302245616912842,-0.0008010774612426758,-4.9790698289871214e-05,0.0184605991120153,0.0143068164563057,0.0102594203732067,0.0125776577083159,-0.0465962787426512,0.0990540505501069,0.0876396513837951,0.1639241916542388,569598.0,363036.0,0.15608604558690434
2024-05-03,0.0115682650670228,0.015389499,0.019854913330078126,-0.0021592321395874025,-0.000345428466796875,-0.0007958788394927978,-0.0005477806091308593,9.009965658187866e-05,0.0003071195125579834,-8.330214023590088e-05,-0.00039897198677062986,6.0877436399459836e-05,-0.0006807436466217041,8.7816321849823e-05,0.0099683472401499,0.0184605991120153,0.0143068164563057,0.0102594203732067,-0.0608565987884883,-0.0465962787426512,0.0990540505501069,0.0876396513837951,554277.0,364309.0,-0.022978175542506286
2024-05-06,0.0076422985242773,0.015238642,0.019854913330078126,-0.002097193908691406,-0.000839517879486084,-2.2602275013923644e-06,-0.000559421682357788,5.9793996810913083e-05,0.0002816439151763916,-0.00010354492664337158,-0.0004166677474975586,5.103110671043396e-05,-0.00054124755859375,-0.0004488961696624756,0.0115682650670228,0.0099683472401499,0.0184605991120153,0.0143068164563057,-0.0742026776841653,-0.0608565987884883,-0.0465962787426512,0.0990540505501069,537744.0,365924.0,0.37010256985094603
2024-05-07,0.0106181726828956,0.014390376,0.019854913330078126,-0.0020909526824951174,-0.0003978891849517822,-0.0008209102630615234,-0.0005990654468536377,-0.00023180720806121826,0.0003344929695129395,-0.00012257094383239745,-0.00031835272312164307,-2.8403592109680177e-05,-0.0007115330219268799,-0.00047755842208862306,0.0076422985242773,0.0115682650670228,0.0099683472401499,0.0184605991120153,0.0044500644728433,-0.0742026776841653,-0.0608565987884883,-0.0465962787426512,515104.0,367309.0,0.3371750669833352
2024-05-08,0.015311457505987,0.013885922,0.019854913330078126,-0.002224591064453125,-0.0013195578575134277,-0.0007398096561431885,-0.0005527056694030762,-0.0002617866992950439,0.0003133978843688965,-0.0001150934100151062,-0.0002411153793334961,-0.00011425567865371704,-0.0007833051681518555,6.982423067092896e-05,0.0106181726828956,0.0076422985242773,0.0115682650670228,0.0099683472401499,0.0024078990685403,0.0044500644728433,-0.0742026776841653,-0.0608565987884883,478184.0,367314.0,0.03513806516771385
2024-05-09,0.0062999011344849,0.015016519,0.019854913330078126,-0.0020786746978759766,-0.0007788485050201417,-0.0008691750526428223,-0.0005540731906890869,8.714433908462524e-05,0.0003287022352218628,-6.305689811706543e-05,-0.00021362996101379394,-0.00014930270910263062,-0.0008090421676635743,0.0002615570306777954,0.015311457505987,0.0106181726828956,0.0076422985242773,0.0115682650670228,-0.0782187469633646,0.0024078990685403,0.0044500644728433,-0.0742026776841653,458488.0,368196.0,-0.383991088499735
2024-05-10,0.0131444223705374,0.014354337,0.019854913330078126,-0.002175419235229492,-0.0003357990264892578,-0.000904361629486084,-0.0009139354705810546,0.00010833871364593506,0.0003380461931228638,-6.527500152587891e-05,-0.00030394151210784914,-0.00014339383840560914,-0.0012007066726684571,9.58619475364685e-05,0.0062999011344849,0.015311457505987,0.0106181726828956,0.0076422985242773,-0.0639571647721153,-0.0782187469633646,0.0024078990685403,0.0044500644728433,449626.0,371119.0,-0.009148907287519738
2024-06-03,0.0267729054313329,0.016006004,0.019854913330078126,-0.002272280120849609,-0.001338085651397705,-0.0007470592498779297,-0.0005382007598876953,5.190712213516235e-05,0.00028365139961242675,-0.00013083696365356445,-0.0003317295551300049,6.82797372341156e-05,0.0009820719718933106,0.00012336462736129762,0.0131444223705374,0.0062999011344849,0.015311457505987,0.0106181726828956,-0.0888215506571503,-0.0639571647721153,-0.0782187469633646,0.0024078990685403,543834.0,277309.0,0.041558656686451895
2024-06-04,0.0113155929565201,0.016671535,0.019854913330078126,-0.0007141108989715576,-0.0003243204116821289,-0.0008603483200073242,-0.0006154863834381103,2.8570327162742616e-05,0.0002847779035568237,-9.797171354293824e-05,-0.00020059232711791992,1.8827390670776366e-05,-0.000861726188659668,0.0001590004801750183,0.0267729054313329,0.0131444223705374,0.0062999011344849,0.015311457505987,-0.0570449708449318,-0.0888215506571503,-0.0639571647721153,-0.0782187469633646,534063.0,285878.0,0.0403553698158295
2024-06-05,0.0114073062833549,0.015525389,0.019854913330078126,-0.002170479393005371,0.00017952580451965333,-0.0009955723762512206,-0.0010213456153869629,5.395042896270752e-05,0.00033904900550842283,-9.750548601150513e-05,-0.0002182147979736328,-8.377245664596557e-05,-0.0006299814224243164,0.00031481637954711915,0.0113155929565201,0.0267729054313329,0.0131444223705374,0.0062999011344849,-0.1564699696183495,-0.0570449708449318,-0.0888215506571503,-0.0639571647721153,519881.0,294787.0,-0.37938484214502965
2024-06-06,0.0128864472960173,0.017262746,0.019854913330078126,-0.0022069231033325196,-0.0004691274166107178,0.0009640158653259277,-0.000670643138885498,0.00017609165906906128,0.000291627311706543,-0.00013687998056411744,-0.00011873279809951782,-0.00011901313066482544,-0.000660612678527832,0.00035802364349365236,0.0114073062833549,0.0113155929565201,0.0267729054313329,0.0131444223705374,-0.1507744253539806,-0.1564699696183495,-0.0570449708449318,-0.0888215506571503,496966.0,304138.0,-0.3584470335349339
2024-06-07,0.0079725012579057,0.014958809,0.019854913330078126,-0.002150410842895508,-0.0005550159454345703,-0.0008661665916442871,-0.0005939770698547363,-0.00012060564756393432,0.00036521430015563965,-9.517192840576172e-05,-0.00023128619194030762,-0.0001650960326194763,-0.0005932085990905762,0.00010961567163467408,0.0128864472960173,0.0114073062833549,0.0113155929565201,0.0267729054313329,-0.0424083154648178,-0.1507744253539806,-0.1564699696183495,-0.0570449708449318,462887.0,312164.0,-0.14038845625544416
2024-06-10,0.0210483831253886,0.015258447,0.019854913330078126,-0.0020738142013549806,-0.00037617478370666506,-0.0007517862319946289,-0.0005370161533355713,-0.00010313135385513306,0.0003380461931228638,-7.799158096313477e-05,-6.240048408508301e-05,-0.00014869683980941773,-0.0004848710536956787,-0.00031863632202148436,0.0079725012579057,0.0128864472960173,0.0114073062833549,0.0113155929565201,-0.0435011454176406,-0.0424083154648178,-0.1507744253539806,-0.1564699696183495,465552.0,321902.0,0.2334780331077292
2024-06-11,0.0085927067687116,0.015268788,0.019854913330078126,-0.001012684917449951,-0.0012090588569641113,-0.0007950971603393554,-0.0005464183807373047,-0.00026671950817108155,0.0002590304374694824,-8.024441003799439e-05,-7.781810164451598e-05,-0.00011839674711227417,-0.0007793593883514404,4.063693583011627e-05,0.0210483831253886,0.0079725012579057,0.0128864472960173,0.0114073062833549,-0.0141104396874505,-0.0435011454176406,-0.0424083154648178,-0.1507744253539806,440361.0,331726.0,0.12058861377742201
2024-06-12,0.0100277521737525,0.015185681,0.019854913330078126,-0.0021285312652587892,-0.00036423797607421874,-0.0008934409141540527,-0.0005451415538787842,0.0001127991795539856,0.0003380461931228638,-0.00010708365440368652,-0.0003055531978607178,-0.00011061686277389527,-0.0006065815925598145,-5.890493392944336e-05,0.0085927067687116,0.0210483831253886,0.0079725012579057,0.0128864472960173,-0.0911734392566394,-0.0141104396874505,-0.0435011454176406,-0.0424083154648178,428798.0,341446.0,0.17797688549693727
2024-07-01,0.0141989871826628,0.015068187,0.019854913330078126,-0.0021926824569702148,-0.0014286040306091309,0.00014745632410049437,-0.0007914326667785644,2.0436426997184754e-05,0.0002491016864776611,-6.173627376556396e-05,-0.00031198699474334715,4.914778470993042e-05,-0.0005760454177856445,0.00010961259603500367,0.0100277521737525,0.0085927067687116,0.0210483831253886,0.0079725012579057,-0.0907875313143717,-0.0911734392566394,-0.0141104396874505,-0.0435011454176406,622047.0,309540.0,-0.15248205813741014
2024-07-02,0.0089937122057479,0.013999243,0.019854913330078126,-0.002111769104003906,-0.0007452376365661621,-0.0008654919624328613,-0.0007612425804138183,-0.0004785205364227295,0.00027899222373962404,-0.0001191244125366211,-0.0003161602258682251,8.04798424243927e-05,-0.00045192184448242186,-0.00036568710803985594,0.0141989871826628,0.0100277521737525,0.0085927067687116,0.0210483831253886,0.0371720048758721,-0.0907875313143717,-0.0911734392566394,-0.0141104396874505,615293.0,321202.0,0.2374596592048281
2024-07-03,0.0103977875020381,0.014106419,0.019854913330078126,-0.0021938913345336914,-0.0002995588779449463,-0.0009762506484985352,-0.0009048332214355468,-0.000506115198135376,-0.00021841797828674316,-9.927042722702026e-05,-0.00015162140130996703,8.489781618118286e-05,-0.0006143751621246338,0.00013093631267547607,0.0089937122057479,0.0141989871826628,0.0100277521737525,0.0085927067687116,0.0302536168531801,0.0371720048758721,-0.0907875313143717,-0.0911734392566394,597528.0,332451.0,-0.06222770498287321
2024-07-04,0.0074510559526314,0.014603166,0.019854913330078126,-0.0021981691360473633,-0.0011244373321533203,-0.0008710561752319336,-0.0005477624893188476,0.0002686978816986084,-9.161977767944336e-05,-9.88569974899292e-05,-0.00017253061532974243,9.67155635356903e-05,-0.0006454942226409912,0.00013276116847991943,0.0103977875020381,0.0089937122057479,0.0141989871826628,0.0100277521737525,0.1084949549810749,0.0302536168531801,0.0371720048758721,-0.0907875313143717,598138.0,344818.0,-0.0453161030532704
2024-07-05,0.0100531968959187,0.014466692,0.019854913330078126,-0.0022124807357788087,-0.000798670768737793,-0.0009335115432739258,-0.0005308116912841797,0.00023602442741394044,-0.0003115609884262085,-9.676843881607056e-05,-0.00036134233474731446,0.00012217363119125367,-0.0006261555194854736,0.0001248777151107788,0.0074510559526314,0.0103977875020381,0.0089937122057479,0.0141989871826628,0.1203025056102884,0.1084949549810749,0.0302536168531801,0.0371720048758721,578329.0,357003.0,-0.023264637010478754
2024-07-08,0.0094710130498796,0.013209267,0.019854913330078126,-0.0022092628479003906,-0.0011678744316101074,-0.0008991311073303223,-0.0006645521640777588,-8.120597004890442e-05,-0.00026980853080749514,-8.203697204589844e-05,-0.00036440839767456053,0.0001365157961845398,-0.0007033821105957032,-0.00034049959182739256,0.0100531968959187,0.0074510559526314,0.0103977875020381,0.0089937122057479,0.0986552645539076,0.1203025056102884,0.1084949549810749,0.0302536168531801,549667.0,368230.0,0.24837166274098707
2024-07-09,0.0093057477521514,0.011993453,0.019854913330078126,-0.002248591423034668,-0.0008630584716796875,-0.000837521743774414,-0.0005456786155700684,-0.00026681511402130124,-0.00043176188468933103,3.866331577301025e-05,-0.00041690359115600586,-5.566837191581726e-05,-0.0021799983978271482,-5.41260302066803e-05,0.0094710130498796,0.0100531968959187,0.0074510559526314,0.0103977875020381,0.0256318290262802,0.0986552645539076,0.1203025056102884,0.1084949549810749,516657.0,379688.0,0.12762718271880027
2024-07-10,0.0117524863123991,0.01150713,0.019854913330078126,-0.002264830207824707,-0.0012218716621398926,-0.0009419106483459473,-0.0009256019592285156,-0.0003129676342010498,-0.000146911883354187,-7.542445659637451e-05,-0.0004023106098175049,-0.00012398942708969116,-0.002120098304748535,0.00018813332319259643,0.0093057477521514,0.0094710130498796,0.0100531968959187,0.0074510559526314,0.0092560290590588,0.0256318290262802,0.0986552645539076,0.1203025056102884,487168.0,390713.0,-0.30883332024629073
2024-07-11,0.0088044913040348,0.012325682,0.019854913330078126,-0.002209324073791504,-0.0012131114006042481,-0.0008395366668701172,-0.0005662407875061035,-0.0005017767906188965,0.0002981677770614624,-5.739730596542358e-05,-0.00041719017028808594,-0.00014930270910263062,-0.0020856439590454102,0.00021212618350982667,0.0117524863123991,0.0093057477521514,0.0094710130498796,0.0100531968959187,0.041395148868772,0.0092560290590588,0.0256318290262802,0.0986552645539076,455007.0,401212.0,-0.3125311459450243
2024-07-12,0.0098167473074329,0.012638521,0.019854913330078126,-0.0022585334777832033,-0.0004268890380859375,-0.0009322445869445801,-0.0006090696334838867,-0.0005069318771362305,-0.00020804104804992676,-5.927015542984009e-05,-0.0003136873483657837,9.152702689170838e-05,-0.002107126045227051,0.00011387578248977662,0.0088044913040348,0.0117524863123991,0.0093057477521514,0.0094710130498796,0.0416029395033268,0.041395148868772,0.0092560290590588,0.0256318290262802,423144.0,411873.0,-0.2498407462608584
2024-08-01,0.0176571678119572,0.013672119,0.019854913330078126,-0.0022189802169799806,-0.001157280158996582,-0.0008792821884155273,-0.0006011676788330078,-0.00040075550079345703,-0.00022365965843200683,-9.600050449371338e-05,-0.00031571130752563477,9.67155635356903e-05,-0.0005923688888549805,0.0002056957244873047,0.0098167473074329,0.0088044913040348,0.0117524863123991,0.0093057477521514,0.0289944548707685,0.0416029395033268,0.041395148868772,0.0092560290590588,588195.0,295651.0,-0.35424233499413726
2024-08-02,0.030938345552644,0.014681097,0.019854913330078126,-0.0020667518615722657,-0.0007800506591796875,-0.0008477972030639648,-0.0005380685806274414,4.447281062602997e-05,-0.00012878005504608154,-9.676843881607056e-05,-0.00035283331871032716,9.67155635356903e-05,-0.0006103661060333252,0.00010640696287155152,0.0176571678119572,0.0098167473074329,0.0088044913040348,0.0117524863123991,-0.0852912532200704,0.0289944548707685,0.0416029395033268,0.041395148868772,578769.0,306026.0,-0.18001548931340006
2024-08-05,0.0211489834256264,0.017650114,0.019854913330078126,0.001151676845550537,-0.00040077095031738284,-0.00102089262008667,-0.0011995589256286621,8.91093134880066e-05,0.0002501378059387207,-6.233848333358764e-05,-0.0003509658336639404,4.601454734802246e-05,-0.0008402588844299316,0.00013304325342178346,0.030938345552644,0.0176571678119572,0.0098167473074329,0.0088044913040348,-0.1157992671500967,-0.0852912532200704,0.0289944548707685,0.0416029395033268,549667.0,315573.0,-0.24494084103038685
2024-08-06,0.017771927488045,0.017623087,0.019854913330078126,-0.0010977550506591797,0.0003175068140029907,5.465198755264282e-05,-0.0008636635780334473,-3.102301061153412e-05,0.00022038540840148925,-9.917073249816895e-05,-0.00030274415016174315,-2.8175222873687744e-05,-0.0008020319938659668,0.0004001924514770508,0.0211489834256264,0.030938345552644,0.0176571678119572,0.0098167473074329,-0.1259337965063274,-0.1157992671500967,-0.0852912532200704,0.0289944548707685,546155.0,325349.0,-0.34301377297262914
2024-08-07,0.0226565908485322,0.01674325,0.019854913330078126,-0.002051373863220215,-0.00029013454914093015,0.0007896295547485351,-0.0006605702400207519,-0.00022293386459350587,0.00028807408809661863,-0.00019435354471206666,-0.0001265984892845154,-9.093401432037353e-05,-0.0007143644809722901,0.00016189008951187134,0.017771927488045,0.0211489834256264,0.030938345552644,0.0176571678119572,-0.0433710441861512,-0.1259337965063274,-0.1157992671500967,-0.0852912532200704,503765.0,332599.0,-0.08345221853335215
2024-08-08,0.0133123475554185,0.016159005,0.019854913330078126,-0.0013194869995117188,-0.00045336856842041013,0.00017924848794937133,-0.00041724982261657714,-0.0002927520513534546,0.0002774773597717285,-7.808377742767334e-05,-4.065925180912018e-05,-0.00018584305047988892,-0.0006948709487915039,-0.0006703230381011963,0.0226565908485322,0.017771927488045,0.0211489834256264,0.030938345552644,-0.016334646193024,-0.0433710441861512,-0.1259337965063274,-0.1157992671500967,470049.0,339352.0,0.26149660210981646
2024-08-09,0.0080277976743694,0.01627308,0.019854913330078126,-0.0021237619400024414,-1.544051617383957e-06,-2.36869215965271e-05,-0.0007297351360321045,5.234910249710083e-05,0.00031184940338134764,-7.800841331481933e-05,-5.4511767625808716e-05,-0.00018541944026947022,-0.0006310204982757568,-0.00011835014820098877,0.0133123475554185,0.0226565908485322,0.017771927488045,0.0211489834256264,-0.0799649653116842,-0.016334646193024,-0.0433710441861512,-0.1259337965063274,459503.0,346549.0,0.13425683209203398
2024-08-12,0.0218194014194772,0.016487114,0.019854913330078126,-0.0020980583190917967,-0.0002910424470901489,0.0008212236404418946,-0.0006460351467132569,1.729554831981659e-05,0.00028807408809661863,-3.736457228660584e-05,-0.0003162339687347412,-5.8723676204681394e-05,-0.0005586703300476075,-0.0004882729530334473,0.0080277976743694,0.0133123475554185,0.0226565908485322,0.017771927488045,-0.0608756573392801,-0.0799649653116842,-0.016334646193024,-0.0433710441861512,430222.0,353561.0,0.3664866623103893
2024-09-02,0.0110871181854916,0.017333325,0.019854913330078126,-0.0008550702095031738,-0.0012864752769470216,-0.0009037335395812988,-0.0007024333000183106,-0.000269476056098938,0.0002682168960571289,-0.0001389678716659546,-0.0003322272300720215,-6.531831622123718e-05,0.0011126285552978516,0.0006512654781341553,0.0218194014194772,0.0080277976743694,0.0133123475554185,0.0226565908485322,-0.0326330277146773,-0.0608756573392801,-0.0799649653116842,-0.016334646193024,507377.0,274892.0,-0.6804264236225719
2024-09-03,0.0321308881841131,0.01730234,0.019854913330078126,-0.002255383491516113,9.810332655906677e-05,-0.0009488289833068848,-0.0005215166568756103,-0.00023456377983093263,0.00034005992412567136,-0.00010671387910842895,-0.0002193131446838379,-7.993271946907044e-05,0.0006760399341583252,0.0006994730472564697,0.0110871181854916,0.0218194014194772,0.0080277976743694,0.0133123475554185,0.0092011275719201,-0.0326330277146773,-0.0608756573392801,-0.0799649653116842,494426.0,280118.0,-0.6365538831520476
2024-09-04,0.0200001486128523,0.020331204,0.019854913330078126,0.0022009672164916994,-0.000513954496383667,0.000208935284614563,-0.0011562090873718262,0.00018114163875579834,0.0002371978282928467,-0.0001097252368927002,-0.00022441368103027343,-0.00012407015562057496,-0.0009517441749572754,0.0007281615257263183,0.0321308881841131,0.0110871181854916,0.0218194014194772,0.0080277976743694,-0.1691275528374856,0.0092011275719201,-0.0326330277146773,-0.0608756573392801,476891.0,285628.0,-0.7484489364708442
2024-09-05,0.0149973953423749,0.016887998,0.019854913330078126,-0.0011682108879089357,0.00020866639614105224,-0.000999447250366211,-0.0010289780616760255,0.00028761191368103026,0.00029444022178649903,-6.418570280075074e-05,-0.0002934862613677979,-0.00018504172563552857,-0.0007305821418762208,0.0007122991085052491,0.0200001486128523,0.0321308881841131,0.0110871181854916,0.0218194014194772,-0.1844970886533259,-0.1691275528374856,0.0092011275719201,-0.0326330277146773,464656.0,291154.0,-0.6253253616914489
2024-09-06,0.0243357661688573,0.016630597,0.019854913330078126,-0.0020656185150146485,-0.00034731366634368897,0.0005828938007354736,-0.000640787410736084,-0.00014398573637008666,0.000291627311706543,-0.00021461255550384522,-0.0003136847019195557,-0.00015213581323623656,-0.0007184000015258789,0.0004976919651031494,0.0149973953423749,0.0200001486128523,0.0321308881841131,0.0110871181854916,-0.0484691147938667,-0.1844970886533259,-0.1691275528374856,0.0092011275719201,450414.0,296420.0,-0.4573789700009437
2024-09-09,0.0131165157455459,0.017670685,0.019854913330078126,-0.0011726580619812012,-0.0003776449680328369,0.0002649895191192627,-0.0003952735424041748,4.1432175040245054e-05,0.0002774773597717285,-7.581021785736083e-05,-2.8279557824134826e-05,-9.179930090904236e-05,-0.0008106550216674805,0.00018398879766464235,0.0243357661688573,0.0149973953423749,0.0200001486128523,0.0321308881841131,-0.0735046781502655,-0.0484691147938667,-0.1844970886533259,-0.1691275528374856,437471.0,301707.0,-0.18645175351557555
2024-09-10,0.0306823294292438,0.016374592,0.019854913330078126,-0.0021492868423461913,0.0002683173894882202,-0.0009709349632263184,-0.0007797406196594238,0.0001057282567024231,0.000338081693649292,-7.557458281517029e-05,-5.9281647205352784e-05,9.108274579048157e-05,-0.0005996294975280762,0.00035091240406036377,0.0131165157455459,0.0243357661688573,0.0149973953423749,0.0200001486128523,-0.1033261537595535,-0.0735046781502655,-0.0484691147938667,-0.1844970886533259,421830.0,309050.0,-0.4135080328286195
2024-09-11,0.0179208516439771,0.022467751,0.019854913330078126,0.0013138525009155273,-0.00037779114246368407,0.001050754451751709,-0.000981458282470703,0.0020287445068359377,0.00022414846420288086,-0.00014894387722015382,-0.0003104799270629883,0.00023820629119873047,-0.0008223200798034668,0.00039812376499176027,0.0306823294292438,0.0131165157455459,0.0243357661688573,0.0149973953423749,-0.2067356468213166,-0.1033261537595535,-0.0735046781502655,-0.0484691147938667,400565.0,316668.0,-0.3915903179943252
2024-09-12,0.0190909640333424,0.017977705,0.019854913330078126,-0.002112545394897461,0.0008328068733215332,-0.0009271378517150879,-0.00026037993431091307,0.0006489108562469483,0.0003488076448440552,-4.958398938179016e-05,-0.0001948664426803589,0.00034399027824401856,-0.0006121031284332275,0.00010489287376403809,0.0179208516439771,0.0306823294292438,0.0131165157455459,0.0243357661688573,-0.1901743232662687,-0.2067356468213166,-0.1033261537595535,-0.0735046781502655,374635.0,324921.0,-0.22146795699885383
2024-10-01,0.0457996890942203,0.019789586,0.019854913330078126,-0.0019382209777832032,-0.0002776849985122681,0.0008881558418273926,-0.000602301836013794,-8.910472393035889e-05,0.00029364104270935057,0.00041380133628845215,-6.042358875274658e-05,-1.8537148833274842e-05,0.0011129733085632324,0.00021237025260925293,0.0190909640333424,0.0179208516439771,0.0306823294292438,0.0131165157455459,-0.1341217421633107,-0.1901743232662687,-0.2067356468213166,-0.1033261537595535,522919.0,272962.0,-0.10296283927211868
2024-10-02,0.0204578796149333,0.036287516,0.019854913330078126,0.015565974426269532,-0.0004537266731262207,-0.00017300775051116944,-7.4266117811203e-05,-0.00015380083322525024,0.00021193623542785643,0.0002776845932006836,0.00043400273323059084,-0.00010987945795059204,0.0007599874496459961,0.0001477057933807373,0.0457996890942203,0.0190909640333424,0.0179208516439771,0.0306823294292438,-0.0779071626121981,-0.1341217421633107,-0.1901743232662687,-0.2067356468213166,498984.0,279523.0,-0.03037019732622563
2024-10-03,0.0290281745637184,0.021387473,0.019854913330078126,-0.0010519411087036132,0.003955086898803711,0.00031251258850097655,-0.0008549397468566894,-6.582009792327881e-05,0.0002176027774810791,-6.98511004447937e-05,-7.870543599128723e-05,-0.00013440382480621338,-0.0008760141372680664,0.00017903038263320924,0.0204578796149333,0.0457996890942203,0.0190909640333424,0.0179208516439771,-0.0478231396283543,-0.0779071626121981,-0.1341217421633107,-0.1901743232662687,499394.0,287840.0,-0.19423714125805863
2024-10-04,0.014642015689837,0.021286631,0.019854913330078126,0.0011955286026000976,-0.0003486586332321167,0.003134003448486328,-0.001100771427154541,-0.0006473183155059814,0.00020420987606048583,-0.0001329557418823242,-4.845718145370483e-05,-7.663836479187011e-05,-0.0008735464096069336,0.0001263151526451111,0.0290281745637184,0.0204578796149333,0.0457996890942203,0.0190909640333424,0.0511441307208304,-0.0478231396283543,-0.0779071626121981,-0.1341217421633107,501612.0,297619.0,-0.22765721273777775
2024-10-07,0.0298085745434901,0.022055794,0.019854913330078126,-0.002216489791870117,0.0006799257278442383,0.0001668967843055725,0.005329053878784179,-0.0006069032192230224,-0.00021289510726928712,-8.046607971191406e-05,-0.00019560085535049438,-0.00015855330228805542,-0.0006564610958099365,0.00015236444473266602,0.014642015689837,0.0290281745637184,0.0204578796149333,0.0457996890942203,0.0710082624219676,0.0511441307208304,-0.0478231396283543,-0.0779071626121981,490277.0,307130.0,-0.12614666104786687
2024-10-08,0.0364643100326626,0.019022634,0.019854913330078126,0.001428764820098877,-0.0002962794065475464,0.0010410955429077148,-0.0008947084426879883,-0.0006556291580200195,-0.0001992823839187622,-4.6637889742851255e-05,-0.0003254547119140625,-0.00016205085515975953,-0.0009166032791137695,0.00019449367523193358,0.0298085745434901,0.014642015689837,0.0290281745637184,0.0204578796149333,0.0326539121284632,0.0710082624219676,0.0511441307208304,-0.0478231396283543,449823.0,315585.0,-0.06447923320362249
2024-10-09,0.0225084861564881,0.020023711,0.019854913330078126,0.0023069459915161135,0.0006779415130615234,-0.0010475886344909668,-0.00014149272441864013,-0.0004349838733673096,-0.00016822010278701781,-9.047322273254394e-05,-0.00035758192539215086,0.0001285222291946411,-0.0008516541481018066,0.0001473760724067688,0.0364643100326626,0.0298085745434901,0.014642015689837,0.0290281745637184,-0.0253307646248925,0.0326539121284632,0.0710082624219676,0.0511441307208304,423738.0,323149.0,-0.032738063180582734
2024-10-10,0.0230363655761108,0.017473074,0.019854913330078126,-0.0011064023971557617,0.00010986900329589844,0.0008561576843261719,-0.0009208890914916992,-0.0006386015892028809,0.0002025153636932373,-5.176341533660889e-05,-0.0003730847835540771,0.00034304559230804446,-0.0008707186698913574,6.803416013717652e-05,0.0225084861564881,0.0364643100326626,0.0298085745434901,0.014642015689837,0.0638945220552038,-0.0253307646248925,0.0326539121284632,0.0710082624219676,414294.0,331666.0,-0.01734745532637138
2024-10-11,0.0111317057505701,0.018577062,0.019854913330078126,-0.001185814094543457,8.882075548171998e-06,0.0010461422920227052,-0.00039590163230895996,0.00016182289123535157,-0.00018552405834198,-5.269370079040527e-05,-0.0003686472177505493,0.00031425552368164063,-0.0008760337829589843,0.0002556575536727905,0.0230363655761108,0.0225084861564881,0.0364643100326626,0.0298085745434901,0.1376420247423704,0.0638945220552038,-0.0253307646248925,0.0326539121284632,388317.0,339957.0,-0.27466836111512216
2024-11-01,0.0166573685375732,0.017056284,0.019854913330078126,-0.0023220943450927736,1.4144445955753327e-05,0.0009287676811218262,-0.0002794847965240479,0.0004003705978393555,-0.00036772875785827635,-7.932419776916503e-05,-0.00031628632545471194,-0.00014622830152511597,-0.0006990127563476562,6.824259757995606e-05,0.0111317057505701,0.0230363655761108,0.0225084861564881,0.0364643100326626,0.112782275911357,0.1376420247423704,0.0638945220552038,-0.0253307646248925,522631.0,290063.0,-0.009220523439424045
2024-11-04,0.0122305008043573,0.01574867,0.019854913330078126,-0.0021400993347167967,-0.00045505971908569334,0.0008891789436340332,-0.0007163257598876953,-0.00038477084636688233,-0.0004255223274230957,0.00016980384588241576,-0.00036858606338500976,-5.975598096847534e-05,-0.0007764124870300293,0.00016130203008651734,0.0166573685375732,0.0111317057505701,0.0230363655761108,0.0225084861564881,-0.0062730329803875,0.112782275911357,0.1376420247423704,0.0638945220552038,514724.0,299053.0,-0.10045068886399755
2024-11-05,0.0106493727769492,0.014435696,0.019854913330078126,-0.002115983581542969,-0.00047163691520690917,-0.0008729038238525391,-0.00064542818069458,-0.00011018346548080444,0.0003452189207077026,-8.566789627075196e-05,-0.00044316992759704587,-9.405255913734436e-05,-0.0005139717578887939,-0.00041144652366638184,0.0122305008043573,0.0166573685375732,0.0111317057505701,0.0230363655761108,-0.0387954352431325,-0.0062730329803875,0.112782275911357,0.1376420247423704,501749.0,308371.0,0.2477661102461804
2024-11-06,0.0212382374935889,0.0142550785,0.019854913330078126,-0.0021195241928100585,-0.0003761734485626221,-0.0007882720470428466,-0.0005440417766571045,-0.0005112203598022461,0.0003228160858154297,-6.754856109619141e-05,-0.00041573853492736816,-0.00011364978551864625,-0.0005199614048004151,-0.00046653566360473634,0.0106493727769492,0.0122305008043573,0.0166573685375732,0.0111317057505701,0.0383261048288119,-0.0387954352431325,-0.0062730329803875,0.112782275911357,492043.0,316674.0,0.3876088176336053
2024-11-07,0.0164854598792953,0.0148274815,0.019854913330078126,-0.0010318897247314452,-0.0007008412837982178,-0.0008101752281188965,-0.00056330885887146,-0.0005590010643005371,-0.0001712524652481079,-0.00010127136707305908,-0.0003307079315185547,-0.00015093311071395874,-0.0007420066356658935,0.00013395224809646607,0.0212382374935889,0.0106493727769492,0.0122305008043573,0.0166573685375732,0.0528962869830067,0.0383261048288119,-0.0387954352431325,-0.0062730329803875,470783.0,323810.0,-0.24451797112401
2024-11-08,0.0174882241162843,0.014972432,0.019854913330078126,-0.002103134346008301,-0.0004033464431762695,-0.000940720272064209,-0.0005362329483032226,5.970548987388611e-05,-0.0003096816062927246,-9.953923225402832e-05,-0.0002894745349884033,-0.0001647497534751892,-0.0006323168754577636,0.0005370031833648682,0.0164854598792953,0.0212382374935889,0.0106493727769492,0.0122305008043573,-0.0677315536396729,0.0528962869830067,0.0383261048288119,-0.0387954352431325,459341.0,330181.0,-0.5212860774683827
2024-11-11,0.0211063132959247,0.016235981,0.019854913330078126,-0.002035245704650879,-0.0003275920867919922,0.0002167712688446045,-0.000572855281829834,-0.00016551462411880494,0.0003046766757965088,-0.0001003071665763855,-0.0003599339008331299,-6.822612881660462e-05,-0.0006550861835479736,0.00014437960386276245,0.0174882241162843,0.0164854598792953,0.0212382374935889,0.0106493727769492,-0.0438335645688265,-0.0677315536396729,0.0528962869830067,0.0383261048288119,430562.0,336172.0,-0.21527355998429418
2024-11-12,0.0105663559537326,0.016254744,0.019854913330078126,-0.001091782569885254,-0.00040783329010009767,-0.0008762231826782227,-0.0007205941677093506,9.548835754394532e-05,0.00029085149765014647,-0.0001187237024307251,-0.0003526313304901123,0.00020190753936767577,-0.0007567853927612305,0.00013615483045578003,0.0211063132959247,0.0174882241162843,0.0164854598792953,0.0212382374935889,-0.0956518373529027,-0.0438335645688265,-0.0677315536396729,0.0528962869830067,403191.0,342048.0,0.0011099899849771285
2024-12-02,0.0113952431916018,0.016024591,0.019854913330078126,-0.0021668647766113283,-0.0003419279813766479,-0.0001510326623916626,-0.0005786738872528076,-0.0002785736083984375,0.0003011234521865845,-0.00010314484834671021,-0.0002322661876678467,-4.214638471603394e-05,-0.0004213832855224609,0.0001845619797706604,0.0105663559537326,0.0211063132959247,0.0174882241162843,0.0164854598792953,-0.0011121925239327,-0.0956518373529027,-0.0438335645688265,-0.0677315536396729,518419.0,281116.0,-0.05082319221952293
2024-12-03,0.0185615036468036,0.015098017,0.019854913330078126,-0.002158476448059082,-0.000976260757446289,9.064778089523315e-05,-0.000602532958984375,-0.00030942316055297854,0.0002917794942855835,-7.887349724769593e-05,-0.0003284963607788086,-0.00011164833307266236,-0.000696628475189209,0.00012301052808761596,0.0113952431916018,0.0105663559537326,0.0211063132959247,0.0174882241162843,-0.0284106118674465,-0.0011121925239327,-0.0956518373529027,-0.0438335645688265,503390.0,287796.0,-0.24012764630889583
2024-12-04,0.0166411963375186,0.015358899,0.019854913330078126,-0.0020183509826660158,-0.0004307022571563721,-0.000894721794128418,-0.0007482494831085205,1.0803606361150741e-05,0.0003452189207077026,-6.745575666427613e-05,-7.427472472190857e-05,-0.00010680097341537476,-0.0006540077209472656,0.0001425223708152771,0.0185615036468036,0.0113952431916018,0.0105663559537326,0.0211063132959247,-0.052908397989885,-0.0284106118674465,-0.0011121925239327,-0.0956518373529027,486687.0,294350.0,-0.08983439684850486
2024-12-05,0.0092957708412428,0.015179675,0.019854913330078126,-0.0020392879486083983,-0.0003688596725463867,-0.0008571706771850586,-0.0005458684921264648,-0.00011355353593826294,0.0003380461931228638,-0.00010481009483337402,-0.0003182483196258545,-0.00014339383840560914,-0.0006610135555267333,0.0001389130473136902,0.0166411963375186,0.0185615036468036,0.0113952431916018,0.0105663559537326,-0.0375917795314482,-0.052908397989885,-0.0284106118674465,-0.0011121925239327,471314.0,300724.0,-0.032546065636406225
2024-12-06,0.0112524546517894,0.016148346,0.019854913330078126,-0.002135533332824707,-0.00033012824058532717,0.00016034377813339232,-0.0005642524242401123,-7.847217321395874e-05,0.0003046766757965088,-0.00010481009483337402,-0.00031609511375427246,-0.00016243962049484253,-0.0006539864540100098,0.00017412317991256714,0.0092957708412428,0.0166411963375186,0.0185615036468036,0.0113952431916018,-0.0466145899088692,-0.0375917795314482,-0.052908397989885,-0.0284106118674465,450695.0,306156.0,-0.10107358210595875
2024-12-09,0.0144740708220758,0.014773613,0.019854913330078126,-0.00217608699798584,-0.0012161885261535645,-0.0008577295303344726,-0.0005913061141967774,-8.233567476272583e-05,0.00030984466075897215,-9.883818626403808e-05,-0.00022107868194580079,-0.00011122275590896606,-0.0005716207027435303,0.0005352550983428955,0.0112524546517894,0.0092957708412428,0.0166411963375186,0.0185615036468036,-0.0520522863702384,-0.0466145899088692,-0.0375917795314482,-0.052908397989885,430327.0,311515.0,-0.5152952922369127
2024-12-10,0.0099089642455932,0.015611617,0.019854913330078126,-0.002059902000427246,-0.0005199475765228272,-0.0009346292495727539,-0.0005965110301971436,0.00010356675386428833,0.0003344929695129395,-0.00010237627029418945,-0.0003057530641555786,0.00017373422384262086,-0.0005820929050445557,0.00024611690044403075,0.0144740708220758,0.0112524546517894,0.0092957708412428,0.0166411963375186,-0.059727270573755,-0.0520522863702384,-0.0466145899088692,-0.0375917795314482,401786.0,315240.0,-0.40261071648734686
2024-12-11,0.0131725352944413,0.01595751,0.019854913330078126,-0.0021419483184814455,-0.00038005752563476564,-0.0009513827323913574,-0.0006051576137542725,0.00010356675386428833,0.0003380461931228638,-0.00010237627029418945,-0.0002929824113845825,0.00017373422384262086,-0.0005647477626800538,0.0005258973598480225,0.0099089642455932,0.0144740708220758,0.0112524546517894,0.0092957708412428,-0.095196836102021,-0.059727270573755,-0.0520522863702384,-0.0466145899088692,395228.0,320378.0,-0.6262594910439024
2024-12-12,0.0129616655636938,0.01512699,0.019854913330078126,-0.002115781593322754,-0.0008901584625244141,-0.0008186037063598633,-0.0005771484851837158,-0.00024186387062072754,0.0003287022352218628,-0.00011265959739685058,-0.00023160080909729003,0.00016782535314559935,-0.0005900436878204346,0.00035340964794158933,0.0131725352944413,0.0099089642455932,0.0144740708220758,0.0112524546517894,0.0232552619607213,-0.095196836102021,-0.059727270573755,-0.0520522863702384,392870.0,327534.0,-0.45952501393907835
2025-01-02,0.0145313759955396,0.014769893,0.019854913330078126,-0.002136874771118164,-0.00035770442485809323,-0.0008264595031738281,-0.0005345478057861328,-0.0002698802947998047,-0.0001388427734375,-8.302053213119507e-05,-0.00023522906303405762,9.923998713493348e-05,-0.000569047212600708,-3.266315460205078e-05,0.0129616655636938,0.0131725352944413,0.0099089642455932,0.0144740708220758,0.0209229931269092,0.0232552619607213,-0.095196836102021,-0.059727270573755,605850.0,290801.0,0.1795143178937394
2025-01-03,0.0094665488923894,0.015052587,0.019854913330078126,-0.0020701244354248047,-0.0003526515960693359,-0.0009475341796875,-0.0005850948333740234,-8.574442267417907e-05,-8.637813329696656e-05,-6.736356019973755e-05,-8.521405458450318e-05,8.489781618118286e-05,-0.0006808832168579102,7.375884652137757e-05,0.0145313759955396,0.0129616655636938,0.0131725352944413,0.0099089642455932,0.183982358314533,0.0209229931269092,0.0232552619607213,-0.095196836102021,586070.0,303523.0,0.09216572391810458
2025-01-06,0.0122120406776495,0.014852399,0.019854913330078126,-0.0021783580780029297,-0.0003106711626052856,-0.0009204727172851563,-0.0005367910861968994,5.601954460144043e-05,-0.00027574925422668456,-6.527500152587891e-05,-0.000309934663772583,0.0001103558897972107,-0.0006342979431152344,6.26530110836029e-05,0.0094665488923894,0.0145313759955396,0.0129616655636938,0.0131725352944413,0.2030552146721742,0.183982358314533,0.0209229931269092,0.0232552619607213,568001.0,315199.0,0.055218783510405905
2025-01-07,0.0108974998886063,0.0141512435,0.019854913330078126,-0.0021156156539916993,-0.0010619503021240234,-0.0008543976783752441,-0.0005358470916748047,-3.922765552997589e-05,-0.0002454923152923584,0.00018575507402420044,-0.0003177608013153076,0.0001365157961845398,-0.0005614912033081055,-0.00029416255950927734,0.0122120406776495,0.0094665488923894,0.0145313759955396,0.0129616655636938,0.1797037542518751,0.2030552146721742,0.183982358314533,0.0209229931269092,546592.0,326057.0,0.22625083122556697
2025-01-08,0.0144363246503451,0.016504418,0.019854913330078126,-0.002170589447021484,-0.0003675710201263428,-0.0010413318634033204,-0.0004946280002593994,5.4562997817993166e-05,-0.0003156569719314575,0.0002131714105606079,0.001737497329711914,-0.00011926716566085815,-0.0007868770599365235,-5.9814941883087156e-05,0.0108974998886063,0.0122120406776495,0.0094665488923894,0.0145313759955396,0.19530620750335,0.1797037542518751,0.2030552146721742,0.183982358314533,503711.0,335850.0,0.15865902892696646
2025-01-09,0.0124867828027267,0.01646122,0.019854913330078126,-0.0020956064224243163,-0.0004385520935058594,-0.0009287769317626953,-0.0005460397243499756,-3.3125695586204526e-05,-0.0003156569719314575,0.00020190248489379884,0.0016083694458007812,-0.000126048743724823,-0.0008022562026977539,8.209312558174134e-05,0.0144363246503451,0.0108974998886063,0.0122120406776495,0.0094665488923894,0.1797513332384097,0.19530620750335,0.1797037542518751,0.2030552146721742,491323.0,347516.0,0.0814582615401918
2025-01-10,0.0283242715287526,0.016420057,0.019854913330078126,-0.002085672569274902,-0.00030456194877624514,-0.00102746524810791,-0.000488030481338501,5.4562997817993166e-05,-0.0003156569719314575,0.0002131714105606079,0.0017748403549194337,-0.0001313517451286316,-0.0006695677280426026,-0.0004551326274871826,0.0124867828027267,0.0144363246503451,0.0108974998886063,0.0122120406776495,0.2077593767795882,0.1797513332384097,0.19530620750335,0.1797037542518751,477740.0,361524.0,0.4531913174042243
2025-02-03,0.0181309316389477,0.023484185,0.019854913330078126,0.0014382851600646973,-0.00034739780426025393,-0.0009868913650512695,-0.0007668639183044433,0.00047590785026550294,-0.0002168891429901123,0.00025675930976867676,0.001736353874206543,7.323346734046936e-05,0.0017275217056274413,0.00023924565315246583,0.0283242715287526,0.0124867828027267,0.0144363246503451,0.0108974998886063,0.2528559511085255,0.2077593767795882,0.1797513332384097,0.19530620750335,558825.0,269285.0,-0.07566121726126118
2025-02-04,0.0199926773104871,0.019171547,0.019854913330078126,-0.002100226593017578,0.0003416417360305786,-0.000946158218383789,-0.0007475341796875,-0.00025402145385742186,-0.0003637239694595337,0.0002313504457473755,0.001857132339477539,2.5517368316650392e-05,0.0010654779434204102,0.0002071793556213379,0.0181309316389477,0.0283242715287526,0.0124867828027267,0.0144363246503451,-0.0072145652996757,0.2528559511085255,0.2077593767795882,0.1797513332384097,539999.0,277553.0,-0.25670250628802294
2025-02-05,0.0141689665900362,0.02054845,0.019854913330078126,-0.0010603779792785644,-0.000340875244140625,0.0012225242614746093,-0.0005849557399749756,0.00016893527507781984,0.00017185076475143433,0.00025296571254730226,0.0015863624572753905,-5.351816415786743e-05,-0.001107984733581543,0.000438607120513916,0.0199926773104871,0.0181309316389477,0.0283242715287526,0.0124867828027267,0.1954785984560167,-0.0072145652996757,0.2528559511085255,0.2077593767795882,521099.0,284733.0,-0.4318259292182928
2025-02-06,0.0104448059495372,0.017143257,0.019854913330078126,-0.0022123563766479493,-0.0004914100170135498,-3.959678411483765e-05,-0.0006018272876739502,9.19440746307373e-05,-0.0003311239242553711,-5.872006416320801e-05,0.001250631332397461,-0.00015471211671829225,-0.000704408597946167,0.0005399212837219238,0.0141689665900362,0.0199926773104871,0.0181309316389477,0.0283242715287526,0.1650213286059205,0.1954785984560167,-0.0072145652996757,0.2528559511085255,499705.0,291892.0,-0.46790950905918116
2025-02-07,0.0069150936147372,0.015487749,0.019854913330078126,-0.0021865285873413085,-0.0002786060094833374,0.0002084718942642212,-0.0005702032089233398,-0.0003412283182144165,-0.00036392900943756106,0.00019365427494049073,-0.00031867437362670896,-0.00015325011014938355,-0.0006961493015289307,0.0001392772078514099,0.0104448059495372,0.0141689665900362,0.0199926773104871,0.0181309316389477,-0.0266965851266958,0.1650213286059205,0.1954785984560167,-0.0072145652996757,487065.0,299475.0,-0.25945733783299646
2025-02-10,0.0137058525222818,0.016314672,0.019854913330078126,-0.0021678428649902345,-0.0007912850379943847,-0.0008076841354370117,-0.0007574864387512207,-0.00023861825466156005,0.00032514901161193846,0.00010621962547302246,0.0015686871528625488,-0.0001522062659263611,-0.0007412687778472901,0.00011608963012695313,0.0069150936147372,0.0104448059495372,0.0141689665900362,0.0199926773104871,-0.0315100882796874,-0.0266965851266958,0.1650213286059205,0.1954785984560167,464531.0,306556.0,-0.03489924136438958
2025-02-11,0.0108989227096826,0.016299067,0.019854913330078126,-0.002144441604614258,-0.0012704084396362304,-0.000791941499710083,-0.0005161590576171875,-6.848021745681763e-05,0.0003133978843688965,-9.30231511592865e-05,0.0017300334930419922,-0.00014564875364303588,-0.0006650192737579346,9.58382785320282e-05,0.0137058525222818,0.0069150936147372,0.0104448059495372,0.0141689665900362,-0.050000776303599,-0.0315100882796874,-0.0266965851266958,0.1650213286059205,454933.0,316549.0,-0.017894787767586014
2025-02-12,0.0157437296855648,0.015154219,0.019854913330078126,-0.002152436828613281,-0.00039424753189086915,-0.0010093676567077636,-0.0005651737689971924,-7.746173739433289e-05,0.0002726370334625244,-0.00010314421653747559,-0.0003155010223388672,0.00016836334466934205,-0.0006191266059875488,9.47604238986969e-05,0.0108989227096826,0.0137058525222818,0.0069150936147372,0.0104448059495372,0.2132896633267558,-0.050000776303599,-0.0315100882796874,-0.0266965851266958,420015.0,326987.0,0.04606758096704821
2025-03-03,0.0207339428073885,0.014414067,0.019854913330078126,-0.0021087865829467773,-0.0004958842277526856,-0.0009687633514404297,-0.0009038989067077637,8.895362615585327e-05,-0.00027574925422668456,-0.00010481009483337402,-0.0003230296611785889,0.0001103558897972107,-0.000629160499572754,0.000169921338558197,0.0157437296855648,0.0108989227096826,0.0137058525222818,0.0069150936147372,0.2044317127036965,0.2132896633267558,-0.050000776303599,-0.0315100882796874,571568.0,291939.0,-0.1050408416818192
2025-03-04,0.0137048472643415,0.016105773,0.019854913330078126,-0.0010153675079345704,-0.0004182116985321045,-0.0009539528846740723,-0.0005280741214752198,-2.8889650106430055e-05,-0.00030500328540802,0.00019608747959136964,-0.0002237086772918701,9.909648895263672e-05,-0.0008169271469116211,0.00024581198692321776,0.0207339428073885,0.0157437296855648,0.0108989227096826,0.0137058525222818,-0.0588325213737981,0.2044317127036965,0.2132896633267558,-0.050000776303599,556333.0,298699.0,-0.3245315616802157
2025-03-05,0.0245407152526237,0.017296411,0.019854913330078126,-0.002068894386291504,-0.0003678999185562134,-0.0009525720596313477,-0.000515815544128418,3.195196390151978e-05,0.0003380461931228638,0.00020214078426361083,0.001287600040435791,-3.351680636405945e-05,-0.0007613418102264404,0.00028179800510406494,0.0137048472643415,0.0207339428073885,0.0157437296855648,0.0108989227096826,-0.0701183640086862,-0.0588325213737981,0.2044317127036965,0.2132896633267558,523304.0,305585.0,-0.44927062694112685
2025-03-06,0.0100500180971955,0.019332722,0.019854913330078126,-0.0009891578674316407,-0.0003069181680679321,0.0001855385184288025,-0.000522895622253418,-2.351938933134079e-06,0.00025030927658081055,-0.00011181088685989379,0.0013764288902282714,-6.832360029220581e-05,-0.0008943843841552735,0.0005613773345947265,0.0245407152526237,0.0137048472643415,0.0207339428073885,0.0157437296855648,-0.073829640287566,-0.0701183640086862,-0.0588325213737981,0.2044317127036965,510875.0,314413.0,-0.5185782441781844
2025-03-07,0.0179285315038791,0.01600055,0.019854913330078126,-0.0021599685668945313,0.0002715908765792847,-0.0008714435577392578,-0.0007543036460876465,6.74220621585846e-05,0.000338081693649292,-9.759767055511475e-05,-0.00021006596088409425,-0.00015617365837097168,-0.0006217185497283935,0.00033980658054351805,0.0100500180971955,0.0245407152526237,0.0137048472643415,0.0207339428073885,-0.0672253058477876,-0.073829640287566,-0.0701183640086862,-0.0588325213737981,490890.0,323281.0,-0.4027029068901441
2025-03-10,0.0157091355275491,0.016332349,0.019854913330078126,-0.002017001152038574,-0.0009833261489868165,0.0007015550136566162,-0.0006372982025146484,-8.35929736495018e-06,0.000282283353805542,-0.00015270295143127443,-0.0002362762212753296,-0.00014994133710861205,-0.0006934257507324219,0.00037192156314849853,0.0179285315038791,0.0100500180971955,0.0245407152526237,0.0137048472643415,-0.0593195536170805,-0.0672253058477876,-0.073829640287566,-0.0701183640086862,476209.0,331575.0,-0.35843740675291635
2025-03-11,0.0156335250316278,0.015738795,0.019854913330078126,-0.002102317810058594,-0.000486284875869751,-0.0009796283721923828,-0.0005322997093200684,9.532490968704223e-05,0.00036376311779022215,-9.85946774482727e-05,-0.0001730615258216858,-0.0001650960326194763,-0.0006110971927642822,0.0005731681346893311,0.0157091355275491,0.0179285315038791,0.0100500180971955,0.0245407152526237,-0.0908650850958041,-0.0593195536170805,-0.0672253058477876,-0.073829640287566,451671.0,339758.0,-0.6091275602795017
2025-03-12,0.0138419721225501,0.01650555,0.019854913330078126,-0.0020841150283813477,-0.0003115340948104858,0.00010095764398574829,-0.0005640711784362793,0.00010172096490859985,0.0003046766757965088,-0.00011863213777542114,-0.00022623236179351806,-6.372451186180114e-05,-0.0006356486797332763,0.00014723581075668334,0.0156335250316278,0.0157091355275491,0.0179285315038791,0.0100500180971955,-0.1016157323676019,-0.0908650850958041,-0.0593195536170805,-0.0672253058477876,435267.0,348137.0,-0.24416392068518994
2025-04-01,0.0077068128341663,0.015592081,0.019854913330078126,-0.002089702796936035,-0.00037061228752136233,-0.0008951988220214843,-0.0005808850288391113,-1.4737449586391448e-06,0.00030356628894805907,-0.00011786420345306396,-0.0002161210536956787,6.0877436399459836e-05,-0.0006431147575378418,0.0002876915693283081,0.0138419721225501,0.0156335250316278,0.0157091355275491,0.0179285315038791,-0.0579098345299806,-0.1016157323676019,-0.0908650850958041,-0.0593195536170805,645556.0,288733.0,-0.4237076361668122
2025-04-02,0.019162021994375,0.015468451,0.019854913330078126,-0.0021300846099853517,-0.00033015408515930174,-0.000902934455871582,-0.0005569076538085938,-0.0002499083280563354,0.0003071195125579834,-6.061733365058899e-05,-0.00014163807630538942,6.0877436399459836e-05,-0.0006483646869659424,0.0002661468982696533,0.0077068128341663,0.0138419721225501,0.0156335250316278,0.0157091355275491,0.0146047220654956,-0.0579098345299806,-0.1016157323676019,-0.0908650850958041,641118.0,302456.0,-0.4297139469496963
2025-04-03,0.0329617982484332,0.014880262,0.019854913330078126,-0.0019444271087646484,-0.0012891291618347168,-0.0008146571159362793,-0.000550712776184082,-0.00027714169025421144,0.0002824712038040161,-9.496376514434814e-05,-5.9408402442932126e-05,6.14357888698578e-05,-0.000633484411239624,0.00034536402225494384,0.019162021994375,0.0077068128341663,0.0138419721225501,0.0156335250316278,-0.0129906386765359,0.0146047220654956,-0.0579098345299806,-0.1016157323676019,596532.0,314557.0,-0.4507481323464126
2025-04-04,0.0544791371475467,0.018816285,0.019854913330078126,0.0019124950408935548,-0.0004431610584259033,-0.0010014832496643067,-0.0008897294998168945,-0.0003702040433883667,0.0002501378059387207,-7.019014358520508e-05,-0.00021938908100128173,4.601454734802246e-05,-0.0008351364135742187,0.0005820135593414306,0.0329617982484332,0.019162021994375,0.0077068128341663,0.0138419721225501,-0.0208811198582541,-0.0129906386765359,0.0146047220654956,-0.0579098345299806,541802.0,324611.0,-0.5784770781848241
2025-04-07,0.045500606078812,0.036279514,0.019854913330078126,0.018039210510253905,0.00025409402847290037,-3.922000527381897e-05,-0.0014614639282226562,-0.0001399531602859497,0.000183757221698761,-6.229486465454101e-05,-0.0002632116079330444,-0.00015401145219802857,-0.000666563892364502,0.0007342682838439942,0.0544791371475467,0.0329617982484332,0.019162021994375,0.0077068128341663,-0.0799723272674119,-0.0208811198582541,-0.0129906386765359,0.0146047220654956,497797.0,332692.0,-0.5134961589752949
2025-04-08,0.0367427384937135,0.038346842,0.019854913330078126,0.015308763122558593,0.005048108291625977,0.0005430661678314209,-0.0013514934539794923,-0.00020768277645111084,0.0001509567379951477,-3.4096577763557435e-05,-0.00026599962711334227,-0.0001777134656906128,-0.0007003169536590576,0.00017834582328796387,0.045500606078812,0.0544791371475467,0.0329617982484332,0.019162021994375,-0.0914659580633996,-0.0799723272674119,-0.0208811198582541,-0.0129906386765359,460036.0,339313.0,-0.2565916860721748
2025-04-09,0.0736539290920073,0.032590788,0.019854913330078126,0.002796815299987793,0.004294281387329102,0.0036765178680419923,0.0002837467432022095,0.0022243669509887697,0.0002341654062271118,-0.00013133156299591065,-0.00027875518798828124,-6.244796514511108e-05,-0.0007455380916595459,0.00044405531883239744,0.0367427384937135,0.045500606078812,0.0544791371475467,0.0329617982484332,-0.1925628963726096,-0.0914659580633996,-0.0799723272674119,-0.0208811198582541,436658.0,345763.0,-0.39845019117826536
2025-04-10,0.0382748130353933,0.050530348,0.019854913330078126,0.01931400909423828,0.000491558837890625,0.0034033538818359376,0.007493181610107422,0.0003459188461303711,0.00014737999439239503,-9.292556047439576e-05,-0.0001591559886932373,0.00020446205139160157,-0.000528542709350586,5.620225071907043e-05,0.0736539290920073,0.0367427384937135,0.045500606078812,0.0544791371475467,-0.161021168217645,-0.1925628963726096,-0.0914659580633996,-0.0799723272674119,415195.0,353818.0,-0.20457114923273054
2025-04-11,0.0217042999564573,0.033502325,0.019854913330078126,0.0022865201950073243,0.00524884033203125,0.00048120055198669435,0.0056723270416259765,-0.00020199918746948242,0.00023303539752960204,0.0004636779308319092,-0.0001495797872543335,0.0002603240966796875,-0.0008156438827514648,0.00016871614456176757,0.0382748130353933,0.0736539290920073,0.0367427384937135,0.045500606078812,-0.0897971137258402,-0.161021168217645,-0.1925628963726096,-0.0914659580633996,397929.0,363359.0,-0.05819123942333528
2025-05-01,0.0306021783368937,0.022363434,0.019854913330078126,-0.00126715726852417,0.00047897210121154786,0.0035204322814941405,-0.00011643768548965454,-4.6758991479873654e-05,0.0002196718692779541,-0.00018605520725250245,-5.616711974143982e-05,-3.50263386964798e-05,-0.0008092015266418458,0.0008062455177307129,0.0217042999564573,0.0382748130353933,0.0736539290920073,0.0367427384937135,-0.0715015606766478,-0.0897971137258402,-0.161021168217645,-0.1925628963726096,587561.0,299585.0,-0.5409906374690012
2025-05-02,0.0197593261471688,0.029319974,0.019854913330078126,0.0016582523345947265,-0.00014890859127044678,0.0008369253158569336,0.006751316070556641,0.0004892704963684082,0.00019522340297698973,-0.00010037139654159546,-5.533924102783203e-05,1.8486568331718444e-05,-0.0008170548439025879,0.000637260389328003,0.0306021783368937,0.0217042999564573,0.0382748130353933,0.0736539290920073,-0.1814359241125824,-0.0715015606766478,-0.0897971137258402,-0.161021168217645,568693.0,309818.0,-0.48658821844191036
2025-05-05,0.0233569831277056,0.02151976,0.019854913330078126,-0.0012543171882629395,0.0007580534934997559,0.00022233433723449706,-2.33541339635849e-05,0.001898470687866211,0.00026166346073150636,-8.836709260940551e-05,-0.00011886212825775147,-5.2379238605499265e-05,-0.0007839368343353271,0.0008455399513244629,0.0197593261471688,0.0306021783368937,0.0217042999564573,0.0382748130353933,-0.2012045270509661,-0.1814359241125824,-0.0715015606766478,-0.0897971137258402,570488.0,321322.0,-0.6698009262540662
2025-05-06,0.0255929170898447,0.018402567,0.019854913330078126,-0.0011307997703552245,-0.00032771201133728026,0.000966159439086914,-0.0006812830924987793,-7.995332479476928e-05,0.00021350598335266114,-0.0001936777949333191,-0.00015630770921707152,3.431857526302337e-05,-0.0008336259841918945,0.0007370219230651855,0.0233569831277056,0.0197593261471688,0.0306021783368937,0.0217042999564573,-0.1402743391402277,-0.2012045270509661,-0.1814359241125824,-0.0715015606766478,572672.0,334706.0,-0.7070787912384744
2025-05-07,0.0234291172928391,0.01927215,0.019854913330078126,-0.0012011048316955565,9.752771258354187e-05,0.00022802789211273194,-0.00048760581016540525,5.587105751037598e-05,0.00026166346073150636,0.0005618644714355469,-5.240059494972229e-05,-5.1050961017608646e-05,-0.0007851869106292725,0.0007896307945251465,0.0255929170898447,0.0233569831277056,0.0197593261471688,0.0306021783368937,-0.1112002293592073,-0.1402743391402277,-0.2012045270509661,-0.1814359241125824,547479.0,346766.0,-0.5688045433603117
2025-05-08,0.0229861738656647,0.01897523,0.019854913330078126,-0.0010750651359558105,0.00024057812690734864,0.0008308478355407715,-0.0007903466701507569,-0.00012570482492446899,0.00023729541301727294,-0.00018781087398529053,0.00044243893623352053,-0.00010840691328048706,-0.0008774977684020996,0.0005339866638183594,0.0234291172928391,0.0255929170898447,0.0233569831277056,0.0197593261471688,-0.0493198169476922,-0.1112002293592073,-0.1402743391402277,-0.2012045270509661,524577.0,358092.0,-0.33900628614179956
2025-05-09,0.01351331533945,0.01774362,0.019854913330078126,-0.0010681670188903809,4.399951696395874e-05,0.0008380614280700684,-0.0005168056488037109,-0.0003321330785751343,0.00024802136421203614,-0.0001885788083076477,-8.104259967803955e-05,-0.00015681226253509521,-0.0010617101669311523,0.00016386979818344116,0.0229861738656647,0.0234291172928391,0.0255929170898447,0.0233569831277056,0.0003183192769196,-0.0493198169476922,-0.1112002293592073,-0.1402743391402277,494806.0,368699.0,-0.22196324701618608
2025-05-12,0.0232361532907586,0.01568611,0.019854913330078126,-0.0021937227249145506,6.801819801330566e-05,0.0009022526741027832,-0.00041658077239990234,-0.00032714266777038575,0.0003339081287384033,-4.3485462665557865e-05,-7.410168647766113e-05,-0.0002151073694229126,-0.002228071403503418,2.5221404433250427e-05,0.01351331533945,0.0229861738656647,0.0234291172928391,0.0255929170898447,-0.0242689088407432,0.0003183192769196,-0.0493198169476922,-0.1112002293592073,462177.0,378026.0,0.004715300656490639
2025-06-02,0.0257502773882723,0.018804714,0.019854913330078126,-0.0010755912780761718,-0.0003845478773117065,0.0010184688568115234,-0.0004823273658752441,7.165802270174026e-06,0.0002444326400756836,-3.2750025391578674e-05,-0.00021738572120666503,-8.938817977905273e-05,-0.0007937891960144043,0.0007555064201354981,0.0232361532907586,0.01351331533945,0.0229861738656647,0.0234291172928391,-0.0882037077526289,-0.0242689088407432,0.0003183192769196,-0.0493198169476922,502805.0,293639.0,-0.5780309021269667
2025-06-03,0.0132583666724725,0.016174579,0.019854913330078126,-0.0010142868041992188,8.96460473537445e-05,-0.0009158308982849121,-0.0005795565128326416,-0.00055336332321167,0.00027921011447906496,-8.247691392898559e-05,-0.00031399903297424315,-0.00014807029962539672,-0.0008285229682922364,0.00038691232204437256,0.0257502773882723,0.0232361532907586,0.01351331533945,0.0229861738656647,0.0530620017771639,-0.0882037077526289,-0.0242689088407432,0.0003183192769196,481185.0,296567.0,-0.34795685048082914
2025-06-04,0.0154968331412203,0.016698677,0.019854913330078126,-0.0021553571701049806,0.00023265399932861328,0.0008430771827697754,-0.0006867285251617431,-5.847570896148682e-05,-0.0002787349462509155,-0.00013831616640090942,-0.0003125919818878174,-0.00021476109027862548,-0.0007303103923797607,0.00034330294132232665,0.0132583666724725,0.0257502773882723,0.0232361532907586,0.01351331533945,-0.0664603362264015,0.0530620017771639,-0.0882037077526289,-0.0242689088407432,469966.0,300347.0,-0.2913773756343332
2025-06-05,0.0115097659324018,0.017125411,0.019854913330078126,-0.0021259727478027345,-0.00040085721015930176,0.0010312456130981446,-0.0005063718795776367,-0.0003447851419448853,0.00029880003929138183,-5.089501738548279e-05,-0.00014046398401260375,-0.00015869332551956178,-0.0007256347179412842,0.0003941196918487549,0.0154968331412203,0.0132583666724725,0.0257502773882723,0.0232361532907586,-0.0110396705373307,-0.0664603362264015,0.0530620017771639,-0.0882037077526289,449807.0,303252.0,-0.35685248032566236
2025-06-06,0.0170856499324288,0.014735936,0.019854913330078126,-0.0022156436920166014,-0.0005027649402618408,-0.000920960521697998,-0.0005522288799285889,-0.0005623924255371093,0.0003499841928482056,-0.0001196216344833374,-0.00034622602462768557,-0.0001650960326194763,-0.000634923267364502,0.0005508875370025635,0.0115097659324018,0.0154968331412203,0.0132583666724725,0.0257502773882723,0.0814338391172944,-0.0110396705373307,-0.0664603362264015,0.0530620017771639,447750.0,306814.0,-0.49915677600917746
2025-06-09,0.0100952181784747,0.014014555,0.019854913330078126,-0.00213131046295166,-0.00045213918685913087,-0.0008961562156677246,-0.0005438531875610351,-0.0005695772171020508,-0.00029647719860076904,-6.360975503921509e-05,-0.00023398609161376954,-0.00012666977643966676,-0.0006654978275299073,0.0001389130473136902,0.0170856499324288,0.0115097659324018,0.0154968331412203,0.0132583666724725,0.06719990009677,0.0814338391172944,-0.0110396705373307,-0.0664603362264015,435599.0,311350.0,-0.03773236942500628
2025-06-10,0.0135766196751217,0.013889702,0.019854913330078126,-0.0022273771286010742,-0.0003800105810165405,-0.0008606564521789551,-0.0005386044502258301,-0.0005505008220672607,-0.00029647719860076904,-8.330214023590088e-05,-0.0003136873483657837,-0.0001647497534751892,-0.0006352955341339112,8.543976545333862e-05,0.0100952181784747,0.0170856499324288,0.0115097659324018,0.0154968331412203,0.0478136125116375,0.06719990009677,0.0814338391172944,-0.0110396705373307,444114.0,319030.0,0.07798777890641857
2025-06-11,0.0381548074207992,0.013757414,0.019854913330078126,-0.0022060943603515624,-0.0007998526573181153,-0.0003434249401092529,-0.000552731990814209,-0.0005814185619354248,-0.00021935033798217775,-9.904199838638305e-05,-0.0003641011476516724,-0.00016433945894241334,-0.0006291283130645752,-0.00013802626132965087,0.0135766196751217,0.0100952181784747,0.0170856499324288,0.0115097659324018,0.0543912855375481,0.0478136125116375,0.06719990009677,0.0814338391172944,451686.0,329713.0,0.16409080226532488
2025-06-12,0.0176597453923877,0.017483892,0.019854913330078126,0.0017705968856811523,-0.0003845393657684326,-0.0009691900253295899,-0.0009447904586791993,-0.0005843233108520508,-0.0002216005563735962,-8.643392324447632e-05,-0.00035968379974365234,9.790322184562683e-05,-0.0008338342666625977,0.00014486991167068482,0.0381548074207992,0.0135766196751217,0.0100952181784747,0.0170856499324288,0.0745159891417106,0.0543912855375481,0.0478136125116375,0.06719990009677,422545.0,340038.0,-0.024357724655610986
2025-07-02,0.0200279144597005,0.014455862,0.019854913330078126,-0.0021006704330444334,7.020705342292785e-05,-0.0008122050285339355,-0.0008245312690734863,-0.0005524192333221436,-0.0002758159875869751,-0.00010425426959991455,-0.0003600104808807373,-0.00010320396423339844,-0.0004189963817596436,8.28438401222229e-05,0.0176597453923877,0.0381548074207992,0.0135766196751217,0.0100952181784747,0.0655386366188643,0.0745159891417106,0.0543912855375481,0.0478136125116375,519478.0,282632.0,0.0
2025-07-03,0.0071652266729829,0.016312089,0.019854913330078126,-0.001061140537261963,-0.00033040661811828615,0.0006313426971435547,-0.0006047657489776611,-0.0006674300670623779,-0.00021549415588378905,-3.247717916965485e-05,-0.0003777951717376709,-6.445785760879516e-05,-0.0009228164672851562,0.00010261354446411133,0.0200279144597005,0.0176597453923877,0.0381548074207992,0.0135766196751217,0.0670207388284991,0.0655386366188643,0.0745159891417106,0.0543912855375481,523383.0,289355.0,-0.01300880474778237
2025-07-04,0.0100213064834816,0.014683085,0.019854913330078126,-0.0023342376708984374,-0.00048069052696228027,1.9355238974094392e-05,-0.00041202621459960937,-0.00061502366065979,-0.00028602571487426756,-0.00010039936304092408,-0.00035786824226379394,-8.520445227622986e-05,-0.0006594551563262939,0.00013973928689956666,0.0071652266729829,0.0200279144597005,0.0176597453923877,0.0381548074207992,0.0471708364536667,0.0670207388284991,0.0655386366188643,0.0745159891417106,510544.0,298640.0,-0.2419188428366903
2025-07-07,0.0238224068467483,0.014294811,0.019854913330078126,-0.0022707323074340822,-0.0014499534606933595,9.548922777175903e-05,-0.0006008332252502442,-0.0006207761764526368,-0.00023021998405456544,-9.600050449371338e-05,-0.0003514707565307617,-6.229062676429749e-05,-0.0005978245258331299,0.000624505615234375,0.0100213064834816,0.0071652266729829,0.0200279144597005,0.0176597453923877,0.0516786656975725,0.0471708364536667,0.0670207388284991,0.0655386366188643,520754.0,311772.0,-0.6461771019599941
2025-07-08,0.0141861293058391,0.015421263,0.019854913330078126,-0.001081244468688965,-0.0007971018314361573,-0.0010625752449035645,-0.0007183539867401123,-1.191970705986023e-05,-0.00014435782432556152,-9.6092689037323e-05,-0.0003512082099914551,-5.656013488769531e-05,-0.0007676965236663819,0.0006534622192382812,0.0238224068467483,0.0100213064834816,0.0071652266729829,0.0200279144597005,0.1296380248655309,0.0516786656975725,0.0471708364536667,0.0670207388284991,509566.0,324172.0,-0.5360864874613884
2025-07-09,0.0094160612561933,0.014593105,0.019854913330078126,-0.0021714208602905275,0.0001629405617713928,-0.0010915717124938965,-0.0009463430404663086,0.00023447728157043458,-0.0003245186805725098,-0.00010425426959991455,-0.0003588127613067627,-0.00014481731653213502,-0.0006534815788269043,0.0001359869122505188,0.0141861293058391,0.0238224068467483,0.0100213064834816,0.0071652266729829,0.1100439931610495,0.1296380248655309,0.0516786656975725,0.0471708364536667,500929.0,337334.0,-0.22675839905477235
2025-07-10,0.0167625431457579,0.016024183,0.019854913330078126,-0.0022339841842651366,-0.00028651640415191653,0.0009380958557128906,-0.0006200119972229003,-0.0006607929229736329,-0.000398676323890686,0.00017066396474838257,-0.0003586414098739624,-0.00013844465017318725,-0.0007248147010803222,0.00048238868713378904,0.0094160612561933,0.0141861293058391,0.0238224068467483,0.0100213064834816,0.0459163945685023,0.1100439931610495,0.1296380248655309,0.0516786656975725,487553.0,348703.0,-0.4571705546966849
2025-07-11,0.0186315703450892,0.013183235,0.019854913330078126,-0.0022010997772216796,-0.0012991479873657227,-0.0008789144515991211,-0.0005793944835662841,-0.00030752406120300294,-0.00025244007110595705,-7.908767461776734e-05,-0.0004460289001464844,-0.00014569159746170043,-0.0007321845054626464,0.00024983735084533693,0.0167625431457579,0.0094160612561933,0.0141861293058391,0.0238224068467483,0.0261250191138193,0.0459163945685023,0.1100439931610495,0.1296380248655309,492299.0,361962.0,-0.36913063284929315
2025-08-01,0.022088191579501,0.014652221,0.019854913330078126,-0.002041012954711914,-0.0003698659658432007,-0.0009170710563659668,-0.0005291676521301269,-0.00028490090370178223,-0.0001388427734375,-0.0001003071665763855,-0.0004115822792053223,7.363842725753784e-05,-0.0006385149955749512,0.00015492920875549316,0.0186315703450892,0.0167625431457579,0.0094160612561933,0.0141861293058391,0.0084208019182119,0.0261250191138193,0.0459163945685023,0.1100439931610495,557960.0,310813.0,-0.061965456528097124
2025-08-04,0.0172371766240802,0.016646147,0.019854913330078126,-0.001095601177215576,-0.00041539788246154787,-0.000935664176940918,-0.000581382942199707,0.00022021806240081788,0.00018734298944473267,-6.450706720352173e-05,-0.00034984095096588137,4.961804151535034e-05,-0.0008171269416809082,0.0005935725212097168,0.022088191579501,0.0186315703450892,0.0167625431457579,0.0094160612561933,0.1145408449664246,0.0084208019182119,0.0261250191138193,0.0459163945685023,544754.0,315093.0,-0.5787534547542268
2025-08-05,0.0118892016232887,0.016416254,0.019854913330078126,-0.002075678634643555,5.399901270866394e-05,0.00011731487512588502,-0.0005514912128448486,-0.0003431930065155029,-0.0003698957681655884,-6.845417022705078e-05,-0.00029803943634033203,8.100932240486144e-05,-0.0006633701801300049,0.0006791406154632568,0.0172371766240802,0.022088191579501,0.0186315703450892,0.0167625431457579,0.0067124139379046,0.1145408449664246,0.0084208019182119,0.0261250191138193,540527.0,320933.0,-0.6643293876542103
2025-08-06,0.02626210389317,0.01681962,0.019854913330078126,-0.0021132623672485353,-0.0003375849723815918,0.000734763526916504,-0.0006285571098327636,-0.0006002033710479736,0.0002869924545288086,-5.751193761825562e-05,-0.00030842270851135254,-2.6885300874710085e-06,-0.0007041210174560547,0.0006952940940856934,0.0118892016232887,0.0172371766240802,0.022088191579501,0.0186315703450892,0.0345951178574557,0.0067124139379046,0.1145408449664246,0.0084208019182119,531243.0,327298.0,-0.6612368163981672
2025-08-07,0.0126438607844336,0.016523188,0.019854913330078126,-0.000870186710357666,-0.0003835034370422363,-0.00019702109098434449,-0.0006955982685089111,-0.00031532886028289795,-0.00017203996181488037,-6.330053806304932e-05,-0.0003646379947662353,-0.00010942574739456177,-0.0008049906730651855,0.0006443091869354248,0.02626210389317,0.0118892016232887,0.0172371766240802,0.022088191579501,0.0062987610768265,0.0345951178574557,0.0067124139379046,0.1145408449664246,502972.0,333992.0,-0.6942976969739578
2025-08-08,0.0152919513652967,0.015931986,0.019854913330078126,-0.0020857900619506834,0.0002101456880569458,-0.0008947659492492676,-0.0006304310321807861,-2.120356559753418e-05,0.000338081693649292,-0.00010348633527755738,-0.00030169434547424315,-0.0001496161460876465,-0.0006100934982299805,0.00032592222690582277,0.0126438607844336,0.02626210389317,0.0118892016232887,0.0172371766240802,-0.0463284080466461,0.0062987610768265,0.0345951178574557,0.0067124139379046,490110.0,342202.0,-0.4097191127344995
2025-08-11,0.0119266863797783,0.016561132,0.019854913330078126,-0.0020785938262939453,-0.00038691494464874267,0.0007496554851531982,-0.0006288044452667236,-0.00012201472520828247,0.000291627311706543,-3.5091015696525575e-05,-0.00036215429306030275,-0.00015213581323623656,-0.0006983449935913086,0.0001289833903312683,0.0152919513652967,0.0126438607844336,0.02626210389317,0.0118892016232887,-0.0520813904259389,-0.0463284080466461,0.0062987610768265,0.0345951178574557,464530.0,350754.0,-0.1483064884904794
2025-08-12,0.0097507568993403,0.014993032,0.019854913330078126,-0.0021546302795410156,-0.00044414629936218264,-0.0008392082214355469,-0.0005742662906646728,1.8963254988193512e-06,0.00036521430015563965,-0.0001049022912979126,-0.00030283288955688475,-0.000170399010181427,-0.0006009416580200196,-3.767511248588562e-05,0.0119266863797783,0.0152919513652967,0.0126438607844336,0.02626210389317,-0.0544699932949113,-0.0520813904259389,-0.0463284080466461,0.0062987610768265,457861.0,360763.0,0.13765365903038468
2025-09-01,0.0109937509462499,0.015393187,0.019854913330078126,-0.0021405929565429687,-0.0003641554594039917,-0.0008040676116943359,-0.0005490820407867431,-3.8788431882858275e-05,0.0003071195125579834,-0.00010481009483337402,-0.00030774781703948975,6.0877436399459836e-05,-0.0006083020210266114,8.7816321849823e-05,0.0097507568993403,0.0119266863797783,0.0152919513652967,0.0126438607844336,-0.0478390595194628,-0.0544699932949113,-0.0520813904259389,-0.0463284080466461,619212.0,317457.0,-0.0069058444712991425
2025-09-02,0.0129214256489032,0.014832449,0.019854913330078126,-0.0021503511428833007,-0.0008188474655151367,-0.0007634611129760742,-0.0005511760711669922,-0.0002574620723724365,0.0002977755546569824,-9.960612058639526e-05,-0.0002383565902709961,7.269518375396729e-05,-0.0005988136291503907,8.51319670677185e-05,0.0109937509462499,0.0097507568993403,0.0119266863797783,0.0152919513652967,-0.0220586508994857,-0.0478390595194628,-0.0544699932949113,-0.0520813904259389,606990.0,327398.0,-0.030770403797031335
2025-09-03,0.016531864699938,0.014806293,0.019854913330078126,-0.002058732795715332,-0.00048028616905212404,-0.0008177316665649414,-0.0005399042606353759,-0.00023180720806121826,0.0003071195125579834,-0.00010541840791702271,-0.00023857855796813966,7.521961331367492e-05,-0.0004973796844482422,-0.00046113152503967286,0.0129214256489032,0.0109937509462499,0.0097507568993403,0.0119266863797783,0.0004339963901749,-0.0220586508994857,-0.0478390595194628,-0.0544699932949113,582440.0,337316.0,0.29169037392553604
2025-09-04,0.0095186633253351,0.015216588,0.019854913330078126,-0.0020455513000488283,-0.0003644009351730347,-0.0008430817604064941,-0.000588655710220337,-0.00024222939014434814,0.0003071195125579834,-6.527500152587891e-05,-0.00031081461906433107,6.0877436399459836e-05,-0.0006442821025848389,9.796069860458375e-05,0.016531864699938,0.0129214256489032,0.0109937509462499,0.0097507568993403,-0.0175957618903792,0.0004339963901749,-0.0220586508994857,-0.0478390595194628,548898.0,345882.0,-0.14393058998137048
2025-09-05,0.0180018198320429,0.015163835,0.019854913330078126,-0.0021378896713256834,-0.0003920236587524414,-0.0008871706962585449,-0.000556494140625,-0.0002545067548751831,0.0003380461931228638,-6.450706720352173e-05,-0.0003075843095779419,-2.3100604116916657e-05,-0.0006168040752410888,0.0002109492778778076,0.0095186633253351,0.016531864699938,0.0129214256489032,0.0109937509462499,-0.0260788259944728,-0.0175957618903792,0.0004339963901749,-0.0220586508994857,523952.0,354143.0,-0.3657600260221841
2025-09-08,0.0138649483893553,0.01462373,0.019854913330078126,-0.00204179744720459,-0.001217442512512207,-0.0008282580375671386,-0.0005494149684906006,-0.0002980539798736572,0.0003133978843688965,-6.096833944320679e-05,-0.00030536415576934813,-7.999758124351502e-05,-0.0007030838012695313,0.0005397952556610107,0.0180018198320429,0.0095186633253351,0.016531864699938,0.0129214256489032,-0.0321493813891731,-0.0260788259944728,-0.0175957618903792,0.0004339963901749,503615.0,362126.0,-0.6837495769283066
2025-09-09,0.011336772851053,0.014755791,0.019854913330078126,-0.002116797637939453,-0.0004288671970367432,-0.0009285204887390136,-0.0005802674770355225,-0.00024222939014434814,0.0003344929695129395,-0.00010404216051101685,-0.00031396901607513427,-0.00014339383840560914,-0.0008216526985168457,0.00024611690044403075,0.0138649483893553,0.0180018198320429,0.0095186633253351,0.016531864699938,-0.0085966896974838,-0.0321493813891731,-0.0260788259944728,-0.0175957618903792,476590.0,370119.0,-0.3711753314135065
2025-09-10,0.0100066068195469,0.0145451445,0.019854913330078126,-0.0021726999282836914,-0.00031202633380889895,6.251645088195801e-05,-0.0005926517486572265,-2.505612373352051e-05,0.0003046766757965088,-0.00010047112703323364,-0.0003115718603134155,-0.00016243962049484253,-0.002141272163391113,0.0001412164807319641,0.011336772851053,0.0138649483893553,0.0180018198320429,0.0095186633253351,-0.0556594080112624,-0.0085966896974838,-0.0321493813891731,-0.0260788259944728,455292.0,379271.0,-0.15007378781133007
2025-09-11,0.0131996786902739,0.013473279,0.019854913330078126,-0.0021954763412475584,-0.0005152714252471924,-0.0008794085502624512,-0.0005961549282073974,-0.000252593994140625,0.0003344929695129395,-6.016809940338135e-05,-0.00030766611099243167,-0.00010531388521194458,-0.0021435892105102538,0.00033951168060302736,0.0100066068195469,0.011336772851053,0.0138649483893553,0.0180018198320429,-0.0168960164243916,-0.0556594080112624,-0.0085966896974838,-0.0321493813891731,429498.0,388733.0,-0.4545871887414647
2025-09-12,0.0220727048846744,0.0132274525,0.019854913330078126,-0.0021538787841796875,-0.0009099241256713867,-0.0008543768882751465,-0.000581257963180542,-0.0002543595552444458,0.0003287022352218628,-0.00010998587608337403,-0.0003210164785385132,9.535189270973205e-05,-0.0020915643692016603,0.0002248471736907959,0.0131996786902739,0.0100066068195469,0.011336772851053,0.0138649483893553,-0.0039097794166123,-0.0168960164243916,-0.0556594080112624,-0.0085966896974838,425968.0,399517.0,-0.40207895639351704
2025-10-01,0.0138716549908837,0.016552888,0.019854913330078126,-0.0010643342971801758,-0.00036677188873291013,-0.0009292614936828613,-0.0005327371120452881,-0.00023028645515441894,0.0002527520895004272,-6.284182071685791e-05,-0.00022190341949462891,4.961804151535034e-05,-0.0007723928451538086,0.0005761321544647216,0.0220727048846744,0.0131996786902739,0.0100066068195469,0.011336772851053,0.0130720815673521,-0.0039097794166123,-0.0168960164243916,-0.0556594080112624,671059.0,314187.0,-0.49950032534670347
2025-10-02,0.0198436275281372,0.016324457,0.019854913330078126,-0.0020847145080566407,6.794894337654113e-05,-0.0008770688056945801,-0.0005394556999206543,-0.00012583088874816895,0.0003071195125579834,-6.845417022705078e-05,-0.00029640491008758543,5.057665109634399e-05,-0.0005970002651214599,0.0006328245639801026,0.0138716549908837,0.0220727048846744,0.0131996786902739,0.0100066068195469,-0.0419537180723104,0.0130720815673521,-0.0039097794166123,-0.0168960164243916,629595.0,327527.0,-0.5908197547928522
2025-10-03,0.0076221451480494,0.01847395,0.019854913330078126,-0.0010428366661071778,-0.0002689606189727783,0.0007396894931793212,-0.0005839653491973877,1.4217907190322876e-05,0.00021938259601593017,-6.012578010559082e-05,-0.0003036487102508545,2.8295868635177614e-05,-0.0008397006034851075,0.0007166827201843262,0.0198436275281372,0.0138716549908837,0.0220727048846744,0.0131996786902739,-0.0755330764943122,-0.0419537180723104,0.0130720815673521,-0.0039097794166123,624501.0,340762.0,-0.6001677489596688
2025-10-06,0.0092940921210595,0.015220817,0.019854913330078126,-0.002157611846923828,-0.00040709662437438967,-0.0008977293968200683,-0.0007242408752441406,-3.8788431882858275e-05,0.00031429224014282227,-0.00010413434505462646,-0.0002991671323776245,5.4319930076599124e-05,-0.0006018396377563477,0.00022789382934570312,0.0076221451480494,0.0198436275281372,0.0138716549908837,0.0220727048846744,-0.04647775110117,-0.0755330764943122,-0.0419537180723104,0.0130720815673521,600835.0,353633.0,-0.39765533840520506
2025-10-07,0.0120696733593968,0.01464601,0.019854913330078126,-0.00220998592376709,-0.0014668672561645507,8.438538312911987e-05,-0.0005834734439849853,-0.00032416996955871583,0.0002491016864776611,-0.00011675865650177002,-0.0003253177404403687,4.914778470993042e-05,-0.0006745836734771729,0.00010961259603500367,0.0092940921210595,0.0076221451480494,0.0198436275281372,0.0138716549908837,-0.0214574566773171,-0.04647775110117,-0.0755330764943122,-0.0419537180723104,576876.0,364567.0,-0.13535273629461209
2025-10-08,0.0070815293581821,0.012689794,0.019854913330078126,-0.0021936737060546875,-0.0011882593154907226,-0.0008688603401184082,-0.0007735186576843262,-0.0002702961206436157,0.0002789179801940918,-7.599763870239258e-05,-0.00020258092880249024,6.613767743110657e-05,-0.002079910850524902,0.0001429229974746704,0.0120696733593968,0.0092940921210595,0.0076221451480494,0.0198436275281372,-0.0148622693212407,-0.0214574566773171,-0.04647775110117,-0.0755330764943122,539713.0,375173.0,-0.10895649609697206
2025-10-09,0.014793345663658,0.013125786,0.019854913330078126,-0.00219437255859375,-0.00038992056846618654,-0.0009400120735168457,-0.0009239285469055176,-0.00024031662940979004,0.0003380461931228638,-6.0936033725738525e-05,-0.0003136749267578125,-2.3100604116916657e-05,-0.002132786560058594,0.000151868999004364,0.0070815293581821,0.0120696733593968,0.0092940921210595,0.0076221451480494,0.0034777384412842,-0.0148622693212407,-0.0214574566773171,-0.04647775110117,513554.0,386502.0,-0.0612657903399334
2025-10-10,0.0316952574638129,0.012266882,0.019854913330078126,-0.0021205053329467773,-0.0012905375480651855,-0.0007514562606811523,-0.0006082241535186768,-0.0002598739385604858,0.0003133978843688965,-5.967086553573608e-05,-0.0003210010051727295,-9.34039294719696e-05,-0.0019912174224853514,-0.0004055389881134033,0.014793345663658,0.0070815293581821,0.0120696733593968,0.0092940921210595,-0.0177802723698947,0.0034777384412842,-0.0148622693212407,-0.0214574566773171,503064.0,398236.0,0.2701977001526266
2025-11-03,0.0091718804236269,0.018380782,0.019854913330078126,0.0011573753356933594,-0.0003631979703903198,-0.0010014832496643067,-0.0008884281158447265,-5.042991638183594e-05,0.0002501378059387207,-7.18553900718689e-05,-0.0002908743619918823,4.601454734802246e-05,-0.0008434042930603028,0.0005820135593414306,0.0316952574638129,0.014793345663658,0.0070815293581821,0.0120696733593968,-0.0731396366466636,-0.0177802723698947,0.0034777384412842,-0.0148622693212407,695470.0,330920.0,-0.6153222110059988
2025-11-04,0.0091519416888107,0.015224858,0.019854913330078126,-0.002142295455932617,0.00023232612609863282,-0.0009917438507080077,-0.0012116312026977539,-0.0002491992235183716,0.0003081223249435425,-6.845417022705078e-05,-0.00030606212615966796,2.129960060119629e-06,-0.0006385840415954589,0.00043533315658569335,0.0091718804236269,0.0316952574638129,0.014793345663658,0.0070815293581821,0.0055632966853291,-0.0731396366466636,-0.0177802723698947,0.0034777384412842,679052.0,345566.0,-0.4496221019512282
2025-11-05,0.0141271007779935,0.01546043,0.019854913330078126,-0.0021771162033081054,-0.0013415690422058106,0.0005194687843322754,-0.0006493482112884521,-0.0002610076665878296,0.0002360523223876953,-0.0001543682098388672,-0.0003270114421844482,6.39532208442688e-05,-0.0006563143730163575,0.0003527700901031494,0.0091519416888107,0.0091718804236269,0.0316952574638129,0.014793345663658,-0.0388087962114021,0.0055632966853291,-0.0731396366466636,-0.0177802723698947,655240.0,359706.0,-0.3784615726930055
2025-11-06,0.0141670637020781,0.013823953,0.019854913330078126,-0.0022787469863891604,-0.0012686114311218262,-0.0008676253318786622,-0.00036319074630737305,-0.00027215325832366944,0.00030963931083679197,-6.391702890396118e-05,-0.00022103779315948486,5.099300742149353e-05,-0.001156871509552002,0.00010055557489395142,0.0141271007779935,0.0091519416888107,0.0091718804236269,0.0316952574638129,-0.0306953257023261,-0.0388087962114021,0.0055632966853291,-0.0731396366466636,631470.0,372804.0,0.0908097348643572
2025-11-07,0.0109178840858806,0.013574753,0.019854913330078126,-0.0021328496932983398,-0.000370926308631897,-0.0009621256828308105,-0.0006501415252685547,-0.00024031662940979004,0.0003071195125579834,-9.970319271087646e-05,-0.0003119105339050293,6.0877436399459836e-05,-0.0021182582855224607,0.00023807127475738526,0.0141670637020781,0.0141271007779935,0.0091519416888107,0.0091718804236269,-0.0324436681902247,-0.0306953257023261,-0.0388087962114021,0.0055632966853291,609000.0,386084.0,-0.3605515832116618
2025-11-10,0.0095971402859973,0.013485493,0.019854913330078126,-0.002175816535949707,-0.0003338454008102417,-0.000856429100036621,-0.0006490306377410889,-0.000252593994140625,0.0003071195125579834,-0.00010047112703323364,-0.0003152137517929077,6.0877436399459836e-05,-0.0021408740997314454,8.685485720634461e-05,0.0109178840858806,0.0141670637020781,0.0141271007779935,0.0091519416888107,-0.0282014351112085,-0.0324436681902247,-0.0306953257023261,-0.0388087962114021,574402.0,397954.0,-0.1443662906795916
2025-11-11,0.0159339058440839,0.013493277,0.019854913330078126,-0.002184574317932129,-0.0005100646018981934,-0.0007833581924438477,-0.0005634209156036377,-0.0002479955673217773,0.0003071195125579834,-0.00010047112703323364,-0.00031863977909088134,6.0877436399459836e-05,-0.0021408740997314454,0.0001197615623474121,0.0095971402859973,0.0109178840858806,0.0141670637020781,0.0141271007779935,0.0209803420723604,-0.0282014351112085,-0.0324436681902247,-0.0306953257023261,562375.0,411893.0,-0.07367590459298724
2025-11-12,0.0243624903340512,0.012640591,0.019854913330078126,-0.0021119794845581054,-0.0009012569427490234,-0.0008252876281738281,-0.000550735330581665,-0.00031175997257232665,-0.00013050837516784668,-9.69323992729187e-05,-0.0003218128442764282,3.217078447341919e-05,-0.002111469841003418,0.00011525188684463501,0.0159339058440839,0.0095971402859973,0.0109178840858806,0.0141670637020781,-0.0183993634239891,0.0209803420723604,-0.0282014351112085,-0.0324436681902247,536130.0,425803.0,-0.037553068658930135
2025-12-01,0.0107288310729424,0.016421068,0.019854913330078126,-0.0010751458168029786,-0.0003621350288391113,-0.0008817620277404786,-0.0005333853244781494,0.00010972152948379516,0.0002527520895004272,-6.527500152587891e-05,-0.0003060365200042725,4.961804151535034e-05,-0.0007673374652862549,0.0001451353669166565,0.0243624903340512,0.0159339058440839,0.0095971402859973,0.0109178840858806,-0.0660224299652467,-0.0183993634239891,0.0209803420723604,-0.0282014351112085,625670.0,346551.0,-0.22373636601517305
2025-12-02,0.0112919550465022,0.015456015,0.019854913330078126,-0.0021319965362548827,0.00014836915731430053,-0.0008925887107849121,-0.0006602847576141357,-0.0002491992235183716,0.0003081223249435425,-6.922210454940796e-05,-0.00031040496826171876,2.129960060119629e-06,-0.0006394509315490722,9.56209897994995e-05,0.0107288310729424,0.0243624903340512,0.0159339058440839,0.0095971402859973,-0.033927935159622,-0.0660224299652467,-0.0183993634239891,0.0209803420723604,614448.0,350022.0,-0.07094537992156481
2025-12-03,0.0113849340636388,0.015602607,0.019854913330078126,-0.002170059394836426,-0.0008673427581787109,0.0005874429225921631,-0.0006362082481384278,-0.00035296571254730226,0.0002513566970825195,-0.00015513614416122435,-0.0003335747480392456,6.39532208442688e-05,-0.0006738320350646973,3.405587375164032e-05,0.0112919550465022,0.0107288310729424,0.0243624903340512,0.0159339058440839,-0.0262341214275796,-0.033927935159622,-0.0660224299652467,-0.0183993634239891,622875.0,355805.0,-0.02316598910562701
2025-12-04,0.0103785652677851,0.015012846,0.019854913330078126,-0.0021983938217163086,-0.0005251691818237305,-0.0008955106735229492,-0.0006078028202056885,-0.00012060564756393432,0.00031429224014282227,-0.00010323704481124877,-0.00022922770977020263,3.9175260066986084e-05,-0.0006389626502990723,0.00012337088584899903,0.0113849340636388,0.0112919550465022,0.0107288310729424,0.0243624903340512,-0.0348106643964936,-0.0262341214275796,-0.033927935159622,-0.0660224299652467,616403.0,362278.0,-0.058420647917422124
2025-12-05,0.0097301072999234,0.014838623,0.019854913330078126,-0.002159227180480957,-0.00045423011779785157,-0.0008298243522644043,-0.0005445400238037109,-0.00024222939014434814,0.0003071195125579834,-0.00010481009483337402,-0.00031871678829193116,6.0877436399459836e-05,-0.0008175717353820801,8.685485720634461e-05,0.0103785652677851,0.0113849340636388,0.0112919550465022,0.0107288310729424,-0.0184813404312711,-0.0348106643964936,-0.0262341214275796,-0.033927935159622,604005.0,369427.0,-0.19736140599968993
2025-12-08,0.0154071656578111,0.013148288,0.019854913330078126,-0.002189615058898926,-0.0008553998947143555,-0.0007626705169677734,-0.0005579993724822998,-0.00024512712955474853,0.0002977755546569824,-9.69323992729187e-05,-0.00032156088352203367,7.269518375396729e-05,-0.002109572410583496,6.177860498428344e-05,0.0097301072999234,0.0103785652677851,0.0113849340636388,0.0112919550465022,0.0036143670996553,-0.0184813404312711,-0.0348106643964936,-0.0262341214275796,550592.0,375397.0,0.020832946856429523
2025-12-09,0.009157277876419,0.013530351,0.019854913330078126,-0.002096895408630371,-0.0008617427825927734,-0.0007626705169677734,-0.0005579993724822998,7.905875891447067e-06,0.0003298013687133789,-5.739730596542358e-05,-0.0003083511352539063,1.272476315498352e-05,-0.0021108713150024415,8.093007802963257e-05,0.0154071656578111,0.0097301072999234,0.0103785652677851,0.0113849340636388,-0.0584289209253405,0.0036143670996553,-0.0184813404312711,-0.0348106643964936,532904.0,382958.0,0.010785036500362439
2025-12-10,0.0133592623556545,0.013743023,0.019854913330078126,-0.002178432846069336,-0.00039996132850646975,-0.0009228049278259277,-0.0005641273021697998,-2.4598318338394166e-05,0.0003380461931228638,-6.016809940338135e-05,-0.00030210399627685547,-0.00010834680795669556,-0.0021115165710449218,0.00022212400436401368,0.009157277876419,0.0154071656578111,0.0097301072999234,0.0103785652677851,-0.0515999958161161,-0.0584289209253405,0.0036143670996553,-0.0184813404312711,497706.0,392066.0,-0.3891550499589055
2025-12-11,0.018105809508481,0.012480722,0.019854913330078126,-0.0021775833129882814,-0.0012097638130187988,-0.0007986430644989014,-0.0006167655944824219,-0.0002825734853744507,0.0003133978843688965,-0.0001124197006225586,-0.0003243196487426758,-0.00014930270910263062,-0.0021066076278686524,9.039080739021302e-05,0.0133592623556545,0.009157277876419,0.0154071656578111,0.0097301072999234,-0.0293043856540835,-0.0515999958161161,-0.0584289209253405,0.0036143670996553,461900.0,403358.0,-0.19972031158279174
2025-12-12,0.0102813184237246,0.014147137,0.019854913330078126,-0.0020355976104736327,-0.00040828208923339844,-0.0009649520874023438,-0.0005553890705108643,0.00010428975820541382,0.0003380461931228638,-9.803794622421264e-05,-0.00021363894939422607,-0.00010718487501144409,-0.002141709899902344,0.0003746793508529663,0.018105809508481,0.0133592623556545,0.009157277876419,0.0154071656578111,-0.0613922583015087,-0.0293043856540835,-0.0515999958161161,-0.0584289209253405,440596.0,416615.0,-0.4511979047732535
